transaction_id,transaction_date,customer_name,customer_city,product_category,product_name,unit_price,quantity,total_amount,payment_method,delivery_status,merchant_name
TRX-10001,2025-06-11,ANDI SAPUTRA,surabaya,fashion,Kaos Polos,6473388,10,64733880.0,Ewallet,Delivered,BeautyHub
TRX-10002,21-03-2025,Andi Saputra,jakarta,Fashion,Laptop Asus,2284489,1,2284489.0,Card,delivered,GadgetMart
TRX-10003,14/05/2025,NANDA PRATAMA,Surabaya,aksesoris,Vacuum Cleaner,9574682,10,95746820.0,COD,Pending,SportMax
TRX-10004,2025/06/25,Budi Santoso,Medan,Kecantican,Lipstik Wardah,9678519,10,96785190.0,Card,Returned,BeautyHub
TRX-10005,2025-07-09,Mega Putri,,Acsesoris,Laptop Asus,4573669,2,9147338.0,Transfer,,TrendShop
TRX-10006,2025/03/02,Budi Santoso,,Macanan,Smartwatch,1816891,3,5450673.0,E-Wallet,Pending,PowerCell
TRX-10007,2025/07/08,RUDI HARTONO,Surabaya,olahraga,Laptop Asus,9230351,2,18460702.0,Kartu Kredit,Canceled,HomeEssence
TRX-10008,08/08/2025,Ahmad Fauzi,Bandung,Acsesoris,Vacuum Cleaner,9834633,3,29503899.0,COD,delivered,HomeEssence
TRX-10009,2025/05/28,RUDI HARTONO,,Rumah Tanggas,Powerbank 10K,9355648,100,935564800.0,COD,pending,BeautyHub
TRX-10010,2025/03/15,MEGA PUTRI,Med,fashion,Smartwatch,3325709,1,1819549.8537974185,Transfer,,HomeEssence
TRX-10011,16/06/2025,MEGA PUTRI,Jekerte,Makanans,Lipstik Wardah,8292680,1,8292680.0,Transfer,pending,HomeEssence
TRX-10012,2025-04-20,DEWI LESTARI,Surabaya,Kecantikans,Powerbank 10K,2713046,2,5426092.0,Card,pending,PowerCell
TRX-10013,12/05/2025,BUDI SANTOSO,surabaya,Fashion,Powerbank 10K,6690913,1,6690913.0,Ewallet,Delivered,BeautyHub
TRX-10014,2025/05/28,Nanda Pratama,Jak,Acsesoris,Laptop Asus,3435659,1,4734371.081591755,Transfer,Delivered,HomeEssence
TRX-10015,09-03-2025,BUDI SANTOSO,,Fashions,Powerbank 10K,1515689,2,3031378.0,Ewallet,Returned,TrendShop
TRX-10016,08/07/2025,dewi lestari,Yog,Makanans,Kaos Polos,2795683,5,13978415.0,Transfer,Canceled,TechZone
TRX-10017,19/08/2025,Rudi Hartono,Jakarta,Fashion,Headphone JBL,5047895,1,5047895.0,Transfer,delivered,TrendShop
TRX-10018,2025/05/20,Nanda Pratama,makassar,Rumah Tanggas,Laptop Asus,4205299,1,4205299.0,Kartu Kredit,Pending,TechZone
TRX-10019,2025-06-12,mega putri,Meden,Makanan,Kaos Polos,6299859,1,7737572.42906348,Transfer,Pending,TrendShop
TRX-10020,12/07/2025,Nanda Pratama,medan,,Laptop Asus,3960197,100,396019700.0,Transfer,Returned,SportMax
TRX-10021,2025-03-04,ANDI SAPUTRA,Makassar,elektronik,Powerbank 10K,5464709,1,5464709.0,Kartu Kredit,Pending,SportMax
TRX-10022,13-04-2025,Andi Saputra,Medan,Macanan,Smartwatch,8635377,100,863537700.0,Card,pending,SportMax
TRX-10023,14-03-2025,Siti Aminah,surabaya,Elektronik,Sepatu Nike,3097262,10,33579820.64569183,,delivered,TrendShop
TRX-10024,2025-04-09,Budi Santoso,Jakarta,rumah tangga,Vacuum Cleaner,3416612,1,3416612.0,Ewallet,Pending,BeautyHub
TRX-10025,2025-06-19,budi santoso,Yog,kecantikan,Sepatu Nike,2680708,10,26807080.0,Kartu Kredit,Pending,HomeEssence
TRX-10026,2025/08/01,nanda pratama,Denpasar,Elektroniks,Kaos Polos,1817640,15,19443867.06223595,E-Wallet,Pending,PowerCell
TRX-10027,2025-08-04,rudi hartono,surabaya,Macanan,Headphone JBL,6130526,0,0.0,Ewallet,Canceled,HomeEssence
TRX-10028,2025-05-28,siti aminah,Jakarta,rumah tangga,Lipstik Wardah,6606168,10,66061680.0,COD,pending,PowerCell
TRX-10029,07/07/2025,DEWI LESTARI,Med,Aksesoris,Kaos Polos,2280919,10,22809190.0,E-Wallet,Delivered,TechZone
TRX-10030,2025/05/02,SITI AMINAH,,Rumah Tanggas,Vacuum Cleaner,1787095,1,1787095.0,Transfer,Delivered,HomeEssence
TRX-10031,10/08/2025,andi saputra,makassar,makanan,Headphone JBL,7519344,2,15038688.0,Transfer,Canceled,TrendShop
TRX-10032,10/04/2025,budi santoso,Denpeser,olahraga,Laptop Asus,3903339,5,19516695.0,COD,Returned,TechZone
TRX-10033,11/05/2025,ahmad fauzi,denpasar,kecantikan,Kaos Polos,1046107,1,1046107.0,Transfer,Returned,TrendShop
TRX-10034,02/04/2025,nanda pratama,surabaya,Fashion,Laptop Asus,4595583,5,22977915.0,E-Wallet,Delivered,SportMax
TRX-10035,2025/07/29,AHMAD FAUZI,Mekesser,Rumah Tangga,Headphone JBL,3797389,10,37973890.0,E-Wallet,Pending,BeautyHub
TRX-10036,2025/04/06,Andi Saputra,Mekesser,Kecantican,Vacuum Cleaner,6295035,10,62950350.0,Ewallet,Delivered,GadgetMart
TRX-10037,04/04/2025,Dewi Lestari,Yogyekerte,elektronik,Sepatu Nike,541234,2,1082468.0,Card,Canceled,BeautyHub
TRX-10038,2025/08/22,BUDI SANTOSO,Sur,Rumah Tanggas,Sepatu Nike,9959709,1,9959709.0,E-Wallet,delivered,TrendShop
TRX-10039,01/03/2025,MEGA PUTRI,medan,Olahraga,Vacuum Cleaner,6964550,5,34822750.0,Transfer,Canceled,PowerCell
TRX-10040,27/03/2025,MEGA PUTRI,Mak,Makanans,Smartwatch,7608158,100,760815800.0,Ewallet,Returned,SportMax
TRX-10041,11/04/2025,budi santoso,Mak,elektronik,Lipstik Wardah,7937739,1,7937739.0,,Pending,TechZone
TRX-10042,2025-05-02,rudi hartono,Makassar,Makanans,Laptop Asus,5342895,5,26714475.0,Kartu Kredit,Returned,GadgetMart
TRX-10043,21/04/2025,SITI AMINAH,Yogyakarta,Aksesoris,Vacuum Cleaner,3381068,1,3381068.0,Card,delivered,GadgetMart
TRX-10044,2025-07-29,Rudi Hartono,medan,Aksesoriss,Sepatu Nike,1023548,1,1023548.0,Kartu Kredit,delivered,SportMax
TRX-10045,13-03-2025,Nanda Pratama,Yogyekerte,Macanan,Laptop Asus,5243542,1,5243542.0,E-Wallet,delivered,GadgetMart
TRX-10046,25/05/2025,dewi lestari,Jak,Fashion,Sepatu Nike,6756971,1,6756971.0,Ewallet,Delivered,TrendShop
TRX-10047,17/08/2025,rudi hartono,yogyakarta,rumah tangga,Kaos Polos,2589448,2,5178896.0,E-Wallet,delivered,GadgetMart
TRX-10048,12-07-2025,Andi Saputra,Denpeser,,Vacuum Cleaner,167129220,100,835646100.0,E-Wallet,Canceled,SportMax
TRX-10049,31-05-2025,MEGA PUTRI,yogyakarta,makanan,Lipstik Wardah,3610920,5,18054600.0,Transfer,Returned,PowerCell
TRX-10050,07-07-2025,siti aminah,Bandung,Makanan,Kaos Polos,5945544,15,89183160.0,COD,Returned,TrendShop
TRX-10051,2025-06-24,dewi lestari,surabaya,Macanan,Sepatu Nike,4372252,15,65583780.0,Kartu Kredit,Canceled,SportMax
TRX-10052,03-03-2025,Dewi Lestari,Medan,Rumah Tangga,Sepatu Nike,2598421,10,25984210.0,Transfer,pending,TechZone
TRX-10053,2025-08-02,Rudi Hartono,Denpasar,olahraga,Laptop Asus,2004109,2,4008218.0,Card,Delivered,BeautyHub
TRX-10054,20/04/2025,NANDA PRATAMA,Sur,Fashion,Powerbank 10K,7255547,10,72555470.0,,delivered,TechZone
TRX-10055,2025/04/28,mega putri,yogyakarta,elektronik,Kaos Polos,111087,10,1110870.0,E-Wallet,pending,BeautyHub
TRX-10056,2025-08-27,andi saputra,Mekesser,Rumah Tangga,Kaos Polos,1546176,0,0.0,E-Wallet,Delivered,SportMax
TRX-10057,21-04-2025,Nanda Pratama,,Rumah Tanggas,Powerbank 10K,3410011,5,17050055.0,Card,delivered,HomeEssence
TRX-10058,2025/07/08,nanda pratama,Med,kecantikan,Kaos Polos,5775570,0,0.0,Kartu Kredit,Pending,SportMax
TRX-10059,09-06-2025,mega putri,Jekerte,Acsesoris,Powerbank 10K,7122695,0,0.0,E-Wallet,Canceled,PowerCell
TRX-10060,2025/06/21,DEWI LESTARI,jakarta,elektronik,Vacuum Cleaner,275281,1,275281.0,COD,pending,GadgetMart
TRX-10061,23-04-2025,Nanda Pratama,Jak,Fashions,Laptop Asus,7784102,2,15568204.0,Ewallet,Canceled,GadgetMart
TRX-10062,2025/07/07,MEGA PUTRI,Mak,Kecantikans,Lipstik Wardah,5550306,1,5550306.0,,Delivered,HomeEssence
TRX-10063,22/04/2025,Ahmad Fauzi,yogyakarta,fashion,Smartwatch,5081595,100,508159500.0,Ewallet,delivered,BeautyHub
TRX-10064,2025/08/07,Budi Santoso,surabaya,,Lipstik Wardah,9120277,5,47157992.34770408,E-Wallet,Delivered,TechZone
TRX-10065,2025/05/07,SITI AMINAH,Denpeser,,Lipstik Wardah,7153230,3,21459690.0,,Canceled,TrendShop
TRX-10066,2025-03-24,dewi lestari,Jakarta,Makanans,Kaos Polos,6709908,1,6709908.0,Card,,TrendShop
TRX-10067,06/06/2025,Dewi Lestari,Bandung,Olahragas,Laptop Asus,3130389,3,9391167.0,Kartu Kredit,Returned,GadgetMart
TRX-10068,2025/07/17,mega putri,Makassar,Olahraga,Laptop Asus,160078,0,0.0,E-Wallet,pending,TechZone
TRX-10069,02/07/2025,Rudi Hartono,Makassar,,Vacuum Cleaner,1709066,3,5127198.0,Ewallet,Returned,PowerCell
TRX-10070,2025-06-01,rudi hartono,Yog,Rumah Tanggas,Kaos Polos,4556259,1,4556259.0,E-Wallet,pending,BeautyHub
TRX-10071,25/07/2025,Mega Putri,makassar,rumah tangga,Lipstik Wardah,960681,1,960681.0,Transfer,Delivered,TrendShop
TRX-10072,2025/07/25,dewi lestari,Jekerte,Rumah Tangga,Vacuum Cleaner,4386787,5,21933935.0,Ewallet,delivered,GadgetMart
TRX-10073,21-04-2025,BUDI SANTOSO,Jekerte,Rumah Tangga,Lipstik Wardah,121295,5,442074.435024895,Card,delivered,BeautyHub
TRX-10074,2025-05-21,DEWI LESTARI,jakarta,Makanans,Lipstik Wardah,7663287,0,0.0,Ewallet,Returned,HomeEssence
TRX-10075,11-03-2025,budi santoso,Surebeye,Kecantican,Kaos Polos,5301035,15,79515525.0,E-Wallet,Returned,HomeEssence
TRX-10076,25-08-2025,DEWI LESTARI,Medan,Makanan,Sepatu Nike,2076793,1,2076793.0,,Returned,SportMax
TRX-10077,2025-03-07,nanda pratama,jakarta,Olahraga,Smartwatch,3554473,15,53317095.0,Transfer,Pending,PowerCell
TRX-10078,29/04/2025,dewi lestari,Yogyekerte,Elektronik,Laptop Asus,736976,2,1473952.0,E-Wallet,delivered,TechZone
TRX-10079,06-04-2025,Budi Santoso,Denpasar,Makanan,Powerbank 10K,1291082,5,6455410.0,Card,Canceled,BeautyHub
TRX-10080,2025/03/09,mega putri,medan,makanan,Vacuum Cleaner,6611000,1,6611000.0,Ewallet,delivered,HomeEssence
TRX-10081,25/07/2025,budi santoso,,Kecantican,Headphone JBL,3724515,10,37245150.0,E-Wallet,delivered,BeautyHub
TRX-10082,23-04-2025,siti aminah,Mekesser,,Vacuum Cleaner,4565488,10,45654880.0,E-Wallet,Pending,HomeEssence
TRX-10083,24/06/2025,Mega Putri,Denpeser,Electronic,Smartwatch,9106842,0,0.0,Kartu Kredit,Returned,HomeEssence
TRX-10084,11/08/2025,Nanda Pratama,Ban,Aksesoris,Smartwatch,551157,10,7773748.037541517,Transfer,pending,TrendShop
TRX-10085,23-05-2025,Siti Aminah,Med,Kecantikans,Kaos Polos,5996594,15,89948910.0,Card,delivered,GadgetMart
TRX-10086,2025/06/07,NANDA PRATAMA,Jakarta,Fashion,Laptop Asus,4377576,1,4377576.0,Kartu Kredit,Delivered,SportMax
TRX-10087,2025-07-06,Nanda Pratama,Yog,Elektronik,Sepatu Nike,2954941,1,2954941.0,E-Wallet,Canceled,PowerCell
TRX-10088,23-04-2025,Siti Aminah,Mekesser,olahraga,Powerbank 10K,9799436,15,146991540.0,Ewallet,,BeautyHub
TRX-10089,08/08/2025,NANDA PRATAMA,bandung,Macanan,Smartwatch,7378141,2,14756282.0,Transfer,Returned,PowerCell
TRX-10090,17/04/2025,budi santoso,Sur,Rumah Tanggas,Lipstik Wardah,1757923,10,17579230.0,E-Wallet,Pending,GadgetMart
TRX-10091,06-07-2025,Budi Santoso,Med,Olahraga,Lipstik Wardah,8566999,5,56972152.29635817,Kartu Kredit,Canceled,TechZone
TRX-10092,2025-07-23,nanda pratama,denpasar,Olahraga,Laptop Asus,8220528,1,8220528.0,Ewallet,Canceled,HomeEssence
TRX-10093,27/06/2025,BUDI SANTOSO,Yogyakarta,Kecantikans,Headphone JBL,2033509,3,6100527.0,Card,Pending,TechZone
TRX-10094,2025/06/17,AHMAD FAUZI,,fashion,Sepatu Nike,6155525,10,61555250.0,E-Wallet,Pending,PowerCell
TRX-10095,27-03-2025,DEWI LESTARI,Den,Aksesoris,Smartwatch,3488618,1,3488618.0,COD,Pending,SportMax
TRX-10096,21-03-2025,Ahmad Fauzi,Denpeser,Electronic,Kaos Polos,2507184,0,0.0,Card,pending,HomeEssence
TRX-10097,2025/04/30,MEGA PUTRI,Surabaya,rumah tangga,Smartwatch,7315795,1,10126778.35944859,Ewallet,Canceled,BeautyHub
TRX-10098,18/04/2025,BUDI SANTOSO,Denpeser,Rumah Tangga,Vacuum Cleaner,2777423,0,0.0,Transfer,Delivered,PowerCell
TRX-10099,19-08-2025,Budi Santoso,bandung,Makanans,Sepatu Nike,5180397,2,10360794.0,Card,pending,BeautyHub
TRX-10100,06-03-2025,siti aminah,Yogyakarta,Aksesoriss,Vacuum Cleaner,7029451,15,105441765.0,E-Wallet,Delivered,HomeEssence
TRX-10101,2025/04/06,rudi hartono,medan,Acsesoris,Kaos Polos,8569981,2,17139962.0,E-Wallet,delivered,HomeEssence
TRX-10102,2025/06/03,andi saputra,surabaya,Elektroniks,Kaos Polos,6264624,1,6264624.0,Card,pending,BeautyHub
TRX-10103,2025-08-07,andi saputra,bandung,aksesoris,Kaos Polos,2265167,1,2265167.0,Ewallet,Pending,BeautyHub
TRX-10104,06/07/2025,rudi hartono,denpasar,Aksesoris,Lipstik Wardah,6892385,15,103385775.0,COD,Pending,BeautyHub
TRX-10105,2025/04/23,Siti Aminah,,Fashion,Sepatu Nike,3130761,1,3130761.0,COD,delivered,PowerCell
TRX-10106,2025-06-12,siti aminah,jakarta,Rumah Tanggas,Kaos Polos,495101,10,4951010.0,Kartu Kredit,Returned,SportMax
TRX-10107,2025/06/22,budi santoso,makassar,Olahraga,Lipstik Wardah,7463023,3,22389069.0,Transfer,Delivered,GadgetMart
TRX-10108,29-07-2025,MEGA PUTRI,Jekerte,Rumah Tanggas,Kaos Polos,1155534,100,115553400.0,E-Wallet,delivered,TrendShop
TRX-10109,2025-07-08,siti aminah,Mak,Macanan,Smartwatch,9663273,0,0.0,Kartu Kredit,,SportMax
TRX-10110,2025-06-12,rudi hartono,medan,Macanan,Smartwatch,7365360,15,110480400.0,Card,,PowerCell
TRX-10111,12-04-2025,AHMAD FAUZI,Sur,Fashions,Kaos Polos,8123461,5,23775922.637867372,Kartu Kredit,Delivered,HomeEssence
TRX-10112,2025/08/17,SITI AMINAH,Jak,Rumah Tangga,Vacuum Cleaner,3345990,100,334599000.0,Card,Returned,SportMax
TRX-10113,2025-06-07,DEWI LESTARI,Sur,elektronik,Powerbank 10K,9931393,15,148970895.0,COD,Delivered,PowerCell
TRX-10114,2025/07/30,budi santoso,makassar,Aksesoriss,Headphone JBL,110831800,15,83123850.0,Card,pending,PowerCell
TRX-10115,2025-04-05,siti aminah,Yog,Kecantican,Headphone JBL,6149628,1,6149628.0,COD,delivered,HomeEssence
TRX-10116,04-05-2025,Budi Santoso,Yogyakarta,elektronik,Vacuum Cleaner,2749015,1,2749015.0,E-Wallet,,PowerCell
TRX-10117,2025/07/21,AHMAD FAUZI,Makassar,elektronik,Powerbank 10K,2553771,1,2553771.0,Transfer,pending,TechZone
TRX-10118,2025/05/05,NANDA PRATAMA,Meden,Olahragas,Vacuum Cleaner,4233839,5,21169195.0,Ewallet,Delivered,PowerCell
TRX-10119,25-05-2025,budi santoso,Yogyekerte,Olahraga,Headphone JBL,168834,15,2532510.0,Ewallet,Delivered,TechZone
TRX-10120,02/05/2025,Dewi Lestari,denpasar,Acsesoris,Lipstik Wardah,5943309,3,17829927.0,,Returned,HomeEssence
TRX-10121,27-04-2025,Siti Aminah,medan,,Kaos Polos,4472201,3,13416603.0,Card,Delivered,GadgetMart
TRX-10122,2025-04-18,Nanda Pratama,Den,Olahragas,Vacuum Cleaner,9464323,100,946432300.0,Kartu Kredit,Canceled,TechZone
TRX-10123,09-05-2025,andi saputra,Bendung,Acsesoris,Kaos Polos,3553157,2,7106314.0,Transfer,Pending,GadgetMart
TRX-10124,08-03-2025,budi santoso,Den,Rumah Tangga,Laptop Asus,2035588,2,4071176.0,,Delivered,BeautyHub
TRX-10125,2025-06-11,rudi hartono,surabaya,Fashion,Powerbank 10K,9410133,1,9410133.0,COD,delivered,TrendShop
TRX-10126,2025-06-02,SITI AMINAH,Meden,Aksesoriss,Sepatu Nike,6804350,1,6804350.0,Card,Canceled,TrendShop
TRX-10127,24-04-2025,budi santoso,Med,Acsesoris,Headphone JBL,7069431,1,7069431.0,Transfer,Canceled,GadgetMart
TRX-10128,22-07-2025,Andi Saputra,Sur,Elektronik,Vacuum Cleaner,3429569,100,342956900.0,Ewallet,pending,TechZone
TRX-10129,05-08-2025,rudi hartono,Mekesser,olahraga,Headphone JBL,8661474,0,0.0,E-Wallet,pending,TechZone
TRX-10130,28/06/2025,Andi Saputra,Yogyekerte,makanan,Sepatu Nike,5637774,1,5637774.0,E-Wallet,Returned,GadgetMart
TRX-10131,2025/05/31,ANDI SAPUTRA,Yog,Electronic,Kaos Polos,8017801,5,40089005.0,Kartu Kredit,Canceled,PowerCell
TRX-10132,29/05/2025,Ahmad Fauzi,makassar,Kecantican,Vacuum Cleaner,8267316,100,826731600.0,Card,Delivered,PowerCell
TRX-10133,25-06-2025,Ahmad Fauzi,Yogyakarta,Rumah Tanggas,Sepatu Nike,233062,15,2827739.160318423,COD,Canceled,SportMax
TRX-10134,18-07-2025,Rudi Hartono,,Electronic,Kaos Polos,6145929,100,614592900.0,Ewallet,pending,BeautyHub
TRX-10135,2025-03-01,AHMAD FAUZI,Bendung,fashion,Powerbank 10K,4112958,1,4112958.0,Ewallet,Pending,HomeEssence
TRX-10136,04-06-2025,andi saputra,surabaya,Macanan,Smartwatch,579525,15,8692875.0,COD,Canceled,SportMax
TRX-10137,25-06-2025,rudi hartono,Yogyekerte,Macanan,Vacuum Cleaner,6715088,5,33575440.0,Kartu Kredit,Pending,SportMax
TRX-10138,08/05/2025,siti aminah,Jekerte,Acsesoris,Kaos Polos,7056454,1,7056454.0,Ewallet,Delivered,PowerCell
TRX-10139,2025-05-15,siti aminah,medan,Aksesoriss,Kaos Polos,2214367,1,2214367.0,,Returned,PowerCell
TRX-10140,2025-05-25,Mega Putri,Med,Fashions,Kaos Polos,8794220,2,17588440.0,Transfer,Canceled,TechZone
TRX-10141,2025/04/16,Siti Aminah,Jak,Aksesoriss,Powerbank 10K,7206720,1,7206720.0,Kartu Kredit,Returned,BeautyHub
TRX-10142,2025-07-22,Budi Santoso,surabaya,aksesoris,Vacuum Cleaner,814121,100,81412100.0,E-Wallet,Pending,PowerCell
TRX-10143,2025-08-23,Andi Saputra,Meden,Elektronik,Smartwatch,9608356,5,48041780.0,Transfer,pending,BeautyHub
TRX-10144,08/06/2025,siti aminah,Medan,Olahraga,Laptop Asus,5748848,2,11497696.0,COD,,HomeEssence
TRX-10145,2025-03-23,Ahmad Fauzi,,Makanans,Headphone JBL,5134921,100,513492100.0,E-Wallet,Canceled,HomeEssence
TRX-10146,2025-05-08,Ahmad Fauzi,surabaya,Rumah Tangga,Sepatu Nike,3743305,1,3743305.0,E-Wallet,delivered,PowerCell
TRX-10147,04/06/2025,NANDA PRATAMA,medan,aksesoris,Kaos Polos,4435536,10,44355360.0,Kartu Kredit,Delivered,PowerCell
TRX-10148,08/05/2025,Andi Saputra,Jak,Kecantikans,Smartwatch,1639228,1,1639228.0,Card,Pending,PowerCell
TRX-10149,2025/03/16,ANDI SAPUTRA,Sur,Electronic,Vacuum Cleaner,1150567,5,5752835.0,Card,Returned,GadgetMart
TRX-10150,2025/03/02,siti aminah,Yogyekerte,Kecantican,Kaos Polos,99115,1,99115.0,Transfer,Returned,BeautyHub
TRX-10151,30/07/2025,dewi lestari,,Kecantican,Lipstik Wardah,6007515,1,6007515.0,Card,Returned,TrendShop
TRX-10152,10-08-2025,ahmad fauzi,Jak,Olahragas,Lipstik Wardah,5296880,1,5296880.0,Transfer,Delivered,HomeEssence
TRX-10153,18-08-2025,AHMAD FAUZI,denpasar,,Smartwatch,301492,1,171016.3210963213,Card,Canceled,PowerCell
TRX-10154,04-05-2025,ANDI SAPUTRA,,Kecantican,Smartwatch,1136880,10,11368800.0,Ewallet,Pending,BeautyHub
TRX-10155,2025/05/13,mega putri,Yog,Fashion,Headphone JBL,2105723,1,2105723.0,Kartu Kredit,delivered,GadgetMart
TRX-10156,2025-04-04,dewi lestari,Yogyekerte,Fashion,Smartwatch,2698790,0,0.0,COD,Delivered,GadgetMart
TRX-10157,29/05/2025,Nanda Pratama,Den,Rumah Tangga,Kaos Polos,4883177,100,488317700.0,E-Wallet,Canceled,SportMax
TRX-10158,29/05/2025,siti aminah,makassar,elektronik,Powerbank 10K,3403597,1,3403597.0,Kartu Kredit,Delivered,PowerCell
TRX-10159,2025/06/23,NANDA PRATAMA,Bandung,,Vacuum Cleaner,2647480,5,13237400.0,Card,Returned,BeautyHub
TRX-10160,27-04-2025,MEGA PUTRI,jakarta,Kecantikan,Smartwatch,6168900,1,6168900.0,Ewallet,Canceled,TrendShop
TRX-10161,14/05/2025,siti aminah,Makassar,Aksesoris,Powerbank 10K,581831,1,581831.0,COD,Canceled,HomeEssence
TRX-10162,21/03/2025,AHMAD FAUZI,Surabaya,kecantikan,Lipstik Wardah,3419720,1,3419720.0,E-Wallet,,BeautyHub
TRX-10163,2025-07-16,SITI AMINAH,makassar,Fashion,Headphone JBL,6904500,15,103567500.0,Transfer,Delivered,TechZone
TRX-10164,2025/07/30,RUDI HARTONO,Medan,Macanan,Lipstik Wardah,9272335,1,9272335.0,Card,Returned,PowerCell
TRX-10165,24-08-2025,BUDI SANTOSO,jakarta,Makanans,Smartwatch,5113778,1,5113778.0,E-Wallet,delivered,TrendShop
TRX-10166,2025/06/04,AHMAD FAUZI,Den,makanan,Sepatu Nike,4172263,5,20861315.0,,Canceled,TrendShop
TRX-10167,06-04-2025,budi santoso,medan,Fashion,Headphone JBL,1405531,0,0.0,Kartu Kredit,delivered,GadgetMart
TRX-10168,13/03/2025,siti aminah,Mak,fashion,Smartwatch,7040102,15,105601530.0,Kartu Kredit,Returned,PowerCell
TRX-10169,07-06-2025,Andi Saputra,Meden,fashion,Sepatu Nike,6756024,0,0.0,Ewallet,pending,HomeEssence
TRX-10170,21-06-2025,DEWI LESTARI,Jakarta,makanan,Lipstik Wardah,116631300,1,5831565.0,Kartu Kredit,Canceled,TechZone
TRX-10171,20-06-2025,ANDI SAPUTRA,makassar,Kecantican,Kaos Polos,3314908,1,3314908.0,,delivered,PowerCell
TRX-10172,2025-08-24,Siti Aminah,,,Sepatu Nike,6536460,15,98046900.0,COD,delivered,BeautyHub
TRX-10173,25-07-2025,Andi Saputra,jakarta,Rumah Tangga,Smartwatch,6247323,15,93709845.0,COD,delivered,BeautyHub
TRX-10174,28/03/2025,AHMAD FAUZI,surabaya,Macanan,Sepatu Nike,3671581,1,3671581.0,Ewallet,delivered,GadgetMart
TRX-10175,2025/05/22,Nanda Pratama,Sur,Rumah Tangga,Vacuum Cleaner,3649865,2,7299730.0,Card,pending,HomeEssence
TRX-10176,2025-05-08,nanda pratama,yogyakarta,Rumah Tangga,Smartwatch,1089458,15,16341870.0,Card,pending,BeautyHub
TRX-10177,27-08-2025,SITI AMINAH,Bandung,Olahraga,Laptop Asus,2813642,2,4578878.693015126,COD,Returned,HomeEssence
TRX-10178,22/04/2025,MEGA PUTRI,Denpeser,,Powerbank 10K,247775,15,3716625.0,Ewallet,Canceled,HomeEssence
TRX-10179,08-04-2025,mega putri,Bendung,Olahraga,Sepatu Nike,5901244,2,11802488.0,Card,pending,HomeEssence
TRX-10180,2025/04/11,Nanda Pratama,Ban,Olahraga,Laptop Asus,6887433,5,34437165.0,E-Wallet,Canceled,HomeEssence
TRX-10181,20/07/2025,nanda pratama,Med,Olahraga,Lipstik Wardah,5133769,2,10267538.0,,delivered,GadgetMart
TRX-10182,10-08-2025,Ahmad Fauzi,Surabaya,Kecantikan,Sepatu Nike,4282406,1,4282406.0,Card,Canceled,HomeEssence
TRX-10183,15-05-2025,Rudi Hartono,Den,Olahraga,Powerbank 10K,2326360,100,232636000.0,Card,delivered,TrendShop
TRX-10184,23/07/2025,ANDI SAPUTRA,makassar,rumah tangga,Headphone JBL,8964438,10,89644380.0,,pending,GadgetMart
TRX-10185,2025-08-17,Siti Aminah,makassar,Makanans,Smartwatch,9156824,1,9156824.0,E-Wallet,Canceled,PowerCell
TRX-10186,2025-03-27,BUDI SANTOSO,makassar,Olahraga,Powerbank 10K,8955921,2,17911842.0,COD,Delivered,SportMax
TRX-10187,29-03-2025,Nanda Pratama,Yog,Elektronik,Lipstik Wardah,9776290,10,97762900.0,Transfer,Canceled,PowerCell
TRX-10188,17-06-2025,Nanda Pratama,Denpeser,kecantikan,Kaos Polos,6293669,1,6293669.0,Card,Returned,HomeEssence
TRX-10189,2025/07/23,Siti Aminah,Yog,Acsesoris,Laptop Asus,8365390,5,41826950.0,Card,Returned,SportMax
TRX-10190,14-04-2025,Ahmad Fauzi,Medan,fashion,Smartwatch,5459861,1,5459861.0,COD,Delivered,PowerCell
TRX-10191,16-06-2025,rudi hartono,Den,Kecantican,Headphone JBL,8465398,100,846539800.0,E-Wallet,pending,TrendShop
TRX-10192,2025-05-29,budi santoso,surabaya,Macanan,Kaos Polos,9187682,5,45938410.0,,Canceled,BeautyHub
TRX-10193,04/07/2025,Rudi Hartono,medan,Macanan,Vacuum Cleaner,1929490,1,1929490.0,Kartu Kredit,delivered,SportMax
TRX-10194,04/07/2025,RUDI HARTONO,,Olahragas,Sepatu Nike,6989705,1,7438225.438918518,,delivered,BeautyHub
TRX-10195,30/04/2025,Siti Aminah,Surebeye,elektronik,Smartwatch,3369144,5,17020500.308938,Transfer,Returned,TrendShop
TRX-10196,01-03-2025,NANDA PRATAMA,Jekerte,Rumah Tangga,Headphone JBL,5856466,15,87846990.0,Transfer,pending,TrendShop
TRX-10197,2025-06-21,andi saputra,Surabaya,,Kaos Polos,3743976,10,37439760.0,,Delivered,PowerCell
TRX-10198,08-08-2025,Siti Aminah,Denpeser,Kecantikans,Smartwatch,4085493,2,8170986.0,Kartu Kredit,Returned,TechZone
TRX-10199,12/07/2025,Ahmad Fauzi,Bendung,olahraga,Laptop Asus,5753737,2,11507474.0,Transfer,Canceled,GadgetMart
TRX-10200,19-05-2025,Mega Putri,Bendung,kecantikan,Lipstik Wardah,1584837,2,3169674.0,Card,Delivered,TechZone
TRX-10201,11-08-2025,Andi Saputra,Bandung,Elektronik,Smartwatch,473570,1,473570.0,Card,Delivered,TrendShop
TRX-10202,2025-07-24,mega putri,bandung,Aksesoris,Powerbank 10K,9296766,15,139451490.0,E-Wallet,Pending,SportMax
TRX-10203,2025/04/18,Ahmad Fauzi,surabaya,rumah tangga,Vacuum Cleaner,1923421,0,0.0,Transfer,delivered,BeautyHub
TRX-10204,25/06/2025,MEGA PUTRI,Medan,Kecantikans,Sepatu Nike,6975877,3,20927631.0,Kartu Kredit,Pending,PowerCell
TRX-10205,03-03-2025,SITI AMINAH,medan,aksesoris,Lipstik Wardah,5168922,100,516892200.0,COD,Returned,TechZone
TRX-10206,16-03-2025,MEGA PUTRI,makassar,,Lipstik Wardah,5578983,2,11157966.0,Card,Delivered,GadgetMart
TRX-10207,2025/03/08,BUDI SANTOSO,yogyakarta,Electronic,Vacuum Cleaner,7399369,1,7399369.0,Ewallet,Delivered,SportMax
TRX-10208,2025-05-29,RUDI HARTONO,yogyakarta,makanan,Sepatu Nike,6705623,100,670562300.0,Transfer,Pending,TrendShop
TRX-10209,2025-04-29,Nanda Pratama,yogyakarta,makanan,Sepatu Nike,7028737,2,14057474.0,Kartu Kredit,Returned,BeautyHub
TRX-10210,2025/04/10,dewi lestari,Surebeye,Makanan,Smartwatch,9229875,3,27689625.0,E-Wallet,Pending,PowerCell
TRX-10211,2025/07/23,Mega Putri,makassar,rumah tangga,Headphone JBL,4060912,2,8121824.0,Ewallet,delivered,HomeEssence
TRX-10212,04-08-2025,Dewi Lestari,Ban,Fashions,Laptop Asus,1650396,1,1650396.0,Card,pending,PowerCell
TRX-10213,2025/07/12,NANDA PRATAMA,Yogyekerte,makanan,Sepatu Nike,2546081,1,2546081.0,Card,delivered,GadgetMart
TRX-10214,16/04/2025,ANDI SAPUTRA,Jakarta,Aksesoris,Headphone JBL,5237480,1,5237480.0,Card,Pending,TechZone
TRX-10215,10/03/2025,Andi Saputra,Mekesser,Kecantikan,Smartwatch,7186029,1,7186029.0,Transfer,Delivered,BeautyHub
TRX-10216,17-06-2025,Andi Saputra,Mak,Olahraga,Headphone JBL,3364692,5,16823460.0,Card,pending,GadgetMart
TRX-10217,02/04/2025,Budi Santoso,makassar,fashion,Lipstik Wardah,1160389,0,0.0,,Returned,TechZone
TRX-10218,2025/07/24,mega putri,makassar,rumah tangga,Lipstik Wardah,3962942,0,0.0,Transfer,pending,SportMax
TRX-10219,2025-03-11,budi santoso,Meden,Olahragas,Headphone JBL,1685156,100,168515600.0,Card,Pending,TechZone
TRX-10220,02-05-2025,MEGA PUTRI,Den,Olahraga,Headphone JBL,5051045,0,0.0,Card,delivered,GadgetMart
TRX-10221,2025/08/08,Andi Saputra,Yog,Olahraga,Powerbank 10K,7203768,1,7203768.0,E-Wallet,Delivered,TrendShop
TRX-10222,07/07/2025,Mega Putri,surabaya,olahraga,Vacuum Cleaner,8439012,5,42195060.0,Ewallet,Canceled,GadgetMart
TRX-10223,06/03/2025,BUDI SANTOSO,Yog,Elektronik,Vacuum Cleaner,1373483,0,0.0,Transfer,Canceled,BeautyHub
TRX-10224,03-06-2025,Ahmad Fauzi,Yog,Aksesoriss,Smartwatch,2382517,1,2382517.0,Ewallet,Returned,GadgetMart
TRX-10225,23/03/2025,Mega Putri,Den,aksesoris,Kaos Polos,8601881,1,5627530.87887649,Card,pending,TrendShop
TRX-10226,23-07-2025,ahmad fauzi,Jakarta,,Smartwatch,5742493,15,86137395.0,E-Wallet,Delivered,TrendShop
TRX-10227,2025-06-18,siti aminah,Meden,Elektronik,Kaos Polos,6245200,1,6245200.0,Transfer,delivered,BeautyHub
TRX-10228,2025/08/20,Mega Putri,Surebeye,Makanan,Laptop Asus,3081756,1,3081756.0,COD,pending,GadgetMart
TRX-10229,21/06/2025,siti aminah,Sur,makanan,Kaos Polos,4090479,1,4090479.0,E-Wallet,Returned,PowerCell
TRX-10230,31-05-2025,budi santoso,surabaya,Rumah Tanggas,Laptop Asus,1236887,5,6184435.0,COD,Canceled,TechZone
TRX-10231,01-08-2025,AHMAD FAUZI,Med,Macanan,Vacuum Cleaner,8946761,1,8946761.0,Card,delivered,TrendShop
TRX-10232,2025/06/26,AHMAD FAUZI,yogyakarta,Macanan,Powerbank 10K,2765514,1,2765514.0,E-Wallet,Canceled,HomeEssence
TRX-10233,12-03-2025,rudi hartono,Med,Aksesoriss,Sepatu Nike,4884357,2,9768714.0,Ewallet,Pending,BeautyHub
TRX-10234,26/04/2025,ANDI SAPUTRA,medan,Macanan,Kaos Polos,531680,5,2658400.0,Kartu Kredit,pending,GadgetMart
TRX-10235,24/05/2025,Dewi Lestari,surabaya,Rumah Tanggas,Vacuum Cleaner,4150673,1,6187410.791426932,Kartu Kredit,delivered,GadgetMart
TRX-10236,11-06-2025,andi saputra,Yogyakarta,,Sepatu Nike,377359,1,377359.0,Ewallet,Delivered,BeautyHub
TRX-10237,07-04-2025,ahmad fauzi,Jakarta,Electronic,Laptop Asus,367537,1,367537.0,Ewallet,delivered,BeautyHub
TRX-10238,30/03/2025,nanda pratama,Meden,aksesoris,Sepatu Nike,600222,1,600222.0,Kartu Kredit,Delivered,PowerCell
TRX-10239,21-04-2025,Budi Santoso,denpasar,Kecantican,Sepatu Nike,2503752,3,7511256.0,COD,,GadgetMart
TRX-10240,2025/05/18,Nanda Pratama,Meden,Kecantikan,Lipstik Wardah,8689483,5,52605217.241177194,Transfer,Canceled,HomeEssence
TRX-10241,2025-06-14,SITI AMINAH,bandung,olahraga,Sepatu Nike,1346516,1,1346516.0,Kartu Kredit,,SportMax
TRX-10242,16-07-2025,Siti Aminah,Yogyekerte,Makanan,Laptop Asus,3513351,0,0.0,Kartu Kredit,Returned,TechZone
TRX-10243,13/05/2025,rudi hartono,Denpasar,Olahraga,Powerbank 10K,1904971,1,1904971.0,COD,Returned,TechZone
TRX-10244,2025/05/08,NANDA PRATAMA,Yog,Olahragas,Vacuum Cleaner,1899396,1,1899396.0,E-Wallet,Canceled,SportMax
TRX-10245,04-07-2025,SITI AMINAH,Yog,Olahraga,Powerbank 10K,2576954,1,2576954.0,COD,Canceled,TechZone
TRX-10246,19/06/2025,AHMAD FAUZI,Bendung,makanan,Vacuum Cleaner,8051482,3,24154446.0,Kartu Kredit,pending,BeautyHub
TRX-10247,22/07/2025,siti aminah,surabaya,,Smartwatch,1122647,1,1122647.0,E-Wallet,Delivered,GadgetMart
TRX-10248,12/06/2025,rudi hartono,Mekesser,Makanans,Vacuum Cleaner,5156563,10,51565630.0,Kartu Kredit,Returned,TrendShop
TRX-10249,2025-03-25,Andi Saputra,Surabaya,kecantikan,Lipstik Wardah,9744402,1,9744402.0,Kartu Kredit,delivered,HomeEssence
TRX-10250,02-08-2025,BUDI SANTOSO,Jak,Acsesoris,Headphone JBL,2000367,1,2000367.0,Kartu Kredit,delivered,TrendShop
TRX-10251,30-04-2025,BUDI SANTOSO,denpasar,Kecantikan,Smartwatch,3841481,1,3841481.0,Transfer,Returned,SportMax
TRX-10252,2025-07-25,Rudi Hartono,Den,Aksesoriss,Powerbank 10K,6398564,2,12797128.0,COD,Pending,SportMax
TRX-10253,2025-05-31,AHMAD FAUZI,surabaya,Kecantican,Lipstik Wardah,5329548,3,15988644.0,Ewallet,pending,SportMax
TRX-10254,2025-07-27,siti aminah,Jak,aksesoris,Powerbank 10K,7954069,0,0.0,Card,Canceled,SportMax
TRX-10255,11/07/2025,mega putri,Ban,Rumah Tanggas,Vacuum Cleaner,2295131,100,229513100.0,Card,Delivered,GadgetMart
TRX-10256,2025/04/15,ahmad fauzi,Med,Olahraga,Kaos Polos,4296049,0,0.0,Kartu Kredit,pending,HomeEssence
TRX-10257,2025/05/17,BUDI SANTOSO,medan,makanan,Smartwatch,8530473,15,127957095.0,E-Wallet,Canceled,BeautyHub
TRX-10258,26/03/2025,nanda pratama,Yogyakarta,Elektronik,Smartwatch,2956158,15,63384441.44882369,COD,Returned,GadgetMart
TRX-10259,2025-04-25,Mega Putri,yogyakarta,Rumah Tangga,Powerbank 10K,3175354,0,0.0,E-Wallet,Delivered,HomeEssence
TRX-10260,2025/03/26,Dewi Lestari,surabaya,Elektroniks,Lipstik Wardah,4832883,0,0.0,COD,Returned,HomeEssence
TRX-10261,2025-03-08,Budi Santoso,Bendung,elektronik,Laptop Asus,9352640,1,9352640.0,Kartu Kredit,Delivered,TechZone
TRX-10262,2025/08/27,budi santoso,yogyakarta,Makanan,Laptop Asus,6210686,10,62106860.0,Card,Delivered,TechZone
TRX-10263,2025/03/14,ahmad fauzi,Bendung,aksesoris,Powerbank 10K,4633897,5,24635909.844285924,Ewallet,pending,TrendShop
TRX-10264,17-05-2025,AHMAD FAUZI,bandung,Makanans,Laptop Asus,6909991,1,4149208.5230344716,,,HomeEssence
TRX-10265,17-06-2025,ahmad fauzi,surabaya,Fashion,Kaos Polos,6608221,10,66082210.0,Ewallet,delivered,HomeEssence
TRX-10266,2025/06/23,ANDI SAPUTRA,surabaya,olahraga,Vacuum Cleaner,2951614,5,14758070.0,Transfer,Pending,GadgetMart
TRX-10267,15-06-2025,Budi Santoso,,Olahraga,Sepatu Nike,3758654,1,3758654.0,COD,Returned,SportMax
TRX-10268,07-04-2025,AHMAD FAUZI,yogyakarta,Aksesoriss,Kaos Polos,5922354,1,3361128.78176285,E-Wallet,Pending,TechZone
TRX-10269,2025-03-15,MEGA PUTRI,Surebeye,Makanans,Kaos Polos,9860404,100,986040400.0,Ewallet,delivered,TrendShop
TRX-10270,2025/04/08,budi santoso,jakarta,aksesoris,Sepatu Nike,7637768,0,0.0,Card,,HomeEssence
TRX-10271,2025-05-25,DEWI LESTARI,medan,elektronik,Kaos Polos,820173,15,12302595.0,Transfer,Returned,BeautyHub
TRX-10272,2025-07-23,DEWI LESTARI,yogyakarta,Elektronik,Powerbank 10K,5692264,1,5692264.0,COD,Returned,PowerCell
TRX-10273,2025/07/16,siti aminah,Ban,,Headphone JBL,517010,15,7755150.0,Kartu Kredit,Canceled,BeautyHub
TRX-10274,2025-06-17,DEWI LESTARI,Makassar,Makanans,Sepatu Nike,4271038,1,5805877.287529932,COD,,TrendShop
TRX-10275,2025/06/19,BUDI SANTOSO,Yogyakarta,Fashion,Headphone JBL,3930993,10,39309930.0,Transfer,,TechZone
TRX-10276,15-08-2025,ahmad fauzi,bandung,Aksesoris,Vacuum Cleaner,8519872,1,8519872.0,COD,Returned,HomeEssence
TRX-10277,2025/04/11,Dewi Lestari,Mak,Elektronik,Powerbank 10K,6532532,3,19597596.0,Ewallet,Delivered,GadgetMart
TRX-10278,2025-08-27,nanda pratama,Den,Kecantikan,Smartwatch,6002793,1,4205983.8952493295,Ewallet,Canceled,HomeEssence
TRX-10279,28/04/2025,nanda pratama,Mekesser,aksesoris,Laptop Asus,9242300,3,27726900.0,Kartu Kredit,Delivered,TrendShop
TRX-10280,2025/06/29,andi saputra,Jekerte,Acsesoris,Kaos Polos,994789,2,1989578.0,COD,Returned,GadgetMart
TRX-10281,2025-05-09,SITI AMINAH,Surabaya,elektronik,Vacuum Cleaner,2305363,10,23053630.0,E-Wallet,Returned,HomeEssence
TRX-10282,2025-04-24,BUDI SANTOSO,Bendung,Elektronik,Vacuum Cleaner,9107014,1,9107014.0,COD,Pending,PowerCell
TRX-10283,2025/03/31,ahmad fauzi,Yog,Kecantikans,Lipstik Wardah,1083255,2,2166510.0,COD,Pending,SportMax
TRX-10284,2025-04-05,Siti Aminah,Bendung,Macanan,Vacuum Cleaner,5039847,3,15119541.0,E-Wallet,Pending,GadgetMart
TRX-10285,2025/05/05,nanda pratama,Denpasar,elektronik,Lipstik Wardah,7693603,1,7693603.0,Card,delivered,TechZone
TRX-10286,18/05/2025,Ahmad Fauzi,jakarta,Kecantikans,Headphone JBL,2909653,3,8728959.0,E-Wallet,Pending,TechZone
TRX-10287,21-06-2025,NANDA PRATAMA,yogyakarta,Elektroniks,Kaos Polos,1080117,1,1080117.0,COD,Delivered,TechZone
TRX-10288,2025-05-01,Rudi Hartono,Bendung,Kecantikan,Lipstik Wardah,8963742,10,89637420.0,Transfer,Delivered,TechZone
TRX-10289,26/03/2025,Nanda Pratama,Jak,Elektronik,Smartwatch,8436180,3,36042694.74094459,Kartu Kredit,pending,GadgetMart
TRX-10290,01-08-2025,andi saputra,Yogyekerte,Fashion,Laptop Asus,114323,1,114323.0,E-Wallet,,GadgetMart
TRX-10291,20/03/2025,ANDI SAPUTRA,makassar,Rumah Tangga,Smartwatch,1004480,0,0.0,Ewallet,Returned,TechZone
TRX-10292,2025-05-29,dewi lestari,Bendung,fashion,Headphone JBL,9303517,3,27910551.0,Card,Canceled,GadgetMart
TRX-10293,06-04-2025,AHMAD FAUZI,Mak,Macanan,Powerbank 10K,9489101,1,10410647.88008607,Transfer,Canceled,TechZone
TRX-10294,16-05-2025,AHMAD FAUZI,bandung,elektronik,Laptop Asus,5802810,1,5802810.0,Card,Delivered,SportMax
TRX-10295,08/08/2025,mega putri,denpasar,,Sepatu Nike,8824533,1,8824533.0,Card,Canceled,BeautyHub
TRX-10296,2025-03-10,AHMAD FAUZI,makassar,olahraga,Smartwatch,7472212,5,37361060.0,COD,Returned,TechZone
TRX-10297,2025-07-16,Andi Saputra,makassar,Elektroniks,Headphone JBL,7261179,1,7261179.0,Ewallet,Pending,SportMax
TRX-10298,13/03/2025,AHMAD FAUZI,,Elektronik,Powerbank 10K,4249591,1,4249591.0,COD,Delivered,SportMax
TRX-10299,2025/05/23,budi santoso,Yogyekerte,Olahraga,Sepatu Nike,3204240,2,6408480.0,COD,Pending,HomeEssence
TRX-10300,12-05-2025,NANDA PRATAMA,surabaya,Rumah Tangga,Laptop Asus,8162074,10,81620740.0,COD,Returned,PowerCell
TRX-10301,2025/04/07,Siti Aminah,Yogyakarta,Rumah Tanggas,Headphone JBL,7285574,1,7285574.0,E-Wallet,delivered,TrendShop
TRX-10302,2025-06-02,Nanda Pratama,Surabaya,Fashion,Sepatu Nike,5334958,0,0.0,Transfer,pending,HomeEssence
TRX-10303,2025/05/08,Nanda Pratama,surabaya,Fashion,Sepatu Nike,836667,1,836667.0,Transfer,pending,TechZone
TRX-10304,2025-05-17,mega putri,Yogyekerte,Fashions,Smartwatch,1762503,15,26437545.0,E-Wallet,delivered,GadgetMart
TRX-10305,2025-08-09,NANDA PRATAMA,yogyakarta,Fashions,Kaos Polos,6688155,1,6688155.0,Transfer,,TechZone
TRX-10306,2025/04/04,Dewi Lestari,Jak,Fashions,Powerbank 10K,2919760,10,29197600.0,Ewallet,Delivered,PowerCell
TRX-10307,03-05-2025,andi saputra,yogyakarta,,Powerbank 10K,1142501,10,9495263.881047636,COD,Returned,HomeEssence
TRX-10308,2025/03/11,dewi lestari,Bandung,Elektroniks,Smartwatch,9922232,2,19844464.0,E-Wallet,Delivered,GadgetMart
TRX-10309,2025-03-14,DEWI LESTARI,Yogyekerte,Fashion,Headphone JBL,3975282,2,7950564.0,Card,Canceled,TechZone
TRX-10310,12-08-2025,budi santoso,Denpeser,Makanans,Lipstik Wardah,8960852,1,9356258.81718523,COD,Canceled,GadgetMart
TRX-10311,2025/07/01,siti aminah,Jak,,Lipstik Wardah,4113309,100,411330900.0,,delivered,TechZone
TRX-10312,01/05/2025,Budi Santoso,Yog,Aksesoriss,Laptop Asus,9501244,100,950124400.0,Kartu Kredit,delivered,GadgetMart
TRX-10313,28-05-2025,rudi hartono,Surabaya,Makanan,Powerbank 10K,879735,10,8797350.0,Kartu Kredit,Pending,TrendShop
TRX-10314,08/04/2025,Rudi Hartono,Jekerte,Elektroniks,Laptop Asus,8401245,1,8401245.0,Card,Pending,SportMax
TRX-10315,2025/07/03,AHMAD FAUZI,Denpasar,Elektroniks,Vacuum Cleaner,2612469,0,0.0,E-Wallet,delivered,GadgetMart
TRX-10316,2025-03-23,Mega Putri,medan,Fashion,Kaos Polos,5395854,0,0.0,Transfer,Canceled,SportMax
TRX-10317,2025/07/31,mega putri,Meden,Olahragas,Headphone JBL,4933680,5,24668400.0,Kartu Kredit,Pending,BeautyHub
TRX-10318,22-04-2025,andi saputra,surabaya,Elektroniks,Lipstik Wardah,1003959,10,10039590.0,Transfer,Canceled,SportMax
TRX-10319,2025/08/26,dewi lestari,Denpeser,Aksesoris,Laptop Asus,7955477,3,23866431.0,Card,Returned,SportMax
TRX-10320,2025/05/06,DEWI LESTARI,Medan,Fashions,Laptop Asus,395266,10,3952660.0,Kartu Kredit,pending,GadgetMart
TRX-10321,2025/04/11,ANDI SAPUTRA,denpasar,Electronic,Vacuum Cleaner,4587358,0,0.0,Ewallet,delivered,TechZone
TRX-10322,02/08/2025,Rudi Hartono,Denpasar,Fashion,Smartwatch,6917100,3,17853901.434588954,COD,Canceled,PowerCell
TRX-10323,05-06-2025,MEGA PUTRI,Jakarta,Fashion,Smartwatch,5325034,5,26625170.0,COD,Returned,BeautyHub
TRX-10324,2025/04/02,Ahmad Fauzi,Den,,Lipstik Wardah,9853005,1,5415714.473364483,Ewallet,,SportMax
TRX-10325,25/05/2025,RUDI HARTONO,Ban,,Headphone JBL,3227993,2,6455986.0,Card,Delivered,GadgetMart
TRX-10326,01/07/2025,SITI AMINAH,Denpasar,Fashion,Lipstik Wardah,3181209,0,0.0,Card,pending,PowerCell
TRX-10327,26-06-2025,mega putri,Med,Fashions,Lipstik Wardah,4107893,1,4107893.0,Ewallet,Returned,BeautyHub
TRX-10328,2025-06-17,ANDI SAPUTRA,Yog,Olahraga,Lipstik Wardah,9878366,10,98783660.0,Kartu Kredit,Delivered,PowerCell
TRX-10329,2025/03/05,ahmad fauzi,Sur,fashion,Laptop Asus,8564716,1,8564716.0,Ewallet,Returned,HomeEssence
TRX-10330,2025/05/15,SITI AMINAH,Jekerte,Kecantican,Vacuum Cleaner,5575633,1,5575633.0,Card,Delivered,BeautyHub
TRX-10331,11/08/2025,AHMAD FAUZI,yogyakarta,Rumah Tanggas,Sepatu Nike,5785193,2,11570386.0,COD,pending,BeautyHub
TRX-10332,26/07/2025,Dewi Lestari,medan,Rumah Tangga,Powerbank 10K,8254298,100,825429800.0,E-Wallet,pending,TechZone
TRX-10333,12/06/2025,Ahmad Fauzi,Yog,Macanan,Sepatu Nike,5893493,3,17680479.0,E-Wallet,Returned,SportMax
TRX-10334,2025-03-23,Nanda Pratama,Denpasar,makanan,Kaos Polos,4638334,100,463833400.0,Kartu Kredit,,PowerCell
TRX-10335,15-04-2025,Andi Saputra,bandung,Kecantikans,Smartwatch,7218362,100,721836200.0,Card,Pending,SportMax
TRX-10336,2025-07-19,nanda pratama,yogyakarta,Kecantikan,Headphone JBL,8564493,1,8564493.0,COD,Pending,BeautyHub
TRX-10337,19/06/2025,Nanda Pratama,Bendung,Rumah Tanggas,Vacuum Cleaner,4474507,1,4474507.0,Kartu Kredit,Returned,TechZone
TRX-10338,2025-05-07,RUDI HARTONO,,kecantikan,Headphone JBL,4440020,10,44400200.0,Card,pending,TrendShop
TRX-10339,06/04/2025,ahmad fauzi,Bandung,Macanan,Powerbank 10K,940695,100,51335452.488833934,E-Wallet,Returned,HomeEssence
TRX-10340,2025/05/31,MEGA PUTRI,Ban,Macanan,Laptop Asus,5402825,15,81042375.0,Kartu Kredit,Delivered,TrendShop
TRX-10341,20/04/2025,Siti Aminah,Yogyakarta,,Kaos Polos,8937324,10,89373240.0,Card,Delivered,GadgetMart
TRX-10342,2025/04/10,ANDI SAPUTRA,Jakarta,Rumah Tangga,Headphone JBL,2326106,5,11630530.0,Kartu Kredit,Returned,GadgetMart
TRX-10343,2025-03-01,dewi lestari,yogyakarta,Fashion,Lipstik Wardah,6625716,2,13251432.0,Transfer,pending,BeautyHub
TRX-10344,2025/05/29,siti aminah,Denpasar,Olahraga,Lipstik Wardah,6721318,15,100819770.0,Transfer,Returned,TrendShop
TRX-10345,01/03/2025,DEWI LESTARI,Ban,Rumah Tanggas,Lipstik Wardah,3628226,10,36282260.0,Ewallet,Returned,TrendShop
TRX-10346,21-07-2025,Ahmad Fauzi,Jakarta,,Kaos Polos,2477540,15,37163100.0,Card,Returned,TrendShop
TRX-10347,2025-04-22,BUDI SANTOSO,Yogyakarta,kecantikan,Smartwatch,8950019,15,134250285.0,E-Wallet,Canceled,GadgetMart
TRX-10348,2025-06-25,Budi Santoso,Denpasar,Acsesoris,Sepatu Nike,9322985,15,139844775.0,E-Wallet,Returned,HomeEssence
TRX-10349,2025-04-04,Budi Santoso,jakarta,rumah tangga,Sepatu Nike,1948739,15,29231085.0,Kartu Kredit,delivered,PowerCell
TRX-10350,2025-05-29,ahmad fauzi,Bandung,Makanans,Smartwatch,8154010,3,24462030.0,Kartu Kredit,pending,SportMax
TRX-10351,08-07-2025,MEGA PUTRI,denpasar,elektronik,Headphone JBL,3728086,1,3728086.0,COD,Delivered,GadgetMart
TRX-10352,09-08-2025,Nanda Pratama,Mekesser,Acsesoris,Headphone JBL,2137258,0,0.0,Card,Pending,GadgetMart
TRX-10353,06-07-2025,budi santoso,Medan,Electronic,Sepatu Nike,8419066,1,11520079.706706824,Ewallet,pending,BeautyHub
TRX-10354,30/07/2025,AHMAD FAUZI,Makassar,makanan,Smartwatch,9816854,1,9816854.0,Card,pending,GadgetMart
TRX-10355,27/05/2025,Andi Saputra,yogyakarta,Olahragas,Smartwatch,1095482,3,3286446.0,Transfer,Returned,PowerCell
TRX-10356,01/08/2025,ahmad fauzi,jakarta,Olahragas,Vacuum Cleaner,5958635,1,5958635.0,Transfer,Returned,GadgetMart
TRX-10357,18-04-2025,budi santoso,Med,Elektroniks,Headphone JBL,9733910,0,0.0,Kartu Kredit,Delivered,BeautyHub
TRX-10358,2025-05-23,BUDI SANTOSO,Mak,olahraga,Smartwatch,8458424,0,0.0,E-Wallet,Delivered,SportMax
TRX-10359,26/07/2025,nanda pratama,Mekesser,Rumah Tangga,Smartwatch,2462149,3,7386447.0,Card,Pending,TechZone
TRX-10360,2025/05/02,AHMAD FAUZI,Den,Olahraga,Kaos Polos,3402252,10,22596239.280864015,COD,pending,HomeEssence
TRX-10361,18-04-2025,budi santoso,makassar,Fashion,Vacuum Cleaner,7072336,5,35361680.0,COD,pending,PowerCell
TRX-10362,2025-08-26,Mega Putri,Yogyakarta,Aksesoriss,Smartwatch,7483533,0,0.0,Ewallet,Pending,GadgetMart
TRX-10363,2025-08-20,ANDI SAPUTRA,,olahraga,Powerbank 10K,2744287,10,27442870.0,COD,Delivered,GadgetMart
TRX-10364,2025/03/19,mega putri,makassar,Kecantikans,Sepatu Nike,4671056,1,4671056.0,Kartu Kredit,Pending,TrendShop
TRX-10365,22-08-2025,DEWI LESTARI,,rumah tangga,Laptop Asus,1355585,1,1355585.0,Card,Canceled,HomeEssence
TRX-10366,2025/06/21,SITI AMINAH,yogyakarta,Olahraga,Kaos Polos,3993645,3,11980935.0,Ewallet,Returned,BeautyHub
TRX-10367,26-08-2025,dewi lestari,Denpasar,Olahraga,Headphone JBL,6144467,0,0.0,Transfer,pending,TechZone
TRX-10368,08/03/2025,Dewi Lestari,Sur,Fashion,Lipstik Wardah,5567366,5,27836830.0,Ewallet,Delivered,PowerCell
TRX-10369,09-07-2025,BUDI SANTOSO,denpasar,Rumah Tanggas,Laptop Asus,9565807,100,956580700.0,Card,Canceled,HomeEssence
TRX-10370,2025-06-18,mega putri,Med,Olahraga,Headphone JBL,8420262,5,42101310.0,,delivered,SportMax
TRX-10371,01-04-2025,RUDI HARTONO,Yog,aksesoris,Laptop Asus,4896769,5,24483845.0,COD,pending,TechZone
TRX-10372,01/06/2025,SITI AMINAH,Makassar,Makanan,Vacuum Cleaner,7499607,0,0.0,E-Wallet,Pending,TrendShop
TRX-10373,2025/04/26,andi saputra,medan,elektronik,Sepatu Nike,2652967,5,13264835.0,Card,delivered,SportMax
TRX-10374,2025/05/11,NANDA PRATAMA,Mak,Electronic,Laptop Asus,3235714,0,0.0,,Delivered,SportMax
TRX-10375,31/05/2025,MEGA PUTRI,Mekesser,Electronic,Laptop Asus,8910935,1,8910935.0,Card,Canceled,PowerCell
TRX-10376,2025/04/04,Dewi Lestari,Denpeser,Olahraga,Kaos Polos,4279215,10,42792150.0,Kartu Kredit,Pending,HomeEssence
TRX-10377,17/05/2025,ANDI SAPUTRA,Surebeye,Aksesoris,Vacuum Cleaner,7071855,10,70718550.0,Card,Canceled,TechZone
TRX-10378,2025/04/15,nanda pratama,,rumah tangga,Sepatu Nike,9047354,1,9047354.0,Transfer,Pending,SportMax
TRX-10379,2025-08-12,Budi Santoso,yogyakarta,Aksesoriss,Kaos Polos,2012165,2,4024330.0,Card,pending,SportMax
TRX-10380,20-07-2025,BUDI SANTOSO,yogyakarta,Elektroniks,Sepatu Nike,818734,5,2346688.2595294383,COD,Canceled,BeautyHub
TRX-10381,2025-08-23,rudi hartono,Meden,Makanans,Vacuum Cleaner,4291361,5,21456805.0,Kartu Kredit,pending,TechZone
TRX-10382,2025-05-13,BUDI SANTOSO,Makassar,Rumah Tangga,Sepatu Nike,6619632,5,33098160.0,Transfer,Canceled,SportMax
TRX-10383,2025/05/24,budi santoso,Denpeser,Makanans,Headphone JBL,7279039,1,7279039.0,Ewallet,Pending,TrendShop
TRX-10384,05-04-2025,DEWI LESTARI,Ban,Rumah Tangga,Headphone JBL,9930860,1,9930860.0,Ewallet,Pending,TechZone
TRX-10385,2025-03-02,ANDI SAPUTRA,Mekesser,Olahraga,Lipstik Wardah,2058960,2,4117920.0,Card,pending,PowerCell
TRX-10386,26/07/2025,MEGA PUTRI,denpasar,fashion,Laptop Asus,6968889,1,6968889.0,E-Wallet,Pending,TechZone
TRX-10387,27/06/2025,ANDI SAPUTRA,Medan,Kecantikan,Lipstik Wardah,6243956,3,22957576.190601148,Kartu Kredit,Canceled,PowerCell
TRX-10388,15/07/2025,Rudi Hartono,Surabaya,Fashion,Smartwatch,7321476,1,7321476.0,Ewallet,pending,PowerCell
TRX-10389,25/05/2025,ahmad fauzi,medan,Electronic,Laptop Asus,4158880,100,415888000.0,Card,pending,HomeEssence
TRX-10390,05-08-2025,dewi lestari,Ban,Makanans,Smartwatch,4311946,5,21559730.0,E-Wallet,Returned,BeautyHub
TRX-10391,2025-07-06,SITI AMINAH,Makassar,,Powerbank 10K,1782465,1,1782465.0,COD,,HomeEssence
TRX-10392,2025-03-14,Budi Santoso,Denpasar,Aksesoriss,Laptop Asus,2909244,15,43638660.0,Ewallet,Canceled,BeautyHub
TRX-10393,11-06-2025,siti aminah,medan,Acsesoris,Powerbank 10K,2295909,1,2295909.0,Ewallet,Delivered,GadgetMart
TRX-10394,2025/08/01,ANDI SAPUTRA,bandung,aksesoris,Smartwatch,9725193,1,9725193.0,Ewallet,delivered,HomeEssence
TRX-10395,06/04/2025,nanda pratama,jakarta,Aksesoriss,Laptop Asus,9805461,1,8525212.802932978,Transfer,pending,TrendShop
TRX-10396,2025/07/06,mega putri,Medan,Electronic,Kaos Polos,2470564,100,247056400.0,Ewallet,pending,SportMax
TRX-10397,2025/06/08,DEWI LESTARI,makassar,Makanans,Sepatu Nike,8627064,3,25881192.0,Transfer,delivered,PowerCell
TRX-10398,03-04-2025,RUDI HARTONO,Med,Acsesoris,Smartwatch,5938997,100,593899700.0,Ewallet,Delivered,BeautyHub
TRX-10399,15/05/2025,Nanda Pratama,Bandung,Olahraga,Laptop Asus,4817348,100,481734800.0,COD,Canceled,BeautyHub
TRX-10400,2025-05-25,rudi hartono,Den,,Smartwatch,766756,15,11501340.0,Kartu Kredit,Pending,BeautyHub
TRX-10401,31/03/2025,Mega Putri,Bandung,fashion,Powerbank 10K,7419434,10,74194340.0,Transfer,delivered,TrendShop
TRX-10402,2025-06-06,siti aminah,Bendung,Olahraga,Lipstik Wardah,1276476,15,19147140.0,COD,Returned,BeautyHub
TRX-10403,22-04-2025,Nanda Pratama,Bendung,olahraga,Powerbank 10K,1550844,0,0.0,Ewallet,Canceled,TrendShop
TRX-10404,2025/08/01,NANDA PRATAMA,Makassar,Fashions,Vacuum Cleaner,8802084,100,880208400.0,Transfer,Pending,BeautyHub
TRX-10405,15-04-2025,SITI AMINAH,jakarta,Makanan,Kaos Polos,440719,1,510966.35219928913,Ewallet,delivered,SportMax
TRX-10406,2025-04-23,MEGA PUTRI,Med,Aksesoris,Vacuum Cleaner,3387920,1,3387920.0,Kartu Kredit,Returned,PowerCell
TRX-10407,2025-04-05,Mega Putri,Surebeye,aksesoris,Kaos Polos,6297794,100,629779400.0,Ewallet,Returned,PowerCell
TRX-10408,29/03/2025,ANDI SAPUTRA,Yogyakarta,Olahraga,Headphone JBL,4952666,10,49526660.0,COD,pending,SportMax
TRX-10409,2025/03/11,mega putri,,Macanan,Lipstik Wardah,926031,1,926031.0,Kartu Kredit,delivered,PowerCell
TRX-10410,2025/06/21,Mega Putri,Meden,Fashion,Smartwatch,1109622,10,11096220.0,E-Wallet,delivered,PowerCell
TRX-10411,23-04-2025,SITI AMINAH,jakarta,makanan,Kaos Polos,9147270,10,91472700.0,Kartu Kredit,Canceled,SportMax
TRX-10412,2025-07-28,siti aminah,Yogyakarta,Aksesoris,Powerbank 10K,9083796,10,90837960.0,Ewallet,Returned,TechZone
TRX-10413,2025-04-02,Dewi Lestari,Surabaya,Olahraga,Vacuum Cleaner,1681993,1,1681993.0,Kartu Kredit,delivered,HomeEssence
TRX-10414,2025/07/26,Andi Saputra,Yogyekerte,Makanan,Laptop Asus,8028450,1,8028450.0,Ewallet,Canceled,TrendShop
TRX-10415,2025-05-20,RUDI HARTONO,Bandung,kecantikan,Headphone JBL,1220365,1,1220365.0,Transfer,Canceled,SportMax
TRX-10416,01-08-2025,AHMAD FAUZI,Meden,olahraga,Headphone JBL,6840593,2,13681186.0,Transfer,Delivered,BeautyHub
TRX-10417,2025/05/12,ahmad fauzi,Den,fashion,Smartwatch,3997208,10,39972080.0,Ewallet,Delivered,PowerCell
TRX-10418,17/03/2025,MEGA PUTRI,Jakarta,,Sepatu Nike,7783308,10,77833080.0,Ewallet,Canceled,BeautyHub
TRX-10419,2025/04/11,nanda pratama,Mekesser,aksesoris,Sepatu Nike,1374070,1,1374070.0,Kartu Kredit,pending,GadgetMart
TRX-10420,2025-07-09,Nanda Pratama,Surabaya,makanan,Laptop Asus,5837749,1,5837749.0,Kartu Kredit,Canceled,BeautyHub
TRX-10421,2025-03-12,Dewi Lestari,Surabaya,Macanan,Kaos Polos,6917218,2,13834436.0,COD,Returned,PowerCell
TRX-10422,2025/04/13,RUDI HARTONO,surabaya,rumah tangga,Smartwatch,5037696,0,0.0,COD,pending,TrendShop
TRX-10423,2025/05/13,Rudi Hartono,bandung,Acsesoris,Powerbank 10K,60551800,0,0.0,Transfer,Delivered,HomeEssence
TRX-10424,16-04-2025,ANDI SAPUTRA,Jekerte,,Smartwatch,3347291,10,33472910.0,Ewallet,Canceled,GadgetMart
TRX-10425,22/05/2025,dewi lestari,bandung,Elektroniks,Smartwatch,7592535,2,15185070.0,Transfer,delivered,PowerCell
TRX-10426,20-05-2025,siti aminah,Jekerte,Kecantikan,Headphone JBL,6265140,3,18795420.0,Kartu Kredit,delivered,TechZone
TRX-10427,2025/03/25,AHMAD FAUZI,Den,Fashion,Laptop Asus,4431137,15,66467055.0,Ewallet,Canceled,PowerCell
TRX-10428,12/03/2025,nanda pratama,Bendung,Rumah Tangga,Sepatu Nike,7647626,100,764762600.0,E-Wallet,Returned,TrendShop
TRX-10429,17/06/2025,Rudi Hartono,Yog,aksesoris,Vacuum Cleaner,8419689,100,841968900.0,COD,Pending,SportMax
TRX-10430,16/03/2025,Nanda Pratama,Bendung,makanan,Sepatu Nike,3863270,100,386327000.0,E-Wallet,Canceled,BeautyHub
TRX-10431,2025-05-25,Mega Putri,yogyakarta,elektronik,Lipstik Wardah,6173769,5,30868845.0,Card,Delivered,GadgetMart
TRX-10432,2025/03/14,dewi lestari,Sur,Kecantikan,Vacuum Cleaner,9102788,5,45513940.0,Card,delivered,TrendShop
TRX-10433,15/07/2025,dewi lestari,Surebeye,Aksesoriss,Kaos Polos,5172930,10,51729300.0,E-Wallet,Returned,HomeEssence
TRX-10434,28/04/2025,SITI AMINAH,Den,Makanans,Kaos Polos,6741409,1,5687224.454718637,E-Wallet,Canceled,HomeEssence
TRX-10435,2025/08/14,DEWI LESTARI,Yogyekerte,Kecantikans,Sepatu Nike,8720178,1,8720178.0,Ewallet,Returned,GadgetMart
TRX-10436,11/06/2025,Siti Aminah,bandung,Rumah Tangga,Kaos Polos,8001632,10,80016320.0,Kartu Kredit,Delivered,TechZone
TRX-10437,2025-06-16,NANDA PRATAMA,,Aksesoriss,Kaos Polos,2597500,1,2597500.0,Ewallet,Pending,TechZone
TRX-10438,09-07-2025,Dewi Lestari,Ban,makanan,Powerbank 10K,4243060,10,42430600.0,COD,Delivered,TechZone
TRX-10439,2025/06/16,ahmad fauzi,Med,Olahragas,Powerbank 10K,9134966,10,91349660.0,Card,delivered,TrendShop
TRX-10440,04-03-2025,MEGA PUTRI,Yog,,Laptop Asus,7182508,3,21547524.0,Kartu Kredit,Canceled,PowerCell
TRX-10441,31-07-2025,Dewi Lestari,Surabaya,elektronik,Sepatu Nike,3878433,0,0.0,Ewallet,Delivered,HomeEssence
TRX-10442,16-03-2025,nanda pratama,Jekerte,Acsesoris,Laptop Asus,4498748,100,449874800.0,Ewallet,Canceled,TrendShop
TRX-10443,16-06-2025,mega putri,bandung,Rumah Tanggas,Vacuum Cleaner,4187270,1,4187270.0,Transfer,Returned,HomeEssence
TRX-10444,17/08/2025,dewi lestari,Yog,makanan,Kaos Polos,8897905,5,44489525.0,E-Wallet,Delivered,HomeEssence
TRX-10445,13-03-2025,nanda pratama,Yogyekerte,Fashion,Headphone JBL,6893532,1,6893532.0,Ewallet,Delivered,TrendShop
TRX-10446,2025-08-07,dewi lestari,Bendung,Rumah Tangga,Laptop Asus,8245810,5,21221616.448318705,COD,Canceled,GadgetMart
TRX-10447,2025/04/15,nanda pratama,Medan,Kecantikan,Powerbank 10K,8221548,0,0.0,Transfer,delivered,GadgetMart
TRX-10448,01/05/2025,rudi hartono,Denpeser,Aksesoris,Kaos Polos,9308731,15,139630965.0,Card,Pending,GadgetMart
TRX-10449,10-03-2025,RUDI HARTONO,jakarta,Makanan,Laptop Asus,8019693,15,120295395.0,Card,Canceled,PowerCell
TRX-10450,11/06/2025,ANDI SAPUTRA,Makassar,Kecantikans,Lipstik Wardah,7794064,0,0.0,Transfer,pending,TrendShop
TRX-10451,2025-03-03,RUDI HARTONO,Med,elektronik,Lipstik Wardah,599239,1,599239.0,Kartu Kredit,Pending,TechZone
TRX-10452,2025-05-07,NANDA PRATAMA,makassar,Kecantikan,Laptop Asus,3097569,2,6195138.0,Transfer,pending,BeautyHub
TRX-10453,2025/07/31,Andi Saputra,surabaya,Rumah Tangga,Powerbank 10K,9709072,2,19418144.0,E-Wallet,delivered,SportMax
TRX-10454,2025/05/12,NANDA PRATAMA,Bandung,Rumah Tanggas,Sepatu Nike,447710,0,0.0,E-Wallet,Delivered,GadgetMart
TRX-10455,29-06-2025,DEWI LESTARI,Yogyekerte,fashion,Sepatu Nike,3238729,2,6477458.0,Kartu Kredit,Canceled,SportMax
TRX-10456,30/04/2025,BUDI SANTOSO,Bendung,Kecantican,Sepatu Nike,5075764,3,15227292.0,Card,delivered,GadgetMart
TRX-10457,08/04/2025,ANDI SAPUTRA,Den,aksesoris,Sepatu Nike,960775,10,9607750.0,Card,delivered,SportMax
TRX-10458,11-03-2025,RUDI HARTONO,Yogyekerte,aksesoris,Lipstik Wardah,5977997,1,5977997.0,Card,Canceled,TechZone
TRX-10459,2025-07-31,Budi Santoso,denpasar,Fashion,Laptop Asus,5054998,1,5054998.0,COD,Delivered,TechZone
TRX-10460,04-03-2025,NANDA PRATAMA,Mak,Electronic,Laptop Asus,5216650,10,52166500.0,Transfer,Delivered,TrendShop
TRX-10461,26-07-2025,budi santoso,Denpasar,Kecantikans,Sepatu Nike,8159916,3,24479748.0,Transfer,delivered,PowerCell
TRX-10462,2025-06-25,budi santoso,jakarta,Olahraga,Kaos Polos,4215100,100,421510000.0,Ewallet,Returned,TrendShop
TRX-10463,15/06/2025,RUDI HARTONO,yogyakarta,Olahragas,Kaos Polos,3257393,15,48860895.0,Ewallet,Canceled,HomeEssence
TRX-10464,16-08-2025,Mega Putri,bandung,Olahragas,Sepatu Nike,1076553,1,1076553.0,Ewallet,delivered,GadgetMart
TRX-10465,2025/06/28,AHMAD FAUZI,Sur,Makanans,Sepatu Nike,3793797,5,18968985.0,Ewallet,delivered,TrendShop
TRX-10466,24-08-2025,dewi lestari,Meden,Makanan,Headphone JBL,8515506,1,8515506.0,Ewallet,Delivered,BeautyHub
TRX-10467,30/06/2025,Dewi Lestari,surabaya,Fashion,Headphone JBL,6896192,100,689619200.0,Card,Canceled,BeautyHub
TRX-10468,10/08/2025,Budi Santoso,Med,fashion,Lipstik Wardah,1879553,1,1879553.0,Ewallet,Pending,TrendShop
TRX-10469,2025/05/01,Dewi Lestari,Mekesser,olahraga,Kaos Polos,1089504,10,10895040.0,Kartu Kredit,Pending,GadgetMart
TRX-10470,2025-03-03,Dewi Lestari,Yogyekerte,Elektronik,Sepatu Nike,7713589,10,77135890.0,Kartu Kredit,Returned,SportMax
TRX-10471,2025-07-03,RUDI HARTONO,Yogyakarta,Rumah Tanggas,Headphone JBL,7859006,15,117885090.0,Transfer,Canceled,BeautyHub
TRX-10472,12/05/2025,AHMAD FAUZI,yogyakarta,Fashion,Vacuum Cleaner,1725843,2,3451686.0,Ewallet,delivered,BeautyHub
TRX-10473,2025-06-06,rudi hartono,Surebeye,fashion,Sepatu Nike,1771610,15,28472622.968318038,Transfer,delivered,GadgetMart
TRX-10474,2025/05/06,budi santoso,Mekesser,aksesoris,Powerbank 10K,2664235,15,39963525.0,COD,Returned,GadgetMart
TRX-10475,31/07/2025,Rudi Hartono,Jak,Aksesoriss,Sepatu Nike,2760241,100,276024100.0,Ewallet,Delivered,TechZone
TRX-10476,09-03-2025,mega putri,surabaya,Kecantican,Headphone JBL,4028702,10,40287020.0,COD,Canceled,BeautyHub
TRX-10477,25-03-2025,siti aminah,jakarta,Fashion,Powerbank 10K,376916,1,376916.0,Transfer,Delivered,HomeEssence
TRX-10478,2025-07-02,RUDI HARTONO,Ban,Electronic,Kaos Polos,6899486,3,20698458.0,Kartu Kredit,Delivered,PowerCell
TRX-10479,11/05/2025,Rudi Hartono,Mak,Olahragas,Powerbank 10K,1775690,2,3551380.0,Card,Delivered,GadgetMart
TRX-10480,2025-08-23,Dewi Lestari,Jak,Fashion,Headphone JBL,5859041,3,17577123.0,Transfer,Delivered,GadgetMart
TRX-10481,2025/04/06,Ahmad Fauzi,Jak,Aksesoriss,Laptop Asus,6205579,2,12411158.0,Ewallet,pending,TechZone
TRX-10482,2025/05/20,NANDA PRATAMA,Makassar,fashion,Smartwatch,452732,1,452732.0,Card,Delivered,TechZone
TRX-10483,06/05/2025,dewi lestari,Meden,rumah tangga,Headphone JBL,706951,10,7069510.0,E-Wallet,Canceled,HomeEssence
TRX-10484,2025/06/06,RUDI HARTONO,Surabaya,Rumah Tangga,Vacuum Cleaner,3529591,0,0.0,Transfer,delivered,PowerCell
TRX-10485,06/03/2025,siti aminah,medan,Elektroniks,Laptop Asus,7476263,1,7476263.0,Ewallet,Pending,GadgetMart
TRX-10486,2025/05/19,ahmad fauzi,makassar,fashion,Laptop Asus,9506807,0,0.0,E-Wallet,pending,HomeEssence
TRX-10487,28/04/2025,Mega Putri,yogyakarta,Kecantikan,Kaos Polos,508298,15,7624470.0,COD,pending,TechZone
TRX-10488,2025/03/13,mega putri,Surebeye,Rumah Tangga,Powerbank 10K,4670650,15,70059750.0,Transfer,Pending,TrendShop
TRX-10489,2025-08-17,DEWI LESTARI,makassar,olahraga,Laptop Asus,1619123,3,4857369.0,E-Wallet,Delivered,HomeEssence
TRX-10490,07-03-2025,SITI AMINAH,Denpeser,Rumah Tangga,Powerbank 10K,8487482,100,848748200.0,,Returned,TrendShop
TRX-10491,31/03/2025,Rudi Hartono,,Aksesoris,Lipstik Wardah,6913382,100,691338200.0,COD,pending,HomeEssence
TRX-10492,16/07/2025,Rudi Hartono,Bendung,Aksesoriss,Sepatu Nike,8909060,5,44545300.0,COD,Returned,GadgetMart
TRX-10493,2025-08-06,MEGA PUTRI,Surebeye,Olahraga,Kaos Polos,4860833,1,4860833.0,Transfer,Pending,BeautyHub
TRX-10494,02-03-2025,ANDI SAPUTRA,Medan,Fashion,Smartwatch,492061,5,2460305.0,E-Wallet,Canceled,GadgetMart
TRX-10495,13/03/2025,mega putri,Makassar,rumah tangga,Smartwatch,9562602,0,0.0,Kartu Kredit,Delivered,HomeEssence
TRX-10496,2025-03-17,SITI AMINAH,yogyakarta,Makanans,Sepatu Nike,8601646,1,8601646.0,COD,Returned,BeautyHub
TRX-10497,27/05/2025,Nanda Pratama,Sur,rumah tangga,Kaos Polos,9813180,1,11836919.824596252,Card,Canceled,TechZone
TRX-10498,09-05-2025,siti aminah,Mekesser,elektronik,Sepatu Nike,9039138,5,45195690.0,Card,Pending,TrendShop
TRX-10499,13/05/2025,SITI AMINAH,Jekerte,Kecantican,Smartwatch,8874031,1,8874031.0,COD,Delivered,TrendShop
TRX-10500,02/05/2025,ANDI SAPUTRA,Den,Elektroniks,Smartwatch,6605035,2,13210070.0,,Delivered,BeautyHub
TRX-10501,22-03-2025,Rudi Hartono,Mekesser,Makanans,Smartwatch,8117987,1,8930614.581344238,COD,delivered,PowerCell
TRX-10502,07/05/2025,Andi Saputra,Bandung,Rumah Tangga,Headphone JBL,833066,0,0.0,Transfer,pending,BeautyHub
TRX-10503,2025/03/12,Ahmad Fauzi,Jakarta,makanan,Powerbank 10K,82119140,0,0.0,Ewallet,pending,HomeEssence
TRX-10504,16/07/2025,NANDA PRATAMA,Mak,Elektronik,Lipstik Wardah,3991237,0,0.0,Kartu Kredit,Delivered,SportMax
TRX-10505,22-03-2025,budi santoso,medan,Electronic,Sepatu Nike,2092999,1,2092999.0,Ewallet,Pending,HomeEssence
TRX-10506,19/04/2025,Andi Saputra,Makassar,Macanan,Vacuum Cleaner,8069213,1,8069213.0,E-Wallet,Canceled,BeautyHub
TRX-10507,2025/08/27,SITI AMINAH,Mekesser,Olahragas,Smartwatch,1985740,5,9928700.0,Ewallet,Pending,HomeEssence
TRX-10508,2025/03/29,Rudi Hartono,Jakarta,Makanan,Laptop Asus,5205872,3,15617616.0,Kartu Kredit,Returned,TechZone
TRX-10509,2025/06/19,AHMAD FAUZI,denpasar,elektronik,Lipstik Wardah,1604510,1,1604510.0,Transfer,Canceled,PowerCell
TRX-10510,2025/04/27,Andi Saputra,Yog,Kecantikans,Headphone JBL,4471590,100,447159000.0,COD,Canceled,SportMax
TRX-10511,2025/08/21,nanda pratama,Denpasar,rumah tangga,Smartwatch,4477036,1,4477036.0,Kartu Kredit,delivered,PowerCell
TRX-10512,07-06-2025,MEGA PUTRI,Jak,Olahraga,Headphone JBL,187253040,15,140439780.0,Card,Canceled,SportMax
TRX-10513,2025/04/08,Budi Santoso,Surabaya,Kecantikans,Powerbank 10K,7956166,1,7956166.0,Kartu Kredit,Pending,BeautyHub
TRX-10514,2025-04-01,DEWI LESTARI,Den,Rumah Tangga,Lipstik Wardah,1552337,1,1552337.0,Kartu Kredit,,PowerCell
TRX-10515,22-03-2025,Dewi Lestari,Mak,Fashion,Sepatu Nike,3772946,0,0.0,COD,Delivered,GadgetMart
TRX-10516,2025-07-04,NANDA PRATAMA,bandung,Kecantikans,Lipstik Wardah,274695,2,549390.0,COD,Delivered,SportMax
TRX-10517,16/04/2025,RUDI HARTONO,Jekerte,Makanan,Headphone JBL,7602975,2,15205950.0,Transfer,pending,SportMax
TRX-10518,2025-05-23,ahmad fauzi,Jakarta,Olahraga,Headphone JBL,9849314,15,147739710.0,E-Wallet,pending,TrendShop
TRX-10519,2025/07/09,Rudi Hartono,Sur,Olahraga,Smartwatch,1897865,3,5693595.0,E-Wallet,Pending,TrendShop
TRX-10520,2025/03/15,Budi Santoso,Makassar,,Sepatu Nike,9358092,1,9358092.0,Card,Canceled,BeautyHub
TRX-10521,03/05/2025,Siti Aminah,Sur,Olahragas,Headphone JBL,4067136,15,61007040.0,Kartu Kredit,pending,TechZone
TRX-10522,2025-03-24,Mega Putri,Jekerte,makanan,Smartwatch,5800283,1,5800283.0,E-Wallet,Canceled,SportMax
TRX-10523,15/03/2025,budi santoso,makassar,Elektroniks,Kaos Polos,2427935,10,24279350.0,Card,pending,HomeEssence
TRX-10524,29-04-2025,Nanda Pratama,bandung,Acsesoris,Sepatu Nike,8346877,15,125203155.0,Card,pending,PowerCell
TRX-10525,2025/07/23,nanda pratama,Jakarta,Makanan,Sepatu Nike,5722540,2,11445080.0,COD,Canceled,SportMax
TRX-10526,2025/03/08,SITI AMINAH,Jekerte,Aksesoris,Sepatu Nike,6022558,1,6022558.0,Transfer,Canceled,BeautyHub
TRX-10527,09-07-2025,MEGA PUTRI,medan,olahraga,Powerbank 10K,5200635,2,10401270.0,Kartu Kredit,Delivered,PowerCell
TRX-10528,24/03/2025,mega putri,Mak,olahraga,Powerbank 10K,8060643,15,120909645.0,Transfer,pending,HomeEssence
TRX-10529,17-03-2025,BUDI SANTOSO,Mekesser,Kecantikan,Smartwatch,7942861,1,7942861.0,Kartu Kredit,Delivered,BeautyHub
TRX-10530,2025-03-09,mega putri,Medan,elektronik,Powerbank 10K,5659125,15,84886875.0,Card,Delivered,SportMax
TRX-10531,02/05/2025,siti aminah,Mak,Makanans,Laptop Asus,7380292,2,14760584.0,E-Wallet,Canceled,BeautyHub
TRX-10532,2025/07/08,MEGA PUTRI,Surabaya,Olahraga,Vacuum Cleaner,2988199,10,29881990.0,E-Wallet,Delivered,PowerCell
TRX-10533,2025-07-17,ANDI SAPUTRA,Mak,Electronic,Headphone JBL,9048604,0,0.0,Card,delivered,GadgetMart
TRX-10534,2025/05/11,mega putri,Meden,olahraga,Powerbank 10K,9217121,1,9217121.0,COD,delivered,GadgetMart
TRX-10535,2025/06/18,Mega Putri,surabaya,Fashion,Kaos Polos,8827198,3,26481594.0,COD,pending,GadgetMart
TRX-10536,01-04-2025,Siti Aminah,Bendung,Aksesoriss,Vacuum Cleaner,3201882,15,48028230.0,Kartu Kredit,delivered,GadgetMart
TRX-10537,02-04-2025,mega putri,bandung,Makanan,Smartwatch,6787320,10,67873200.0,COD,pending,BeautyHub
TRX-10538,2025/03/11,MEGA PUTRI,Mak,Elektronik,Smartwatch,214053,1,214053.0,Transfer,delivered,GadgetMart
TRX-10539,2025-05-27,SITI AMINAH,,Makanan,Kaos Polos,6023544,0,0.0,Card,pending,HomeEssence
TRX-10540,2025-05-15,DEWI LESTARI,Jak,Olahraga,Smartwatch,9875144,3,29625432.0,Kartu Kredit,delivered,HomeEssence
TRX-10541,2025/05/25,mega putri,Den,kecantikan,Headphone JBL,9784816,100,978481600.0,,pending,PowerCell
TRX-10542,2025/08/15,ANDI SAPUTRA,medan,Olahraga,Lipstik Wardah,8461039,1,8461039.0,Ewallet,Delivered,PowerCell
TRX-10543,05-06-2025,Budi Santoso,Makassar,Acsesoris,Lipstik Wardah,9012049,0,0.0,E-Wallet,Canceled,SportMax
TRX-10544,2025/04/02,ANDI SAPUTRA,jakarta,,Smartwatch,2099949,0,0.0,COD,Canceled,SportMax
TRX-10545,16/05/2025,Nanda Pratama,Denpasar,Kecantikan,Powerbank 10K,1997763,100,199776300.0,COD,Returned,SportMax
TRX-10546,28-07-2025,Mega Putri,Yogyekerte,rumah tangga,Laptop Asus,7704502,1,7704502.0,E-Wallet,Delivered,HomeEssence
TRX-10547,2025/08/13,Budi Santoso,Bendung,Makanans,Lipstik Wardah,4923062,100,492306200.0,Ewallet,Pending,GadgetMart
TRX-10548,21-08-2025,nanda pratama,,Electronic,Smartwatch,7728073,1,7728073.0,E-Wallet,delivered,HomeEssence
TRX-10549,2025-07-21,BUDI SANTOSO,Yog,Aksesoriss,Lipstik Wardah,4050737,100,405073700.0,E-Wallet,Delivered,PowerCell
TRX-10550,27-06-2025,NANDA PRATAMA,yogyakarta,rumah tangga,Sepatu Nike,7308746,3,21926238.0,,Canceled,BeautyHub
TRX-10551,2025-03-09,Andi Saputra,Jekerte,Elektronik,Smartwatch,5161142,15,77417130.0,Card,Canceled,PowerCell
TRX-10552,22/06/2025,Andi Saputra,Makassar,elektronik,Kaos Polos,6956571,10,69565710.0,Transfer,Delivered,SportMax
TRX-10553,11/05/2025,MEGA PUTRI,denpasar,elektronik,Lipstik Wardah,1358507,1,1358507.0,Card,Delivered,HomeEssence
TRX-10554,01-05-2025,dewi lestari,Yog,kecantikan,Kaos Polos,150734,5,753670.0,Transfer,Returned,GadgetMart
TRX-10555,2025/05/23,andi saputra,Den,Fashions,Kaos Polos,9585695,1,9585695.0,COD,delivered,GadgetMart
TRX-10556,12/07/2025,Nanda Pratama,,Fashion,Smartwatch,3879049,3,11637147.0,Transfer,Delivered,TechZone
TRX-10557,2025-08-01,dewi lestari,Jekerte,Fashion,Headphone JBL,1918670,1,1918670.0,E-Wallet,Pending,HomeEssence
TRX-10558,2025/07/05,MEGA PUTRI,Jekerte,Makanans,Vacuum Cleaner,4863673,1,4863673.0,,delivered,TrendShop
TRX-10559,2025-03-12,MEGA PUTRI,Denpeser,Electronic,Sepatu Nike,4385702,15,65785530.0,Kartu Kredit,Delivered,HomeEssence
TRX-10560,2025-04-14,AHMAD FAUZI,Den,Elektroniks,Lipstik Wardah,2042825,1,2042825.0,COD,delivered,TechZone
TRX-10561,24-04-2025,rudi hartono,Yogyekerte,Electronic,Smartwatch,6202941,1,7026637.407595347,Card,Pending,TrendShop
TRX-10562,2025-08-20,Rudi Hartono,yogyakarta,Makanans,Kaos Polos,3224108,5,16120540.0,Card,Canceled,GadgetMart
TRX-10563,22-04-2025,Andi Saputra,Surabaya,Kecantikan,Vacuum Cleaner,3026031,1,3026031.0,Card,pending,BeautyHub
TRX-10564,13-04-2025,SITI AMINAH,,Elektronik,Powerbank 10K,2953633,3,8860899.0,Transfer,Returned,BeautyHub
TRX-10565,2025-07-24,RUDI HARTONO,yogyakarta,elektronik,Headphone JBL,3998242,3,11994726.0,,Returned,BeautyHub
TRX-10566,06/04/2025,Budi Santoso,Jekerte,olahraga,Kaos Polos,1081519,10,10815190.0,Kartu Kredit,Canceled,SportMax
TRX-10567,13-06-2025,Ahmad Fauzi,yogyakarta,kecantikan,Headphone JBL,4728714,1,4728714.0,,Delivered,TechZone
TRX-10568,2025/08/03,siti aminah,Ban,olahraga,Smartwatch,1440281,1,1440281.0,Ewallet,Delivered,TrendShop
TRX-10569,2025-04-04,Mega Putri,Jekerte,Elektronik,Headphone JBL,7828748,3,23486244.0,Transfer,pending,HomeEssence
TRX-10570,2025/06/05,MEGA PUTRI,Denpeser,rumah tangga,Laptop Asus,2664150,0,0.0,E-Wallet,delivered,GadgetMart
TRX-10571,02-06-2025,Rudi Hartono,Makassar,olahraga,Smartwatch,2655214,100,265521400.0,Transfer,pending,SportMax
TRX-10572,2025/03/24,ahmad fauzi,jakarta,Fashion,Kaos Polos,9434451,1,9434451.0,Ewallet,delivered,TrendShop
TRX-10573,30-07-2025,rudi hartono,jakarta,elektronik,Smartwatch,1474945,0,0.0,COD,pending,TechZone
TRX-10574,2025-08-26,ahmad fauzi,Bendung,Kecantican,Smartwatch,2413999,15,44915476.79283031,,Pending,TrendShop
TRX-10575,2025-08-11,NANDA PRATAMA,Jakarta,Fashions,Sepatu Nike,8857673,2,17715346.0,Card,pending,PowerCell
TRX-10576,06/06/2025,budi santoso,Bandung,Fashions,Laptop Asus,9902415,1,9902415.0,COD,Delivered,GadgetMart
TRX-10577,05-05-2025,andi saputra,bandung,Olahragas,Powerbank 10K,339102,1,339102.0,COD,Returned,HomeEssence
TRX-10578,11/08/2025,ahmad fauzi,Ban,Fashion,Headphone JBL,9529413,1,9529413.0,Transfer,Returned,GadgetMart
TRX-10579,18-03-2025,siti aminah,Ban,olahraga,Powerbank 10K,310116,0,0.0,Ewallet,Pending,TechZone
TRX-10580,07-06-2025,Nanda Pratama,Mekesser,Aksesoriss,Lipstik Wardah,4264279,1,3957721.5459073186,COD,Pending,PowerCell
TRX-10581,26-05-2025,RUDI HARTONO,Bandung,Makanan,Headphone JBL,7587165,1,7587165.0,Card,delivered,TechZone
TRX-10582,27-06-2025,mega putri,Denpasar,Makanans,Laptop Asus,438076,15,8234155.514531829,Card,pending,GadgetMart
TRX-10583,01/05/2025,siti aminah,surabaya,Rumah Tangga,Headphone JBL,5590070,15,83851050.0,E-Wallet,Pending,HomeEssence
TRX-10584,23-05-2025,andi saputra,medan,Aksesoriss,Powerbank 10K,6541878,3,19625634.0,E-Wallet,pending,GadgetMart
TRX-10585,2025-07-23,budi santoso,Yog,Olahraga,Lipstik Wardah,2010826,15,30162390.0,E-Wallet,pending,BeautyHub
TRX-10586,28/03/2025,BUDI SANTOSO,Surabaya,Olahraga,Headphone JBL,28567380,1,1428369.0,,Returned,BeautyHub
TRX-10587,2025-03-05,ahmad fauzi,Bandung,olahraga,Powerbank 10K,4221774,0,0.0,COD,delivered,TechZone
TRX-10588,15-08-2025,RUDI HARTONO,denpasar,Kecantican,Lipstik Wardah,4592923,10,45929230.0,Kartu Kredit,Canceled,TechZone
TRX-10589,2025-08-11,ahmad fauzi,Meden,Olahraga,Smartwatch,4650108,5,23250540.0,Card,delivered,PowerCell
TRX-10590,16-04-2025,AHMAD FAUZI,Yogyakarta,Fashions,Kaos Polos,1334382,100,186539379.23855877,E-Wallet,Delivered,TechZone
TRX-10591,26/06/2025,Dewi Lestari,yogyakarta,,Laptop Asus,7734365,100,773436500.0,Card,Delivered,PowerCell
TRX-10592,01-06-2025,siti aminah,Surebeye,Makanan,Lipstik Wardah,4627033,15,69405495.0,Transfer,Pending,SportMax
TRX-10593,2025/03/01,MEGA PUTRI,Sur,Makanans,Smartwatch,973780,1,973780.0,COD,Canceled,TrendShop
TRX-10594,2025/03/08,rudi hartono,Sur,Aksesoris,Powerbank 10K,1992811,15,29892165.0,,Pending,BeautyHub
TRX-10595,15/06/2025,Dewi Lestari,bandung,fashion,Kaos Polos,8755956,2,14300679.808338001,,Returned,PowerCell
TRX-10596,2025/08/12,Siti Aminah,Makassar,Rumah Tangga,Sepatu Nike,2370688,0,0.0,Kartu Kredit,,TrendShop
TRX-10597,2025/06/28,Budi Santoso,Meden,aksesoris,Smartwatch,4270459,10,42704590.0,COD,Delivered,HomeEssence
TRX-10598,2025/08/03,dewi lestari,surabaya,Aksesoriss,Sepatu Nike,4065470,3,12196410.0,Card,Returned,TechZone
TRX-10599,16/06/2025,budi santoso,Jekerte,olahraga,Smartwatch,3672138,1,3672138.0,E-Wallet,Delivered,BeautyHub
TRX-10600,22/06/2025,rudi hartono,Bandung,Elektroniks,Kaos Polos,8111896,2,16223792.0,Kartu Kredit,Pending,GadgetMart
TRX-10601,2025/03/20,ANDI SAPUTRA,Surebeye,Fashions,Sepatu Nike,3982441,0,0.0,Transfer,Canceled,PowerCell
TRX-10602,2025/06/27,dewi lestari,Denpasar,Fashions,Vacuum Cleaner,8832882,3,26498646.0,E-Wallet,Pending,SportMax
TRX-10603,28-04-2025,Mega Putri,Denpasar,fashion,Lipstik Wardah,7550960,0,0.0,,Canceled,TechZone
TRX-10604,26-08-2025,Budi Santoso,Med,makanan,Smartwatch,3090267,100,309026700.0,COD,Pending,TrendShop
TRX-10605,20-03-2025,DEWI LESTARI,Medan,Acsesoris,Lipstik Wardah,9735684,1,9735684.0,Card,Returned,TrendShop
TRX-10606,2025-04-12,Andi Saputra,Sur,Rumah Tanggas,Kaos Polos,7586765,1,7586765.0,E-Wallet,Returned,TrendShop
TRX-10607,19-04-2025,Rudi Hartono,Jak,Makanan,Sepatu Nike,1946220,15,29193300.0,Ewallet,Returned,SportMax
TRX-10608,2025/04/08,NANDA PRATAMA,Denpasar,Kecantikan,Lipstik Wardah,6985774,10,69857740.0,Transfer,Pending,PowerCell
TRX-10609,18-08-2025,siti aminah,Bandung,,Vacuum Cleaner,2478081,5,12390405.0,,,PowerCell
TRX-10610,2025/08/19,BUDI SANTOSO,bandung,Aksesoris,Powerbank 10K,4323445,1,4323445.0,E-Wallet,pending,SportMax
TRX-10611,2025/07/29,DEWI LESTARI,Yog,Electronic,Powerbank 10K,6731935,1,6854259.282840982,E-Wallet,Returned,GadgetMart
TRX-10612,2025/07/02,Siti Aminah,bandung,olahraga,Laptop Asus,6739142,10,67391420.0,Ewallet,delivered,HomeEssence
TRX-10613,2025-05-24,mega putri,Jakarta,aksesoris,Headphone JBL,697296,5,3486480.0,E-Wallet,pending,PowerCell
TRX-10614,08/03/2025,NANDA PRATAMA,Mak,,Headphone JBL,850101,2,1700202.0,Transfer,Pending,TrendShop
TRX-10615,25/05/2025,rudi hartono,bandung,Fashion,Vacuum Cleaner,6064126,1,6064126.0,Transfer,Delivered,TechZone
TRX-10616,24-04-2025,Mega Putri,Bandung,Elektronik,Smartwatch,8935366,100,893536600.0,E-Wallet,Delivered,TechZone
TRX-10617,2025/08/18,Andi Saputra,Denpasar,olahraga,Laptop Asus,8171757,1,8171757.0,E-Wallet,,TechZone
TRX-10618,23/07/2025,DEWI LESTARI,Sur,fashion,Kaos Polos,7426519,10,80067802.45413142,Transfer,delivered,TrendShop
TRX-10619,21/06/2025,Dewi Lestari,Denpasar,Rumah Tangga,Laptop Asus,5466775,15,82001625.0,Card,Returned,PowerCell
TRX-10620,15/04/2025,NANDA PRATAMA,,Acsesoris,Vacuum Cleaner,3095315,0,0.0,Ewallet,Pending,GadgetMart
TRX-10621,2025-03-01,Ahmad Fauzi,Medan,olahraga,Smartwatch,3620834,2,7241668.0,Card,Canceled,BeautyHub
TRX-10622,2025-04-17,budi santoso,Medan,Macanan,Smartwatch,4878761,1,4878761.0,E-Wallet,pending,SportMax
TRX-10623,02-05-2025,RUDI HARTONO,Med,Aksesoriss,Laptop Asus,2677144,0,0.0,Kartu Kredit,pending,PowerCell
TRX-10624,16/08/2025,ANDI SAPUTRA,Medan,Makanans,Kaos Polos,4986792,15,74801880.0,Kartu Kredit,Returned,HomeEssence
TRX-10625,2025-05-16,Siti Aminah,surabaya,kecantikan,Vacuum Cleaner,771384,1,771384.0,Kartu Kredit,pending,GadgetMart
TRX-10626,2025/06/06,DEWI LESTARI,Med,Makanans,Smartwatch,7766220,3,23298660.0,COD,Returned,TechZone
TRX-10627,2025-07-10,dewi lestari,medan,rumah tangga,Headphone JBL,2937698,3,4872340.3520625215,Transfer,Returned,HomeEssence
TRX-10628,2025-05-21,siti aminah,Mak,Fashion,Kaos Polos,4081464,5,20407320.0,Card,delivered,SportMax
TRX-10629,22-05-2025,Nanda Pratama,,Macanan,Sepatu Nike,7407804,0,0.0,Ewallet,delivered,TechZone
TRX-10630,2025-05-27,Mega Putri,Meden,Kecantikans,Smartwatch,6579845,5,32899225.0,Transfer,Pending,BeautyHub
TRX-10631,2025/05/28,siti aminah,medan,Kecantikans,Smartwatch,1150500,0,0.0,Ewallet,pending,GadgetMart
TRX-10632,15-05-2025,NANDA PRATAMA,denpasar,Olahraga,Vacuum Cleaner,2011977,5,10059885.0,Ewallet,Returned,BeautyHub
TRX-10633,2025/07/21,dewi lestari,Jakarta,Olahraga,Powerbank 10K,714468,1,714468.0,E-Wallet,pending,BeautyHub
TRX-10634,2025-04-29,ahmad fauzi,Jekerte,Kecantican,Vacuum Cleaner,7028140,15,105422100.0,Card,Pending,TrendShop
TRX-10635,08/08/2025,DEWI LESTARI,Jakarta,Acsesoris,Kaos Polos,9318720,1,9318720.0,,delivered,PowerCell
TRX-10636,2025-08-19,NANDA PRATAMA,Denpeser,Olahragas,Lipstik Wardah,4878426,1,4730609.210469603,Transfer,Canceled,GadgetMart
TRX-10637,18-06-2025,AHMAD FAUZI,Jekerte,,Sepatu Nike,8429341,100,842934100.0,Card,Canceled,TrendShop
TRX-10638,2025/08/21,ahmad fauzi,Bendung,Rumah Tangga,Laptop Asus,1962584,1,1962584.0,Transfer,Canceled,BeautyHub
TRX-10639,24-05-2025,RUDI HARTONO,Yogyakarta,Rumah Tangga,Sepatu Nike,275049,10,2750490.0,Ewallet,delivered,GadgetMart
TRX-10640,17-04-2025,rudi hartono,Denpasar,Rumah Tangga,Lipstik Wardah,797419,2,1594838.0,Ewallet,Canceled,TrendShop
TRX-10641,01-08-2025,mega putri,Mekesser,,Headphone JBL,5587803,2,11175606.0,,Pending,BeautyHub
TRX-10642,17-04-2025,RUDI HARTONO,Denpeser,Kecantikans,Headphone JBL,8843380,1,8843380.0,E-Wallet,Returned,TrendShop
TRX-10643,15/03/2025,SITI AMINAH,Yog,Aksesoriss,Vacuum Cleaner,2136213,1,2136213.0,Transfer,pending,TrendShop
TRX-10644,16-06-2025,dewi lestari,yogyakarta,kecantikan,Vacuum Cleaner,7363834,2,14727668.0,COD,Pending,TechZone
TRX-10645,29/07/2025,dewi lestari,Meden,Makanan,Laptop Asus,5094842,5,25474210.0,COD,Delivered,PowerCell
TRX-10646,2025/05/19,SITI AMINAH,Denpasar,Rumah Tanggas,Headphone JBL,4206532,15,88116674.57368928,E-Wallet,delivered,PowerCell
TRX-10647,2025-04-05,mega putri,Yogyakarta,makanan,Laptop Asus,5432858,1,5432858.0,Card,delivered,TechZone
TRX-10648,2025/03/15,Nanda Pratama,Bandung,Acsesoris,Sepatu Nike,7959699,2,15919398.0,Card,Returned,SportMax
TRX-10649,19/07/2025,Mega Putri,Bandung,fashion,Lipstik Wardah,308517,1,308517.0,E-Wallet,delivered,TechZone
TRX-10650,03-04-2025,AHMAD FAUZI,,Olahragas,Smartwatch,9795741,1,9795741.0,E-Wallet,Pending,PowerCell
TRX-10651,25-06-2025,ahmad fauzi,Jakarta,Aksesoris,Laptop Asus,9186621,1,9186621.0,Kartu Kredit,Canceled,HomeEssence
TRX-10652,2025/07/14,BUDI SANTOSO,denpasar,Aksesoriss,Vacuum Cleaner,4167923,1,6088285.051397017,E-Wallet,Canceled,TechZone
TRX-10653,02/03/2025,Dewi Lestari,denpasar,Macanan,Vacuum Cleaner,748956,1,748956.0,E-Wallet,Delivered,SportMax
TRX-10654,29-05-2025,NANDA PRATAMA,Med,Rumah Tanggas,Kaos Polos,3453096,5,17265480.0,Card,Canceled,BeautyHub
TRX-10655,2025-06-03,ahmad fauzi,Mak,Makanan,Headphone JBL,225211,100,22521100.0,COD,,GadgetMart
TRX-10656,08/04/2025,andi saputra,Ban,Kecantikan,Kaos Polos,7462620,5,37313100.0,Ewallet,pending,SportMax
TRX-10657,25/04/2025,mega putri,Meden,aksesoris,Lipstik Wardah,1933376,100,193337600.0,Ewallet,Canceled,SportMax
TRX-10658,2025/04/11,Rudi Hartono,Med,Fashions,Vacuum Cleaner,171885820,1,8594291.0,Ewallet,Pending,TechZone
TRX-10659,2025-06-26,Rudi Hartono,medan,kecantikan,Headphone JBL,5655126,3,16965378.0,Kartu Kredit,delivered,PowerCell
TRX-10660,07/07/2025,budi santoso,Bandung,,Smartwatch,1956039,100,195603900.0,Kartu Kredit,Delivered,TrendShop
TRX-10661,16/04/2025,rudi hartono,Surebeye,makanan,Vacuum Cleaner,9432778,5,47163890.0,Ewallet,Pending,SportMax
TRX-10662,2025/07/28,rudi hartono,Bendung,aksesoris,Headphone JBL,6037029,15,90555435.0,E-Wallet,Pending,BeautyHub
TRX-10663,26-03-2025,rudi hartono,Mekesser,Elektronik,Smartwatch,4805976,100,480597600.0,E-Wallet,pending,GadgetMart
TRX-10664,30/06/2025,MEGA PUTRI,Med,Elektronik,Headphone JBL,6052296,100,866122659.9487438,Kartu Kredit,Canceled,BeautyHub
TRX-10665,2025-05-11,andi saputra,Mekesser,Kecantikans,Sepatu Nike,1825767,0,0.0,Ewallet,Delivered,BeautyHub
TRX-10666,01/08/2025,Dewi Lestari,Mekesser,Kecantikans,Powerbank 10K,7517866,2,18197078.47211887,Kartu Kredit,Pending,PowerCell
TRX-10667,2025-05-07,Ahmad Fauzi,Bendung,Acsesoris,Sepatu Nike,5927809,10,59278090.0,E-Wallet,Canceled,BeautyHub
TRX-10668,2025/03/19,ahmad fauzi,Ban,Rumah Tanggas,Powerbank 10K,8052619,5,40263095.0,Card,pending,SportMax
TRX-10669,28-05-2025,Andi Saputra,Bandung,fashion,Headphone JBL,7717857,1,7717857.0,COD,,GadgetMart
TRX-10670,11-08-2025,budi santoso,Jekerte,Kecantikans,Smartwatch,5489433,0,0.0,Card,Pending,TechZone
TRX-10671,2025/05/08,Budi Santoso,Den,fashion,Lipstik Wardah,245246,0,0.0,Card,delivered,TrendShop
TRX-10672,2025-06-16,siti aminah,jakarta,Aksesoriss,Kaos Polos,1062384,5,5311920.0,Transfer,Canceled,HomeEssence
TRX-10673,2025-07-27,mega putri,Makassar,,Powerbank 10K,8487712,3,24450548.06560313,Card,pending,GadgetMart
TRX-10674,23-08-2025,DEWI LESTARI,Yogyakarta,Kecantikan,Smartwatch,5833182,1,5833182.0,Card,pending,SportMax
TRX-10675,07/08/2025,Rudi Hartono,Den,,Kaos Polos,5384538,100,538453800.0,Ewallet,Returned,TechZone
TRX-10676,17-05-2025,Dewi Lestari,Bendung,Elektronik,Laptop Asus,3169612,15,47544180.0,,Canceled,HomeEssence
TRX-10677,31/07/2025,budi santoso,Meden,Rumah Tangga,Powerbank 10K,4786319,1,4786319.0,Transfer,Canceled,BeautyHub
TRX-10678,07/03/2025,nanda pratama,Meden,Kecantikans,Kaos Polos,307681,1,307681.0,E-Wallet,delivered,TrendShop
TRX-10679,11-04-2025,Mega Putri,Jak,makanan,Powerbank 10K,2104780,5,10523900.0,Ewallet,pending,HomeEssence
TRX-10680,2025-08-16,dewi lestari,Medan,Aksesoriss,Lipstik Wardah,4473408,5,22367040.0,COD,pending,PowerCell
TRX-10681,24/03/2025,mega putri,,Olahraga,Headphone JBL,9931901,1,9931901.0,,Returned,GadgetMart
TRX-10682,2025-05-07,NANDA PRATAMA,Yog,Kecantican,Kaos Polos,7276585,3,21829755.0,Transfer,Delivered,HomeEssence
TRX-10683,11-04-2025,Siti Aminah,Denpeser,Elektronik,Vacuum Cleaner,3155958,1,3155958.0,E-Wallet,Canceled,BeautyHub
TRX-10684,05-06-2025,NANDA PRATAMA,Den,kecantikan,Laptop Asus,8643059,1,8643059.0,Card,delivered,PowerCell
TRX-10685,2025-05-12,MEGA PUTRI,Jakarta,Makanan,Headphone JBL,453322,3,1359966.0,Kartu Kredit,Returned,HomeEssence
TRX-10686,16-08-2025,nanda pratama,Mak,Rumah Tanggas,Lipstik Wardah,4360796,0,0.0,COD,Delivered,SportMax
TRX-10687,2025-04-29,Rudi Hartono,Bendung,rumah tangga,Laptop Asus,5231057,2,10462114.0,Card,delivered,TrendShop
TRX-10688,2025-08-19,dewi lestari,Bendung,Makanan,Kaos Polos,4127716,10,41277160.0,COD,pending,HomeEssence
TRX-10689,19-04-2025,nanda pratama,Jekerte,olahraga,Laptop Asus,1958802,3,5876406.0,Kartu Kredit,Delivered,PowerCell
TRX-10690,2025-04-13,BUDI SANTOSO,Denpeser,Makanans,Lipstik Wardah,543948,100,48937933.91105059,Ewallet,delivered,HomeEssence
TRX-10691,03-03-2025,RUDI HARTONO,Jakarta,Macanan,Kaos Polos,6570645,1,6570645.0,Card,Returned,GadgetMart
TRX-10692,2025-08-19,NANDA PRATAMA,Yog,Makanans,Headphone JBL,7278161,3,21834483.0,Card,Pending,GadgetMart
TRX-10693,2025/04/04,Nanda Pratama,makassar,Olahraga,Smartwatch,830641,5,4153205.0,E-Wallet,pending,HomeEssence
TRX-10694,30-03-2025,MEGA PUTRI,Yog,Aksesoriss,Powerbank 10K,6656963,10,66569630.0,E-Wallet,pending,HomeEssence
TRX-10695,2025-07-28,Nanda Pratama,bandung,Fashions,Kaos Polos,2601331,2,5202662.0,Kartu Kredit,Canceled,TrendShop
TRX-10696,16/05/2025,Andi Saputra,Sur,kecantikan,Powerbank 10K,9273644,15,139104660.0,Ewallet,Delivered,SportMax
TRX-10697,2025-04-24,ahmad fauzi,jakarta,elektronik,Smartwatch,2933791,100,293379100.0,E-Wallet,Canceled,SportMax
TRX-10698,2025-08-05,Dewi Lestari,Denpasar,Rumah Tangga,Smartwatch,4998600,5,24993000.0,Transfer,Delivered,SportMax
TRX-10699,2025-07-22,ANDI SAPUTRA,jakarta,Rumah Tangga,Laptop Asus,5361499,0,0.0,COD,pending,PowerCell
TRX-10700,22-07-2025,NANDA PRATAMA,Denpasar,Fashion,Sepatu Nike,3697371,10,36973710.0,Transfer,Pending,GadgetMart
TRX-10701,03-03-2025,Andi Saputra,Denpeser,Kecantican,Powerbank 10K,6048223,5,26383448.214399163,Kartu Kredit,Canceled,HomeEssence
TRX-10702,31/05/2025,SITI AMINAH,medan,Fashions,Vacuum Cleaner,6528450,10,65284500.0,Kartu Kredit,delivered,SportMax
TRX-10703,2025/06/26,andi saputra,Bandung,,Kaos Polos,1321300,1,1321300.0,Kartu Kredit,Pending,GadgetMart
TRX-10704,2025-06-12,Mega Putri,yogyakarta,Olahraga,Lipstik Wardah,3892411,0,0.0,Card,pending,BeautyHub
TRX-10705,2025/06/29,ahmad fauzi,Jak,olahraga,Vacuum Cleaner,6177764,1,6177764.0,COD,delivered,BeautyHub
TRX-10706,28-07-2025,AHMAD FAUZI,medan,Kecantikan,Headphone JBL,5909046,0,0.0,Kartu Kredit,pending,HomeEssence
TRX-10707,16/03/2025,Dewi Lestari,Jak,Olahraga,Powerbank 10K,3391861,1,4715769.941517517,Ewallet,delivered,PowerCell
TRX-10708,20/07/2025,DEWI LESTARI,Medan,Rumah Tangga,Sepatu Nike,2032243,0,0.0,Ewallet,Canceled,TechZone
TRX-10709,2025-07-29,budi santoso,Surabaya,Macanan,Laptop Asus,6036417,1,6036417.0,Ewallet,delivered,HomeEssence
TRX-10710,13/06/2025,ahmad fauzi,surabaya,Rumah Tanggas,Laptop Asus,7373988,1,7373988.0,Ewallet,delivered,TrendShop
TRX-10711,2025/05/14,Nanda Pratama,Bendung,Aksesoriss,Kaos Polos,4634258,1,4286163.739009881,COD,Returned,TrendShop
TRX-10712,29-07-2025,budi santoso,Yogyekerte,Olahragas,Lipstik Wardah,4262377,1,4262377.0,Card,Returned,GadgetMart
TRX-10713,24-04-2025,Mega Putri,bandung,Makanans,Powerbank 10K,6956117,1,6956117.0,Ewallet,delivered,TechZone
TRX-10714,28/07/2025,nanda pratama,jakarta,Olahraga,Kaos Polos,3785466,3,11356398.0,Kartu Kredit,Delivered,TechZone
TRX-10715,2025/04/29,Dewi Lestari,makassar,Electronic,Lipstik Wardah,1844291,100,184429100.0,E-Wallet,Canceled,GadgetMart
TRX-10716,2025-03-12,Siti Aminah,Denpeser,Electronic,Lipstik Wardah,3948606,0,0.0,Card,Returned,TechZone
TRX-10717,2025-04-11,Ahmad Fauzi,Denpasar,Makanans,Lipstik Wardah,2928117,1,2928117.0,E-Wallet,,GadgetMart
TRX-10718,20/08/2025,SITI AMINAH,Yogyekerte,Aksesoriss,Smartwatch,7424626,10,74246260.0,Card,Canceled,TechZone
TRX-10719,05-08-2025,Mega Putri,Med,Olahraga,Smartwatch,5366741,1,5366741.0,Card,Delivered,SportMax
TRX-10720,19/05/2025,ANDI SAPUTRA,Yog,Olahraga,Kaos Polos,4538198,1,4538198.0,Ewallet,delivered,BeautyHub
TRX-10721,2025-03-14,rudi hartono,Makassar,elektronik,Headphone JBL,9565406,2,19130812.0,COD,Pending,SportMax
TRX-10722,10-08-2025,BUDI SANTOSO,,Makanan,Smartwatch,7134609,1,7134609.0,Transfer,Canceled,GadgetMart
TRX-10723,10/08/2025,Mega Putri,Den,Macanan,Kaos Polos,1302557,1,1302557.0,Transfer,delivered,TrendShop
TRX-10724,2025/03/10,Siti Aminah,Surabaya,Fashion,Vacuum Cleaner,9361768,1,9361768.0,Transfer,delivered,PowerCell
TRX-10725,25/03/2025,ANDI SAPUTRA,Jak,,Sepatu Nike,5322864,1,5322864.0,E-Wallet,Canceled,GadgetMart
TRX-10726,2025-06-03,Andi Saputra,bandung,Makanans,Kaos Polos,3418045,3,10254135.0,E-Wallet,Returned,BeautyHub
TRX-10727,03-07-2025,budi santoso,Jekerte,,Headphone JBL,4882691,1,4882691.0,Ewallet,pending,TechZone
TRX-10728,16/08/2025,siti aminah,Mekesser,Makanan,Laptop Asus,4267733,15,64015995.0,COD,Canceled,BeautyHub
TRX-10729,19/07/2025,RUDI HARTONO,Meden,Elektronik,Smartwatch,30800720,1,1540036.0,Ewallet,Canceled,HomeEssence
TRX-10730,14/07/2025,Andi Saputra,Med,Olahraga,Vacuum Cleaner,7229156,1,7229156.0,Card,Pending,BeautyHub
TRX-10731,2025/03/25,Andi Saputra,Yogyakarta,Kecantikan,Vacuum Cleaner,8994718,1,8994718.0,COD,pending,BeautyHub
TRX-10732,2025/08/20,Mega Putri,,Rumah Tangga,Lipstik Wardah,4252271,1,4252271.0,,Returned,PowerCell
TRX-10733,24/07/2025,ahmad fauzi,Bendung,Olahraga,Headphone JBL,1806124,3,5418372.0,COD,pending,TechZone
TRX-10734,07-08-2025,Andi Saputra,yogyakarta,Makanans,Vacuum Cleaner,5180076,1,5180076.0,Card,pending,TechZone
TRX-10735,2025-04-29,NANDA PRATAMA,Jak,Aksesoriss,Sepatu Nike,6565350,1,6565350.0,Card,Delivered,TechZone
TRX-10736,31-03-2025,Ahmad Fauzi,Medan,Fashion,Lipstik Wardah,8386900,1,8386900.0,Card,Canceled,TrendShop
TRX-10737,2025-08-09,DEWI LESTARI,bandung,Macanan,Headphone JBL,3562664,1,3562664.0,Card,pending,BeautyHub
TRX-10738,04/07/2025,Andi Saputra,Denpeser,,Smartwatch,1541633,10,15416330.0,COD,pending,HomeEssence
TRX-10739,22/05/2025,BUDI SANTOSO,Bandung,Fashion,Laptop Asus,7026610,2,14053220.0,Card,Canceled,TrendShop
TRX-10740,2025-05-12,DEWI LESTARI,Mekesser,Elektroniks,Headphone JBL,6260715,1,6260715.0,E-Wallet,Returned,SportMax
TRX-10741,07-03-2025,Dewi Lestari,Yogyekerte,Macanan,Headphone JBL,3293087,0,0.0,COD,Delivered,PowerCell
TRX-10742,04-03-2025,nanda pratama,Jekerte,Fashion,Kaos Polos,1669715,5,8348575.0,Transfer,pending,TrendShop
TRX-10743,09-04-2025,Budi Santoso,bandung,Kecantican,Kaos Polos,6364768,2,12729536.0,Transfer,Delivered,GadgetMart
TRX-10744,11-06-2025,ANDI SAPUTRA,Den,Acsesoris,Laptop Asus,8865995,1,8865995.0,COD,Canceled,SportMax
TRX-10745,2025-04-21,AHMAD FAUZI,,Elektroniks,Kaos Polos,1594613,5,7973065.0,Ewallet,Delivered,TechZone
TRX-10746,2025-08-25,andi saputra,Surabaya,aksesoris,Headphone JBL,7798670,2,15597340.0,,Delivered,PowerCell
TRX-10747,24-06-2025,Budi Santoso,Yogyakarta,Olahraga,Lipstik Wardah,2480525,1,2480525.0,Kartu Kredit,Delivered,BeautyHub
TRX-10748,07-03-2025,RUDI HARTONO,Denpasar,Makanans,Smartwatch,8928234,3,26784702.0,Ewallet,delivered,TechZone
TRX-10749,2025/03/14,andi saputra,Mak,olahraga,Kaos Polos,4799766,2,9599532.0,Ewallet,pending,TechZone
TRX-10750,25/05/2025,SITI AMINAH,Mak,Kecantikans,Smartwatch,9032913,2,18065826.0,Kartu Kredit,Pending,TrendShop
TRX-10751,18/05/2025,Andi Saputra,Ban,Olahragas,Sepatu Nike,552420,100,55242000.0,Ewallet,Pending,TrendShop
TRX-10752,27-04-2025,DEWI LESTARI,Sur,Kecantikan,Powerbank 10K,9476807,5,47720834.43971535,Ewallet,Delivered,GadgetMart
TRX-10753,2025/07/11,Rudi Hartono,yogyakarta,Aksesoris,Sepatu Nike,1588112,2,3176224.0,Kartu Kredit,pending,HomeEssence
TRX-10754,21-05-2025,AHMAD FAUZI,Mak,Olahraga,Vacuum Cleaner,9141044,1,9141044.0,Transfer,Returned,SportMax
TRX-10755,2025-07-17,Nanda Pratama,jakarta,rumah tangga,Smartwatch,5428750,2,10857500.0,COD,Returned,HomeEssence
TRX-10756,2025/04/21,Mega Putri,medan,Aksesoris,Sepatu Nike,1743439,5,7478365.344900445,Ewallet,Delivered,TrendShop
TRX-10757,2025/06/25,Nanda Pratama,Yog,Elektronik,Laptop Asus,9497933,1,9497933.0,COD,Pending,PowerCell
TRX-10758,03/04/2025,AHMAD FAUZI,bandung,Fashion,Powerbank 10K,2013571,1,2013571.0,Transfer,Delivered,SportMax
TRX-10759,27/08/2025,MEGA PUTRI,Denpasar,kecantikan,Lipstik Wardah,867052,3,2601156.0,E-Wallet,Canceled,HomeEssence
TRX-10760,11/04/2025,MEGA PUTRI,Jakarta,fashion,Laptop Asus,6319324,0,0.0,Kartu Kredit,pending,PowerCell
TRX-10761,2025/06/13,MEGA PUTRI,,aksesoris,Lipstik Wardah,2571279,0,0.0,E-Wallet,Pending,TechZone
TRX-10762,2025/06/28,SITI AMINAH,Mekesser,Fashion,Smartwatch,6169848,0,0.0,Ewallet,Delivered,TrendShop
TRX-10763,08-07-2025,ahmad fauzi,Mekesser,,Sepatu Nike,492939,0,0.0,Kartu Kredit,pending,GadgetMart
TRX-10764,10-03-2025,DEWI LESTARI,Medan,fashion,Laptop Asus,2761793,100,276179300.0,COD,Returned,TrendShop
TRX-10765,2025/03/21,mega putri,makassar,Acsesoris,Lipstik Wardah,3973227,5,19866135.0,COD,Delivered,PowerCell
TRX-10766,03-04-2025,Ahmad Fauzi,Makassar,Macanan,Vacuum Cleaner,2568970,3,7706910.0,Kartu Kredit,Returned,PowerCell
TRX-10767,24-08-2025,ahmad fauzi,Medan,Fashions,Laptop Asus,2851742,0,0.0,Transfer,Canceled,TechZone
TRX-10768,2025/05/26,budi santoso,Bandung,Elektronik,Sepatu Nike,7486754,2,10486046.430513304,COD,pending,PowerCell
TRX-10769,2025/08/07,DEWI LESTARI,Den,fashion,Lipstik Wardah,2211088,5,8838538.519454623,E-Wallet,Returned,GadgetMart
TRX-10770,2025-06-09,NANDA PRATAMA,makassar,Aksesoriss,Laptop Asus,4155223,10,41552230.0,Card,Pending,GadgetMart
TRX-10771,26/05/2025,NANDA PRATAMA,Denpeser,Kecantikan,Sepatu Nike,6404986,0,0.0,Kartu Kredit,pending,GadgetMart
TRX-10772,17/06/2025,nanda pratama,Denpasar,kecantikan,Powerbank 10K,5845250,10,58452500.0,Card,Delivered,GadgetMart
TRX-10773,2025/07/30,Ahmad Fauzi,Meden,Rumah Tanggas,Lipstik Wardah,1830752,2,3661504.0,Transfer,delivered,SportMax
TRX-10774,2025-07-26,Siti Aminah,Surebeye,,Vacuum Cleaner,3814455,100,338126199.77391464,Kartu Kredit,Delivered,PowerCell
TRX-10775,06-08-2025,Dewi Lestari,Bandung,rumah tangga,Headphone JBL,8841690,1,8841690.0,Ewallet,Returned,TechZone
TRX-10776,21/07/2025,Rudi Hartono,Med,fashion,Lipstik Wardah,3954722,5,19773610.0,Transfer,Returned,TechZone
TRX-10777,2025/03/28,Andi Saputra,Surebeye,makanan,Kaos Polos,9646394,100,964639400.0,Kartu Kredit,Returned,HomeEssence
TRX-10778,2025-03-05,Mega Putri,bandung,Kecantikans,Smartwatch,679085,3,2037255.0,Ewallet,Canceled,BeautyHub
TRX-10779,04/06/2025,nanda pratama,Bandung,Fashions,Kaos Polos,9956695,100,995669500.0,Ewallet,Pending,BeautyHub
TRX-10780,2025/04/07,nanda pratama,Medan,Rumah Tangga,Lipstik Wardah,2568638,0,0.0,Kartu Kredit,Canceled,HomeEssence
TRX-10781,2025/07/14,MEGA PUTRI,denpasar,makanan,Powerbank 10K,5547191,15,83207865.0,,Returned,GadgetMart
TRX-10782,12-05-2025,SITI AMINAH,Makassar,Makanan,Laptop Asus,1307008,1,1307008.0,COD,Canceled,HomeEssence
TRX-10783,2025/07/04,BUDI SANTOSO,yogyakarta,Makanans,Kaos Polos,5187997,15,77819955.0,Transfer,Delivered,BeautyHub
TRX-10784,2025/08/16,mega putri,Ban,Fashion,Smartwatch,7320518,1,8337093.6165646855,Card,pending,GadgetMart
TRX-10785,10-03-2025,AHMAD FAUZI,,Makanan,Headphone JBL,7949284,1,7949284.0,Card,Pending,PowerCell
TRX-10786,18-07-2025,nanda pratama,Jakarta,olahraga,Smartwatch,7264938,10,72649380.0,E-Wallet,,TrendShop
TRX-10787,2025-03-02,Budi Santoso,Surabaya,Olahragas,Powerbank 10K,1420485,2,3589818.574796014,Card,Canceled,TrendShop
TRX-10788,07-08-2025,Ahmad Fauzi,,rumah tangga,Smartwatch,8551598,1,8551598.0,Card,delivered,HomeEssence
TRX-10789,2025-03-11,MEGA PUTRI,Surebeye,Elektronik,Headphone JBL,3343705,0,0.0,COD,Pending,PowerCell
TRX-10790,15/08/2025,Rudi Hartono,Jekerte,Elektronik,Sepatu Nike,3809505,5,19047525.0,Card,pending,TechZone
TRX-10791,31/07/2025,BUDI SANTOSO,bandung,Elektroniks,Kaos Polos,4314423,100,431442300.0,E-Wallet,delivered,HomeEssence
TRX-10792,22/06/2025,RUDI HARTONO,Meden,elektronik,Laptop Asus,7220837,1,7220837.0,E-Wallet,,TechZone
TRX-10793,05-08-2025,Ahmad Fauzi,medan,makanan,Kaos Polos,1800740,1,1800740.0,E-Wallet,pending,BeautyHub
TRX-10794,2025/08/21,Andi Saputra,Bendung,Kecantikans,Kaos Polos,4328384,10,43283840.0,Ewallet,Pending,PowerCell
TRX-10795,2025-07-27,AHMAD FAUZI,Yogyekerte,rumah tangga,Sepatu Nike,3273522,100,327352200.0,Card,Canceled,SportMax
TRX-10796,01-04-2025,budi santoso,Jekerte,makanan,Headphone JBL,2267181,5,11335905.0,Ewallet,Delivered,PowerCell
TRX-10797,08/04/2025,Mega Putri,Makassar,elektronik,Sepatu Nike,2709083,15,40636245.0,COD,Pending,GadgetMart
TRX-10798,22/08/2025,Andi Saputra,Yogyekerte,Rumah Tangga,Powerbank 10K,9675105,2,19350210.0,Card,Delivered,BeautyHub
TRX-10799,19-07-2025,Dewi Lestari,Ban,kecantikan,Laptop Asus,9985869,2,19971738.0,Card,Pending,SportMax
TRX-10800,04/07/2025,MEGA PUTRI,surabaya,,Kaos Polos,9304791,10,93047910.0,Transfer,Pending,TechZone
TRX-10801,13/07/2025,Rudi Hartono,jakarta,olahraga,Laptop Asus,3945958,3,11837874.0,Kartu Kredit,pending,GadgetMart
TRX-10802,2025/07/28,SITI AMINAH,bandung,makanan,Laptop Asus,1315898,15,19738470.0,Ewallet,Returned,HomeEssence
TRX-10803,22/03/2025,dewi lestari,Jak,Makanans,Powerbank 10K,2170539,1,2170539.0,Kartu Kredit,,BeautyHub
TRX-10804,02-03-2025,siti aminah,Jekerte,Makanan,Lipstik Wardah,7369764,1,7369764.0,COD,delivered,HomeEssence
TRX-10805,27/03/2025,dewi lestari,Med,Macanan,Vacuum Cleaner,1278337,1,1278337.0,Kartu Kredit,Delivered,PowerCell
TRX-10806,29/07/2025,Nanda Pratama,bandung,Elektronik,Sepatu Nike,3740583,3,11221749.0,Kartu Kredit,Returned,HomeEssence
TRX-10807,2025/08/18,mega putri,Surabaya,Makanan,Kaos Polos,1649908,0,0.0,Ewallet,Pending,TrendShop
TRX-10808,03-03-2025,DEWI LESTARI,Surebeye,Rumah Tangga,Headphone JBL,2942478,3,8827434.0,Kartu Kredit,pending,TrendShop
TRX-10809,19/03/2025,Nanda Pratama,Den,Rumah Tangga,Powerbank 10K,5999852,5,29999260.0,Kartu Kredit,pending,TrendShop
TRX-10810,2025/06/16,RUDI HARTONO,makassar,Elektronik,Kaos Polos,9234536,2,18469072.0,Kartu Kredit,Returned,HomeEssence
TRX-10811,2025-06-19,rudi hartono,Bendung,,Vacuum Cleaner,3021783,100,302178300.0,Card,Returned,SportMax
TRX-10812,2025-07-22,BUDI SANTOSO,Mak,aksesoris,Lipstik Wardah,2563024,2,5126048.0,Card,Returned,HomeEssence
TRX-10813,2025/03/03,Andi Saputra,Denpeser,Elektronik,Kaos Polos,2448083,10,24480830.0,,delivered,GadgetMart
TRX-10814,2025/05/03,Mega Putri,Ban,fashion,Laptop Asus,5677745,15,85166175.0,Ewallet,Delivered,GadgetMart
TRX-10815,10/03/2025,Siti Aminah,jakarta,aksesoris,Lipstik Wardah,739556,5,3697780.0,Kartu Kredit,Returned,HomeEssence
TRX-10816,2025-08-02,Siti Aminah,Surabaya,Makanan,Lipstik Wardah,1699729,15,13504346.522860916,COD,Returned,GadgetMart
TRX-10817,2025-06-20,Andi Saputra,Surabaya,Rumah Tangga,Kaos Polos,3149555,3,9448665.0,Transfer,Returned,BeautyHub
TRX-10818,2025/05/29,nanda pratama,Den,,Sepatu Nike,566409,3,1699227.0,E-Wallet,Canceled,SportMax
TRX-10819,12/03/2025,AHMAD FAUZI,Meden,Olahraga,Sepatu Nike,4526321,2,9052642.0,Transfer,Delivered,GadgetMart
TRX-10820,29-06-2025,Siti Aminah,Makassar,Acsesoris,Laptop Asus,1985090,5,9925450.0,Ewallet,pending,HomeEssence
TRX-10821,09-05-2025,MEGA PUTRI,Bandung,Rumah Tangga,Headphone JBL,7139975,1,7139975.0,Transfer,pending,PowerCell
TRX-10822,09-06-2025,RUDI HARTONO,Meden,Rumah Tangga,Sepatu Nike,4869075,1,4869075.0,,pending,SportMax
TRX-10823,2025-03-20,mega putri,makassar,rumah tangga,Headphone JBL,4792297,2,9584594.0,Transfer,Canceled,SportMax
TRX-10824,23-04-2025,siti aminah,Jekerte,rumah tangga,Laptop Asus,1362743,5,6813715.0,Card,pending,TechZone
TRX-10825,2025-07-27,MEGA PUTRI,jakarta,Kecantikans,Lipstik Wardah,7470105,3,22410315.0,E-Wallet,pending,GadgetMart
TRX-10826,2025-08-21,SITI AMINAH,Yogyekerte,Electronic,Laptop Asus,154195,15,2312925.0,Ewallet,Delivered,HomeEssence
TRX-10827,2025/08/20,MEGA PUTRI,Yogyekerte,Rumah Tanggas,Laptop Asus,9777094,5,48885470.0,Transfer,Canceled,TechZone
TRX-10828,2025-03-04,budi santoso,yogyakarta,Rumah Tangga,Sepatu Nike,9916460,1,9916460.0,E-Wallet,Returned,BeautyHub
TRX-10829,2025-05-19,Dewi Lestari,makassar,Aksesoriss,Vacuum Cleaner,8924883,10,89248830.0,E-Wallet,pending,SportMax
TRX-10830,24/03/2025,Rudi Hartono,Medan,Olahragas,Sepatu Nike,2999281,1,2999281.0,E-Wallet,Pending,GadgetMart
TRX-10831,25-07-2025,SITI AMINAH,surabaya,Rumah Tangga,Sepatu Nike,1293294,1,1293294.0,Card,Delivered,PowerCell
TRX-10832,18-04-2025,rudi hartono,Surebeye,,Powerbank 10K,2464802,3,7394406.0,COD,pending,SportMax
TRX-10833,30/07/2025,Andi Saputra,Denpeser,Rumah Tanggas,Lipstik Wardah,9529276,100,952927600.0,Card,,TechZone
TRX-10834,25-06-2025,ahmad fauzi,Yogyekerte,Kecantikans,Vacuum Cleaner,3966643,1,4866097.548506879,E-Wallet,pending,TrendShop
TRX-10835,23-08-2025,Budi Santoso,Surabaya,Acsesoris,Smartwatch,5560493,5,27802465.0,Ewallet,Pending,GadgetMart
TRX-10836,21-06-2025,Dewi Lestari,bandung,aksesoris,Headphone JBL,1878022,0,0.0,Ewallet,Delivered,HomeEssence
TRX-10837,24/07/2025,mega putri,yogyakarta,Elektronik,Sepatu Nike,1459854,1,1459854.0,COD,Delivered,TechZone
TRX-10838,2025/06/21,Mega Putri,Yogyekerte,Fashion,Kaos Polos,2494026,15,37410390.0,Kartu Kredit,Canceled,HomeEssence
TRX-10839,26/06/2025,MEGA PUTRI,Denpasar,Aksesoriss,Vacuum Cleaner,8383100,0,0.0,Card,Returned,PowerCell
TRX-10840,2025-07-23,Budi Santoso,Jakarta,makanan,Headphone JBL,3634197,1,3634197.0,Ewallet,Returned,PowerCell
TRX-10841,2025-07-26,siti aminah,Meden,kecantikan,Kaos Polos,2177599,3,6532797.0,,delivered,TrendShop
TRX-10842,16-04-2025,andi saputra,Mekesser,Elektronik,Laptop Asus,4885451,5,24427255.0,Transfer,Pending,SportMax
TRX-10843,15/07/2025,ANDI SAPUTRA,Med,Elektronik,Powerbank 10K,4748713,2,9497426.0,Card,,TechZone
TRX-10844,2025/04/30,Andi Saputra,Jak,kecantikan,Vacuum Cleaner,5339730,0,0.0,,Delivered,TrendShop
TRX-10845,2025/06/02,ANDI SAPUTRA,Den,Rumah Tanggas,Powerbank 10K,2376133,3,7128399.0,Card,Canceled,BeautyHub
TRX-10846,2025/05/20,RUDI HARTONO,Jakarta,Fashion,Laptop Asus,7998140,1,7998140.0,COD,Pending,BeautyHub
TRX-10847,25/07/2025,ahmad fauzi,Bendung,Electronic,Lipstik Wardah,6424825,1,6424825.0,COD,Returned,GadgetMart
TRX-10848,2025-04-15,DEWI LESTARI,medan,olahraga,Kaos Polos,141574440,2,14157444.0,E-Wallet,pending,HomeEssence
TRX-10849,01/06/2025,AHMAD FAUZI,yogyakarta,makanan,Sepatu Nike,3465871,2,6931742.0,Kartu Kredit,Returned,TechZone
TRX-10850,18/04/2025,budi santoso,Jakarta,Rumah Tanggas,Kaos Polos,6864612,100,686461200.0,Transfer,Canceled,PowerCell
TRX-10851,2025/03/05,Siti Aminah,Surabaya,Elektroniks,Laptop Asus,2916757,100,291675700.0,Transfer,Delivered,TrendShop
TRX-10852,2025/03/04,Nanda Pratama,Mak,Rumah Tangga,Lipstik Wardah,5963318,5,29816590.0,Transfer,Pending,PowerCell
TRX-10853,10-08-2025,siti aminah,Denpeser,makanan,Lipstik Wardah,3701387,15,56273967.98125305,COD,pending,TrendShop
TRX-10854,31/03/2025,MEGA PUTRI,Yog,Electronic,Laptop Asus,3262883,10,32628830.0,Kartu Kredit,pending,GadgetMart
TRX-10855,05/04/2025,nanda pratama,Denpeser,Olahraga,Lipstik Wardah,7282212,10,72822120.0,Ewallet,pending,SportMax
TRX-10856,16/06/2025,DEWI LESTARI,Denpasar,Kecantikans,Sepatu Nike,7034297,3,21102891.0,Card,Delivered,TechZone
TRX-10857,13/07/2025,Budi Santoso,,Electronic,Smartwatch,3851250,5,19256250.0,,Returned,HomeEssence
TRX-10858,14/03/2025,nanda pratama,Makassar,Makanan,Laptop Asus,9406169,3,28218507.0,Card,,HomeEssence
TRX-10859,14-06-2025,Ahmad Fauzi,Yogyakarta,Olahragas,Powerbank 10K,4514344,3,13543032.0,Ewallet,Pending,TrendShop
TRX-10860,2025-04-13,Ahmad Fauzi,Mak,Elektroniks,Smartwatch,616088,1,616088.0,E-Wallet,Delivered,PowerCell
TRX-10861,15/06/2025,budi santoso,Surebeye,Kecantican,Laptop Asus,708003,1,800876.3226758003,Kartu Kredit,Pending,PowerCell
TRX-10862,2025-06-15,NANDA PRATAMA,Denpeser,,Headphone JBL,9372004,1,9372004.0,E-Wallet,Canceled,PowerCell
TRX-10863,2025-08-25,andi saputra,yogyakarta,Macanan,Headphone JBL,4084464,5,20422320.0,Kartu Kredit,Pending,TechZone
TRX-10864,09/05/2025,Mega Putri,Medan,Fashion,Laptop Asus,6045134,1,6045134.0,E-Wallet,Canceled,PowerCell
TRX-10865,07-08-2025,SITI AMINAH,Den,Elektroniks,Smartwatch,6258714,1,6258714.0,E-Wallet,pending,GadgetMart
TRX-10866,2025-07-21,AHMAD FAUZI,,Fashion,Headphone JBL,6392057,100,639205700.0,Kartu Kredit,pending,PowerCell
TRX-10867,2025-06-28,SITI AMINAH,Bendung,Rumah Tangga,Kaos Polos,1562760,2,3125520.0,Ewallet,Returned,SportMax
TRX-10868,27/04/2025,ahmad fauzi,Mekesser,Fashion,Kaos Polos,1913236,1,1913236.0,COD,Pending,PowerCell
TRX-10869,2025-05-26,Rudi Hartono,Yog,Makanan,Vacuum Cleaner,500930,15,7513950.0,E-Wallet,Returned,TechZone
TRX-10870,24-05-2025,RUDI HARTONO,bandung,Fashion,Kaos Polos,7996232,15,119943480.0,,Pending,HomeEssence
TRX-10871,08-08-2025,rudi hartono,Yogyakarta,rumah tangga,Laptop Asus,5453252,1,5453252.0,Ewallet,pending,HomeEssence
TRX-10872,05/07/2025,Rudi Hartono,Bendung,Electronic,Laptop Asus,4201785,15,63026775.0,Kartu Kredit,Delivered,BeautyHub
TRX-10873,10/05/2025,Budi Santoso,Meden,Olahraga,Laptop Asus,738725,5,3693625.0,Kartu Kredit,Returned,TechZone
TRX-10874,02-04-2025,andi saputra,Jak,Kecantican,Sepatu Nike,256487,1,256487.0,COD,Canceled,TechZone
TRX-10875,28/03/2025,Andi Saputra,Jak,Fashion,Smartwatch,728841,15,10932615.0,,Delivered,GadgetMart
TRX-10876,14/08/2025,dewi lestari,Sur,Kecantikan,Kaos Polos,3502501,0,0.0,Card,delivered,SportMax
TRX-10877,17/03/2025,ahmad fauzi,Yog,Rumah Tangga,Laptop Asus,5501973,1,5501973.0,COD,,GadgetMart
TRX-10878,2025-05-04,Budi Santoso,Yogyakarta,elektronik,Laptop Asus,7403172,2,14806344.0,Transfer,,BeautyHub
TRX-10879,2025/03/02,DEWI LESTARI,medan,olahraga,Headphone JBL,588645,15,8829675.0,Kartu Kredit,delivered,HomeEssence
TRX-10880,2025/05/05,ahmad fauzi,Medan,Makanan,Smartwatch,5882801,1,5882801.0,Ewallet,Delivered,TrendShop
TRX-10881,2025/07/03,siti aminah,Jakarta,aksesoris,Vacuum Cleaner,6600091,10,66000910.0,Ewallet,delivered,TechZone
TRX-10882,15/08/2025,NANDA PRATAMA,Meden,Macanan,Laptop Asus,7420683,100,742068300.0,COD,delivered,TrendShop
TRX-10883,2025-06-07,NANDA PRATAMA,Yog,kecantikan,Lipstik Wardah,5097999,1,5097999.0,Ewallet,Delivered,TrendShop
TRX-10884,02/05/2025,ANDI SAPUTRA,Ban,elektronik,Lipstik Wardah,5041536,5,25207680.0,E-Wallet,Delivered,HomeEssence
TRX-10885,21/03/2025,RUDI HARTONO,Jakarta,Rumah Tangga,Sepatu Nike,2815331,100,281533100.0,Card,delivered,PowerCell
TRX-10886,05/07/2025,MEGA PUTRI,Sur,Elektronik,Sepatu Nike,2680723,1,2680723.0,E-Wallet,Pending,PowerCell
TRX-10887,2025-07-21,BUDI SANTOSO,Yogyekerte,Rumah Tangga,Laptop Asus,7593159,10,75931590.0,COD,Canceled,PowerCell
TRX-10888,18/05/2025,Mega Putri,medan,Rumah Tanggas,Sepatu Nike,2951717,1,2951717.0,Kartu Kredit,Delivered,GadgetMart
TRX-10889,31/05/2025,Nanda Pratama,denpasar,Fashions,Powerbank 10K,6866525,15,102997875.0,Transfer,Canceled,TrendShop
TRX-10890,15/08/2025,MEGA PUTRI,makassar,elektronik,Kaos Polos,2689929,100,268992900.0,Kartu Kredit,pending,GadgetMart
TRX-10891,2025-06-21,SITI AMINAH,Denpasar,Olahraga,Vacuum Cleaner,7490449,15,112356735.0,Transfer,Delivered,SportMax
TRX-10892,2025-07-09,Siti Aminah,Denpasar,kecantikan,Headphone JBL,5121915,0,0.0,Transfer,Delivered,BeautyHub
TRX-10893,2025/04/11,Budi Santoso,Bendung,Aksesoriss,Powerbank 10K,7432003,1,7432003.0,Kartu Kredit,Pending,TrendShop
TRX-10894,2025-03-06,DEWI LESTARI,Makassar,Elektronik,Kaos Polos,3653110,1,3653110.0,Transfer,delivered,SportMax
TRX-10895,23-03-2025,Siti Aminah,Bandung,Fashions,Vacuum Cleaner,7740840,1,7740840.0,Card,Canceled,TrendShop
TRX-10896,18-08-2025,budi santoso,Bandung,Fashion,Lipstik Wardah,9388770,2,18777540.0,Ewallet,Canceled,TechZone
TRX-10897,2025/04/20,Budi Santoso,makassar,Fashions,Sepatu Nike,1324634,10,13246340.0,Card,Returned,TrendShop
TRX-10898,2025/03/12,dewi lestari,Jak,Macanan,Lipstik Wardah,1278807,10,12788070.0,Card,Delivered,SportMax
TRX-10899,2025-04-10,SITI AMINAH,Ban,Fashions,Smartwatch,7651748,10,76517480.0,Kartu Kredit,Delivered,TechZone
TRX-10900,24-04-2025,Dewi Lestari,Jak,fashion,Vacuum Cleaner,8853208,10,88532080.0,Kartu Kredit,Returned,GadgetMart
TRX-10901,11-04-2025,Ahmad Fauzi,denpasar,Makanans,Smartwatch,9887371,1,9887371.0,Kartu Kredit,delivered,BeautyHub
TRX-10902,12/03/2025,Mega Putri,Mekesser,olahraga,Kaos Polos,8518865,5,42594325.0,Transfer,Pending,SportMax
TRX-10903,2025-05-19,AHMAD FAUZI,medan,Elektronik,Sepatu Nike,7396562,1,7396562.0,COD,Canceled,GadgetMart
TRX-10904,27/03/2025,Mega Putri,bandung,elektronik,Kaos Polos,3852986,10,38529860.0,Card,Pending,GadgetMart
TRX-10905,2025-08-08,mega putri,Jakarta,Rumah Tangga,Smartwatch,2010155,0,0.0,COD,Delivered,TrendShop
TRX-10906,2025/03/08,Siti Aminah,Bandung,Elektroniks,Powerbank 10K,9354991,2,18709982.0,Kartu Kredit,pending,TrendShop
TRX-10907,2025/03/04,nanda pratama,Yog,Makanan,Lipstik Wardah,7429933,3,22289799.0,Transfer,pending,TechZone
TRX-10908,18/06/2025,Siti Aminah,Meden,Rumah Tanggas,Lipstik Wardah,6203973,1,6203973.0,Ewallet,Canceled,HomeEssence
TRX-10909,01/04/2025,Mega Putri,Surabaya,Olahragas,Powerbank 10K,2010584,5,10052920.0,Kartu Kredit,delivered,TechZone
TRX-10910,16/03/2025,Mega Putri,Denpasar,Aksesoriss,Smartwatch,628688,5,3143440.0,Card,Returned,SportMax
TRX-10911,21-03-2025,Siti Aminah,Den,Rumah Tanggas,Laptop Asus,8033372,1,8033372.0,Transfer,Delivered,PowerCell
TRX-10912,2025/03/04,Andi Saputra,surabaya,Olahraga,Kaos Polos,4277995,3,12833985.0,Transfer,,TrendShop
TRX-10913,28/04/2025,Andi Saputra,Surabaya,Olahraga,Smartwatch,8971334,2,14615743.742361221,E-Wallet,Delivered,PowerCell
TRX-10914,2025/03/25,MEGA PUTRI,Ban,Aksesoriss,Sepatu Nike,289968,1,289968.0,Card,pending,TechZone
TRX-10915,2025/03/25,MEGA PUTRI,Makassar,olahraga,Headphone JBL,5554381,2,11108762.0,Kartu Kredit,Returned,BeautyHub
TRX-10916,2025-03-09,Dewi Lestari,Bendung,Elektronik,Laptop Asus,1077557,1,1077557.0,Card,pending,TrendShop
TRX-10917,12/07/2025,ahmad fauzi,denpasar,,Sepatu Nike,7651723,15,114775845.0,Kartu Kredit,Delivered,HomeEssence
TRX-10918,17-07-2025,Rudi Hartono,Makassar,Fashions,Kaos Polos,5738238,15,86073570.0,COD,Canceled,BeautyHub
TRX-10919,2025-07-09,Nanda Pratama,Med,Fashion,Powerbank 10K,3982747,100,428747344.16768897,E-Wallet,Delivered,TechZone
TRX-10920,21/03/2025,nanda pratama,Med,Aksesoriss,Powerbank 10K,7606855,100,760685500.0,Ewallet,Returned,TechZone
TRX-10921,2025/08/08,dewi lestari,medan,Macanan,Sepatu Nike,6891300,1,6891300.0,Card,Returned,BeautyHub
TRX-10922,27-08-2025,DEWI LESTARI,Jakarta,rumah tangga,Headphone JBL,1274744,1,1274744.0,Transfer,Canceled,GadgetMart
TRX-10923,22/08/2025,Mega Putri,Bendung,Aksesoriss,Kaos Polos,2181018,15,32715270.0,Kartu Kredit,pending,BeautyHub
TRX-10924,23-03-2025,Budi Santoso,Bandung,Makanans,Laptop Asus,3539429,0,0.0,Transfer,Canceled,PowerCell
TRX-10925,08-05-2025,RUDI HARTONO,Yogyekerte,Electronic,Smartwatch,130568860,1,4280968.5084281415,Kartu Kredit,Pending,HomeEssence
TRX-10926,02/04/2025,AHMAD FAUZI,Jekerte,Electronic,Vacuum Cleaner,5482019,1,5482019.0,COD,Delivered,TrendShop
TRX-10927,2025-05-05,mega putri,surabaya,elektronik,Kaos Polos,8562558,5,42812790.0,Transfer,,SportMax
TRX-10928,26-07-2025,MEGA PUTRI,Ban,Fashion,Kaos Polos,2700235,0,0.0,Kartu Kredit,Canceled,SportMax
TRX-10929,2025/05/26,Siti Aminah,Surebeye,Makanans,Powerbank 10K,9743374,1,9743374.0,Kartu Kredit,Canceled,HomeEssence
TRX-10930,04-03-2025,ANDI SAPUTRA,denpasar,elektronik,Sepatu Nike,4070120,3,12210360.0,Card,pending,SportMax
TRX-10931,2025/07/21,Andi Saputra,medan,Macanan,Kaos Polos,7381006,2,14762012.0,Card,Returned,PowerCell
TRX-10932,2025-04-26,Nanda Pratama,Yogyekerte,Rumah Tangga,Headphone JBL,8881924,1,8881924.0,COD,Returned,HomeEssence
TRX-10933,20/07/2025,Mega Putri,surabaya,Fashion,Sepatu Nike,5479219,0,0.0,Transfer,Canceled,PowerCell
TRX-10934,2025-04-08,NANDA PRATAMA,Meden,Macanan,Sepatu Nike,2198091,1,2198091.0,Kartu Kredit,delivered,SportMax
TRX-10935,2025/06/23,Budi Santoso,Meden,kecantikan,Powerbank 10K,4108848,3,12326544.0,Kartu Kredit,Canceled,SportMax
TRX-10936,29-07-2025,DEWI LESTARI,Makassar,Elektronik,Kaos Polos,4827402,1,4827402.0,Ewallet,Returned,TechZone
TRX-10937,28-06-2025,BUDI SANTOSO,Medan,Rumah Tangga,Vacuum Cleaner,2612605,3,7837815.0,Kartu Kredit,delivered,GadgetMart
TRX-10938,2025-07-20,rudi hartono,Jak,Aksesoriss,Vacuum Cleaner,5557683,2,11115366.0,Card,pending,SportMax
TRX-10939,11-05-2025,andi saputra,denpasar,Olahraga,Lipstik Wardah,6467954,1,6467954.0,E-Wallet,,SportMax
TRX-10940,30-03-2025,Rudi Hartono,Medan,Elektronik,Powerbank 10K,6806350,1,6806350.0,Ewallet,pending,BeautyHub
TRX-10941,2025/06/21,Ahmad Fauzi,Mekesser,Fashions,Laptop Asus,7020199,100,702019900.0,Kartu Kredit,Delivered,SportMax
TRX-10942,10-06-2025,SITI AMINAH,medan,Macanan,Powerbank 10K,2872136,1,2872136.0,Transfer,pending,SportMax
TRX-10943,18/06/2025,BUDI SANTOSO,Mekesser,Acsesoris,Powerbank 10K,2686722,1,2686722.0,,Delivered,TechZone
TRX-10944,2025-08-17,Mega Putri,yogyakarta,,Vacuum Cleaner,464994,15,8608218.842158247,Kartu Kredit,pending,HomeEssence
TRX-10945,2025/03/28,Siti Aminah,yogyakarta,kecantikan,Laptop Asus,5762044,5,28810220.0,Kartu Kredit,Canceled,HomeEssence
TRX-10946,2025-05-02,Dewi Lestari,Bandung,Rumah Tangga,Kaos Polos,2588568,5,12942840.0,Ewallet,Delivered,TechZone
TRX-10947,29/06/2025,dewi lestari,Bandung,Elektroniks,Sepatu Nike,1214795,1,1214795.0,COD,Returned,TechZone
TRX-10948,22-08-2025,andi saputra,Jekerte,Rumah Tangga,Laptop Asus,2727747,10,27277470.0,Kartu Kredit,Canceled,HomeEssence
TRX-10949,13-08-2025,Siti Aminah,Surabaya,Fashion,Kaos Polos,7076492,1,7076492.0,E-Wallet,Returned,BeautyHub
TRX-10950,2025-08-15,SITI AMINAH,Yog,elektronik,Headphone JBL,6909216,15,103638240.0,,delivered,SportMax
TRX-10951,03/05/2025,rudi hartono,jakarta,Electronic,Powerbank 10K,3333616,10,33336160.0,Card,pending,TrendShop
TRX-10952,2025/04/21,dewi lestari,Bandung,Kecantican,Smartwatch,2128808,2,4257616.0,Kartu Kredit,Returned,BeautyHub
TRX-10953,17-05-2025,rudi hartono,bandung,Rumah Tangga,Vacuum Cleaner,4369453,15,65541795.0,Ewallet,Canceled,TrendShop
TRX-10954,07/05/2025,nanda pratama,Meden,Olahraga,Sepatu Nike,9668395,10,96683950.0,Ewallet,Returned,GadgetMart
TRX-10955,02/03/2025,ahmad fauzi,Yogyakarta,makanan,Headphone JBL,9855436,3,29566308.0,E-Wallet,delivered,GadgetMart
TRX-10956,2025/08/16,ahmad fauzi,Jakarta,Fashion,Vacuum Cleaner,3258823,5,16294115.0,E-Wallet,Pending,TechZone
TRX-10957,16/03/2025,ahmad fauzi,Ban,Elektronik,Sepatu Nike,5328172,0,0.0,Card,Canceled,TrendShop
TRX-10958,23-08-2025,Ahmad Fauzi,Makassar,Macanan,Laptop Asus,3381106,1,3381106.0,Transfer,delivered,PowerCell
TRX-10959,2025-07-27,MEGA PUTRI,Denpeser,Kecantican,Laptop Asus,4950164,1,4950164.0,Kartu Kredit,Returned,TechZone
TRX-10960,2025/06/09,Mega Putri,Jekerte,Fashion,Vacuum Cleaner,5729042,0,0.0,Transfer,Canceled,TechZone
TRX-10961,2025-07-15,nanda pratama,Bendung,Elektronik,Sepatu Nike,5339283,1,5339283.0,Transfer,Returned,TechZone
TRX-10962,04-05-2025,dewi lestari,Sur,Makanan,Sepatu Nike,7370583,5,36852915.0,Transfer,Returned,PowerCell
TRX-10963,22-08-2025,NANDA PRATAMA,Jak,Olahraga,Headphone JBL,805111,3,2415333.0,Transfer,Pending,TechZone
TRX-10964,2025/05/15,Mega Putri,Bandung,Fashion,Headphone JBL,1949054,15,29235810.0,Transfer,Canceled,SportMax
TRX-10965,2025-07-25,Budi Santoso,Surabaya,Kecantican,Vacuum Cleaner,8203113,1,8203113.0,COD,Pending,BeautyHub
TRX-10966,01-06-2025,Budi Santoso,surabaya,Aksesoriss,Smartwatch,7011383,2,14022766.0,,delivered,TrendShop
TRX-10967,20-04-2025,nanda pratama,Surebeye,Fashion,Lipstik Wardah,8010339,15,120155085.0,Card,,PowerCell
TRX-10968,04/08/2025,RUDI HARTONO,Jakarta,,Laptop Asus,2820742,5,10100166.962749565,Kartu Kredit,,GadgetMart
TRX-10969,2025-05-31,Ahmad Fauzi,Den,Acsesoris,Smartwatch,7346405,1,7346405.0,Ewallet,Delivered,TrendShop
TRX-10970,25/05/2025,ahmad fauzi,medan,Aksesoriss,Laptop Asus,4159803,1,3839889.120864535,Card,Canceled,SportMax
TRX-10971,2025-08-09,siti aminah,Jakarta,Fashion,Smartwatch,1084586,5,5422930.0,Transfer,Returned,HomeEssence
TRX-10972,13-06-2025,ahmad fauzi,Jakarta,Kecantikans,Laptop Asus,5597094,3,16791282.0,Ewallet,Returned,BeautyHub
TRX-10973,2025/03/06,andi saputra,Sur,Elektronik,Vacuum Cleaner,3722277,15,55834155.0,Kartu Kredit,Pending,PowerCell
TRX-10974,23/07/2025,Mega Putri,Mak,Olahragas,Vacuum Cleaner,3071372,3,9214116.0,Transfer,pending,TrendShop
TRX-10975,2025-03-27,Rudi Hartono,Jakarta,Olahraga,Laptop Asus,50427560,100,151542883.91804802,COD,delivered,HomeEssence
TRX-10976,01-06-2025,mega putri,jakarta,Rumah Tangga,Smartwatch,1403324,0,0.0,COD,Canceled,HomeEssence
TRX-10977,2025/06/07,DEWI LESTARI,Jakarta,Fashions,Lipstik Wardah,3422455,1,3422455.0,Card,Pending,TrendShop
TRX-10978,2025/08/23,Budi Santoso,Ban,makanan,Headphone JBL,7060131,10,70601310.0,Kartu Kredit,Canceled,TechZone
TRX-10979,24/08/2025,Dewi Lestari,Bandung,Olahraga,Smartwatch,4120028,3,12360084.0,Kartu Kredit,Pending,GadgetMart
TRX-10980,2025-04-18,Andi Saputra,Mak,aksesoris,Powerbank 10K,1419277,10,14192770.0,Transfer,Delivered,PowerCell
TRX-10981,2025/04/12,nanda pratama,Yog,Olahraga,Smartwatch,799971,0,0.0,Kartu Kredit,Delivered,SportMax
TRX-10982,2025/05/29,DEWI LESTARI,Surebeye,Electronic,Headphone JBL,8272502,2,16545004.0,Kartu Kredit,Pending,HomeEssence
TRX-10983,24/08/2025,ahmad fauzi,jakarta,Olahragas,Sepatu Nike,4125837,100,412583700.0,Transfer,Pending,GadgetMart
TRX-10984,2025-06-15,DEWI LESTARI,Yogyekerte,olahraga,Lipstik Wardah,6144645,15,92169675.0,E-Wallet,Canceled,GadgetMart
TRX-10985,09-03-2025,dewi lestari,Bandung,Olahraga,Kaos Polos,1235111,2,2470222.0,Kartu Kredit,delivered,SportMax
TRX-10986,2025/04/18,Dewi Lestari,Jekerte,rumah tangga,Smartwatch,7782752,10,77827520.0,Ewallet,,BeautyHub
TRX-10987,21/03/2025,dewi lestari,Surabaya,Acsesoris,Headphone JBL,6377090,5,31885450.0,COD,Canceled,SportMax
TRX-10988,2025-04-10,andi saputra,Surabaya,Macanan,Headphone JBL,5887196,1,3754375.4768694886,E-Wallet,delivered,HomeEssence
TRX-10989,17/07/2025,BUDI SANTOSO,surabaya,rumah tangga,Vacuum Cleaner,5607805,0,0.0,Transfer,Canceled,TrendShop
TRX-10990,2025-08-15,nanda pratama,Bendung,Makanans,Kaos Polos,3764379,10,37643790.0,E-Wallet,delivered,PowerCell
TRX-10991,17/06/2025,MEGA PUTRI,surabaya,rumah tangga,Lipstik Wardah,3395647,0,0.0,Ewallet,Pending,PowerCell
TRX-10992,2025/04/14,budi santoso,Mekesser,olahraga,Vacuum Cleaner,8362934,100,836293400.0,Kartu Kredit,Delivered,TrendShop
TRX-10993,08-03-2025,AHMAD FAUZI,Yog,Macanan,Vacuum Cleaner,9085949,5,45429745.0,Kartu Kredit,Returned,TechZone
TRX-10994,2025-08-05,Mega Putri,denpasar,Olahraga,Laptop Asus,6331646,5,31658230.0,E-Wallet,,BeautyHub
TRX-10995,2025/08/24,andi saputra,Bendung,Rumah Tangga,Smartwatch,9640446,1,9640446.0,Ewallet,,SportMax
TRX-10996,2025-05-21,Budi Santoso,Surabaya,Kecantikan,Lipstik Wardah,5231377,1,5231377.0,Card,Canceled,SportMax
TRX-10997,2025-08-08,BUDI SANTOSO,Makassar,rumah tangga,Powerbank 10K,8062369,2,16124738.0,Kartu Kredit,Pending,TrendShop
TRX-10998,25/07/2025,DEWI LESTARI,Surabaya,Aksesoriss,Laptop Asus,4254955,10,42549550.0,Transfer,Pending,BeautyHub
TRX-10999,2025-05-23,Budi Santoso,Bandung,Makanan,Smartwatch,8140736,0,0.0,Transfer,Canceled,GadgetMart
TRX-11000,15-05-2025,Siti Aminah,Den,Aksesoriss,Kaos Polos,8876233,1,8876233.0,Card,Delivered,TrendShop
TRX-11001,21/07/2025,Rudi Hartono,,,Lipstik Wardah,1422070,1,1422070.0,Transfer,delivered,GadgetMart
TRX-11002,2025/03/29,dewi lestari,Medan,Makanans,Vacuum Cleaner,8291353,1,8291353.0,E-Wallet,Returned,TechZone
TRX-11003,20-04-2025,ANDI SAPUTRA,Surabaya,Rumah Tanggas,Headphone JBL,4500252,100,450025200.0,E-Wallet,Pending,GadgetMart
TRX-11004,20-07-2025,Dewi Lestari,Ban,olahraga,Sepatu Nike,9295234,3,27885702.0,Ewallet,Returned,BeautyHub
TRX-11005,2025-06-29,SITI AMINAH,Ban,Rumah Tangga,Smartwatch,8544630,1,8544630.0,COD,Canceled,SportMax
TRX-11006,2025/05/23,Mega Putri,Denpeser,Makanans,Powerbank 10K,5025045,2,10050090.0,Ewallet,pending,BeautyHub
TRX-11007,2025/03/02,SITI AMINAH,Sur,Olahragas,Kaos Polos,211445,1,285880.233750107,COD,Pending,TechZone
TRX-11008,2025-07-22,NANDA PRATAMA,Med,aksesoris,Laptop Asus,6544503,1,6544503.0,COD,pending,GadgetMart
TRX-11009,20-05-2025,Budi Santoso,Mak,Elektronik,Kaos Polos,734029,1,734029.0,E-Wallet,delivered,HomeEssence
TRX-11010,2025-05-04,siti aminah,Jekerte,makanan,Laptop Asus,4049694,100,404969400.0,Kartu Kredit,Returned,HomeEssence
TRX-11011,2025/06/09,Rudi Hartono,yogyakarta,makanan,Kaos Polos,8251428,0,0.0,Card,pending,TechZone
TRX-11012,05/07/2025,Andi Saputra,Jak,Aksesoriss,Kaos Polos,7626472,5,38132360.0,Card,pending,HomeEssence
TRX-11013,30-07-2025,Rudi Hartono,Mekesser,Olahraga,Sepatu Nike,4251765,2,8503530.0,Ewallet,Pending,SportMax
TRX-11014,2025-06-15,nanda pratama,Yogyekerte,Aksesoris,Kaos Polos,1096161,1,1096161.0,Ewallet,Canceled,TechZone
TRX-11015,2025-06-07,Nanda Pratama,Jak,elektronik,Lipstik Wardah,8398022,15,125970330.0,E-Wallet,Returned,HomeEssence
TRX-11016,2025/06/30,Budi Santoso,Surabaya,olahraga,Lipstik Wardah,1947501,1,1947501.0,Transfer,delivered,HomeEssence
TRX-11017,2025-04-01,nanda pratama,Yogyakarta,Electronic,Vacuum Cleaner,9111826,1,9111826.0,E-Wallet,Delivered,TrendShop
TRX-11018,03/08/2025,AHMAD FAUZI,jakarta,Makanan,Headphone JBL,4952059,15,74280885.0,Transfer,Returned,BeautyHub
TRX-11019,2025-05-02,Nanda Pratama,,Elektronik,Smartwatch,5278566,10,52785660.0,Card,Canceled,GadgetMart
TRX-11020,14-05-2025,Dewi Lestari,Jakarta,elektronik,Vacuum Cleaner,769407,100,76940700.0,Card,Delivered,BeautyHub
TRX-11021,26-04-2025,andi saputra,Denpeser,rumah tangga,Vacuum Cleaner,378821,1,378821.0,Ewallet,Pending,TechZone
TRX-11022,02-07-2025,BUDI SANTOSO,Sur,Fashion,Vacuum Cleaner,3937008,10,39370080.0,COD,Pending,TechZone
TRX-11023,2025-08-14,rudi hartono,Yogyakarta,Aksesoris,Laptop Asus,6775275,2,13550550.0,Transfer,Delivered,TrendShop
TRX-11024,07-03-2025,siti aminah,Jak,kecantikan,Lipstik Wardah,8507411,2,17014822.0,Kartu Kredit,Returned,HomeEssence
TRX-11025,2025-04-25,Budi Santoso,surabaya,Macanan,Laptop Asus,857744,0,0.0,E-Wallet,Canceled,SportMax
TRX-11026,2025/04/16,RUDI HARTONO,Sur,Rumah Tangga,Headphone JBL,9138147,1,9138147.0,Kartu Kredit,pending,BeautyHub
TRX-11027,04-08-2025,Dewi Lestari,bandung,aksesoris,Lipstik Wardah,6983705,1,6983705.0,COD,Delivered,PowerCell
TRX-11028,10/08/2025,Andi Saputra,Yogyekerte,Rumah Tanggas,Kaos Polos,3315962,0,0.0,E-Wallet,,BeautyHub
TRX-11029,21-06-2025,Dewi Lestari,Jak,Aksesoriss,Smartwatch,5802613,2,10242635.30294287,,Delivered,TrendShop
TRX-11030,14/07/2025,Mega Putri,Yogyekerte,Olahraga,Lipstik Wardah,5687025,1,7182691.596115739,Transfer,delivered,SportMax
TRX-11031,2025/05/04,DEWI LESTARI,Bandung,,Vacuum Cleaner,3375315,0,0.0,Card,Delivered,SportMax
TRX-11032,2025-06-17,MEGA PUTRI,Yog,Aksesoriss,Vacuum Cleaner,5267092,10,52670920.0,Ewallet,delivered,PowerCell
TRX-11033,27/05/2025,mega putri,yogyakarta,Fashion,Lipstik Wardah,6702346,1,6702346.0,E-Wallet,Delivered,TrendShop
TRX-11034,2025/05/14,AHMAD FAUZI,Medan,Olahraga,Sepatu Nike,6038099,100,603809900.0,E-Wallet,pending,SportMax
TRX-11035,2025-08-02,budi santoso,Mak,Acsesoris,Powerbank 10K,7921917,3,23765751.0,Transfer,Returned,TechZone
TRX-11036,15-06-2025,andi saputra,medan,Makanan,Kaos Polos,5496079,100,549607900.0,Ewallet,delivered,PowerCell
TRX-11037,2025-04-20,Nanda Pratama,Sur,Kecantikans,Powerbank 10K,3083349,2,6166698.0,COD,Pending,SportMax
TRX-11038,2025-03-30,Rudi Hartono,Yogyakarta,Fashions,Sepatu Nike,4952825,2,12058719.269317515,Transfer,pending,PowerCell
TRX-11039,2025/06/30,ANDI SAPUTRA,Den,Olahraga,Laptop Asus,6349492,1,6349492.0,Transfer,,GadgetMart
TRX-11040,2025-05-26,Budi Santoso,Ban,Olahraga,Vacuum Cleaner,5978643,1,5539065.247945281,E-Wallet,Pending,TechZone
TRX-11041,2025/06/21,ahmad fauzi,,Macanan,Headphone JBL,9774700,1,9774700.0,Transfer,Canceled,TrendShop
TRX-11042,2025-07-23,BUDI SANTOSO,Ban,Olahraga,Laptop Asus,8606255,3,25818765.0,Ewallet,Delivered,HomeEssence
TRX-11043,07/05/2025,MEGA PUTRI,Jakarta,Fashions,Kaos Polos,7786484,15,116797260.0,Ewallet,Delivered,BeautyHub
TRX-11044,18-04-2025,nanda pratama,surabaya,Acsesoris,Laptop Asus,4377308,1,4377308.0,E-Wallet,Pending,GadgetMart
TRX-11045,2025/06/17,BUDI SANTOSO,,Rumah Tanggas,Sepatu Nike,836261,2,1773637.8784322124,Transfer,Canceled,HomeEssence
TRX-11046,01-07-2025,rudi hartono,Denpeser,fashion,Laptop Asus,3129042,100,312904200.0,Kartu Kredit,pending,BeautyHub
TRX-11047,06/06/2025,dewi lestari,Sur,Elektronik,Vacuum Cleaner,6588655,1,6588655.0,COD,delivered,GadgetMart
TRX-11048,24/05/2025,siti aminah,jakarta,,Lipstik Wardah,6948046,2,13896092.0,Card,,HomeEssence
TRX-11049,2025-04-13,Siti Aminah,Denpeser,elektronik,Kaos Polos,8033939,1,8033939.0,Ewallet,Returned,GadgetMart
TRX-11050,2025/07/07,siti aminah,yogyakarta,,Kaos Polos,4143886,10,41438860.0,E-Wallet,delivered,BeautyHub
TRX-11051,2025-07-03,Andi Saputra,Yog,Makanans,Smartwatch,9000668,1,9000668.0,Kartu Kredit,Canceled,SportMax
TRX-11052,17-07-2025,SITI AMINAH,Bandung,Fashion,Sepatu Nike,1242931,1,1242931.0,Kartu Kredit,Returned,PowerCell
TRX-11053,17-03-2025,SITI AMINAH,Yog,Aksesoris,Laptop Asus,921522,1,921522.0,E-Wallet,Delivered,BeautyHub
TRX-11054,12-06-2025,dewi lestari,Med,aksesoris,Powerbank 10K,6940709,15,150445349.93947816,Card,Pending,GadgetMart
TRX-11055,2025/07/30,Ahmad Fauzi,Sur,Fashion,Lipstik Wardah,2231906,2,4463812.0,Kartu Kredit,Pending,TrendShop
TRX-11056,2025/05/24,DEWI LESTARI,Denpasar,Fashion,Powerbank 10K,1755243,2,3693605.0372701627,Ewallet,Pending,TechZone
TRX-11057,2025-07-23,Rudi Hartono,Medan,kecantikan,Lipstik Wardah,289779,3,869337.0,Ewallet,Returned,HomeEssence
TRX-11058,25-07-2025,siti aminah,Surabaya,Rumah Tangga,Smartwatch,6339249,3,19017747.0,Kartu Kredit,Canceled,TechZone
TRX-11059,20/08/2025,DEWI LESTARI,Yogyakarta,Kecantikan,Laptop Asus,6214014,3,18642042.0,E-Wallet,Pending,BeautyHub
TRX-11060,2025/07/27,dewi lestari,Yogyakarta,Rumah Tangga,Headphone JBL,6266074,5,31330370.0,Card,delivered,PowerCell
TRX-11061,05/03/2025,ANDI SAPUTRA,Yogyakarta,fashion,Vacuum Cleaner,5383968,10,53839680.0,COD,pending,TrendShop
TRX-11062,2025/03/20,Nanda Pratama,medan,Rumah Tanggas,Lipstik Wardah,8375032,100,837503200.0,,Delivered,BeautyHub
TRX-11063,12/03/2025,andi saputra,Jekerte,,Powerbank 10K,3733909,0,0.0,Ewallet,Returned,HomeEssence
TRX-11064,23/06/2025,ahmad fauzi,makassar,kecantikan,Lipstik Wardah,7515106,100,751510600.0,Kartu Kredit,pending,GadgetMart
TRX-11065,2025/04/17,nanda pratama,jakarta,Electronic,Vacuum Cleaner,3120771,3,9362313.0,E-Wallet,Pending,HomeEssence
TRX-11066,10-06-2025,Budi Santoso,Med,Rumah Tangga,Sepatu Nike,471280,10,4712800.0,Card,Pending,SportMax
TRX-11067,29-07-2025,NANDA PRATAMA,medan,Electronic,Lipstik Wardah,1280746,15,19211190.0,Kartu Kredit,Delivered,BeautyHub
TRX-11068,2025/08/26,DEWI LESTARI,Surebeye,Makanans,Vacuum Cleaner,1212189,1,1212189.0,Transfer,Canceled,GadgetMart
TRX-11069,31/05/2025,AHMAD FAUZI,Denpasar,Kecantikans,Vacuum Cleaner,2431486,1,2431486.0,,delivered,TrendShop
TRX-11070,2025-07-13,Ahmad Fauzi,Makassar,Rumah Tangga,Vacuum Cleaner,5443455,15,98368445.64390036,,delivered,TechZone
TRX-11071,2025-05-11,rudi hartono,makassar,Fashions,Laptop Asus,7135904,0,0.0,COD,Canceled,PowerCell
TRX-11072,21-06-2025,RUDI HARTONO,yogyakarta,Elektronik,Headphone JBL,6749744,10,67497440.0,Ewallet,Delivered,BeautyHub
TRX-11073,25-07-2025,Nanda Pratama,Ban,Kecantikan,Laptop Asus,2851445,1,2851445.0,Card,Pending,TechZone
TRX-11074,2025/05/08,budi santoso,Yogyekerte,Fashion,Kaos Polos,6889789,5,34604298.13270871,Card,pending,GadgetMart
TRX-11075,2025-06-22,ANDI SAPUTRA,denpasar,Elektroniks,Laptop Asus,1256751,3,3770253.0,E-Wallet,,GadgetMart
TRX-11076,2025-06-01,dewi lestari,medan,Electronic,Smartwatch,267770,1,267770.0,Kartu Kredit,Delivered,TrendShop
TRX-11077,23-04-2025,dewi lestari,surabaya,Makanan,Smartwatch,7019129,2,14038258.0,E-Wallet,delivered,HomeEssence
TRX-11078,2025-08-16,Nanda Pratama,Makassar,makanan,Smartwatch,6132199,1,6132199.0,Ewallet,Delivered,HomeEssence
TRX-11079,2025/03/30,Ahmad Fauzi,Denpasar,elektronik,Laptop Asus,1840008,1,1840008.0,Kartu Kredit,delivered,TrendShop
TRX-11080,2025-03-19,siti aminah,Mekesser,,Headphone JBL,6201537,10,62015370.0,E-Wallet,Returned,PowerCell
TRX-11081,2025/03/26,Siti Aminah,Surebeye,Aksesoris,Lipstik Wardah,1528768,10,15287680.0,Ewallet,Returned,BeautyHub
TRX-11082,10-05-2025,AHMAD FAUZI,Ban,Makanans,Kaos Polos,5174674,0,0.0,Kartu Kredit,pending,TechZone
TRX-11083,05-04-2025,Siti Aminah,Bandung,fashion,Smartwatch,9126760,2,18253520.0,Transfer,Delivered,GadgetMart
TRX-11084,01-03-2025,SITI AMINAH,Denpeser,Fashions,Vacuum Cleaner,9607540,10,59334560.47541243,E-Wallet,pending,HomeEssence
TRX-11085,2025/07/14,AHMAD FAUZI,surabaya,Fashion,Laptop Asus,6982667,15,104740005.0,Card,Canceled,BeautyHub
TRX-11086,2025/07/05,nanda pratama,Ban,rumah tangga,Powerbank 10K,6972496,1,6972496.0,Kartu Kredit,Delivered,PowerCell
TRX-11087,04-04-2025,Siti Aminah,Medan,Electronic,Laptop Asus,1436689,10,14366890.0,Transfer,delivered,GadgetMart
TRX-11088,2025/03/23,Budi Santoso,Mekesser,olahraga,Kaos Polos,2168433,1,2168433.0,Ewallet,Pending,PowerCell
TRX-11089,2025-08-05,rudi hartono,Surebeye,Olahraga,Sepatu Nike,4606766,3,13820298.0,Kartu Kredit,Canceled,BeautyHub
TRX-11090,14/05/2025,BUDI SANTOSO,Bandung,rumah tangga,Lipstik Wardah,5050546,10,50505460.0,Ewallet,Delivered,TrendShop
TRX-11091,03-03-2025,AHMAD FAUZI,Den,Aksesoriss,Laptop Asus,8657009,1,8657009.0,,Pending,TechZone
TRX-11092,01/07/2025,Siti Aminah,Medan,Kecantikan,Headphone JBL,7595189,1,7595189.0,Kartu Kredit,Returned,HomeEssence
TRX-11093,15-08-2025,ahmad fauzi,Makassar,Fashions,Vacuum Cleaner,2731206,1,2731206.0,Card,Returned,PowerCell
TRX-11094,2025/07/02,AHMAD FAUZI,jakarta,Fashion,Powerbank 10K,287199,3,861597.0,Ewallet,Returned,GadgetMart
TRX-11095,2025/05/05,BUDI SANTOSO,Med,Fashion,Sepatu Nike,2324316,10,23243160.0,Card,,HomeEssence
TRX-11096,19-06-2025,RUDI HARTONO,makassar,Macanan,Powerbank 10K,801518,1,801518.0,Transfer,Pending,GadgetMart
TRX-11097,2025/04/08,Rudi Hartono,Mak,Kecantikan,Sepatu Nike,2382214,3,7146642.0,Ewallet,Delivered,BeautyHub
TRX-11098,2025/04/22,ANDI SAPUTRA,Surebeye,Makanan,Lipstik Wardah,9092832,15,136392480.0,Transfer,delivered,SportMax
TRX-11099,2025-08-05,NANDA PRATAMA,Yogyekerte,makanan,Smartwatch,8341860,1,8341860.0,Card,delivered,SportMax
TRX-11100,2025-04-22,andi saputra,jakarta,rumah tangga,Powerbank 10K,8893026,15,177958044.9702865,Transfer,Delivered,GadgetMart
TRX-11101,2025-03-25,Ahmad Fauzi,Den,aksesoris,Headphone JBL,7896613,0,0.0,Card,Canceled,HomeEssence
TRX-11102,23/03/2025,AHMAD FAUZI,Jekerte,Makanan,Kaos Polos,612621,100,61262100.0,Ewallet,Pending,HomeEssence
TRX-11103,2025/03/10,Budi Santoso,Medan,,Vacuum Cleaner,4858163,10,48581630.0,Card,,PowerCell
TRX-11104,2025/04/23,Ahmad Fauzi,Surebeye,Olahraga,Smartwatch,6334851,1,8982888.986221492,COD,pending,TechZone
TRX-11105,07/08/2025,AHMAD FAUZI,Yogyakarta,,Headphone JBL,9650177,1,9650177.0,E-Wallet,Returned,TechZone
TRX-11106,22/04/2025,DEWI LESTARI,yogyakarta,rumah tangga,Lipstik Wardah,3948190,3,14283532.349590495,COD,Canceled,TrendShop
TRX-11107,2025/03/30,Mega Putri,denpasar,kecantikan,Powerbank 10K,2792974,1,2792974.0,E-Wallet,pending,GadgetMart
TRX-11108,2025/04/28,budi santoso,Sur,Kecantikans,Powerbank 10K,8247590,10,110082579.00439195,Kartu Kredit,Pending,BeautyHub
TRX-11109,12/03/2025,mega putri,Yog,Fashion,Lipstik Wardah,2634182,1,3354391.0549757183,E-Wallet,Pending,GadgetMart
TRX-11110,2025/05/21,Andi Saputra,,makanan,Smartwatch,2847921,15,42718815.0,E-Wallet,delivered,GadgetMart
TRX-11111,2025-04-18,AHMAD FAUZI,,Aksesoris,Powerbank 10K,5120414,15,76806210.0,E-Wallet,Canceled,HomeEssence
TRX-11112,2025-06-01,siti aminah,surabaya,makanan,Headphone JBL,887393,3,2662179.0,Ewallet,Returned,BeautyHub
TRX-11113,07-04-2025,mega putri,denpasar,Kecantican,Sepatu Nike,5184544,5,25922720.0,Kartu Kredit,Canceled,TechZone
TRX-11114,27/05/2025,budi santoso,Med,,Headphone JBL,9173591,15,137603865.0,COD,Canceled,BeautyHub
TRX-11115,12/07/2025,Siti Aminah,Yog,Aksesoris,Kaos Polos,3185812,15,47787180.0,COD,Canceled,GadgetMart
TRX-11116,03-05-2025,siti aminah,jakarta,fashion,Lipstik Wardah,5203435,15,78051525.0,COD,,SportMax
TRX-11117,04/05/2025,Mega Putri,yogyakarta,Fashion,Headphone JBL,4446650,1,4446650.0,E-Wallet,Delivered,GadgetMart
TRX-11118,15-07-2025,rudi hartono,Yogyekerte,Aksesoriss,Laptop Asus,3691771,1,3691771.0,Transfer,Returned,TrendShop
TRX-11119,2025/06/08,siti aminah,Den,Kecantikans,Vacuum Cleaner,4129441,1,4129441.0,E-Wallet,Returned,HomeEssence
TRX-11120,2025-07-19,RUDI HARTONO,bandung,Kecantican,Sepatu Nike,2238370,0,0.0,Transfer,delivered,BeautyHub
TRX-11121,20-06-2025,BUDI SANTOSO,bandung,makanan,Headphone JBL,7035945,0,0.0,Kartu Kredit,Delivered,PowerCell
TRX-11122,29-04-2025,siti aminah,Ban,Kecantikans,Smartwatch,2191912,10,31969315.889321666,Kartu Kredit,Pending,TrendShop
TRX-11123,16-07-2025,budi santoso,Denpasar,Kecantikan,Vacuum Cleaner,1446436,2,2892872.0,Transfer,Pending,PowerCell
TRX-11124,13/03/2025,MEGA PUTRI,Medan,Makanans,Vacuum Cleaner,5220080,10,52200800.0,E-Wallet,Returned,PowerCell
TRX-11125,2025-06-16,NANDA PRATAMA,Surebeye,Rumah Tangga,Sepatu Nike,3032410,0,0.0,COD,Returned,BeautyHub
TRX-11126,22-08-2025,Budi Santoso,,Rumah Tangga,Laptop Asus,5106093,15,76591395.0,Ewallet,pending,SportMax
TRX-11127,21-03-2025,Mega Putri,Med,Elektronik,Smartwatch,2514722,1,2514722.0,Transfer,delivered,HomeEssence
TRX-11128,2025/07/18,dewi lestari,Sur,Aksesoris,Lipstik Wardah,5680761,0,0.0,,Returned,TechZone
TRX-11129,09-06-2025,ahmad fauzi,Yogyakarta,Olahraga,Sepatu Nike,9961142,15,149417130.0,Ewallet,pending,GadgetMart
TRX-11130,07/06/2025,Siti Aminah,Makassar,fashion,Smartwatch,2920574,1,2920574.0,E-Wallet,Canceled,GadgetMart
TRX-11131,13/06/2025,Nanda Pratama,Jak,Kecantikan,Powerbank 10K,6809291,5,34046455.0,,pending,SportMax
TRX-11132,2025-03-13,MEGA PUTRI,Yogyakarta,Kecantican,Vacuum Cleaner,5582388,1,5582388.0,COD,pending,PowerCell
TRX-11133,2025-03-31,Mega Putri,denpasar,Olahraga,Lipstik Wardah,3931857,15,58977855.0,Ewallet,Pending,HomeEssence
TRX-11134,2025-05-12,AHMAD FAUZI,medan,Aksesoriss,Lipstik Wardah,168581,10,1685810.0,COD,Canceled,BeautyHub
TRX-11135,2025-06-08,Mega Putri,Yog,Kecantikan,Vacuum Cleaner,8777148,5,43885740.0,Kartu Kredit,pending,TrendShop
TRX-11136,2025/08/20,dewi lestari,Mak,elektronik,Laptop Asus,3410492,1,2812321.8323210147,Transfer,delivered,PowerCell
TRX-11137,15-07-2025,MEGA PUTRI,Mak,Olahragas,Smartwatch,4859479,5,24297395.0,Transfer,Canceled,PowerCell
TRX-11138,2025/04/05,ahmad fauzi,Bendung,Aksesoriss,Laptop Asus,1408097,1,1408097.0,COD,pending,GadgetMart
TRX-11139,2025/03/28,Mega Putri,Yogyakarta,Rumah Tanggas,Sepatu Nike,8363157,2,20874622.12247867,Ewallet,Canceled,PowerCell
TRX-11140,2025/03/28,ahmad fauzi,Yogyekerte,elektronik,Powerbank 10K,9796919,3,29390757.0,Ewallet,Returned,GadgetMart
TRX-11141,2025-05-04,DEWI LESTARI,Yogyekerte,Fashions,Powerbank 10K,9728075,1,9728075.0,Transfer,Delivered,GadgetMart
TRX-11142,13/03/2025,Rudi Hartono,Mak,fashion,Vacuum Cleaner,9229253,3,27687759.0,E-Wallet,Pending,GadgetMart
TRX-11143,2025/07/16,ahmad fauzi,Yogyakarta,Rumah Tangga,Vacuum Cleaner,3644804,2,7289608.0,Kartu Kredit,Returned,SportMax
TRX-11144,13-05-2025,dewi lestari,bandung,Macanan,Headphone JBL,856564,3,2569692.0,,Returned,HomeEssence
TRX-11145,24/03/2025,budi santoso,Mekesser,Makanans,Laptop Asus,787954,15,11819310.0,Ewallet,Pending,TrendShop
TRX-11146,2025-07-09,Mega Putri,surabaya,Fashions,Kaos Polos,8407998,3,25223994.0,Transfer,pending,BeautyHub
TRX-11147,17-03-2025,Rudi Hartono,Med,rumah tangga,Powerbank 10K,5984261,1,5984261.0,Card,Pending,PowerCell
TRX-11148,24/03/2025,Dewi Lestari,jakarta,Olahragas,Smartwatch,9500012,15,142500180.0,Ewallet,Returned,TrendShop
TRX-11149,30/06/2025,NANDA PRATAMA,Yogyakarta,Acsesoris,Powerbank 10K,7613493,0,0.0,Card,Delivered,TechZone
TRX-11150,2025-05-23,MEGA PUTRI,Meden,Elektroniks,Lipstik Wardah,7754694,0,0.0,Ewallet,Delivered,HomeEssence
TRX-11151,2025-06-12,nanda pratama,Denpasar,Kecantikans,Headphone JBL,7183131,3,21549393.0,Card,delivered,HomeEssence
TRX-11152,17-08-2025,Mega Putri,jakarta,,Kaos Polos,2742794,15,41141910.0,E-Wallet,Returned,HomeEssence
TRX-11153,2025/08/09,Siti Aminah,Denpeser,Fashion,Kaos Polos,8861940,3,26585820.0,Card,Delivered,GadgetMart
TRX-11154,13-07-2025,rudi hartono,Sur,Rumah Tanggas,Sepatu Nike,8327983,2,16655966.0,Card,Canceled,BeautyHub
TRX-11155,2025/07/31,Andi Saputra,Ban,elektronik,Sepatu Nike,3251078,100,325107800.0,Card,Canceled,PowerCell
TRX-11156,07/03/2025,dewi lestari,Yogyekerte,Rumah Tangga,Powerbank 10K,1936963,15,29054445.0,Card,Pending,TrendShop
TRX-11157,2025/07/04,mega putri,yogyakarta,elektronik,Lipstik Wardah,1497947,2,2995894.0,Transfer,,PowerCell
TRX-11158,13-07-2025,NANDA PRATAMA,Ban,rumah tangga,Sepatu Nike,1548339,1,1548339.0,Kartu Kredit,Returned,HomeEssence
TRX-11159,07/08/2025,Nanda Pratama,Meden,Elektronik,Sepatu Nike,578714,10,5787140.0,COD,Pending,TrendShop
TRX-11160,2025/04/14,BUDI SANTOSO,Ban,Makanans,Headphone JBL,9217491,10,92174910.0,Ewallet,,HomeEssence
TRX-11161,04/08/2025,AHMAD FAUZI,Jekerte,Rumah Tangga,Sepatu Nike,7234872,1,7234872.0,E-Wallet,delivered,BeautyHub
TRX-11162,2025-08-03,andi saputra,makassar,Fashion,Powerbank 10K,3248156,5,16240780.0,,Pending,TrendShop
TRX-11163,19-08-2025,Siti Aminah,Mak,Olahraga,Kaos Polos,812371,100,81237100.0,Card,Delivered,TrendShop
TRX-11164,2025/06/12,Andi Saputra,bandung,Olahragas,Smartwatch,5711064,5,39453192.55076205,Transfer,Canceled,SportMax
TRX-11165,2025-07-11,rudi hartono,Jekerte,Elektroniks,Laptop Asus,6550785,3,21408801.326489504,Ewallet,Returned,PowerCell
TRX-11166,2025-03-17,Mega Putri,Yogyekerte,aksesoris,Smartwatch,2285883,5,11429415.0,E-Wallet,Returned,BeautyHub
TRX-11167,2025/06/14,NANDA PRATAMA,Ban,Olahragas,Lipstik Wardah,6680840,100,668084000.0,E-Wallet,Canceled,SportMax
TRX-11168,25/03/2025,ahmad fauzi,,Rumah Tanggas,Kaos Polos,358617,1,358617.0,COD,Returned,TechZone
TRX-11169,2025/03/11,nanda pratama,bandung,Elektroniks,Lipstik Wardah,5137692,2,13995380.149892874,E-Wallet,pending,HomeEssence
TRX-11170,12/06/2025,Rudi Hartono,denpasar,Fashion,Lipstik Wardah,784275,0,0.0,Ewallet,Returned,TechZone
TRX-11171,2025/04/18,RUDI HARTONO,yogyakarta,kecantikan,Laptop Asus,8995326,1,8995326.0,COD,Pending,BeautyHub
TRX-11172,10/06/2025,AHMAD FAUZI,Meden,Acsesoris,Laptop Asus,6243367,3,18730101.0,Kartu Kredit,Canceled,PowerCell
TRX-11173,26/04/2025,dewi lestari,Yog,Acsesoris,Smartwatch,8791022,15,131865330.0,Ewallet,Returned,SportMax
TRX-11174,21-08-2025,andi saputra,Jekerte,kecantikan,Smartwatch,3998401,2,7996802.0,Transfer,pending,TrendShop
TRX-11175,23/05/2025,dewi lestari,Den,Electronic,Vacuum Cleaner,8706691,15,130600365.0,E-Wallet,,BeautyHub
TRX-11176,23/04/2025,RUDI HARTONO,Mekesser,Acsesoris,Kaos Polos,6834672,1,4513740.048047019,,,HomeEssence
TRX-11177,13-08-2025,ANDI SAPUTRA,Meden,Fashion,Vacuum Cleaner,9997034,1,5559496.23040938,E-Wallet,Canceled,BeautyHub
TRX-11178,2025/03/15,nanda pratama,Jekerte,Fashion,Sepatu Nike,2642316,100,264231600.0,Card,Returned,SportMax
TRX-11179,21/03/2025,SITI AMINAH,surabaya,Olahraga,Smartwatch,5945725,2,11891450.0,Ewallet,delivered,SportMax
TRX-11180,2025/07/12,DEWI LESTARI,jakarta,Aksesoris,Sepatu Nike,5488757,3,16466271.0,E-Wallet,Returned,HomeEssence
TRX-11181,17/05/2025,siti aminah,medan,,Sepatu Nike,2714749,1,2714749.0,Card,,PowerCell
TRX-11182,2025-03-06,Siti Aminah,Yogyekerte,Makanans,Smartwatch,1034156,10,10341560.0,Ewallet,Delivered,BeautyHub
TRX-11183,2025/08/19,ANDI SAPUTRA,Medan,Olahraga,Smartwatch,1253920,1,1253920.0,E-Wallet,pending,TechZone
TRX-11184,2025-03-11,BUDI SANTOSO,Denpasar,olahraga,Kaos Polos,5346990,3,16040970.0,Kartu Kredit,delivered,HomeEssence
TRX-11185,16/08/2025,BUDI SANTOSO,Med,Makanans,Powerbank 10K,6978655,1,6978655.0,Transfer,Pending,HomeEssence
TRX-11186,2025/06/07,NANDA PRATAMA,Denpeser,Elektroniks,Lipstik Wardah,9250891,10,122872428.91942237,Transfer,Delivered,TrendShop
TRX-11187,2025/05/03,Mega Putri,surabaya,Olahraga,Smartwatch,2949033,15,44235495.0,COD,delivered,PowerCell
TRX-11188,15/05/2025,Rudi Hartono,Ban,Fashion,Headphone JBL,7477210,2,14954420.0,Transfer,Pending,BeautyHub
TRX-11189,2025/05/28,budi santoso,Den,fashion,Laptop Asus,6143073,1,6143073.0,Kartu Kredit,Canceled,TrendShop
TRX-11190,24/04/2025,Ahmad Fauzi,,Elektroniks,Headphone JBL,5416645,1,5416645.0,Card,pending,TrendShop
TRX-11191,01-08-2025,andi saputra,Meden,fashion,Vacuum Cleaner,5490107,1,5490107.0,Transfer,Delivered,TrendShop
TRX-11192,2025-03-29,Siti Aminah,Jekerte,Rumah Tangga,Sepatu Nike,7131530,1,7131530.0,COD,Delivered,SportMax
TRX-11193,2025/03/17,nanda pratama,Makassar,Makanan,Headphone JBL,2947706,2,5895412.0,Kartu Kredit,,SportMax
TRX-11194,2025-05-19,ahmad fauzi,Surabaya,Macanan,Laptop Asus,3251473,1,3251473.0,Transfer,pending,HomeEssence
TRX-11195,08-03-2025,Nanda Pratama,Sur,elektronik,Laptop Asus,6557660,100,655766000.0,Transfer,Pending,BeautyHub
TRX-11196,08/03/2025,SITI AMINAH,Medan,elektronik,Lipstik Wardah,6089523,0,0.0,Kartu Kredit,Pending,GadgetMart
TRX-11197,18/08/2025,SITI AMINAH,bandung,Kecantikan,Powerbank 10K,474528,1,334104.20126143337,Kartu Kredit,pending,PowerCell
TRX-11198,2025/05/27,Ahmad Fauzi,Denpasar,Kecantikan,Smartwatch,8040001,3,33093324.190177187,Kartu Kredit,Delivered,BeautyHub
TRX-11199,01-06-2025,Siti Aminah,Jakarta,kecantikan,Kaos Polos,6500219,15,97503285.0,Transfer,Delivered,GadgetMart
TRX-11200,12-08-2025,MEGA PUTRI,medan,Aksesoris,Lipstik Wardah,5315481,1,5315481.0,E-Wallet,Pending,PowerCell
TRX-11201,2025/06/09,budi santoso,medan,,Powerbank 10K,8577835,100,857783500.0,COD,Pending,HomeEssence
TRX-11202,2025-08-18,BUDI SANTOSO,Med,Olahraga,Laptop Asus,5880395,10,58803950.0,COD,pending,HomeEssence
TRX-11203,2025/05/05,AHMAD FAUZI,Med,,Sepatu Nike,9923863,3,29771589.0,Card,Pending,BeautyHub
TRX-11204,2025-06-09,MEGA PUTRI,jakarta,Fashion,Powerbank 10K,7892680,1,7892680.0,COD,Pending,GadgetMart
TRX-11205,2025/06/16,ANDI SAPUTRA,Meden,Acsesoris,Laptop Asus,9832924,100,983292400.0,Ewallet,Returned,GadgetMart
TRX-11206,09/03/2025,NANDA PRATAMA,Surebeye,Electronic,Sepatu Nike,6334725,10,63347250.0,COD,Canceled,PowerCell
TRX-11207,02-08-2025,NANDA PRATAMA,Jak,Acsesoris,Kaos Polos,7445873,1,7445873.0,Kartu Kredit,pending,TechZone
TRX-11208,07/07/2025,Budi Santoso,Medan,Electronic,Powerbank 10K,8393199,15,125897985.0,E-Wallet,Returned,GadgetMart
TRX-11209,2025-06-01,siti aminah,denpasar,fashion,Headphone JBL,4691094,0,0.0,Card,Canceled,BeautyHub
TRX-11210,06/05/2025,ANDI SAPUTRA,surabaya,rumah tangga,Sepatu Nike,7923491,1,7923491.0,Card,Pending,HomeEssence
TRX-11211,25/06/2025,SITI AMINAH,Mekesser,aksesoris,Lipstik Wardah,5925293,1,8705122.749287555,Kartu Kredit,Canceled,GadgetMart
TRX-11212,07-06-2025,nanda pratama,surabaya,,Headphone JBL,7393728,5,44670725.59848304,Card,Canceled,TrendShop
TRX-11213,2025-05-30,andi saputra,bandung,makanan,Laptop Asus,9114281,0,0.0,,pending,GadgetMart
TRX-11214,18-03-2025,Rudi Hartono,Den,elektronik,Lipstik Wardah,1144316,1,1144316.0,Kartu Kredit,Delivered,HomeEssence
TRX-11215,01/06/2025,rudi hartono,Ban,Acsesoris,Headphone JBL,6810403,2,13620806.0,Ewallet,Canceled,BeautyHub
TRX-11216,2025-05-30,Nanda Pratama,Yogyekerte,Kecantikan,Smartwatch,6670241,1,6670241.0,Card,Canceled,PowerCell
TRX-11217,2025-06-22,mega putri,Jekerte,makanan,Smartwatch,851849,100,85184900.0,COD,delivered,TechZone
TRX-11218,2025-06-17,Ahmad Fauzi,Denpeser,Aksesoriss,Vacuum Cleaner,7420131,1,4490589.801728451,E-Wallet,pending,HomeEssence
TRX-11219,2025/05/26,DEWI LESTARI,Mak,Macanan,Sepatu Nike,8861785,15,79906402.86773331,Kartu Kredit,Pending,BeautyHub
TRX-11220,13-06-2025,RUDI HARTONO,Med,Elektroniks,Vacuum Cleaner,9206484,100,920648400.0,Card,Returned,TechZone
TRX-11221,2025-07-23,BUDI SANTOSO,Jakarta,aksesoris,Sepatu Nike,5327420,15,79911300.0,Card,delivered,GadgetMart
TRX-11222,07-05-2025,andi saputra,Yogyekerte,Aksesoriss,Headphone JBL,1810511,10,18105110.0,Card,pending,SportMax
TRX-11223,26-08-2025,Andi Saputra,makassar,Electronic,Kaos Polos,7439844,1,7439844.0,Kartu Kredit,Delivered,HomeEssence
TRX-11224,15-05-2025,dewi lestari,Den,kecantikan,Lipstik Wardah,4189289,1,4189289.0,Transfer,Canceled,GadgetMart
TRX-11225,2025/07/25,Siti Aminah,Mak,Rumah Tanggas,Sepatu Nike,6440459,5,32202295.0,,Returned,SportMax
TRX-11226,2025-04-16,ahmad fauzi,makassar,Kecantican,Kaos Polos,6122310,5,30611550.0,Transfer,pending,GadgetMart
TRX-11227,2025/08/01,NANDA PRATAMA,Bendung,Fashion,Smartwatch,8353143,2,16706286.0,Kartu Kredit,Canceled,SportMax
TRX-11228,27/07/2025,siti aminah,Jakarta,,Lipstik Wardah,6018333,1,6018333.0,Ewallet,Pending,GadgetMart
TRX-11229,2025-03-23,Rudi Hartono,Jekerte,Acsesoris,Powerbank 10K,9364387,1,9364387.0,Ewallet,Canceled,GadgetMart
TRX-11230,24/06/2025,Mega Putri,Den,Olahraga,Sepatu Nike,5787580,10,57875800.0,,Delivered,TrendShop
TRX-11231,10/04/2025,Dewi Lestari,medan,aksesoris,Laptop Asus,275391,5,1376955.0,Kartu Kredit,pending,SportMax
TRX-11232,15/04/2025,Siti Aminah,surabaya,Elektroniks,Smartwatch,241387,15,3620805.0,Ewallet,delivered,TrendShop
TRX-11233,07-05-2025,SITI AMINAH,Mekesser,Rumah Tanggas,Lipstik Wardah,9812681,1,9812681.0,E-Wallet,Canceled,GadgetMart
TRX-11234,2025/08/12,Ahmad Fauzi,Sur,elektronik,Sepatu Nike,5646526,10,56465260.0,Card,Pending,SportMax
TRX-11235,27/03/2025,BUDI SANTOSO,Yogyekerte,Olahraga,Kaos Polos,3341070,1,3341070.0,Ewallet,,HomeEssence
TRX-11236,2025/03/24,rudi hartono,Surabaya,Makanans,Smartwatch,4517223,100,451722300.0,Transfer,Pending,TechZone
TRX-11237,04-03-2025,andi saputra,medan,Electronic,Kaos Polos,197745,15,2966175.0,E-Wallet,delivered,PowerCell
TRX-11238,2025-08-24,nanda pratama,yogyakarta,makanan,Smartwatch,187686,2,375372.0,Card,pending,PowerCell
TRX-11239,2025/06/24,RUDI HARTONO,Denpeser,Fashion,Headphone JBL,5729980,2,11459960.0,Transfer,pending,SportMax
TRX-11240,2025/06/03,Budi Santoso,Makassar,Olahragas,Powerbank 10K,3364344,15,50465160.0,COD,delivered,SportMax
TRX-11241,23/04/2025,Siti Aminah,Yogyekerte,Rumah Tangga,Sepatu Nike,2077320,100,300411037.5612031,Ewallet,pending,HomeEssence
TRX-11242,15-08-2025,mega putri,Yogyekerte,Fashion,Powerbank 10K,1997238,3,5123855.881342423,Card,Returned,PowerCell
TRX-11243,24-05-2025,Budi Santoso,Surebeye,fashion,Sepatu Nike,6380034,3,19140102.0,Card,Delivered,PowerCell
TRX-11244,16-04-2025,BUDI SANTOSO,,Olahraga,Headphone JBL,8647467,3,25942401.0,Transfer,Pending,TechZone
TRX-11245,2025-08-11,andi saputra,Med,Electronic,Kaos Polos,8130552,2,16261104.0,COD,pending,BeautyHub
TRX-11246,19-07-2025,SITI AMINAH,Ban,elektronik,Sepatu Nike,3289254,100,328925400.0,Kartu Kredit,pending,SportMax
TRX-11247,19/04/2025,siti aminah,Jakarta,Olahraga,Lipstik Wardah,6533485,2,13066970.0,Transfer,Canceled,HomeEssence
TRX-11248,25/03/2025,Siti Aminah,medan,olahraga,Sepatu Nike,1652970,1,1652970.0,,delivered,SportMax
TRX-11249,04-07-2025,Nanda Pratama,Yogyakarta,kecantikan,Sepatu Nike,4461887,3,13385661.0,Kartu Kredit,Pending,SportMax
TRX-11250,08-04-2025,andi saputra,Jekerte,Aksesoris,Kaos Polos,7516511,10,75165110.0,E-Wallet,delivered,BeautyHub
TRX-11251,22-03-2025,rudi hartono,surabaya,makanan,Lipstik Wardah,3460580,10,34605800.0,Kartu Kredit,Returned,GadgetMart
TRX-11252,16-03-2025,budi santoso,Jekerte,Electronic,Smartwatch,1470858,5,7354290.0,E-Wallet,Returned,SportMax
TRX-11253,2025/03/31,ANDI SAPUTRA,Denpasar,,Lipstik Wardah,9883673,1,9883673.0,Card,delivered,BeautyHub
TRX-11254,09/03/2025,AHMAD FAUZI,Jakarta,Electronic,Vacuum Cleaner,6057509,15,90862635.0,Ewallet,Delivered,SportMax
TRX-11255,17-03-2025,SITI AMINAH,Surabaya,Fashion,Smartwatch,4495818,2,8991636.0,COD,pending,PowerCell
TRX-11256,2025-06-09,rudi hartono,Bandung,Elektroniks,Laptop Asus,4145077,0,0.0,Transfer,Canceled,TechZone
TRX-11257,04/05/2025,Ahmad Fauzi,medan,Kecantikans,Headphone JBL,6313998,15,94709970.0,Ewallet,Pending,BeautyHub
TRX-11258,2025/04/20,MEGA PUTRI,Mak,Fashion,Vacuum Cleaner,9040499,0,0.0,Kartu Kredit,Returned,GadgetMart
TRX-11259,2025/07/05,rudi hartono,Surabaya,Rumah Tanggas,Headphone JBL,8197047,5,40985235.0,Kartu Kredit,Pending,HomeEssence
TRX-11260,01/07/2025,BUDI SANTOSO,Jakarta,Fashions,Kaos Polos,4073278,5,20366390.0,E-Wallet,Pending,HomeEssence
TRX-11261,2025/06/30,mega putri,Mak,Kecantican,Kaos Polos,9996749,15,149951235.0,Kartu Kredit,Pending,TechZone
TRX-11262,20-05-2025,Rudi Hartono,Makassar,Makanans,Kaos Polos,4834808,15,72522120.0,Transfer,Returned,TrendShop
TRX-11263,2025-07-19,Budi Santoso,Med,makanan,Smartwatch,4704419,1,4704419.0,Transfer,pending,BeautyHub
TRX-11264,03/03/2025,RUDI HARTONO,Surabaya,Olahraga,Powerbank 10K,7295136,0,0.0,E-Wallet,Pending,PowerCell
TRX-11265,15-05-2025,RUDI HARTONO,Jekerte,makanan,Lipstik Wardah,7482300,5,37411500.0,COD,Pending,HomeEssence
TRX-11266,04/05/2025,AHMAD FAUZI,Yogyekerte,Elektroniks,Kaos Polos,6971154,100,697115400.0,Ewallet,delivered,PowerCell
TRX-11267,15/03/2025,SITI AMINAH,Surabaya,Elektronik,Vacuum Cleaner,4557167,1,4557167.0,Transfer,delivered,HomeEssence
TRX-11268,24/07/2025,ahmad fauzi,jakarta,elektronik,Headphone JBL,1926336,1,1926336.0,Ewallet,Delivered,SportMax
TRX-11269,12-04-2025,Budi Santoso,Denpasar,,Headphone JBL,2937757,100,293775700.0,Kartu Kredit,delivered,HomeEssence
TRX-11270,02-04-2025,DEWI LESTARI,Mekesser,makanan,Smartwatch,6522973,1,6522973.0,E-Wallet,pending,GadgetMart
TRX-11271,10-07-2025,siti aminah,Mak,fashion,Lipstik Wardah,1711655,1,1711655.0,COD,Returned,PowerCell
TRX-11272,12/07/2025,AHMAD FAUZI,,Acsesoris,Powerbank 10K,9462528,10,86144153.39946899,Ewallet,Pending,GadgetMart
TRX-11273,22/05/2025,Ahmad Fauzi,Meden,Makanans,Smartwatch,3869712,2,7739424.0,Kartu Kredit,Returned,PowerCell
TRX-11274,2025/03/27,AHMAD FAUZI,,rumah tangga,Laptop Asus,7762079,3,23286237.0,COD,delivered,TrendShop
TRX-11275,2025/03/13,NANDA PRATAMA,Denpeser,Kecantican,Laptop Asus,2523199,1,2523199.0,Kartu Kredit,Delivered,BeautyHub
TRX-11276,25-07-2025,DEWI LESTARI,Medan,fashion,Sepatu Nike,8736283,100,873628300.0,,pending,GadgetMart
TRX-11277,28-05-2025,siti aminah,jakarta,makanan,Lipstik Wardah,4444643,1,4444643.0,Card,delivered,SportMax
TRX-11278,19/08/2025,MEGA PUTRI,denpasar,Fashions,Sepatu Nike,4272102,1,4272102.0,,Pending,SportMax
TRX-11279,28-06-2025,AHMAD FAUZI,Denpasar,,Kaos Polos,69477,1,35340.77408007365,Transfer,Canceled,SportMax
TRX-11280,2025-04-26,ahmad fauzi,bandung,Fashion,Kaos Polos,2537111,5,12685555.0,E-Wallet,,SportMax
TRX-11281,27-06-2025,nanda pratama,yogyakarta,Kecantican,Kaos Polos,6206738,1,6206738.0,COD,Pending,TrendShop
TRX-11282,16-03-2025,BUDI SANTOSO,,,Lipstik Wardah,6221638,1,6221638.0,COD,Delivered,HomeEssence
TRX-11283,26/08/2025,Nanda Pratama,Denpasar,Fashions,Smartwatch,1931297,1,1931297.0,COD,Delivered,BeautyHub
TRX-11284,2025/05/11,NANDA PRATAMA,makassar,Makanan,Smartwatch,4579275,0,0.0,Ewallet,Canceled,PowerCell
TRX-11285,2025-06-21,Ahmad Fauzi,bandung,Olahraga,Vacuum Cleaner,1185627,2,2371254.0,Transfer,pending,TrendShop
TRX-11286,2025/05/14,DEWI LESTARI,,Kecantikans,Headphone JBL,142036,0,0.0,Ewallet,Returned,TrendShop
TRX-11287,2025/07/12,Dewi Lestari,Mak,Olahraga,Smartwatch,8720304,2,17440608.0,COD,Delivered,HomeEssence
TRX-11288,26/04/2025,dewi lestari,Meden,Kecantikan,Lipstik Wardah,9428637,2,18857274.0,Card,Returned,HomeEssence
TRX-11289,2025-06-26,AHMAD FAUZI,,Aksesoris,Headphone JBL,4507335,0,0.0,COD,Returned,GadgetMart
TRX-11290,01-05-2025,ANDI SAPUTRA,Yog,Rumah Tanggas,Sepatu Nike,8160129,15,122401935.0,Ewallet,Returned,GadgetMart
TRX-11291,2025/03/19,siti aminah,Yog,olahraga,Smartwatch,7607845,2,15215690.0,Transfer,Returned,HomeEssence
TRX-11292,2025-07-01,AHMAD FAUZI,Jakarta,aksesoris,Kaos Polos,8202513,5,41012565.0,COD,Canceled,TechZone
TRX-11293,02/04/2025,Rudi Hartono,Denpasar,Elektronik,Sepatu Nike,4814812,1,4814812.0,Ewallet,Delivered,TrendShop
TRX-11294,13-07-2025,AHMAD FAUZI,Jakarta,elektronik,Laptop Asus,1618146,3,4854438.0,Transfer,Pending,TechZone
TRX-11295,2025-07-26,andi saputra,denpasar,Fashion,Kaos Polos,2236268,10,22362680.0,Card,delivered,TrendShop
TRX-11296,21-05-2025,RUDI HARTONO,medan,Macanan,Headphone JBL,2921656,15,43824840.0,Ewallet,Delivered,TechZone
TRX-11297,14/07/2025,rudi hartono,bandung,Rumah Tangga,Kaos Polos,4758569,100,475856900.0,E-Wallet,Pending,TrendShop
TRX-11298,17-03-2025,DEWI LESTARI,Med,Fashions,Lipstik Wardah,6745233,3,20235699.0,Card,,BeautyHub
TRX-11299,2025-04-27,dewi lestari,,Elektronik,Kaos Polos,145556,15,2183340.0,Card,Delivered,BeautyHub
TRX-11300,21-05-2025,BUDI SANTOSO,Denpeser,Elektronik,Sepatu Nike,6189353,1,6189353.0,E-Wallet,,HomeEssence
TRX-11301,2025-08-16,DEWI LESTARI,Den,,Smartwatch,5700352,0,0.0,E-Wallet,,PowerCell
TRX-11302,10/05/2025,RUDI HARTONO,,Rumah Tangga,Vacuum Cleaner,109778,100,10977800.0,Kartu Kredit,Canceled,SportMax
TRX-11303,06-06-2025,nanda pratama,medan,Fashions,Vacuum Cleaner,8125042,1,8125042.0,COD,Canceled,GadgetMart
TRX-11304,02/07/2025,mega putri,Jekerte,aksesoris,Powerbank 10K,2223513,3,6670539.0,COD,Pending,TechZone
TRX-11305,2025-03-22,mega putri,Ban,kecantikan,Headphone JBL,8960762,5,44803810.0,COD,Canceled,SportMax
TRX-11306,2025/04/08,Rudi Hartono,Meden,Makanans,Powerbank 10K,1061930,3,3185790.0,Card,Delivered,PowerCell
TRX-11307,2025-03-20,budi santoso,Yogyekerte,Olahraga,Powerbank 10K,1835818,15,27537270.0,Kartu Kredit,Pending,GadgetMart
TRX-11308,26-07-2025,andi saputra,yogyakarta,Kecantican,Vacuum Cleaner,6012859,1,6012859.0,Ewallet,,BeautyHub
TRX-11309,2025/05/23,AHMAD FAUZI,surabaya,Kecantikans,Kaos Polos,9720114,1,8456581.960751245,COD,Pending,PowerCell
TRX-11310,05/08/2025,AHMAD FAUZI,Med,Olahraga,Sepatu Nike,4374660,1,4374660.0,COD,Canceled,SportMax
TRX-11311,28/07/2025,Rudi Hartono,Meden,Electronic,Kaos Polos,787090,3,2361270.0,COD,delivered,PowerCell
TRX-11312,2025-03-27,nanda pratama,Mak,Elektroniks,Vacuum Cleaner,1102425,15,16536375.0,E-Wallet,pending,TrendShop
TRX-11313,2025/06/04,andi saputra,bandung,Rumah Tangga,Sepatu Nike,2766207,3,8298621.0,Ewallet,Returned,BeautyHub
TRX-11314,08/06/2025,dewi lestari,Med,olahraga,Laptop Asus,101707,1,101707.0,Ewallet,delivered,TechZone
TRX-11315,2025/08/04,ANDI SAPUTRA,Ban,Fashions,Vacuum Cleaner,9527571,0,0.0,Transfer,Canceled,PowerCell
TRX-11316,22/05/2025,siti aminah,Jakarta,Rumah Tanggas,Kaos Polos,1927145,15,28907175.0,COD,Returned,HomeEssence
TRX-11317,10-03-2025,SITI AMINAH,Med,Electronic,Smartwatch,9273482,3,27820446.0,Card,delivered,GadgetMart
TRX-11318,2025/08/26,SITI AMINAH,Ban,Elektronik,Headphone JBL,828799,2,1657598.0,Ewallet,Returned,PowerCell
TRX-11319,01/07/2025,AHMAD FAUZI,Medan,Rumah Tanggas,Sepatu Nike,7129701,1,7129701.0,E-Wallet,delivered,SportMax
TRX-11320,2025-06-06,dewi lestari,Makassar,Olahraga,Powerbank 10K,1872744,0,0.0,Transfer,,TrendShop
TRX-11321,2025-06-21,SITI AMINAH,Bandung,Acsesoris,Sepatu Nike,3893139,5,19465695.0,Kartu Kredit,Canceled,SportMax
TRX-11322,2025-04-18,nanda pratama,Makassar,Olahragas,Vacuum Cleaner,4497395,1,4497395.0,Ewallet,Delivered,SportMax
TRX-11323,07/07/2025,Nanda Pratama,Jak,fashion,Headphone JBL,7496153,1,7496153.0,Ewallet,Delivered,TechZone
TRX-11324,12/05/2025,Nanda Pratama,jakarta,,Powerbank 10K,314237,100,31423700.0,COD,delivered,PowerCell
TRX-11325,2025/08/07,MEGA PUTRI,Yogyekerte,Electronic,Smartwatch,2564719,3,9346417.001109011,Kartu Kredit,delivered,TechZone
TRX-11326,2025-08-23,RUDI HARTONO,jakarta,Fashions,Headphone JBL,4052981,0,0.0,Transfer,delivered,PowerCell
TRX-11327,13/05/2025,Mega Putri,Bandung,,Lipstik Wardah,2229441,3,6688323.0,Ewallet,Returned,TrendShop
TRX-11328,25/08/2025,dewi lestari,Ban,Kecantikans,Kaos Polos,9888074,2,19776148.0,,Delivered,GadgetMart
TRX-11329,05-07-2025,Rudi Hartono,Jakarta,Makanan,Laptop Asus,1884907,1,1884907.0,Ewallet,pending,HomeEssence
TRX-11330,2025/06/01,RUDI HARTONO,Den,Kecantikans,Headphone JBL,4377802,15,65667030.0,COD,delivered,SportMax
TRX-11331,2025/08/02,RUDI HARTONO,Jak,elektronik,Powerbank 10K,5382889,1,5382889.0,COD,Returned,HomeEssence
TRX-11332,31-05-2025,ahmad fauzi,medan,Makanans,Lipstik Wardah,94816,15,1422240.0,Card,Pending,TechZone
TRX-11333,2025-04-10,Andi Saputra,Makassar,Aksesoris,Lipstik Wardah,7131905,1,7131905.0,E-Wallet,Returned,GadgetMart
TRX-11334,15/08/2025,Budi Santoso,surabaya,rumah tangga,Vacuum Cleaner,7138166,0,0.0,E-Wallet,Delivered,PowerCell
TRX-11335,29-07-2025,andi saputra,Denpasar,Electronic,Powerbank 10K,1947951,1,1947951.0,COD,Delivered,HomeEssence
TRX-11336,2025-04-16,Nanda Pratama,Jakarta,elektronik,Smartwatch,9328463,0,0.0,Ewallet,pending,BeautyHub
TRX-11337,2025/06/18,Dewi Lestari,Yogyekerte,elektronik,Laptop Asus,5526420,1,6510229.230141559,Transfer,,GadgetMart
TRX-11338,09-04-2025,nanda pratama,Bandung,Olahraga,Kaos Polos,8250252,1,8250252.0,E-Wallet,pending,PowerCell
TRX-11339,01-05-2025,rudi hartono,,aksesoris,Laptop Asus,5474441,0,0.0,Transfer,pending,TechZone
TRX-11340,14-05-2025,Nanda Pratama,Yogyakarta,Kecantican,Kaos Polos,4573535,1,4573535.0,Kartu Kredit,Returned,BeautyHub
TRX-11341,02/06/2025,AHMAD FAUZI,surabaya,Kecantican,Vacuum Cleaner,9807999,5,49039995.0,Kartu Kredit,Canceled,GadgetMart
TRX-11342,2025/07/16,Dewi Lestari,Denpeser,Rumah Tanggas,Sepatu Nike,9291937,3,27875811.0,Transfer,delivered,PowerCell
TRX-11343,05/07/2025,ahmad fauzi,Yogyekerte,makanan,Headphone JBL,5691379,10,56913790.0,Card,Pending,BeautyHub
TRX-11344,2025/08/21,SITI AMINAH,bandung,,Kaos Polos,8177333,0,0.0,Transfer,delivered,BeautyHub
TRX-11345,2025-06-28,BUDI SANTOSO,Jak,olahraga,Laptop Asus,8286781,10,82867810.0,,Returned,TechZone
TRX-11346,2025/08/26,AHMAD FAUZI,Meden,Fashion,Vacuum Cleaner,5252413,100,525241300.0,Transfer,Pending,HomeEssence
TRX-11347,12-05-2025,SITI AMINAH,denpasar,Rumah Tangga,Kaos Polos,6816886,0,0.0,Transfer,pending,PowerCell
TRX-11348,28/03/2025,mega putri,denpasar,,Laptop Asus,5181104,3,8255013.276289166,Transfer,Pending,TrendShop
TRX-11349,2025-04-06,budi santoso,Medan,Macanan,Vacuum Cleaner,9631111,2,21141460.991088804,E-Wallet,,PowerCell
TRX-11350,02/03/2025,dewi lestari,,Rumah Tangga,Smartwatch,5809420,100,580942000.0,,Canceled,PowerCell
TRX-11351,2025-06-15,DEWI LESTARI,Meden,Aksesoris,Vacuum Cleaner,5356490,3,16069470.0,Ewallet,Canceled,HomeEssence
TRX-11352,15-08-2025,andi saputra,Jekerte,Aksesoris,Smartwatch,4943091,1,4943091.0,Transfer,Delivered,TrendShop
TRX-11353,2025-06-15,nanda pratama,Yog,Fashions,Headphone JBL,6519723,1,6519723.0,Ewallet,pending,SportMax
TRX-11354,06-06-2025,RUDI HARTONO,Medan,elektronik,Headphone JBL,394126,3,1182378.0,Kartu Kredit,Delivered,BeautyHub
TRX-11355,17/07/2025,nanda pratama,Yogyekerte,Aksesoris,Lipstik Wardah,5157385,15,77360775.0,Card,delivered,GadgetMart
TRX-11356,04/03/2025,nanda pratama,denpasar,Electronic,Sepatu Nike,1720357,5,8601785.0,Card,Pending,SportMax
TRX-11357,2025-04-30,rudi hartono,medan,Elektroniks,Powerbank 10K,3380922,3,10142766.0,Transfer,Canceled,TrendShop
TRX-11358,27/05/2025,AHMAD FAUZI,Mekesser,Fashions,Kaos Polos,5759635,0,0.0,COD,Pending,HomeEssence
TRX-11359,2025-04-24,nanda pratama,Surebeye,Electronic,Kaos Polos,8736594,3,26209782.0,Transfer,Canceled,GadgetMart
TRX-11360,29-06-2025,Budi Santoso,Jak,Rumah Tangga,Smartwatch,9292213,3,27876639.0,COD,,TechZone
TRX-11361,2025-05-24,Siti Aminah,makassar,rumah tangga,Smartwatch,1365823,2,2731646.0,Ewallet,Canceled,BeautyHub
TRX-11362,2025/05/31,Nanda Pratama,denpasar,Olahragas,Kaos Polos,723812,1,723812.0,COD,Pending,TrendShop
TRX-11363,2025/06/17,SITI AMINAH,Yogyekerte,,Headphone JBL,9796734,1,9796734.0,Transfer,Delivered,BeautyHub
TRX-11364,2025/05/22,andi saputra,denpasar,kecantikan,Smartwatch,4589170,1,4589170.0,COD,pending,GadgetMart
TRX-11365,08-05-2025,Nanda Pratama,jakarta,Makanan,Powerbank 10K,702416,1,702416.0,Ewallet,Pending,SportMax
TRX-11366,2025-07-18,NANDA PRATAMA,jakarta,Fashions,Sepatu Nike,8211562,10,82115620.0,E-Wallet,Returned,TechZone
TRX-11367,23-03-2025,andi saputra,Denpeser,elektronik,Sepatu Nike,4241896,2,8483792.0,Ewallet,Pending,HomeEssence
TRX-11368,30/04/2025,NANDA PRATAMA,Denpeser,,Laptop Asus,9613454,100,961345400.0,E-Wallet,,SportMax
TRX-11369,2025-04-21,MEGA PUTRI,Jekerte,Elektronik,Powerbank 10K,6673063,15,100095945.0,Transfer,Canceled,PowerCell
TRX-11370,24-04-2025,dewi lestari,Yog,Kecantican,Lipstik Wardah,5274237,5,26371185.0,Kartu Kredit,delivered,GadgetMart
TRX-11371,04-06-2025,siti aminah,Surabaya,Rumah Tanggas,Sepatu Nike,5210324,1,5210324.0,Ewallet,pending,TechZone
TRX-11372,2025/06/18,dewi lestari,Den,olahraga,Sepatu Nike,7471289,100,747128900.0,E-Wallet,Pending,BeautyHub
TRX-11373,08/04/2025,ahmad fauzi,Ban,Olahragas,Lipstik Wardah,5697183,0,0.0,Kartu Kredit,pending,HomeEssence
TRX-11374,21/06/2025,SITI AMINAH,surabaya,Rumah Tangga,Sepatu Nike,4368420,15,65526300.0,Kartu Kredit,delivered,BeautyHub
TRX-11375,06/03/2025,BUDI SANTOSO,Yog,rumah tangga,Laptop Asus,3255228,1,3255228.0,,Canceled,TrendShop
TRX-11376,08-04-2025,Ahmad Fauzi,Meden,Rumah Tangga,Smartwatch,8932600,3,26797800.0,COD,Canceled,BeautyHub
TRX-11377,2025-03-05,Dewi Lestari,Meden,Elektronik,Laptop Asus,5030137,5,25150685.0,E-Wallet,Returned,GadgetMart
TRX-11378,2025/05/15,Mega Putri,Surabaya,Makanans,Kaos Polos,3941151,1,3941151.0,Kartu Kredit,Canceled,TechZone
TRX-11379,05/08/2025,Siti Aminah,Surabaya,Elektronik,Lipstik Wardah,7397000,3,22191000.0,Ewallet,Canceled,TrendShop
TRX-11380,2025-03-29,Mega Putri,Jakarta,Elektronik,Sepatu Nike,9318462,2,18636924.0,Card,Canceled,PowerCell
TRX-11381,26-05-2025,Rudi Hartono,Ban,Olahraga,Laptop Asus,8601795,5,43008975.0,Ewallet,delivered,PowerCell
TRX-11382,14/04/2025,siti aminah,Bandung,Fashion,Lipstik Wardah,5298400,5,26492000.0,Transfer,Delivered,TrendShop
TRX-11383,12-06-2025,Rudi Hartono,medan,fashion,Lipstik Wardah,2794804,3,8384412.0,COD,pending,PowerCell
TRX-11384,16-06-2025,mega putri,bandung,Elektronik,Vacuum Cleaner,5232101,3,15696303.0,Kartu Kredit,,HomeEssence
TRX-11385,02-04-2025,Mega Putri,Mak,Fashions,Vacuum Cleaner,6406381,0,0.0,Ewallet,Canceled,PowerCell
TRX-11386,2025-07-04,NANDA PRATAMA,,Aksesoriss,Laptop Asus,7289914,100,728991400.0,Card,Delivered,BeautyHub
TRX-11387,30-06-2025,siti aminah,bandung,Kecantican,Vacuum Cleaner,7895870,1,7895870.0,Card,Canceled,TrendShop
TRX-11388,11-08-2025,Nanda Pratama,yogyakarta,Rumah Tangga,Smartwatch,5322225,15,79833375.0,Transfer,Returned,BeautyHub
TRX-11389,2025/03/28,ahmad fauzi,Jekerte,Makanans,Vacuum Cleaner,6672766,3,15112328.239790656,COD,Canceled,PowerCell
TRX-11390,2025/07/05,Nanda Pratama,bandung,aksesoris,Headphone JBL,3502814,10,35028140.0,E-Wallet,Delivered,SportMax
TRX-11391,11/05/2025,BUDI SANTOSO,Bandung,Olahraga,Lipstik Wardah,8088762,15,173747832.44817537,Kartu Kredit,Pending,PowerCell
TRX-11392,22/08/2025,mega putri,denpasar,Fashions,Lipstik Wardah,1659184,1,1659184.0,Transfer,Pending,SportMax
TRX-11393,2025-05-13,ANDI SAPUTRA,yogyakarta,Kecantikans,Vacuum Cleaner,7387895,100,738789500.0,COD,,SportMax
TRX-11394,04/08/2025,Budi Santoso,Denpasar,kecantikan,Kaos Polos,534273,1,534273.0,Ewallet,Canceled,HomeEssence
TRX-11395,19/07/2025,SITI AMINAH,bandung,Aksesoris,Sepatu Nike,5163728,1,5163728.0,E-Wallet,delivered,SportMax
TRX-11396,2025-06-01,andi saputra,bandung,Elektroniks,Powerbank 10K,5436159,0,0.0,COD,delivered,SportMax
TRX-11397,2025/05/03,dewi lestari,Bendung,Fashion,Laptop Asus,5500652,5,27503260.0,Ewallet,Delivered,TechZone
TRX-11398,06-07-2025,Siti Aminah,Surebeye,Olahragas,Vacuum Cleaner,2916457,0,0.0,Card,Returned,BeautyHub
TRX-11399,10-05-2025,AHMAD FAUZI,Mekesser,Acsesoris,Vacuum Cleaner,4364380,2,8728760.0,Kartu Kredit,Pending,SportMax
TRX-11400,2025-03-26,Rudi Hartono,Mak,Acsesoris,Kaos Polos,4961408,1,4961408.0,Kartu Kredit,Returned,GadgetMart
TRX-11401,2025/03/07,Ahmad Fauzi,Surebeye,Fashion,Laptop Asus,9598902,2,19197804.0,Card,Pending,GadgetMart
TRX-11402,01/05/2025,dewi lestari,bandung,elektronik,Smartwatch,7953402,15,119301030.0,Kartu Kredit,Returned,HomeEssence
TRX-11403,09-07-2025,Ahmad Fauzi,medan,Makanan,Laptop Asus,9003038,2,18006076.0,Card,Delivered,PowerCell
TRX-11404,2025/08/07,andi saputra,Meden,Rumah Tanggas,Kaos Polos,9354088,3,28062264.0,E-Wallet,delivered,BeautyHub
TRX-11405,03-08-2025,andi saputra,Jak,kecantikan,Lipstik Wardah,8480664,10,84806640.0,COD,Delivered,TechZone
TRX-11406,25/04/2025,Dewi Lestari,,Rumah Tangga,Headphone JBL,823952,15,12359280.0,E-Wallet,delivered,GadgetMart
TRX-11407,2025/05/25,ahmad fauzi,Surabaya,Aksesoris,Smartwatch,1387768,1,1387768.0,Kartu Kredit,delivered,TechZone
TRX-11408,2025-06-16,siti aminah,,Rumah Tangga,Powerbank 10K,6909698,3,20729094.0,COD,Delivered,BeautyHub
TRX-11409,04-08-2025,dewi lestari,Bandung,Electronic,Headphone JBL,1279458,1,1279458.0,COD,Returned,BeautyHub
TRX-11410,16/08/2025,Mega Putri,Med,Fashion,Kaos Polos,6346450,2,12692900.0,Transfer,Canceled,HomeEssence
TRX-11411,21-08-2025,Budi Santoso,medan,,Kaos Polos,4805997,15,69177973.61572719,E-Wallet,delivered,HomeEssence
TRX-11412,2025/07/24,nanda pratama,Mak,Rumah Tangga,Powerbank 10K,1543551,1,1543551.0,Card,delivered,BeautyHub
TRX-11413,2025/07/14,Rudi Hartono,,Makanans,Lipstik Wardah,8793662,15,131904930.0,Ewallet,Canceled,GadgetMart
TRX-11414,12-06-2025,ANDI SAPUTRA,Sur,elektronik,Laptop Asus,1216670,1,1216670.0,COD,Pending,GadgetMart
TRX-11415,26/04/2025,BUDI SANTOSO,Mak,Makanans,Vacuum Cleaner,5369728,1,5369728.0,E-Wallet,Delivered,TrendShop
TRX-11416,05/05/2025,NANDA PRATAMA,Jak,Elektroniks,Vacuum Cleaner,7134364,3,21403092.0,COD,Returned,GadgetMart
TRX-11417,2025-05-18,ahmad fauzi,Jak,Fashions,Smartwatch,4687203,100,468720300.0,Kartu Kredit,delivered,TrendShop
TRX-11418,06-05-2025,Mega Putri,surabaya,olahraga,Sepatu Nike,5896866,1,5896866.0,E-Wallet,delivered,GadgetMart
TRX-11419,2025-05-03,Budi Santoso,Jakarta,Fashions,Smartwatch,9960330,5,49801650.0,Card,pending,TrendShop
TRX-11420,2025-05-01,andi saputra,Bandung,Fashion,Sepatu Nike,9904523,1,9904523.0,Card,,HomeEssence
TRX-11421,2025-05-14,Andi Saputra,Sur,Elektronik,Kaos Polos,2109385,1,2109385.0,Ewallet,Delivered,SportMax
TRX-11422,01/05/2025,siti aminah,Denpeser,Electronic,Lipstik Wardah,9273048,1,9273048.0,Ewallet,,SportMax
TRX-11423,2025/04/30,Siti Aminah,Med,Fashion,Smartwatch,9138503,15,137077545.0,Card,Canceled,TechZone
TRX-11424,11-08-2025,AHMAD FAUZI,Bendung,Aksesoriss,Sepatu Nike,3872727,15,58090905.0,E-Wallet,Canceled,HomeEssence
TRX-11425,27-04-2025,Mega Putri,Den,Rumah Tangga,Laptop Asus,3099316,5,15496580.0,,,TrendShop
TRX-11426,2025-04-27,Budi Santoso,Makassar,Fashion,Smartwatch,3010883,0,0.0,Card,Delivered,PowerCell
TRX-11427,2025/06/07,AHMAD FAUZI,Bendung,Makanans,Kaos Polos,956450,5,4782250.0,Card,pending,BeautyHub
TRX-11428,2025/05/31,rudi hartono,Yogyakarta,kecantikan,Vacuum Cleaner,608981,100,60898100.0,Transfer,Delivered,TechZone
TRX-11429,2025/07/23,Mega Putri,Denpeser,Makanans,Sepatu Nike,1847519,5,9237595.0,E-Wallet,,HomeEssence
TRX-11430,09-07-2025,AHMAD FAUZI,denpasar,elektronik,Lipstik Wardah,7733647,100,773364700.0,Kartu Kredit,Canceled,TrendShop
TRX-11431,2025-04-05,Siti Aminah,Mekesser,kecantikan,Powerbank 10K,4441401,2,8882802.0,Transfer,pending,PowerCell
TRX-11432,2025/05/01,ahmad fauzi,Jakarta,makanan,Laptop Asus,1023737,100,102373700.0,Card,pending,SportMax
TRX-11433,2025/03/13,MEGA PUTRI,makassar,Makanan,Smartwatch,7953498,3,23860494.0,Ewallet,delivered,PowerCell
TRX-11434,16-03-2025,andi saputra,Surabaya,Makanan,Smartwatch,5748618,15,86229270.0,Kartu Kredit,Returned,BeautyHub
TRX-11435,09/04/2025,AHMAD FAUZI,Bendung,Kecantican,Headphone JBL,9134140,1,9134140.0,Card,delivered,PowerCell
TRX-11436,02-06-2025,Dewi Lestari,makassar,elektronik,Smartwatch,6286893,100,628689300.0,Transfer,Returned,TechZone
TRX-11437,2025-04-13,DEWI LESTARI,Denpeser,,Headphone JBL,1855518,0,0.0,Ewallet,Pending,BeautyHub
TRX-11438,2025/03/02,Budi Santoso,Med,fashion,Headphone JBL,3649537,1,3649537.0,Transfer,Canceled,HomeEssence
TRX-11439,29/05/2025,Nanda Pratama,jakarta,Rumah Tangga,Powerbank 10K,6739558,1,6739558.0,Card,Canceled,GadgetMart
TRX-11440,01/05/2025,Mega Putri,yogyakarta,Kecantikan,Lipstik Wardah,6060224,3,18180672.0,Ewallet,pending,BeautyHub
TRX-11441,2025-08-13,Budi Santoso,Denpasar,Aksesoris,Laptop Asus,9237266,0,0.0,E-Wallet,Pending,TechZone
TRX-11442,20-08-2025,Ahmad Fauzi,Mekesser,Olahraga,Smartwatch,7346991,2,14693982.0,E-Wallet,Delivered,PowerCell
TRX-11443,2025-06-30,Ahmad Fauzi,medan,Olahraga,Headphone JBL,4833725,1,4833725.0,Ewallet,Delivered,TechZone
TRX-11444,13/07/2025,siti aminah,bandung,Macanan,Headphone JBL,2800025,5,14000125.0,,,TechZone
TRX-11445,10-07-2025,Rudi Hartono,Bendung,Aksesoris,Laptop Asus,2564399,5,12821995.0,Kartu Kredit,delivered,SportMax
TRX-11446,27-06-2025,mega putri,Yog,Fashion,Headphone JBL,1005205,10,10052050.0,Transfer,delivered,PowerCell
TRX-11447,2025-05-23,AHMAD FAUZI,Surebeye,Rumah Tangga,Sepatu Nike,1016649,2,2033298.0,Transfer,Pending,SportMax
TRX-11448,2025-05-23,BUDI SANTOSO,Bendung,Macanan,Kaos Polos,5030939,0,0.0,Transfer,pending,PowerCell
TRX-11449,28/03/2025,DEWI LESTARI,Denpeser,Kecantikan,Kaos Polos,7626126,3,18307395.131835513,COD,pending,PowerCell
TRX-11450,09-05-2025,siti aminah,Surebeye,Electronic,Kaos Polos,5111500,2,10223000.0,Card,Canceled,GadgetMart
TRX-11451,2025-06-04,andi saputra,surabaya,Rumah Tangga,Powerbank 10K,5243378,2,10486756.0,Ewallet,delivered,SportMax
TRX-11452,2025-04-29,Ahmad Fauzi,Jak,Acsesoris,Sepatu Nike,7980221,10,79802210.0,COD,delivered,TrendShop
TRX-11453,2025-08-04,Rudi Hartono,,Aksesoris,Lipstik Wardah,324535,3,973605.0,Card,Canceled,TechZone
TRX-11454,24-07-2025,andi saputra,Medan,Rumah Tangga,Lipstik Wardah,4866129,10,48661290.0,COD,Delivered,TechZone
TRX-11455,2025-05-14,budi santoso,Jekerte,Acsesoris,Vacuum Cleaner,967472,3,2902416.0,E-Wallet,Pending,BeautyHub
TRX-11456,03/07/2025,budi santoso,bandung,Rumah Tangga,Headphone JBL,3699279,3,11097837.0,Card,pending,TrendShop
TRX-11457,23/08/2025,rudi hartono,,olahraga,Smartwatch,3271131,100,327113100.0,Transfer,Returned,TrendShop
TRX-11458,17-06-2025,RUDI HARTONO,Sur,Fashions,Vacuum Cleaner,4267690,1,4267690.0,E-Wallet,Canceled,TrendShop
TRX-11459,2025-06-03,mega putri,Yogyekerte,Elektronik,Vacuum Cleaner,5583326,0,0.0,Card,Canceled,HomeEssence
TRX-11460,04/04/2025,SITI AMINAH,Makassar,rumah tangga,Powerbank 10K,4713754,2,9427508.0,COD,Pending,HomeEssence
TRX-11461,2025-08-05,BUDI SANTOSO,medan,,Kaos Polos,1243982,2,2487964.0,Card,Pending,HomeEssence
TRX-11462,2025-04-04,andi saputra,Jak,Fashions,Powerbank 10K,556453,3,1669359.0,Card,Delivered,SportMax
TRX-11463,2025/08/06,ahmad fauzi,Med,makanan,Powerbank 10K,2557743,1,2557743.0,E-Wallet,Pending,SportMax
TRX-11464,07/08/2025,nanda pratama,Surebeye,Electronic,Headphone JBL,5127198,100,512719800.0,COD,Delivered,SportMax
TRX-11465,2025-06-07,NANDA PRATAMA,surabaya,Makanan,Lipstik Wardah,3974482,2,7948964.0,E-Wallet,Pending,GadgetMart
TRX-11466,2025-05-24,NANDA PRATAMA,Jekerte,Kecantican,Laptop Asus,4340697,1,4340697.0,Card,Canceled,SportMax
TRX-11467,25-03-2025,mega putri,Bendung,Fashions,Powerbank 10K,6936940,1,5094634.185866079,Kartu Kredit,Returned,TrendShop
TRX-11468,18/08/2025,budi santoso,Yog,Olahraga,Kaos Polos,1528081,100,152808100.0,Card,delivered,SportMax
TRX-11469,2025/04/30,Mega Putri,Jakarta,Fashion,Lipstik Wardah,3121640,1,3121640.0,Card,delivered,SportMax
TRX-11470,17/04/2025,NANDA PRATAMA,jakarta,,Vacuum Cleaner,5303974,10,53039740.0,Transfer,Returned,TrendShop
TRX-11471,17/07/2025,BUDI SANTOSO,Surebeye,Kecantican,Laptop Asus,1734449,5,8672245.0,Card,delivered,BeautyHub
TRX-11472,2025/03/28,budi santoso,medan,Fashion,Headphone JBL,1483284,2,2966568.0,E-Wallet,Returned,SportMax
TRX-11473,20/04/2025,ahmad fauzi,Bendung,Olahraga,Kaos Polos,7150052,1,7150052.0,COD,Pending,GadgetMart
TRX-11474,2025-07-10,rudi hartono,Medan,Elektroniks,Powerbank 10K,7223877,0,0.0,,Pending,PowerCell
TRX-11475,2025-08-17,andi saputra,,Electronic,Smartwatch,1151267,3,3453801.0,,Canceled,TrendShop
TRX-11476,2025-07-31,budi santoso,denpasar,Elektroniks,Lipstik Wardah,468829,1,468829.0,Card,pending,HomeEssence
TRX-11477,2025-08-02,Nanda Pratama,Denpeser,Kecantikan,Kaos Polos,7567750,3,22703250.0,COD,delivered,PowerCell
TRX-11478,2025-06-28,MEGA PUTRI,Sur,Aksesoriss,Powerbank 10K,1277222,2,1526308.8476658145,Card,delivered,TechZone
TRX-11479,2025/08/19,Rudi Hartono,denpasar,Fashion,Powerbank 10K,1593812,5,7969060.0,COD,Pending,TrendShop
TRX-11480,2025/08/16,Nanda Pratama,Yogyekerte,fashion,Headphone JBL,7881038,15,118215570.0,Card,Pending,PowerCell
TRX-11481,2025/07/28,Mega Putri,Yogyakarta,aksesoris,Smartwatch,7354000,5,36770000.0,COD,Canceled,TechZone
TRX-11482,04/03/2025,Mega Putri,jakarta,Fashion,Powerbank 10K,4523447,3,13570341.0,Kartu Kredit,,HomeEssence
TRX-11483,22/08/2025,DEWI LESTARI,Mak,makanan,Laptop Asus,6189996,1,6189996.0,Kartu Kredit,Pending,BeautyHub
TRX-11484,26-07-2025,dewi lestari,surabaya,Rumah Tangga,Laptop Asus,7787777,0,0.0,Kartu Kredit,delivered,GadgetMart
TRX-11485,2025-06-27,BUDI SANTOSO,Bandung,Fashion,Smartwatch,1857402,10,18574020.0,Card,delivered,HomeEssence
TRX-11486,26/06/2025,ANDI SAPUTRA,bandung,aksesoris,Laptop Asus,9098595,3,27295785.0,Ewallet,delivered,BeautyHub
TRX-11487,2025-07-09,RUDI HARTONO,Makassar,Kecantikan,Lipstik Wardah,9986027,10,99860270.0,Ewallet,Pending,SportMax
TRX-11488,29/05/2025,andi saputra,medan,fashion,Kaos Polos,5836572,1,5836572.0,Ewallet,Returned,TechZone
TRX-11489,06-04-2025,BUDI SANTOSO,Den,makanan,Lipstik Wardah,7612160,3,22836480.0,E-Wallet,Delivered,TechZone
TRX-11490,2025-05-05,ANDI SAPUTRA,Yogyakarta,Aksesoris,Kaos Polos,1908997,100,190899700.0,Card,pending,BeautyHub
TRX-11491,2025-05-14,BUDI SANTOSO,Bendung,Aksesoris,Smartwatch,5025467,10,50254670.0,Ewallet,,PowerCell
TRX-11492,2025-04-12,ANDI SAPUTRA,Ban,Kecantikans,Kaos Polos,5238757,1,5238757.0,Ewallet,pending,PowerCell
TRX-11493,2025/03/08,Dewi Lestari,jakarta,Olahragas,Lipstik Wardah,571244,10,5712440.0,Transfer,Pending,TrendShop
TRX-11494,2025/08/05,andi saputra,,Elektroniks,Smartwatch,6963744,1,7654628.521766967,Transfer,pending,PowerCell
TRX-11495,24/06/2025,mega putri,,Electronic,Lipstik Wardah,875782,5,4378910.0,Kartu Kredit,Returned,BeautyHub
TRX-11496,2025-04-14,rudi hartono,Ban,olahraga,Sepatu Nike,5809919,2,11619838.0,,Canceled,PowerCell
TRX-11497,27/05/2025,MEGA PUTRI,Jakarta,Rumah Tanggas,Headphone JBL,7655503,15,114832545.0,COD,Returned,BeautyHub
TRX-11498,10-08-2025,Ahmad Fauzi,denpasar,Fashion,Headphone JBL,5780482,1,5780482.0,Transfer,Delivered,SportMax
TRX-11499,06-04-2025,DEWI LESTARI,Jakarta,Kecantican,Powerbank 10K,6650430,5,33252150.0,,Returned,TrendShop
TRX-11500,26/04/2025,MEGA PUTRI,denpasar,Olahraga,Vacuum Cleaner,761943,2,1523886.0,COD,pending,TechZone
TRX-11501,18/06/2025,MEGA PUTRI,Yog,rumah tangga,Lipstik Wardah,2671158,2,5342316.0,COD,Delivered,TrendShop
TRX-11502,27-06-2025,siti aminah,Yogyekerte,Fashion,Lipstik Wardah,6193243,0,0.0,E-Wallet,Delivered,GadgetMart
TRX-11503,2025-03-17,mega putri,Yogyekerte,Fashion,Sepatu Nike,4280207,100,428020700.0,Transfer,Pending,GadgetMart
TRX-11504,02/06/2025,ahmad fauzi,,kecantikan,Headphone JBL,5908204,1,5908204.0,Kartu Kredit,Returned,PowerCell
TRX-11505,11-03-2025,dewi lestari,Makassar,aksesoris,Kaos Polos,1540017,1,1540017.0,Ewallet,pending,BeautyHub
TRX-11506,10/05/2025,dewi lestari,yogyakarta,Makanan,Sepatu Nike,691593,1,820801.5606060338,Transfer,Canceled,TrendShop
TRX-11507,20/03/2025,Rudi Hartono,Den,Fashion,Sepatu Nike,2347905,3,7043715.0,Transfer,Returned,HomeEssence
TRX-11508,16/07/2025,Siti Aminah,Jakarta,Rumah Tanggas,Smartwatch,2637551,1,2637551.0,Transfer,delivered,TechZone
TRX-11509,15/03/2025,RUDI HARTONO,jakarta,makanan,Powerbank 10K,1856210,2,3712420.0,E-Wallet,Pending,TechZone
TRX-11510,04-07-2025,ANDI SAPUTRA,Jakarta,Aksesoriss,Sepatu Nike,8465224,10,84652240.0,Transfer,Returned,BeautyHub
TRX-11511,11-05-2025,Andi Saputra,bandung,Aksesoris,Headphone JBL,9672823,10,96728230.0,E-Wallet,Returned,TechZone
TRX-11512,29/07/2025,Andi Saputra,Yogyekerte,Kecantikans,Smartwatch,6141111,10,61411110.0,E-Wallet,,TechZone
TRX-11513,01-06-2025,ANDI SAPUTRA,yogyakarta,Macanan,Sepatu Nike,8799917,10,87999170.0,Transfer,Delivered,PowerCell
TRX-11514,2025-04-29,BUDI SANTOSO,Yog,Electronic,Laptop Asus,9990507,0,0.0,Ewallet,Returned,PowerCell
TRX-11515,2025-08-11,siti aminah,bandung,aksesoris,Laptop Asus,9151948,1,9151948.0,Ewallet,Pending,TechZone
TRX-11516,09/06/2025,nanda pratama,Sur,Makanan,Kaos Polos,9269865,3,27809595.0,Transfer,pending,HomeEssence
TRX-11517,2025/03/04,SITI AMINAH,Mekesser,Rumah Tangga,Sepatu Nike,9761781,10,97617810.0,,Pending,GadgetMart
TRX-11518,05-07-2025,mega putri,Denpasar,Olahraga,Kaos Polos,7930055,5,39650275.0,Kartu Kredit,Delivered,TechZone
TRX-11519,22/03/2025,ANDI SAPUTRA,Ban,Makanans,Kaos Polos,750033,5,3750165.0,Transfer,Returned,TrendShop
TRX-11520,11-03-2025,budi santoso,yogyakarta,elektronik,Laptop Asus,3951403,2,7902806.0,E-Wallet,Canceled,TechZone
TRX-11521,10-03-2025,siti aminah,Makassar,Makanans,Vacuum Cleaner,6932727,10,69327270.0,Card,Pending,BeautyHub
TRX-11522,07/06/2025,dewi lestari,Yogyakarta,elektronik,Lipstik Wardah,921535,5,4607675.0,Transfer,delivered,GadgetMart
TRX-11523,23/07/2025,ahmad fauzi,Bendung,aksesoris,Vacuum Cleaner,1511312,5,5544606.685965997,E-Wallet,delivered,HomeEssence
TRX-11524,2025-04-26,Andi Saputra,Yog,Makanan,Headphone JBL,1521926,100,152192600.0,Ewallet,delivered,HomeEssence
TRX-11525,2025-03-09,dewi lestari,makassar,Elektroniks,Lipstik Wardah,345599,1,345599.0,,Returned,SportMax
TRX-11526,23-06-2025,MEGA PUTRI,Surebeye,Electronic,Powerbank 10K,647904,100,64790400.0,E-Wallet,delivered,GadgetMart
TRX-11527,15/03/2025,siti aminah,Makassar,Kecantikan,Lipstik Wardah,8608542,5,43042710.0,COD,Pending,TrendShop
TRX-11528,2025-08-14,Siti Aminah,,Aksesoriss,Vacuum Cleaner,287068,0,0.0,Transfer,Returned,BeautyHub
TRX-11529,2025-04-01,Nanda Pratama,Medan,Makanans,Headphone JBL,1654243,100,165424300.0,COD,pending,TrendShop
TRX-11530,2025/05/21,RUDI HARTONO,makassar,Kecantican,Laptop Asus,9143964,15,137159460.0,Ewallet,Pending,HomeEssence
TRX-11531,2025-05-15,Dewi Lestari,Surebeye,,Powerbank 10K,9898018,5,49490090.0,Ewallet,delivered,GadgetMart
TRX-11532,2025/04/17,ANDI SAPUTRA,denpasar,Macanan,Powerbank 10K,2432865,5,12164325.0,,Delivered,SportMax
TRX-11533,08-04-2025,mega putri,Medan,aksesoris,Headphone JBL,3764755,15,56471325.0,Kartu Kredit,Delivered,HomeEssence
TRX-11534,01/05/2025,RUDI HARTONO,Sur,Aksesoris,Lipstik Wardah,4148535,0,0.0,E-Wallet,Returned,BeautyHub
TRX-11535,12/07/2025,RUDI HARTONO,Den,Acsesoris,Headphone JBL,5723938,15,85859070.0,COD,Returned,SportMax
TRX-11536,29/05/2025,Andi Saputra,Yogyekerte,Olahragas,Vacuum Cleaner,969134,3,1614046.8504274178,Kartu Kredit,delivered,TrendShop
TRX-11537,2025-07-10,BUDI SANTOSO,,Aksesoris,Headphone JBL,6429515,5,32147575.0,Kartu Kredit,delivered,TechZone
TRX-11538,2025/05/11,budi santoso,Yogyakarta,Acsesoris,Headphone JBL,4686440,3,14059320.0,COD,pending,BeautyHub
TRX-11539,13/08/2025,NANDA PRATAMA,medan,Electronic,Laptop Asus,7250987,2,14501974.0,E-Wallet,Delivered,GadgetMart
TRX-11540,03-08-2025,NANDA PRATAMA,Surebeye,Fashion,Smartwatch,1367621,1,1367621.0,Card,Returned,SportMax
TRX-11541,28-07-2025,SITI AMINAH,Ban,,Smartwatch,9878959,3,29636877.0,Kartu Kredit,Returned,TechZone
TRX-11542,11/05/2025,budi santoso,Jekerte,Olahraga,Kaos Polos,375437,15,5631555.0,COD,Pending,GadgetMart
TRX-11543,06/03/2025,Budi Santoso,Sur,rumah tangga,Laptop Asus,3731890,100,373189000.0,Kartu Kredit,Delivered,GadgetMart
TRX-11544,2025-07-09,Nanda Pratama,bandung,Rumah Tangga,Kaos Polos,4687370,0,0.0,Transfer,Returned,TechZone
TRX-11545,28/04/2025,Mega Putri,Den,Fashions,Smartwatch,5937774,2,11875548.0,E-Wallet,Returned,TechZone
TRX-11546,21/04/2025,rudi hartono,,Kecantican,Headphone JBL,3870888,15,58063320.0,COD,delivered,PowerCell
TRX-11547,2025-03-31,siti aminah,Surabaya,Aksesoris,Vacuum Cleaner,2381348,100,238134800.0,Transfer,Pending,GadgetMart
TRX-11548,23/05/2025,Dewi Lestari,Meden,Olahraga,Powerbank 10K,6615269,1,6615269.0,Card,Returned,HomeEssence
TRX-11549,13/03/2025,Siti Aminah,jakarta,Rumah Tangga,Smartwatch,6622531,0,0.0,Ewallet,delivered,SportMax
TRX-11550,11/08/2025,BUDI SANTOSO,Ban,Olahragas,Powerbank 10K,5600560,0,0.0,E-Wallet,,SportMax
TRX-11551,21-07-2025,Nanda Pratama,Denpeser,aksesoris,Laptop Asus,1280796,0,0.0,Ewallet,Pending,BeautyHub
TRX-11552,2025/07/30,Mega Putri,surabaya,Olahragas,Headphone JBL,7589769,10,75897690.0,Card,delivered,BeautyHub
TRX-11553,17-06-2025,MEGA PUTRI,Jekerte,Makanan,Vacuum Cleaner,2483351,10,24833510.0,Kartu Kredit,Pending,GadgetMart
TRX-11554,28/04/2025,andi saputra,,makanan,Kaos Polos,2869182,5,14345910.0,COD,Pending,TrendShop
TRX-11555,2025/08/03,AHMAD FAUZI,Bandung,Macanan,Headphone JBL,9277535,5,46387675.0,Ewallet,Returned,TechZone
TRX-11556,2025/03/02,MEGA PUTRI,Bandung,olahraga,Kaos Polos,1328673,0,0.0,COD,Canceled,BeautyHub
TRX-11557,30-03-2025,NANDA PRATAMA,Jak,Fashions,Lipstik Wardah,6828892,1,6828892.0,Transfer,Pending,TrendShop
TRX-11558,2025-06-02,Ahmad Fauzi,makassar,Rumah Tanggas,Lipstik Wardah,5094829,2,10189658.0,E-Wallet,pending,TrendShop
TRX-11559,2025/06/20,AHMAD FAUZI,Makassar,Rumah Tangga,Lipstik Wardah,2488710,0,0.0,Card,delivered,BeautyHub
TRX-11560,15-08-2025,ANDI SAPUTRA,Yogyekerte,,Powerbank 10K,817442,1,817442.0,Ewallet,Returned,GadgetMart
TRX-11561,21-07-2025,Nanda Pratama,makassar,Elektroniks,Lipstik Wardah,1980440,1,1980440.0,Transfer,delivered,TechZone
TRX-11562,16-06-2025,NANDA PRATAMA,Mekesser,makanan,Vacuum Cleaner,5528878,2,11057756.0,Card,Pending,SportMax
TRX-11563,06/07/2025,AHMAD FAUZI,makassar,Makanan,Sepatu Nike,4890349,0,0.0,Transfer,Returned,HomeEssence
TRX-11564,26/04/2025,rudi hartono,Jak,Electronic,Vacuum Cleaner,2964611,15,44469165.0,Ewallet,Canceled,HomeEssence
TRX-11565,19-06-2025,Andi Saputra,,Fashion,Powerbank 10K,2297680,1,2297680.0,E-Wallet,Canceled,PowerCell
TRX-11566,2025/05/14,SITI AMINAH,Meden,Olahragas,Laptop Asus,2871839,15,43077585.0,Ewallet,Canceled,TrendShop
TRX-11567,01/04/2025,SITI AMINAH,Mak,Aksesoriss,Laptop Asus,3652571,0,0.0,COD,delivered,BeautyHub
TRX-11568,2025-07-14,ahmad fauzi,Ban,Electronic,Powerbank 10K,2165226,0,0.0,E-Wallet,,GadgetMart
TRX-11569,15/06/2025,ahmad fauzi,bandung,makanan,Laptop Asus,2904119,100,290411900.0,Ewallet,pending,PowerCell
TRX-11570,2025-06-23,RUDI HARTONO,Jekerte,Kecantican,Headphone JBL,3355610,5,16778050.0,Kartu Kredit,,PowerCell
TRX-11571,18-08-2025,Ahmad Fauzi,Mak,Aksesoriss,Lipstik Wardah,7646537,2,15293074.0,COD,Delivered,TrendShop
TRX-11572,2025/05/24,BUDI SANTOSO,Makassar,Aksesoris,Smartwatch,6809991,3,20429973.0,COD,,TrendShop
TRX-11573,2025/05/25,rudi hartono,Denpasar,Electronic,Laptop Asus,7108021,2,14216042.0,Transfer,Canceled,PowerCell
TRX-11574,23-04-2025,budi santoso,Den,Fashion,Laptop Asus,6969879,15,104548185.0,E-Wallet,delivered,TrendShop
TRX-11575,24-08-2025,NANDA PRATAMA,Denpasar,Fashions,Smartwatch,267314,1,267314.0,Transfer,Delivered,BeautyHub
TRX-11576,2025/07/17,SITI AMINAH,Denpasar,Kecantikan,Headphone JBL,798692,1,798692.0,COD,Returned,GadgetMart
TRX-11577,2025-05-02,NANDA PRATAMA,jakarta,Aksesoriss,Headphone JBL,1664694,0,0.0,COD,Pending,SportMax
TRX-11578,2025/03/06,Mega Putri,Ban,,Vacuum Cleaner,3931143,3,9723153.520636257,Ewallet,delivered,GadgetMart
TRX-11579,28-03-2025,nanda pratama,surabaya,Fashions,Sepatu Nike,1995537,3,5986611.0,Card,pending,PowerCell
TRX-11580,2025/06/27,mega putri,Den,,Powerbank 10K,8516724,1,8516724.0,E-Wallet,delivered,TechZone
TRX-11581,2025-05-07,mega putri,jakarta,Aksesoris,Headphone JBL,569385,0,0.0,,pending,TrendShop
TRX-11582,12/04/2025,Budi Santoso,Bandung,Acsesoris,Sepatu Nike,5230703,0,0.0,E-Wallet,Returned,TechZone
TRX-11583,13/06/2025,MEGA PUTRI,yogyakarta,Rumah Tangga,Lipstik Wardah,6903878,1,6903878.0,Ewallet,delivered,BeautyHub
TRX-11584,07-06-2025,MEGA PUTRI,Mekesser,Fashions,Laptop Asus,7051837,10,70518370.0,Card,Returned,HomeEssence
TRX-11585,2025/03/28,Mega Putri,Yogyakarta,Fashion,Powerbank 10K,8383920,10,83839200.0,E-Wallet,Pending,TechZone
TRX-11586,22/06/2025,SITI AMINAH,Makassar,rumah tangga,Laptop Asus,3581674,15,53725110.0,,Pending,BeautyHub
TRX-11587,19/06/2025,ANDI SAPUTRA,Surabaya,Elektroniks,Headphone JBL,6332827,10,63328270.0,Ewallet,Pending,GadgetMart
TRX-11588,2025/06/27,Nanda Pratama,Bendung,Kecantikan,Powerbank 10K,6071656,1,6071656.0,Kartu Kredit,delivered,HomeEssence
TRX-11589,2025-05-06,Nanda Pratama,denpasar,Kecantikans,Smartwatch,2476105,10,24761050.0,,Canceled,BeautyHub
TRX-11590,2025/06/26,Nanda Pratama,medan,Aksesoris,Sepatu Nike,7597881,15,113968215.0,Transfer,delivered,SportMax
TRX-11591,26-03-2025,MEGA PUTRI,makassar,Rumah Tangga,Vacuum Cleaner,6111266,1,8366508.678350081,Card,Returned,TechZone
TRX-11592,30-07-2025,Siti Aminah,medan,Fashions,Laptop Asus,4351828,1,4351828.0,Card,delivered,TrendShop
TRX-11593,2025-03-27,Ahmad Fauzi,bandung,olahraga,Vacuum Cleaner,3992863,0,0.0,Transfer,pending,GadgetMart
TRX-11594,2025/03/15,BUDI SANTOSO,surabaya,olahraga,Laptop Asus,6293490,15,94402350.0,E-Wallet,pending,PowerCell
TRX-11595,13/04/2025,rudi hartono,Mak,Kecantikans,Kaos Polos,4522089,1,4522089.0,,Returned,HomeEssence
TRX-11596,03-06-2025,Rudi Hartono,Denpeser,kecantikan,Headphone JBL,5633281,1,5633281.0,E-Wallet,Canceled,BeautyHub
TRX-11597,18-07-2025,Budi Santoso,Meden,elektronik,Powerbank 10K,9084883,5,45424415.0,COD,,PowerCell
TRX-11598,23/08/2025,NANDA PRATAMA,Medan,Fashions,Sepatu Nike,6872255,0,0.0,,delivered,TrendShop
TRX-11599,28/05/2025,Siti Aminah,Denpasar,Fashion,Vacuum Cleaner,4511213,1,4511213.0,Card,Delivered,BeautyHub
TRX-11600,30/06/2025,Siti Aminah,Jak,Aksesoriss,Smartwatch,9647076,15,144706140.0,Ewallet,delivered,GadgetMart
TRX-11601,2025/05/23,RUDI HARTONO,Yog,Rumah Tangga,Powerbank 10K,9422275,3,28266825.0,Ewallet,Returned,TechZone
TRX-11602,2025-06-24,Rudi Hartono,Sur,Fashions,Kaos Polos,2764766,100,276476600.0,Ewallet,Canceled,TechZone
TRX-11603,18-06-2025,budi santoso,denpasar,Fashion,Headphone JBL,1124477,15,16867155.0,Card,delivered,TrendShop
TRX-11604,2025/03/21,Andi Saputra,surabaya,Macanan,Laptop Asus,6809383,15,135157656.06044847,Transfer,delivered,GadgetMart
TRX-11605,30-06-2025,Budi Santoso,Yogyekerte,Elektronik,Powerbank 10K,347584,5,1737920.0,Card,Pending,HomeEssence
TRX-11606,30/05/2025,Budi Santoso,Bandung,Aksesoriss,Vacuum Cleaner,8070497,2,16140994.0,Card,Pending,TechZone
TRX-11607,2025-06-12,Budi Santoso,Jekerte,Makanan,Powerbank 10K,3402214,1,3402214.0,Transfer,Delivered,BeautyHub
TRX-11608,2025-04-09,Nanda Pratama,Yog,Rumah Tanggas,Laptop Asus,4694081,100,469408100.0,Ewallet,pending,HomeEssence
TRX-11609,28/05/2025,andi saputra,makassar,Makanans,Sepatu Nike,5431299,0,0.0,Transfer,pending,TrendShop
TRX-11610,30-04-2025,DEWI LESTARI,jakarta,Acsesoris,Powerbank 10K,4692681,2,9385362.0,E-Wallet,Delivered,SportMax
TRX-11611,24-04-2025,siti aminah,Denpasar,Olahraga,Powerbank 10K,9354612,10,93546120.0,E-Wallet,Returned,TrendShop
TRX-11612,2025-06-10,RUDI HARTONO,,Kecantikans,Kaos Polos,3605912,1,3605912.0,Card,pending,TechZone
TRX-11613,12/06/2025,Ahmad Fauzi,Denpeser,Aksesoris,Kaos Polos,5175819,1,5175819.0,Kartu Kredit,Delivered,TrendShop
TRX-11614,2025/03/30,rudi hartono,Sur,Olahraga,Vacuum Cleaner,842330,5,4211650.0,COD,Pending,SportMax
TRX-11615,2025-05-29,Dewi Lestari,yogyakarta,elektronik,Smartwatch,1895964,10,18959640.0,Kartu Kredit,Delivered,PowerCell
TRX-11616,03/07/2025,Nanda Pratama,,Kecantikan,Powerbank 10K,7235115,100,723511500.0,Transfer,Returned,HomeEssence
TRX-11617,2025-06-02,mega putri,Denpasar,makanan,Powerbank 10K,8031512,5,40157560.0,E-Wallet,delivered,HomeEssence
TRX-11618,2025-08-09,ahmad fauzi,surabaya,Aksesoris,Laptop Asus,8571267,15,128569005.0,E-Wallet,Delivered,TrendShop
TRX-11619,2025-05-15,Budi Santoso,Mak,Makanans,Smartwatch,689872,5,3449360.0,E-Wallet,delivered,TechZone
TRX-11620,2025/03/22,NANDA PRATAMA,Yog,,Vacuum Cleaner,4991412,0,0.0,COD,Canceled,GadgetMart
TRX-11621,2025-05-04,siti aminah,Meden,Elektronik,Headphone JBL,5060168,100,506016800.0,Transfer,delivered,TechZone
TRX-11622,2025-08-17,Rudi Hartono,Denpeser,olahraga,Kaos Polos,1697824,3,5093472.0,E-Wallet,Delivered,GadgetMart
TRX-11623,13/08/2025,MEGA PUTRI,Jakarta,Olahraga,Sepatu Nike,5860786,10,58607860.0,COD,delivered,TechZone
TRX-11624,2025-08-22,AHMAD FAUZI,Jekerte,elektronik,Headphone JBL,4364896,0,0.0,Transfer,Pending,TechZone
TRX-11625,29-05-2025,rudi hartono,Jakarta,Acsesoris,Sepatu Nike,7992992,3,23978976.0,E-Wallet,Returned,PowerCell
TRX-11626,10/08/2025,Mega Putri,jakarta,Elektronik,Vacuum Cleaner,9005118,10,90051180.0,Ewallet,delivered,HomeEssence
TRX-11627,2025/07/21,nanda pratama,Yogyekerte,Olahraga,Smartwatch,758092,0,0.0,Transfer,,TrendShop
TRX-11628,06/08/2025,Mega Putri,Denpeser,Kecantikans,Vacuum Cleaner,4867911,1,4867911.0,COD,Delivered,PowerCell
TRX-11629,2025-04-29,Rudi Hartono,Yogyekerte,Elektronik,Headphone JBL,6304597,2,12609194.0,Kartu Kredit,Returned,GadgetMart
TRX-11630,2025-04-27,dewi lestari,Yogyakarta,Aksesoris,Kaos Polos,1221248,5,6646729.47934924,Card,Returned,TechZone
TRX-11631,2025/08/09,Andi Saputra,Yog,olahraga,Kaos Polos,122037300,2,12203730.0,Ewallet,pending,SportMax
TRX-11632,2025/03/20,andi saputra,Bandung,kecantikan,Headphone JBL,4613653,1,4613653.0,Ewallet,delivered,TechZone
TRX-11633,2025/07/24,nanda pratama,Denpeser,rumah tangga,Kaos Polos,387283,0,0.0,Ewallet,Returned,HomeEssence
TRX-11634,2025-03-14,mega putri,Mak,Elektroniks,Vacuum Cleaner,4827421,5,24137105.0,,Pending,GadgetMart
TRX-11635,2025/07/06,andi saputra,Med,fashion,Powerbank 10K,3749243,5,18746215.0,Kartu Kredit,Pending,TrendShop
TRX-11636,2025/07/21,BUDI SANTOSO,Medan,Electronic,Powerbank 10K,628110,1,628110.0,Card,Pending,TechZone
TRX-11637,20/05/2025,Nanda Pratama,Mekesser,aksesoris,Kaos Polos,4393699,1,2438162.2917442727,COD,pending,HomeEssence
TRX-11638,2025-08-10,Dewi Lestari,Denpasar,Fashion,Smartwatch,3760879,100,376087900.0,Transfer,Delivered,GadgetMart
TRX-11639,2025-08-23,DEWI LESTARI,,Aksesoris,Vacuum Cleaner,9374391,10,93743910.0,,delivered,TrendShop
TRX-11640,30/04/2025,budi santoso,surabaya,Olahragas,Sepatu Nike,2956492,0,0.0,,delivered,TrendShop
TRX-11641,2025-05-10,andi saputra,Makassar,Makanans,Sepatu Nike,6192314,1,6192314.0,Transfer,Pending,SportMax
TRX-11642,04/05/2025,MEGA PUTRI,Jak,Olahragas,Kaos Polos,172019,3,516057.0,Card,Delivered,TrendShop
TRX-11643,27-04-2025,Dewi Lestari,Mekesser,olahraga,Smartwatch,8252637,2,16505274.0,Kartu Kredit,delivered,HomeEssence
TRX-11644,20-06-2025,andi saputra,Jak,Fashion,Lipstik Wardah,9123102,1,9123102.0,Transfer,delivered,GadgetMart
TRX-11645,2025-04-09,ahmad fauzi,Jekerte,olahraga,Powerbank 10K,2466826,1,2466826.0,,pending,BeautyHub
TRX-11646,20/08/2025,AHMAD FAUZI,Med,Elektroniks,Vacuum Cleaner,5799593,1,5799593.0,Card,Delivered,BeautyHub
TRX-11647,31-03-2025,DEWI LESTARI,Meden,olahraga,Lipstik Wardah,8549970,3,25649910.0,Kartu Kredit,Delivered,PowerCell
TRX-11648,14-07-2025,Dewi Lestari,Jekerte,elektronik,Sepatu Nike,4420602,15,66309030.0,COD,Pending,PowerCell
TRX-11649,14/04/2025,mega putri,makassar,elektronik,Lipstik Wardah,2459409,10,24594090.0,,pending,BeautyHub
TRX-11650,10/05/2025,andi saputra,Ban,Makanans,Powerbank 10K,3100999,1,3100999.0,Ewallet,Returned,BeautyHub
TRX-11651,2025-06-11,Mega Putri,Makassar,Electronic,Kaos Polos,825292,15,12379380.0,Transfer,delivered,SportMax
TRX-11652,30/03/2025,AHMAD FAUZI,denpasar,aksesoris,Vacuum Cleaner,239073,1,239073.0,COD,Returned,HomeEssence
TRX-11653,25-06-2025,andi saputra,bandung,Electronic,Sepatu Nike,4464011,1,4464011.0,Transfer,Returned,PowerCell
TRX-11654,2025-08-18,siti aminah,Sur,makanan,Lipstik Wardah,8231932,5,41159660.0,Transfer,Returned,PowerCell
TRX-11655,2025-06-02,RUDI HARTONO,Sur,Elektroniks,Vacuum Cleaner,5350101,10,53501010.0,Kartu Kredit,pending,GadgetMart
TRX-11656,2025-06-30,SITI AMINAH,Surabaya,Olahraga,Vacuum Cleaner,6982973,1,6982973.0,Ewallet,Pending,TechZone
TRX-11657,2025/06/01,budi santoso,Surebeye,Olahraga,Laptop Asus,4337382,3,13012146.0,Ewallet,Pending,GadgetMart
TRX-11658,01-04-2025,DEWI LESTARI,medan,Rumah Tanggas,Smartwatch,809401,1,809401.0,Ewallet,Returned,BeautyHub
TRX-11659,2025/03/15,budi santoso,Sur,Kecantikan,Kaos Polos,2611913,15,39178695.0,COD,pending,BeautyHub
TRX-11660,06/03/2025,ANDI SAPUTRA,Denpeser,kecantikan,Vacuum Cleaner,4312511,10,43125110.0,Transfer,Canceled,TechZone
TRX-11661,2025-07-01,Nanda Pratama,Medan,Fashions,Laptop Asus,3536142,1,3536142.0,COD,Returned,HomeEssence
TRX-11662,14/06/2025,BUDI SANTOSO,Mak,Kecantican,Headphone JBL,8246906,0,0.0,Transfer,,TechZone
TRX-11663,2025/06/04,siti aminah,Mak,Fashion,Lipstik Wardah,3930323,1,3930323.0,,pending,SportMax
TRX-11664,2025/05/20,mega putri,Meden,Electronic,Vacuum Cleaner,7816824,1,7816824.0,Transfer,Canceled,PowerCell
TRX-11665,11-07-2025,ahmad fauzi,Denpeser,Kecantikan,Smartwatch,7449839,3,22349517.0,E-Wallet,Canceled,TrendShop
TRX-11666,04/04/2025,andi saputra,bandung,Acsesoris,Lipstik Wardah,6250853,0,0.0,Kartu Kredit,Pending,SportMax
TRX-11667,28/07/2025,mega putri,Yog,Elektronik,Vacuum Cleaner,8846015,5,44230075.0,Ewallet,delivered,PowerCell
TRX-11668,11/03/2025,Andi Saputra,Yogyekerte,fashion,Kaos Polos,5539612,100,553961200.0,E-Wallet,Pending,SportMax
TRX-11669,03-03-2025,mega putri,Yogyekerte,Kecantikans,Powerbank 10K,6617304,5,33086520.0,Ewallet,Delivered,GadgetMart
TRX-11670,2025-03-14,Budi Santoso,Ban,Rumah Tangga,Kaos Polos,2393136,1,2393136.0,Ewallet,Canceled,BeautyHub
TRX-11671,21-06-2025,Andi Saputra,Denpasar,Elektroniks,Vacuum Cleaner,4472888,15,67093320.0,Kartu Kredit,delivered,TrendShop
TRX-11672,23/03/2025,Budi Santoso,Mak,Makanan,Lipstik Wardah,143562920,2,14356292.0,Card,Returned,SportMax
TRX-11673,2025/04/16,SITI AMINAH,Denpeser,elektronik,Kaos Polos,3493571,5,17467855.0,Transfer,Pending,BeautyHub
TRX-11674,2025/03/30,RUDI HARTONO,Denpeser,kecantikan,Vacuum Cleaner,347883,1,347883.0,Ewallet,pending,GadgetMart
TRX-11675,2025-06-20,NANDA PRATAMA,surabaya,Kecantican,Powerbank 10K,3683646,15,55254690.0,Transfer,pending,BeautyHub
TRX-11676,13/05/2025,ahmad fauzi,Sur,Elektronik,Vacuum Cleaner,6820153,15,102302295.0,Card,Canceled,PowerCell
TRX-11677,27-04-2025,AHMAD FAUZI,bandung,Aksesoris,Kaos Polos,3061165,5,15305825.0,COD,Pending,HomeEssence
TRX-11678,05-07-2025,DEWI LESTARI,Mekesser,Rumah Tangga,Smartwatch,4205304,15,63079560.0,Kartu Kredit,Pending,TrendShop
TRX-11679,2025/05/17,siti aminah,,Fashions,Powerbank 10K,3859395,1,3859395.0,Kartu Kredit,Canceled,HomeEssence
TRX-11680,2025-03-10,Andi Saputra,Mekesser,Fashion,Lipstik Wardah,2709786,2,5419572.0,Card,Pending,TechZone
TRX-11681,27-07-2025,rudi hartono,yogyakarta,kecantikan,Sepatu Nike,8787452,5,43937260.0,E-Wallet,Delivered,TechZone
TRX-11682,2025-07-04,BUDI SANTOSO,Denpeser,Makanans,Lipstik Wardah,5298575,1,5298575.0,Transfer,Returned,PowerCell
TRX-11683,15/05/2025,dewi lestari,Sur,Kecantican,Vacuum Cleaner,3374024,100,348110530.3576965,Ewallet,,HomeEssence
TRX-11684,2025-04-23,NANDA PRATAMA,makassar,Makanan,Headphone JBL,1464474,0,0.0,Card,pending,HomeEssence
TRX-11685,2025/03/18,RUDI HARTONO,Makassar,Fashions,Lipstik Wardah,5670724,100,567072400.0,Card,Returned,SportMax
TRX-11686,22-07-2025,SITI AMINAH,Makassar,Kecantican,Smartwatch,1619720,100,161972000.0,COD,Returned,TechZone
TRX-11687,2025/05/15,NANDA PRATAMA,Ban,makanan,Headphone JBL,3621387,1,3621387.0,Card,delivered,BeautyHub
TRX-11688,08-07-2025,Dewi Lestari,surabaya,fashion,Smartwatch,7788170,10,77881700.0,,Pending,BeautyHub
TRX-11689,2025-03-07,Siti Aminah,Yogyekerte,Elektroniks,Powerbank 10K,6339270,10,63392700.0,Ewallet,,TrendShop
TRX-11690,2025-07-02,Rudi Hartono,Bandung,Elektronik,Headphone JBL,1510235,0,0.0,COD,Delivered,TechZone
TRX-11691,2025-05-02,mega putri,Meden,Elektronik,Headphone JBL,7189580,0,0.0,Card,delivered,HomeEssence
TRX-11692,28-06-2025,Mega Putri,Jakarta,Acsesoris,Laptop Asus,6818419,2,13636838.0,Transfer,Canceled,TechZone
TRX-11693,08/03/2025,dewi lestari,yogyakarta,Rumah Tangga,Headphone JBL,3103380,100,310338000.0,E-Wallet,Returned,SportMax
TRX-11694,05/04/2025,rudi hartono,Surebeye,Acsesoris,Kaos Polos,3657323,3,7664531.959136184,Transfer,Returned,SportMax
TRX-11695,01-06-2025,Siti Aminah,Sur,Kecantikans,Smartwatch,6307838,2,12615676.0,E-Wallet,Delivered,HomeEssence
TRX-11696,2025-08-05,mega putri,Yogyekerte,Macanan,Kaos Polos,859359,100,120738830.42491394,Kartu Kredit,Canceled,PowerCell
TRX-11697,2025-05-10,BUDI SANTOSO,denpasar,Kecantikan,Smartwatch,2251580,1,2251580.0,Transfer,Returned,BeautyHub
TRX-11698,2025/07/02,Nanda Pratama,Makassar,kecantikan,Vacuum Cleaner,5523660,2,11047320.0,COD,Canceled,BeautyHub
TRX-11699,29/03/2025,MEGA PUTRI,Yogyekerte,,Smartwatch,119518,1,119518.0,Ewallet,Pending,BeautyHub
TRX-11700,22-08-2025,budi santoso,Mekesser,Aksesoris,Sepatu Nike,8558851,1,11150905.44469651,Kartu Kredit,Pending,PowerCell
TRX-11701,14-06-2025,BUDI SANTOSO,Meden,elektronik,Powerbank 10K,6737764,2,7909804.397118156,Kartu Kredit,pending,SportMax
TRX-11702,2025/03/27,NANDA PRATAMA,makassar,Makanan,Lipstik Wardah,2826374,1,2826374.0,Ewallet,Delivered,SportMax
TRX-11703,2025/03/29,Siti Aminah,Denpeser,Kecantican,Sepatu Nike,3537379,15,53060685.0,,Returned,GadgetMart
TRX-11704,09-05-2025,DEWI LESTARI,,Macanan,Vacuum Cleaner,7350259,1,7350259.0,Transfer,Delivered,BeautyHub
TRX-11705,28/07/2025,Dewi Lestari,Mekesser,Fashions,Lipstik Wardah,2479151,1,2479151.0,COD,delivered,GadgetMart
TRX-11706,2025/06/08,budi santoso,Jak,Rumah Tangga,Lipstik Wardah,5571452,1,5571452.0,Transfer,delivered,PowerCell
TRX-11707,2025/04/03,ahmad fauzi,Denpasar,Kecantikans,Powerbank 10K,8764892,3,28345078.551733535,COD,Canceled,GadgetMart
TRX-11708,2025-06-08,ANDI SAPUTRA,Jakarta,Rumah Tanggas,Laptop Asus,5948931,1,5948931.0,E-Wallet,Returned,PowerCell
TRX-11709,2025-06-19,Nanda Pratama,bandung,Kecantikans,Powerbank 10K,1820403,15,27306045.0,Ewallet,delivered,PowerCell
TRX-11710,2025/07/25,Andi Saputra,Jekerte,olahraga,Powerbank 10K,9715093,1,9715093.0,Card,Returned,TrendShop
TRX-11711,2025-05-18,siti aminah,,Olahraga,Headphone JBL,7978248,1,7978248.0,Transfer,Canceled,BeautyHub
TRX-11712,2025-03-09,Budi Santoso,Mak,elektronik,Smartwatch,615635,1,615635.0,Transfer,pending,TechZone
TRX-11713,2025/05/21,siti aminah,Jakarta,Rumah Tangga,Laptop Asus,337635,5,1688175.0,Kartu Kredit,Delivered,SportMax
TRX-11714,04/07/2025,Rudi Hartono,Jekerte,Elektroniks,Sepatu Nike,4772340,3,14317020.0,Transfer,Returned,PowerCell
TRX-11715,2025-05-07,DEWI LESTARI,Yog,Rumah Tangga,Laptop Asus,4828972,1,4828972.0,COD,,BeautyHub
TRX-11716,16-05-2025,MEGA PUTRI,makassar,,Sepatu Nike,1743481,15,26152215.0,E-Wallet,Canceled,GadgetMart
TRX-11717,2025-06-14,MEGA PUTRI,jakarta,makanan,Lipstik Wardah,3111342,5,15556710.0,Transfer,Pending,SportMax
TRX-11718,2025-05-07,andi saputra,Surabaya,Fashion,Vacuum Cleaner,3131362,100,313136200.0,COD,Delivered,GadgetMart
TRX-11719,2025/08/06,RUDI HARTONO,Surebeye,kecantikan,Sepatu Nike,5131502,1,5131502.0,COD,Returned,BeautyHub
TRX-11720,2025-06-03,mega putri,,Elektroniks,Smartwatch,9509521,1,9509521.0,Ewallet,Pending,HomeEssence
TRX-11721,2025/07/16,DEWI LESTARI,makassar,Olahraga,Powerbank 10K,7373777,1,7373777.0,COD,Returned,SportMax
TRX-11722,2025/04/29,Mega Putri,Makassar,Kecantican,Headphone JBL,5645095,0,0.0,Kartu Kredit,Canceled,HomeEssence
TRX-11723,2025-06-04,mega putri,Med,Kecantikan,Sepatu Nike,1467231,5,7336155.0,COD,Pending,BeautyHub
TRX-11724,06/08/2025,ANDI SAPUTRA,Jak,Acsesoris,Kaos Polos,6868922,10,77546286.86795077,E-Wallet,pending,TechZone
TRX-11725,2025-07-07,Rudi Hartono,Jakarta,Makanans,Kaos Polos,1201882,5,6009410.0,Card,Delivered,TrendShop
TRX-11726,2025/05/24,DEWI LESTARI,Meden,elektronik,Powerbank 10K,9382739,5,46913695.0,Kartu Kredit,pending,BeautyHub
TRX-11727,2025/08/01,rudi hartono,Den,Rumah Tangga,Powerbank 10K,750270,1,750270.0,Transfer,pending,TrendShop
TRX-11728,18/07/2025,nanda pratama,Den,Aksesoris,Headphone JBL,4672942,0,0.0,Kartu Kredit,pending,TechZone
TRX-11729,2025-05-31,Ahmad Fauzi,surabaya,aksesoris,Sepatu Nike,4768912,2,9537824.0,Card,pending,HomeEssence
TRX-11730,2025/06/14,NANDA PRATAMA,Mak,Elektroniks,Lipstik Wardah,3946937,10,52681881.00957938,Transfer,Returned,HomeEssence
TRX-11731,04/03/2025,siti aminah,,Kecantican,Headphone JBL,5547963,1,5547963.0,Card,Delivered,TechZone
TRX-11732,2025-08-01,mega putri,yogyakarta,Kecantikan,Laptop Asus,8484858,1,8484858.0,Ewallet,Delivered,TechZone
TRX-11733,2025/03/12,Ahmad Fauzi,jakarta,Makanan,Lipstik Wardah,3067193,0,0.0,Card,delivered,TechZone
TRX-11734,18/04/2025,AHMAD FAUZI,makassar,Olahraga,Sepatu Nike,6486737,3,19460211.0,COD,Canceled,HomeEssence
TRX-11735,2025/03/30,Siti Aminah,Surebeye,Elektronik,Headphone JBL,4121867,100,412186700.0,Kartu Kredit,delivered,BeautyHub
TRX-11736,2025-04-09,andi saputra,Mekesser,Aksesoris,Kaos Polos,1468060,10,14680600.0,Card,Returned,GadgetMart
TRX-11737,2025/06/13,ANDI SAPUTRA,Bendung,Olahraga,Powerbank 10K,4689022,2,9378044.0,COD,pending,TrendShop
TRX-11738,2025/03/22,DEWI LESTARI,Yog,aksesoris,Headphone JBL,3974152,1,3937496.458555746,Kartu Kredit,Pending,PowerCell
TRX-11739,2025/06/15,Andi Saputra,Ban,Aksesoris,Kaos Polos,735338,15,11030070.0,Kartu Kredit,Canceled,PowerCell
TRX-11740,19/05/2025,Mega Putri,Surabaya,Macanan,Powerbank 10K,6384625,100,638462500.0,,Pending,HomeEssence
TRX-11741,28/05/2025,Rudi Hartono,Sur,Aksesoris,Kaos Polos,5282651,10,68011750.11427295,Ewallet,Delivered,HomeEssence
TRX-11742,12-05-2025,andi saputra,Bandung,Rumah Tanggas,Lipstik Wardah,2168219,100,216821900.0,COD,Delivered,TechZone
TRX-11743,10-03-2025,mega putri,,Olahraga,Lipstik Wardah,8940872,1,8940872.0,E-Wallet,Returned,PowerCell
TRX-11744,23-08-2025,AHMAD FAUZI,denpasar,elektronik,Vacuum Cleaner,2233955,5,11169775.0,Kartu Kredit,Delivered,TrendShop
TRX-11745,29/04/2025,MEGA PUTRI,denpasar,Aksesoris,Powerbank 10K,529809,0,0.0,E-Wallet,delivered,TrendShop
TRX-11746,2025-08-26,dewi lestari,Medan,rumah tangga,Headphone JBL,5505483,1,5505483.0,Transfer,Delivered,SportMax
TRX-11747,2025/07/30,Siti Aminah,Yogyakarta,fashion,Vacuum Cleaner,1817413,1,1817413.0,COD,Delivered,HomeEssence
TRX-11748,06/08/2025,budi santoso,,Olahragas,Headphone JBL,3650952,1,3650952.0,Ewallet,,GadgetMart
TRX-11749,2025-03-29,BUDI SANTOSO,medan,Olahraga,Sepatu Nike,5596510,2,11193020.0,Transfer,pending,BeautyHub
TRX-11750,2025/08/03,NANDA PRATAMA,medan,Rumah Tangga,Vacuum Cleaner,7946403,5,39732015.0,Transfer,pending,TechZone
TRX-11751,2025/03/24,rudi hartono,makassar,Elektroniks,Powerbank 10K,192157,2,384314.0,Ewallet,Returned,TrendShop
TRX-11752,2025/07/24,ahmad fauzi,Denpasar,Rumah Tangga,Powerbank 10K,4838109,1,4838109.0,Kartu Kredit,Pending,TechZone
TRX-11753,2025-07-06,SITI AMINAH,Ban,olahraga,Laptop Asus,1512603,3,4537809.0,COD,Delivered,PowerCell
TRX-11754,2025-04-05,dewi lestari,Med,rumah tangga,Powerbank 10K,1702131,3,5106393.0,Ewallet,pending,TechZone
TRX-11755,2025-07-05,mega putri,makassar,Rumah Tangga,Powerbank 10K,9618188,1,9618188.0,Card,Delivered,TrendShop
TRX-11756,2025-06-04,Rudi Hartono,surabaya,fashion,Powerbank 10K,2540272,1,2540272.0,Kartu Kredit,Canceled,SportMax
TRX-11757,26/07/2025,Budi Santoso,surabaya,,Kaos Polos,2679137,3,8037411.0,Transfer,Returned,PowerCell
TRX-11758,29-07-2025,Rudi Hartono,Yogyakarta,kecantikan,Smartwatch,4826415,2,9652830.0,E-Wallet,Returned,BeautyHub
TRX-11759,2025-07-27,Rudi Hartono,Denpasar,Rumah Tangga,Powerbank 10K,3911607,1,3911607.0,Transfer,Returned,HomeEssence
TRX-11760,2025-07-18,nanda pratama,Medan,aksesoris,Laptop Asus,1603744,5,8018720.0,Transfer,Canceled,TrendShop
TRX-11761,2025/07/20,BUDI SANTOSO,Meden,fashion,Kaos Polos,5509501,0,0.0,COD,,GadgetMart
TRX-11762,16-08-2025,ANDI SAPUTRA,Jak,Macanan,Vacuum Cleaner,1891646,1,1891646.0,Kartu Kredit,Returned,SportMax
TRX-11763,2025-03-05,Mega Putri,,Fashion,Vacuum Cleaner,8088508,1,8088508.0,Transfer,Canceled,BeautyHub
TRX-11764,2025/05/26,dewi lestari,Yogyakarta,Makanans,Vacuum Cleaner,8244253,0,0.0,Card,Canceled,BeautyHub
TRX-11765,31/03/2025,RUDI HARTONO,Med,Electronic,Vacuum Cleaner,4892256,1,4892256.0,COD,Pending,SportMax
TRX-11766,18/06/2025,Mega Putri,Medan,Electronic,Powerbank 10K,5112581,5,25562905.0,,pending,TrendShop
TRX-11767,2025/04/01,ahmad fauzi,yogyakarta,Elektronik,Smartwatch,2628682,1,2628682.0,Ewallet,pending,BeautyHub
TRX-11768,2025-04-04,Mega Putri,yogyakarta,Rumah Tangga,Kaos Polos,1554900,15,23323500.0,Ewallet,pending,GadgetMart
TRX-11769,2025/03/29,Rudi Hartono,Mak,aksesoris,Powerbank 10K,8630504,3,25891512.0,E-Wallet,Returned,TrendShop
TRX-11770,2025/08/20,andi saputra,makassar,fashion,Lipstik Wardah,2430612,15,36459180.0,Transfer,pending,TrendShop
TRX-11771,2025-05-11,BUDI SANTOSO,Den,Aksesoriss,Vacuum Cleaner,5269574,0,0.0,E-Wallet,Canceled,SportMax
TRX-11772,19-08-2025,MEGA PUTRI,Mak,Macanan,Smartwatch,4841882,5,24209410.0,Card,pending,SportMax
TRX-11773,2025/04/23,Ahmad Fauzi,surabaya,Macanan,Smartwatch,2720492,3,8161476.0,E-Wallet,Returned,GadgetMart
TRX-11774,16-03-2025,budi santoso,Ban,Fashion,Powerbank 10K,3027299,1,3027299.0,E-Wallet,Delivered,BeautyHub
TRX-11775,2025-07-05,AHMAD FAUZI,Surabaya,Acsesoris,Powerbank 10K,4587454,0,0.0,Ewallet,Pending,PowerCell
TRX-11776,2025/05/20,mega putri,Surebeye,Fashion,Laptop Asus,65812820,1,4508559.059705479,E-Wallet,Pending,TrendShop
TRX-11777,2025/05/09,budi santoso,Bendung,Electronic,Headphone JBL,1756930,0,0.0,E-Wallet,pending,BeautyHub
TRX-11778,09/07/2025,Rudi Hartono,Medan,Kecantican,Lipstik Wardah,1014795,1,1014795.0,Transfer,Returned,BeautyHub
TRX-11779,16-06-2025,RUDI HARTONO,Denpeser,Fashion,Headphone JBL,8708123,1,9976170.164710192,Card,Delivered,GadgetMart
TRX-11780,2025/06/17,Siti Aminah,Jakarta,Kecantikans,Kaos Polos,7633491,1,7633491.0,Ewallet,Canceled,PowerCell
TRX-11781,19/03/2025,rudi hartono,Den,rumah tangga,Vacuum Cleaner,8576508,15,128647620.0,Ewallet,Returned,PowerCell
TRX-11782,2025/05/25,Nanda Pratama,Jekerte,fashion,Headphone JBL,7039875,2,14079750.0,Kartu Kredit,Canceled,HomeEssence
TRX-11783,17/06/2025,rudi hartono,Meden,Fashions,Vacuum Cleaner,9941669,1,9941669.0,Kartu Kredit,Pending,TrendShop
TRX-11784,11-04-2025,Andi Saputra,Surabaya,,Sepatu Nike,591529,1,591529.0,Kartu Kredit,delivered,TechZone
TRX-11785,2025-03-26,ahmad fauzi,Yogyakarta,Elektronik,Powerbank 10K,5206758,15,78101370.0,Card,Pending,HomeEssence
TRX-11786,20/03/2025,budi santoso,Ban,makanan,Kaos Polos,1707583,5,8537915.0,Ewallet,Canceled,TrendShop
TRX-11787,2025-08-26,rudi hartono,,makanan,Headphone JBL,6527006,5,32635030.0,COD,Returned,BeautyHub
TRX-11788,2025/03/11,AHMAD FAUZI,,Fashion,Powerbank 10K,4582889,100,458288900.0,Card,Returned,SportMax
TRX-11789,02/08/2025,Ahmad Fauzi,Yog,Olahraga,Laptop Asus,8795386,1,8795386.0,,Pending,TrendShop
TRX-11790,12-07-2025,RUDI HARTONO,makassar,olahraga,Headphone JBL,9979645,1,9979645.0,Kartu Kredit,pending,HomeEssence
TRX-11791,21/06/2025,Ahmad Fauzi,bandung,Makanans,Kaos Polos,1581817,0,0.0,Transfer,Returned,GadgetMart
TRX-11792,2025-06-07,ANDI SAPUTRA,Medan,olahraga,Vacuum Cleaner,5765175,10,57651750.0,Transfer,delivered,SportMax
TRX-11793,21/04/2025,rudi hartono,Jakarta,Elektroniks,Kaos Polos,6669511,5,33347555.0,Transfer,,HomeEssence
TRX-11794,11/03/2025,SITI AMINAH,Jekerte,Rumah Tanggas,Lipstik Wardah,6429878,1,6429878.0,E-Wallet,Returned,GadgetMart
TRX-11795,31/07/2025,ahmad fauzi,Den,,Laptop Asus,5259995,100,525999500.0,COD,pending,TrendShop
TRX-11796,10/06/2025,SITI AMINAH,Makassar,Rumah Tangga,Lipstik Wardah,7682749,1,7682749.0,COD,Canceled,BeautyHub
TRX-11797,25/06/2025,Siti Aminah,,Makanan,Vacuum Cleaner,6075261,2,12150522.0,Ewallet,Canceled,TrendShop
TRX-11798,2025/05/27,andi saputra,Bendung,aksesoris,Kaos Polos,9639455,15,144591825.0,Transfer,delivered,TechZone
TRX-11799,2025/03/13,MEGA PUTRI,Denpeser,Kecantikan,Laptop Asus,3925416,3,13766462.01361594,COD,delivered,PowerCell
TRX-11800,2025-04-23,Ahmad Fauzi,,Fashions,Powerbank 10K,7367619,3,22102857.0,Transfer,delivered,SportMax
TRX-11801,2025/03/04,Mega Putri,Mekesser,Rumah Tangga,Vacuum Cleaner,6088602,0,0.0,Kartu Kredit,Delivered,PowerCell
TRX-11802,2025/03/07,DEWI LESTARI,jakarta,Rumah Tangga,Sepatu Nike,4596925,100,679128544.7012502,E-Wallet,Delivered,TechZone
TRX-11803,2025/03/11,ahmad fauzi,Surabaya,Olahraga,Vacuum Cleaner,4929797,15,73946955.0,COD,delivered,PowerCell
TRX-11804,20-08-2025,nanda pratama,denpasar,Elektroniks,Headphone JBL,6820161,15,102302415.0,Transfer,Canceled,TrendShop
TRX-11805,26-03-2025,SITI AMINAH,Jakarta,,Kaos Polos,8143212,1,8143212.0,Card,Delivered,TrendShop
TRX-11806,2025/06/05,Budi Santoso,,Aksesoriss,Vacuum Cleaner,8749043,1,8749043.0,Ewallet,pending,GadgetMart
TRX-11807,30-03-2025,ANDI SAPUTRA,Mekesser,Fashion,Powerbank 10K,7160928,1,7160928.0,Kartu Kredit,Pending,TechZone
TRX-11808,05/08/2025,siti aminah,Yogyekerte,Rumah Tangga,Smartwatch,9785260,10,97852600.0,Card,delivered,BeautyHub
TRX-11809,26-08-2025,mega putri,bandung,Rumah Tangga,Laptop Asus,851125,100,85112500.0,Transfer,pending,SportMax
TRX-11810,16-04-2025,ahmad fauzi,,Olahraga,Powerbank 10K,2743695,3,8231085.0,COD,Delivered,TrendShop
TRX-11811,2025-08-13,budi santoso,Denpasar,Acsesoris,Smartwatch,9748623,5,48743115.0,E-Wallet,Canceled,BeautyHub
TRX-11812,07-03-2025,dewi lestari,Jakarta,elektronik,Vacuum Cleaner,1458277,0,0.0,Kartu Kredit,Returned,PowerCell
TRX-11813,2025/08/16,mega putri,Med,Olahragas,Smartwatch,3617945,100,361794500.0,Transfer,Returned,SportMax
TRX-11814,13/07/2025,mega putri,Medan,Kecantican,Headphone JBL,7870783,1,5857939.8077727,E-Wallet,pending,TrendShop
TRX-11815,21-04-2025,Rudi Hartono,Mekesser,Kecantikans,Powerbank 10K,2139632,0,0.0,Kartu Kredit,Delivered,TechZone
TRX-11816,2025/08/09,SITI AMINAH,Yogyekerte,Fashion,Laptop Asus,7779578,3,20327144.1437824,Kartu Kredit,pending,TechZone
TRX-11817,04/03/2025,ahmad fauzi,jakarta,olahraga,Smartwatch,6857040,5,34285200.0,COD,Returned,PowerCell
TRX-11818,25/08/2025,budi santoso,Mak,Olahraga,Vacuum Cleaner,3568920,1,3568920.0,E-Wallet,Returned,HomeEssence
TRX-11819,08-03-2025,rudi hartono,Sur,Acsesoris,Laptop Asus,7483980,10,74839800.0,E-Wallet,Delivered,SportMax
TRX-11820,2025/04/05,budi santoso,,aksesoris,Lipstik Wardah,5274369,1,5274369.0,Kartu Kredit,Canceled,TrendShop
TRX-11821,2025/07/01,mega putri,jakarta,,Headphone JBL,7645853,15,114687795.0,Ewallet,Returned,TrendShop
TRX-11822,24-07-2025,RUDI HARTONO,Yog,elektronik,Powerbank 10K,956395,1,956395.0,Transfer,delivered,GadgetMart
TRX-11823,16/04/2025,ANDI SAPUTRA,Bandung,Aksesoriss,Headphone JBL,1994606,1,1994606.0,E-Wallet,delivered,PowerCell
TRX-11824,12/08/2025,DEWI LESTARI,Yogyekerte,Kecantican,Smartwatch,1020278,100,102027800.0,COD,Pending,TechZone
TRX-11825,23/08/2025,Andi Saputra,Sur,Olahragas,Lipstik Wardah,2998134,15,44972010.0,Transfer,Pending,HomeEssence
TRX-11826,10/07/2025,Andi Saputra,Ban,elektronik,Kaos Polos,6716781,3,20150343.0,Kartu Kredit,Canceled,SportMax
TRX-11827,05-05-2025,AHMAD FAUZI,Yogyekerte,Fashion,Sepatu Nike,5147579,1,5147579.0,Kartu Kredit,Delivered,BeautyHub
TRX-11828,18-03-2025,BUDI SANTOSO,makassar,Electronic,Sepatu Nike,9863081,2,19726162.0,COD,Canceled,HomeEssence
TRX-11829,2025/03/01,mega putri,Bandung,elektronik,Sepatu Nike,623881,100,43965116.4318984,COD,Pending,SportMax
TRX-11830,26-05-2025,SITI AMINAH,yogyakarta,elektronik,Laptop Asus,6346665,3,19039995.0,E-Wallet,Pending,PowerCell
TRX-11831,09-05-2025,RUDI HARTONO,Jakarta,kecantikan,Smartwatch,7659387,10,76593870.0,Kartu Kredit,delivered,HomeEssence
TRX-11832,30-07-2025,Andi Saputra,Mak,rumah tangga,Lipstik Wardah,3351394,2,6702788.0,Ewallet,Delivered,TrendShop
TRX-11833,2025-07-24,nanda pratama,Surabaya,Macanan,Laptop Asus,1663560,100,166356000.0,E-Wallet,,SportMax
TRX-11834,2025/04/02,Andi Saputra,Ban,elektronik,Powerbank 10K,3070745,2,6141490.0,Ewallet,Canceled,GadgetMart
TRX-11835,12-03-2025,Ahmad Fauzi,Med,rumah tangga,Laptop Asus,5693893,5,28469465.0,Ewallet,Pending,BeautyHub
TRX-11836,15/07/2025,Andi Saputra,jakarta,Kecantikans,Kaos Polos,885988,5,4429940.0,Transfer,Pending,TechZone
TRX-11837,29/03/2025,rudi hartono,Meden,Makanan,Kaos Polos,2139706,2,4279412.0,Kartu Kredit,Returned,PowerCell
TRX-11838,2025-03-15,nanda pratama,Bendung,Olahraga,Sepatu Nike,4355665,1,4355665.0,Card,Delivered,TrendShop
TRX-11839,2025/06/25,Ahmad Fauzi,Jakarta,fashion,Lipstik Wardah,9053281,1,9053281.0,COD,Pending,TechZone
TRX-11840,13/07/2025,DEWI LESTARI,denpasar,elektronik,Lipstik Wardah,305658,1,305658.0,,pending,SportMax
TRX-11841,2025-08-13,budi santoso,yogyakarta,fashion,Lipstik Wardah,6445300,100,562867973.1076833,Kartu Kredit,pending,GadgetMart
TRX-11842,2025/08/08,NANDA PRATAMA,Denpasar,Aksesoriss,Smartwatch,6439690,100,643969000.0,E-Wallet,Returned,TechZone
TRX-11843,11/03/2025,Dewi Lestari,Med,rumah tangga,Smartwatch,9164179,1,9164179.0,Card,Returned,HomeEssence
TRX-11844,21/06/2025,AHMAD FAUZI,Denpasar,fashion,Sepatu Nike,7363367,3,22090101.0,Ewallet,pending,PowerCell
TRX-11845,19-08-2025,MEGA PUTRI,Sur,olahraga,Laptop Asus,7713998,3,23141994.0,Card,Pending,GadgetMart
TRX-11846,2025-08-17,Siti Aminah,Bandung,Elektronik,Kaos Polos,367942,15,5519130.0,Ewallet,Delivered,TrendShop
TRX-11847,2025/05/24,MEGA PUTRI,Makassar,Rumah Tangga,Smartwatch,387462,5,1937310.0,Kartu Kredit,Canceled,HomeEssence
TRX-11848,2025-08-03,RUDI HARTONO,Ban,Electronic,Sepatu Nike,4613167,1,4613167.0,E-Wallet,,SportMax
TRX-11849,2025-06-27,Nanda Pratama,bandung,Fashions,Vacuum Cleaner,7664896,15,114973440.0,COD,Pending,BeautyHub
TRX-11850,20-08-2025,Siti Aminah,Jak,,Powerbank 10K,86327980,2,8632798.0,Kartu Kredit,Pending,GadgetMart
TRX-11851,2025/04/11,DEWI LESTARI,Yogyekerte,aksesoris,Laptop Asus,9129860,100,912986000.0,Transfer,pending,BeautyHub
TRX-11852,08/04/2025,rudi hartono,Sur,Makanan,Lipstik Wardah,171143000,5,42785750.0,Ewallet,Returned,BeautyHub
TRX-11853,2025/08/04,andi saputra,Medan,aksesoris,Headphone JBL,2722762,1,2722762.0,Ewallet,pending,GadgetMart
TRX-11854,2025/05/22,BUDI SANTOSO,Den,Fashions,Smartwatch,505433,1,505433.0,Card,Pending,GadgetMart
TRX-11855,06-03-2025,Rudi Hartono,Mak,makanan,Lipstik Wardah,9885915,3,29657745.0,Kartu Kredit,Returned,PowerCell
TRX-11856,16/05/2025,siti aminah,makassar,Elektroniks,Kaos Polos,3280786,10,32807860.0,E-Wallet,delivered,TechZone
TRX-11857,08/03/2025,Siti Aminah,Yog,,Powerbank 10K,3466403,1,3466403.0,,Delivered,PowerCell
TRX-11858,26-08-2025,Rudi Hartono,Ban,Kecantikans,Laptop Asus,3671420,10,36714200.0,Kartu Kredit,pending,HomeEssence
TRX-11859,26/05/2025,Mega Putri,Den,,Headphone JBL,3993439,1,3993439.0,Transfer,Canceled,HomeEssence
TRX-11860,2025/03/09,ANDI SAPUTRA,Yog,elektronik,Laptop Asus,1301661,2,2603322.0,COD,pending,BeautyHub
TRX-11861,2025-05-10,andi saputra,makassar,rumah tangga,Kaos Polos,1559390,5,7796950.0,Transfer,Pending,SportMax
TRX-11862,10/06/2025,Budi Santoso,Denpasar,Kecantican,Kaos Polos,8754225,15,131313375.0,Ewallet,Pending,SportMax
TRX-11863,22-03-2025,MEGA PUTRI,Meden,Kecantikan,Kaos Polos,9531623,0,0.0,Transfer,delivered,PowerCell
TRX-11864,2025/08/19,andi saputra,Sur,aksesoris,Headphone JBL,9784409,10,86911689.10797502,Ewallet,delivered,GadgetMart
TRX-11865,21-06-2025,Nanda Pratama,Den,Olahraga,Vacuum Cleaner,8289115,15,124336725.0,E-Wallet,Returned,HomeEssence
TRX-11866,2025/08/01,BUDI SANTOSO,medan,Fashion,Powerbank 10K,3789469,15,56842035.0,COD,pending,GadgetMart
TRX-11867,11/08/2025,Siti Aminah,bandung,Electronic,Kaos Polos,2249318,3,4474535.576405006,E-Wallet,delivered,TrendShop
TRX-11868,2025-08-18,DEWI LESTARI,,Elektroniks,Smartwatch,470888,1,470888.0,Kartu Kredit,delivered,BeautyHub
TRX-11869,2025/07/19,BUDI SANTOSO,bandung,Elektronik,Headphone JBL,5620090,1,5620090.0,Kartu Kredit,Returned,GadgetMart
TRX-11870,2025-04-28,SITI AMINAH,Jakarta,Electronic,Laptop Asus,1257739,15,18866085.0,Ewallet,Canceled,TrendShop
TRX-11871,31-05-2025,Rudi Hartono,Jak,Rumah Tangga,Sepatu Nike,5180418,10,51804180.0,E-Wallet,,BeautyHub
TRX-11872,02/08/2025,andi saputra,makassar,makanan,Headphone JBL,1538543,15,20726656.896108545,Card,Returned,TrendShop
TRX-11873,07-05-2025,Mega Putri,denpasar,fashion,Vacuum Cleaner,5637757,15,84566355.0,COD,Pending,SportMax
TRX-11874,06-05-2025,MEGA PUTRI,Jak,Rumah Tangga,Vacuum Cleaner,7366359,3,22099077.0,Kartu Kredit,Delivered,TrendShop
TRX-11875,24-03-2025,Dewi Lestari,Jakarta,fashion,Powerbank 10K,6373686,2,12747372.0,COD,pending,BeautyHub
TRX-11876,25/03/2025,BUDI SANTOSO,makassar,kecantikan,Smartwatch,881635,3,2644905.0,Card,Delivered,BeautyHub
TRX-11877,21-05-2025,AHMAD FAUZI,Denpasar,Makanans,Smartwatch,2794686,1,2794686.0,Card,Delivered,GadgetMart
TRX-11878,2025/05/05,Siti Aminah,Yogyakarta,Acsesoris,Laptop Asus,7607065,5,38035325.0,Ewallet,Pending,GadgetMart
TRX-11879,14-04-2025,Mega Putri,Medan,Kecantikans,Laptop Asus,2452110,1,2452110.0,E-Wallet,Canceled,HomeEssence
TRX-11880,19-06-2025,SITI AMINAH,Yogyakarta,rumah tangga,Vacuum Cleaner,9849416,5,49247080.0,Card,Returned,BeautyHub
TRX-11881,25-07-2025,SITI AMINAH,Den,Olahraga,Powerbank 10K,1454962,5,7274810.0,COD,Canceled,BeautyHub
TRX-11882,22/04/2025,ahmad fauzi,Ban,Rumah Tanggas,Headphone JBL,2963293,3,8889879.0,Card,,TrendShop
TRX-11883,2025-04-14,nanda pratama,,Fashions,Vacuum Cleaner,8644859,10,86448590.0,E-Wallet,Delivered,SportMax
TRX-11884,20-04-2025,mega putri,Jakarta,Olahragas,Lipstik Wardah,6070010,5,30350050.0,Kartu Kredit,Canceled,BeautyHub
TRX-11885,2025/07/29,dewi lestari,Surabaya,olahraga,Lipstik Wardah,4563207,3,13689621.0,Kartu Kredit,Pending,PowerCell
TRX-11886,19-03-2025,Ahmad Fauzi,Medan,Macanan,Headphone JBL,9333409,5,46667045.0,E-Wallet,,SportMax
TRX-11887,31/05/2025,Mega Putri,surabaya,Elektronik,Powerbank 10K,4745995,0,0.0,Kartu Kredit,Delivered,GadgetMart
TRX-11888,25-07-2025,DEWI LESTARI,Makassar,elektronik,Lipstik Wardah,6780419,0,0.0,E-Wallet,Canceled,BeautyHub
TRX-11889,2025-04-06,Rudi Hartono,makassar,Aksesoris,Sepatu Nike,2817257,1,2817257.0,Card,delivered,BeautyHub
TRX-11890,06/06/2025,nanda pratama,Denpasar,Olahraga,Vacuum Cleaner,7592242,10,75922420.0,COD,Delivered,TrendShop
TRX-11891,19-05-2025,Ahmad Fauzi,Jakarta,Fashion,Sepatu Nike,1749660,5,8748300.0,Card,Returned,TechZone
TRX-11892,2025/04/23,Rudi Hartono,Surebeye,Kecantikan,Lipstik Wardah,2555365,1,2555365.0,COD,Returned,BeautyHub
TRX-11893,2025/08/20,mega putri,Makassar,Olahragas,Headphone JBL,897405,10,8974050.0,Ewallet,Returned,TrendShop
TRX-11894,24-05-2025,Andi Saputra,jakarta,Macanan,Kaos Polos,2018921,10,15573619.881815547,E-Wallet,Canceled,PowerCell
TRX-11895,24/05/2025,andi saputra,Med,Rumah Tangga,Vacuum Cleaner,5565328,3,16695984.0,Kartu Kredit,Canceled,TrendShop
TRX-11896,2025/07/29,andi saputra,bandung,,Sepatu Nike,8848834,5,44244170.0,Kartu Kredit,Returned,TrendShop
TRX-11897,2025/08/18,Mega Putri,bandung,Elektronik,Sepatu Nike,6521530,5,32607650.0,Card,pending,HomeEssence
TRX-11898,2025/06/04,Nanda Pratama,Surebeye,Kecantikans,Vacuum Cleaner,5052828,1,5052828.0,,pending,SportMax
TRX-11899,2025/05/26,AHMAD FAUZI,Bendung,kecantikan,Kaos Polos,6983966,0,0.0,COD,delivered,TrendShop
TRX-11900,2025/07/27,andi saputra,Denpasar,Fashion,Sepatu Nike,8408827,1,8408827.0,COD,Delivered,TrendShop
TRX-11901,2025-05-27,ANDI SAPUTRA,Bendung,,Kaos Polos,410306,10,4103060.0,Transfer,pending,SportMax
TRX-11902,26-08-2025,RUDI HARTONO,,makanan,Vacuum Cleaner,1644502,1,1644502.0,Ewallet,pending,BeautyHub
TRX-11903,23/08/2025,AHMAD FAUZI,Sur,Olahraga,Powerbank 10K,6032547,3,18097641.0,Card,Canceled,TrendShop
TRX-11904,2025/05/30,SITI AMINAH,Den,Elektroniks,Kaos Polos,4279228,15,64188420.0,E-Wallet,Returned,PowerCell
TRX-11905,2025-03-31,Nanda Pratama,Jak,Elektronik,Sepatu Nike,1953124,100,195312400.0,Transfer,Canceled,GadgetMart
TRX-11906,09-04-2025,dewi lestari,medan,Acsesoris,Laptop Asus,3197887,0,0.0,COD,Canceled,GadgetMart
TRX-11907,2025/05/26,budi santoso,Jak,Olahraga,Smartwatch,3912163,2,7824326.0,,delivered,TrendShop
TRX-11908,2025-06-25,Ahmad Fauzi,Medan,fashion,Kaos Polos,7106784,15,106601760.0,Kartu Kredit,Delivered,SportMax
TRX-11909,2025-03-25,Rudi Hartono,denpasar,Makanan,Smartwatch,6284408,3,18853224.0,COD,delivered,TechZone
TRX-11910,2025/05/14,siti aminah,Mekesser,,Lipstik Wardah,2067528,3,6202584.0,Kartu Kredit,Pending,PowerCell
TRX-11911,2025-07-12,Ahmad Fauzi,Jekerte,Rumah Tangga,Vacuum Cleaner,2235132,1,2235132.0,Card,Pending,PowerCell
TRX-11912,15/08/2025,NANDA PRATAMA,Jakarta,Olahraga,Sepatu Nike,9963568,10,99635680.0,Kartu Kredit,Pending,PowerCell
TRX-11913,2025/03/19,mega putri,Jekerte,,Powerbank 10K,2978785,0,0.0,Kartu Kredit,delivered,TechZone
TRX-11914,2025/06/24,Rudi Hartono,Denpeser,Fashion,Vacuum Cleaner,4841164,10,48411640.0,Kartu Kredit,Canceled,PowerCell
TRX-11915,2025-04-04,ANDI SAPUTRA,Jakarta,Electronic,Smartwatch,8826381,0,0.0,Transfer,delivered,TrendShop
TRX-11916,2025/07/31,Siti Aminah,Yogyakarta,Olahragas,Lipstik Wardah,9885003,1,9885003.0,COD,pending,PowerCell
TRX-11917,28-05-2025,DEWI LESTARI,Mak,Olahragas,Sepatu Nike,8504364,1,8504364.0,Ewallet,Canceled,SportMax
TRX-11918,29-07-2025,AHMAD FAUZI,Yog,aksesoris,Kaos Polos,9805672,3,29417016.0,Transfer,Pending,TrendShop
TRX-11919,2025-05-12,NANDA PRATAMA,Mekesser,Rumah Tangga,Powerbank 10K,7825872,100,782587200.0,Ewallet,Pending,HomeEssence
TRX-11920,25-07-2025,budi santoso,Jak,Acsesoris,Lipstik Wardah,2446640,1,2446640.0,,Canceled,SportMax
TRX-11921,19/05/2025,mega putri,denpasar,Olahragas,Kaos Polos,7044791,5,43188776.43168381,Card,Delivered,TrendShop
TRX-11922,2025/07/24,MEGA PUTRI,Jakarta,,Smartwatch,7471473,15,112072095.0,Transfer,Canceled,PowerCell
TRX-11923,2025-07-03,ANDI SAPUTRA,denpasar,Aksesoris,Smartwatch,1336188,3,4008564.0,Transfer,Canceled,PowerCell
TRX-11924,21/03/2025,mega putri,makassar,Fashion,Kaos Polos,3135945,3,9407835.0,,Canceled,HomeEssence
TRX-11925,2025-06-04,NANDA PRATAMA,Jak,fashion,Vacuum Cleaner,6687034,5,41607167.07268245,Transfer,delivered,TrendShop
TRX-11926,2025-03-31,Andi Saputra,denpasar,Aksesoriss,Lipstik Wardah,289608,1,289608.0,E-Wallet,Canceled,TechZone
TRX-11927,18/03/2025,Mega Putri,Makassar,Rumah Tangga,Kaos Polos,8787723,10,87877230.0,Card,Delivered,TechZone
TRX-11928,2025/07/03,Ahmad Fauzi,Ban,Fashions,Laptop Asus,9255774,1,9255774.0,E-Wallet,pending,SportMax
TRX-11929,15-08-2025,rudi hartono,Denpeser,Fashions,Kaos Polos,3948888,15,59233320.0,E-Wallet,delivered,HomeEssence
TRX-11930,01-08-2025,Rudi Hartono,surabaya,Aksesoris,Headphone JBL,1650720,1,1650720.0,Ewallet,Canceled,SportMax
TRX-11931,29-06-2025,budi santoso,Yog,makanan,Kaos Polos,6437958,2,12875916.0,Kartu Kredit,Returned,TrendShop
TRX-11932,20-03-2025,siti aminah,Surabaya,Elektroniks,Lipstik Wardah,8867164,1,8867164.0,,delivered,TechZone
TRX-11933,17/08/2025,rudi hartono,medan,Makanan,Powerbank 10K,6676924,100,667692400.0,Kartu Kredit,pending,GadgetMart
TRX-11934,03-06-2025,andi saputra,Ban,Fashion,Vacuum Cleaner,546232,10,5462320.0,E-Wallet,Delivered,SportMax
TRX-11935,06-05-2025,Budi Santoso,Jekerte,,Sepatu Nike,2678973,15,40184595.0,Card,Canceled,GadgetMart
TRX-11936,2025/06/25,andi saputra,Jakarta,Fashion,Powerbank 10K,4041818,1,4041818.0,COD,Delivered,PowerCell
TRX-11937,11/04/2025,nanda pratama,Bendung,Fashion,Lipstik Wardah,300231,2,600462.0,Card,Canceled,GadgetMart
TRX-11938,2025-05-13,RUDI HARTONO,surabaya,Elektroniks,Headphone JBL,6791499,10,67914990.0,Kartu Kredit,Canceled,HomeEssence
TRX-11939,2025-05-12,Siti Aminah,,Olahragas,Lipstik Wardah,9469059,5,47345295.0,E-Wallet,Delivered,SportMax
TRX-11940,08/07/2025,AHMAD FAUZI,Yogyekerte,Fashions,Kaos Polos,3451461,10,34514610.0,COD,Delivered,HomeEssence
TRX-11941,29-04-2025,Budi Santoso,Denpeser,Acsesoris,Headphone JBL,4651318,2,9302636.0,COD,delivered,BeautyHub
TRX-11942,2025-07-29,Nanda Pratama,Mekesser,Macanan,Laptop Asus,2802690,2,5605380.0,COD,Returned,PowerCell
TRX-11943,28-05-2025,Nanda Pratama,Den,elektronik,Headphone JBL,3465473,1,3465473.0,Ewallet,Delivered,PowerCell
TRX-11944,08/07/2025,Mega Putri,bandung,makanan,Sepatu Nike,1621480,100,162148000.0,COD,Delivered,PowerCell
TRX-11945,2025-06-11,Siti Aminah,Jakarta,Rumah Tangga,Smartwatch,2410901,1,2410901.0,Transfer,Canceled,SportMax
TRX-11946,2025/06/07,Budi Santoso,Jekerte,Rumah Tangga,Kaos Polos,7288225,3,21864675.0,COD,Canceled,PowerCell
TRX-11947,23/05/2025,Budi Santoso,Mekesser,Rumah Tangga,Kaos Polos,7591714,3,22775142.0,COD,Pending,SportMax
TRX-11948,2025/04/28,Nanda Pratama,Mekesser,Fashions,Lipstik Wardah,9229279,10,92292790.0,Ewallet,Returned,TrendShop
TRX-11949,13/06/2025,siti aminah,Jekerte,Acsesoris,Powerbank 10K,9023326,15,135349890.0,Transfer,Canceled,SportMax
TRX-11950,04/04/2025,siti aminah,Jakarta,Olahraga,Headphone JBL,6347042,3,19041126.0,Kartu Kredit,delivered,GadgetMart
TRX-11951,2025-06-08,Mega Putri,Jekerte,elektronik,Vacuum Cleaner,7250262,1,7250262.0,Card,Pending,TechZone
TRX-11952,18/04/2025,Andi Saputra,,aksesoris,Vacuum Cleaner,3934175,3,11802525.0,Kartu Kredit,pending,TrendShop
TRX-11953,2025-08-26,Ahmad Fauzi,Medan,Electronic,Smartwatch,1659425,1,1659425.0,E-Wallet,Delivered,TechZone
TRX-11954,2025-05-22,Nanda Pratama,Ban,Aksesoris,Headphone JBL,2148729,0,0.0,COD,delivered,GadgetMart
TRX-11955,2025-08-20,Rudi Hartono,Yogyekerte,fashion,Kaos Polos,1001302,100,100130200.0,Ewallet,Returned,BeautyHub
TRX-11956,2025-04-03,Nanda Pratama,Yogyekerte,makanan,Powerbank 10K,1170803,15,17562045.0,E-Wallet,Canceled,SportMax
TRX-11957,2025/03/06,Mega Putri,Medan,olahraga,Kaos Polos,7637973,15,114569595.0,Transfer,Returned,PowerCell
TRX-11958,2025/05/20,rudi hartono,jakarta,aksesoris,Lipstik Wardah,6012413,10,60124130.0,COD,Pending,PowerCell
TRX-11959,14/05/2025,BUDI SANTOSO,Medan,Fashion,Powerbank 10K,5992654,1,5992654.0,Ewallet,Canceled,SportMax
TRX-11960,2025-07-04,SITI AMINAH,Yogyakarta,,Lipstik Wardah,5138539,1,5138539.0,Kartu Kredit,Returned,TrendShop
TRX-11961,14-05-2025,Andi Saputra,yogyakarta,Macanan,Sepatu Nike,8824821,1,12557272.471742451,Kartu Kredit,Returned,TechZone
TRX-11962,29-05-2025,DEWI LESTARI,Makassar,rumah tangga,Lipstik Wardah,9602559,2,19205118.0,Card,Canceled,BeautyHub
TRX-11963,2025/04/23,budi santoso,jakarta,Elektronik,Kaos Polos,9316359,5,46581795.0,Ewallet,delivered,SportMax
TRX-11964,2025-04-28,siti aminah,Mekesser,Acsesoris,Vacuum Cleaner,728066,1,728066.0,Ewallet,Returned,SportMax
TRX-11965,20-06-2025,Siti Aminah,Meden,Elektronik,Lipstik Wardah,1851951,3,5555853.0,E-Wallet,Delivered,BeautyHub
TRX-11966,28/04/2025,NANDA PRATAMA,Makassar,Olahraga,Headphone JBL,9447868,0,0.0,Ewallet,delivered,TrendShop
TRX-11967,2025-08-04,mega putri,Jakarta,makanan,Vacuum Cleaner,8390791,3,25172373.0,Card,pending,TrendShop
TRX-11968,04/04/2025,Ahmad Fauzi,Sur,Olahragas,Lipstik Wardah,8422602,1,8422602.0,Transfer,delivered,TrendShop
TRX-11969,2025-06-12,RUDI HARTONO,Mekesser,Kecantican,Vacuum Cleaner,1358166,0,0.0,Card,Delivered,TrendShop
TRX-11970,2025-08-19,Siti Aminah,Yogyekerte,rumah tangga,Headphone JBL,1380728,100,138072800.0,E-Wallet,Delivered,TrendShop
TRX-11971,25/06/2025,Andi Saputra,Jakarta,Olahragas,Laptop Asus,7333377,1,7333377.0,Card,pending,GadgetMart
TRX-11972,12-08-2025,RUDI HARTONO,Jakarta,Elektronik,Kaos Polos,2788384,1,2788384.0,Kartu Kredit,Delivered,TechZone
TRX-11973,2025-08-23,MEGA PUTRI,denpasar,aksesoris,Powerbank 10K,2558164,1,2558164.0,COD,,HomeEssence
TRX-11974,24-06-2025,andi saputra,Jak,Kecantikan,Vacuum Cleaner,1219070,1,1219070.0,E-Wallet,Returned,TrendShop
TRX-11975,2025-06-24,Andi Saputra,Mak,,Laptop Asus,221277,0,0.0,Transfer,pending,SportMax
TRX-11976,02/07/2025,Nanda Pratama,Jakarta,Kecantikan,Sepatu Nike,6612865,3,19838595.0,E-Wallet,delivered,TrendShop
TRX-11977,2025/05/18,Siti Aminah,Ban,Aksesoris,Kaos Polos,2641822,3,7925466.0,E-Wallet,Pending,PowerCell
TRX-11978,27-03-2025,Mega Putri,Med,Macanan,Lipstik Wardah,4465239,1,4465239.0,Card,Canceled,SportMax
TRX-11979,16-04-2025,mega putri,Bandung,Elektronik,Powerbank 10K,923420,15,13851300.0,Card,pending,TechZone
TRX-11980,06/06/2025,BUDI SANTOSO,makassar,fashion,Smartwatch,8931111,10,89311110.0,E-Wallet,Delivered,TrendShop
TRX-11981,04-06-2025,Siti Aminah,Mak,,Smartwatch,2615820,1,2615820.0,E-Wallet,Pending,GadgetMart
TRX-11982,13/03/2025,AHMAD FAUZI,Bendung,kecantikan,Laptop Asus,6382961,15,95744415.0,Kartu Kredit,Delivered,TechZone
TRX-11983,2025/06/01,Budi Santoso,Makassar,aksesoris,Sepatu Nike,4399025,1,4399025.0,,pending,GadgetMart
TRX-11984,2025-08-06,SITI AMINAH,Sur,Olahraga,Lipstik Wardah,3461647,15,51924705.0,Kartu Kredit,Delivered,TechZone
TRX-11985,2025-04-07,NANDA PRATAMA,bandung,Electronic,Vacuum Cleaner,2755421,10,27554210.0,Transfer,Delivered,TrendShop
TRX-11986,30/05/2025,siti aminah,Jakarta,elektronik,Laptop Asus,5848273,0,0.0,COD,delivered,HomeEssence
TRX-11987,09-06-2025,budi santoso,jakarta,Electronic,Sepatu Nike,8585640,10,106069446.69966175,Kartu Kredit,Canceled,TrendShop
TRX-11988,2025/06/02,dewi lestari,Yogyakarta,kecantikan,Powerbank 10K,4702124,1,4702124.0,Kartu Kredit,Pending,SportMax
TRX-11989,2025/05/24,Mega Putri,Jakarta,kecantikan,Headphone JBL,2425100,2,4850200.0,Card,,SportMax
TRX-11990,22/03/2025,dewi lestari,denpasar,kecantikan,Sepatu Nike,1768562,2,3537124.0,Kartu Kredit,Delivered,GadgetMart
TRX-11991,16-03-2025,Siti Aminah,Surabaya,rumah tangga,Smartwatch,7265409,100,726540900.0,COD,Returned,GadgetMart
TRX-11992,2025-07-06,mega putri,Yogyekerte,Kecantikans,Powerbank 10K,4349376,0,0.0,E-Wallet,Delivered,BeautyHub
TRX-11993,19-05-2025,MEGA PUTRI,,Acsesoris,Smartwatch,9130961,1,9130961.0,Transfer,,TrendShop
TRX-11994,2025-05-24,rudi hartono,Jakarta,Makanan,Lipstik Wardah,2808566,1,2808566.0,Kartu Kredit,Canceled,TrendShop
TRX-11995,02/06/2025,rudi hartono,Den,aksesoris,Lipstik Wardah,9928917,0,0.0,Card,Returned,BeautyHub
TRX-11996,08/05/2025,Budi Santoso,Jak,Aksesoriss,Lipstik Wardah,7741332,1,7741332.0,E-Wallet,Pending,PowerCell
TRX-11997,2025/03/16,Siti Aminah,Med,Acsesoris,Kaos Polos,6127234,15,91908510.0,Transfer,pending,HomeEssence
TRX-11998,12-08-2025,RUDI HARTONO,Makassar,,Smartwatch,4847927,15,72718905.0,Card,Returned,TrendShop
TRX-11999,2025/08/17,rudi hartono,Yog,olahraga,Kaos Polos,3850760,1,3850760.0,E-Wallet,delivered,SportMax
TRX-12000,09-03-2025,andi saputra,Med,Aksesoris,Sepatu Nike,4083123,3,12249369.0,Transfer,Delivered,TrendShop
TRX-12001,2025-05-03,siti aminah,surabaya,Rumah Tangga,Kaos Polos,664101,3,1992303.0,COD,Pending,SportMax
TRX-12002,2025-08-09,BUDI SANTOSO,Medan,Kecantikans,Headphone JBL,5197501,0,0.0,COD,Returned,TrendShop
TRX-12003,2025-03-18,Mega Putri,jakarta,Fashion,Laptop Asus,601238,0,0.0,Kartu Kredit,delivered,SportMax
TRX-12004,2025-07-05,Budi Santoso,Den,Elektronik,Laptop Asus,3693488,0,0.0,Kartu Kredit,Delivered,TrendShop
TRX-12005,2025-07-10,NANDA PRATAMA,Jekerte,Aksesoriss,Headphone JBL,2945107,1,2945107.0,Transfer,pending,SportMax
TRX-12006,27-03-2025,siti aminah,Yogyakarta,Rumah Tangga,Kaos Polos,7957386,0,0.0,E-Wallet,pending,GadgetMart
TRX-12007,2025/03/28,Ahmad Fauzi,Yogyakarta,elektronik,Smartwatch,584633,15,8769495.0,E-Wallet,delivered,TrendShop
TRX-12008,2025-05-09,andi saputra,Bendung,Olahraga,Smartwatch,9754911,1,9754911.0,Kartu Kredit,delivered,SportMax
TRX-12009,2025-05-26,rudi hartono,,Elektroniks,Headphone JBL,1170113,100,117011300.0,,Delivered,SportMax
TRX-12010,25-04-2025,Siti Aminah,Bendung,Kecantikans,Smartwatch,5143388,10,51433880.0,Ewallet,Pending,GadgetMart
TRX-12011,2025/03/18,Rudi Hartono,Meden,Olahraga,Headphone JBL,6065948,0,0.0,E-Wallet,delivered,TechZone
TRX-12012,2025/08/18,ahmad fauzi,Denpasar,elektronik,Lipstik Wardah,4695289,0,0.0,E-Wallet,Pending,SportMax
TRX-12013,18/05/2025,rudi hartono,bandung,Aksesoris,Vacuum Cleaner,9061698,100,906169800.0,Kartu Kredit,delivered,HomeEssence
TRX-12014,06-06-2025,ahmad fauzi,,Rumah Tanggas,Headphone JBL,2452114,5,12260570.0,Kartu Kredit,pending,HomeEssence
TRX-12015,2025/07/24,budi santoso,Makassar,Fashion,Powerbank 10K,2898039,3,4824528.206741111,Transfer,Returned,PowerCell
TRX-12016,07/05/2025,Mega Putri,Jekerte,elektronik,Laptop Asus,930432,1,930432.0,Card,delivered,SportMax
TRX-12017,2025/06/22,siti aminah,denpasar,Rumah Tangga,Laptop Asus,6277740,2,12555480.0,E-Wallet,delivered,SportMax
TRX-12018,2025/05/17,Budi Santoso,Jakarta,Kecantikan,Vacuum Cleaner,7190782,100,719078200.0,Transfer,Delivered,PowerCell
TRX-12019,26/08/2025,Andi Saputra,Jak,,Smartwatch,3424775,1,3424775.0,Card,delivered,GadgetMart
TRX-12020,2025/07/06,MEGA PUTRI,,Fashion,Laptop Asus,7744867,10,77448670.0,Transfer,Delivered,TechZone
TRX-12021,2025/08/02,Andi Saputra,Den,Makanans,Lipstik Wardah,2618101,10,26181010.0,COD,,BeautyHub
TRX-12022,04-05-2025,budi santoso,medan,Olahraga,Sepatu Nike,9404933,0,0.0,Transfer,Pending,BeautyHub
TRX-12023,2025-06-21,nanda pratama,Surabaya,fashion,Sepatu Nike,7696638,5,38483190.0,Kartu Kredit,delivered,TechZone
TRX-12024,2025/05/22,ahmad fauzi,Bendung,Aksesoris,Smartwatch,3752590,15,56288850.0,Card,Returned,TechZone
TRX-12025,29/04/2025,dewi lestari,Med,Acsesoris,Vacuum Cleaner,8068205,3,24204615.0,Kartu Kredit,Pending,TechZone
TRX-12026,2025/07/04,budi santoso,Jakarta,makanan,Headphone JBL,3354860,1,3354860.0,Kartu Kredit,Delivered,PowerCell
TRX-12027,16-08-2025,DEWI LESTARI,,Makanan,Laptop Asus,8146297,1,6664079.651758506,COD,delivered,TechZone
TRX-12028,31/03/2025,nanda pratama,Denpasar,Acsesoris,Sepatu Nike,7064511,1,7064511.0,Card,Pending,GadgetMart
TRX-12029,2025-06-30,SITI AMINAH,Ban,Kecantikans,Vacuum Cleaner,5166176,3,15498528.0,Kartu Kredit,Pending,BeautyHub
TRX-12030,2025/07/20,andi saputra,Meden,kecantikan,Headphone JBL,9252134,15,138782010.0,,pending,TrendShop
TRX-12031,18/06/2025,Nanda Pratama,denpasar,kecantikan,Vacuum Cleaner,7545095,3,22635285.0,Card,Pending,PowerCell
TRX-12032,25/04/2025,RUDI HARTONO,Meden,Olahraga,Vacuum Cleaner,8912264,1,8912264.0,Card,Delivered,SportMax
TRX-12033,2025/04/04,MEGA PUTRI,yogyakarta,Fashion,Sepatu Nike,4077187,2,8154374.0,COD,Canceled,TechZone
TRX-12034,2025/08/12,ANDI SAPUTRA,makassar,makanan,Vacuum Cleaner,56464,1,56464.0,E-Wallet,delivered,SportMax
TRX-12035,07-07-2025,mega putri,Denpasar,kecantikan,Sepatu Nike,3775530,2,7551060.0,Transfer,pending,GadgetMart
TRX-12036,16-03-2025,NANDA PRATAMA,Sur,kecantikan,Vacuum Cleaner,3663163,3,10989489.0,Ewallet,pending,SportMax
TRX-12037,2025-08-15,RUDI HARTONO,,aksesoris,Smartwatch,5840233,0,0.0,Kartu Kredit,pending,SportMax
TRX-12038,08/06/2025,NANDA PRATAMA,bandung,elektronik,Powerbank 10K,5211545,0,0.0,COD,Returned,TechZone
TRX-12039,2025-06-29,budi santoso,Den,Rumah Tanggas,Vacuum Cleaner,9499146,5,47495730.0,Kartu Kredit,Delivered,GadgetMart
TRX-12040,13/07/2025,andi saputra,Ban,Electronic,Lipstik Wardah,54011,2,108022.0,Kartu Kredit,delivered,BeautyHub
TRX-12041,10/05/2025,andi saputra,Bandung,Aksesoriss,Headphone JBL,8871549,1,8871549.0,COD,Pending,TechZone
TRX-12042,17/05/2025,MEGA PUTRI,Denpasar,Electronic,Powerbank 10K,653151,5,3265755.0,E-Wallet,Returned,SportMax
TRX-12043,2025-06-04,andi saputra,Makassar,Aksesoris,Smartwatch,7422801,100,742280100.0,Transfer,Pending,SportMax
TRX-12044,2025-08-25,Mega Putri,Medan,Kecantikan,Headphone JBL,7414732,0,0.0,COD,Pending,TrendShop
TRX-12045,18-07-2025,Nanda Pratama,Sur,makanan,Kaos Polos,5152367,15,77285505.0,Kartu Kredit,Pending,BeautyHub
TRX-12046,2025/05/23,nanda pratama,Bandung,olahraga,Headphone JBL,4494910,2,8989820.0,E-Wallet,Canceled,TechZone
TRX-12047,27/04/2025,AHMAD FAUZI,Yog,elektronik,Laptop Asus,6531093,1,6531093.0,Card,Pending,SportMax
TRX-12048,24-07-2025,SITI AMINAH,Denpasar,Fashion,Vacuum Cleaner,7603925,0,0.0,Card,Delivered,PowerCell
TRX-12049,23-03-2025,Andi Saputra,Denpeser,Rumah Tanggas,Smartwatch,6921574,100,692157400.0,E-Wallet,Pending,GadgetMart
TRX-12050,13/07/2025,dewi lestari,Bendung,Kecantican,Headphone JBL,2230139,100,223013900.0,Transfer,delivered,SportMax
TRX-12051,05-06-2025,Dewi Lestari,Meden,Kecantikans,Headphone JBL,614174,1,614174.0,Ewallet,Delivered,HomeEssence
TRX-12052,2025-06-17,SITI AMINAH,jakarta,Fashion,Sepatu Nike,5907846,15,88617690.0,E-Wallet,Pending,BeautyHub
TRX-12053,2025-05-08,dewi lestari,Makassar,olahraga,Powerbank 10K,2515596,1,2515596.0,E-Wallet,Pending,TrendShop
TRX-12054,24/04/2025,Siti Aminah,bandung,Kecantikan,Headphone JBL,4455113,0,0.0,E-Wallet,pending,SportMax
TRX-12055,2025/05/19,Ahmad Fauzi,jakarta,Kecantican,Sepatu Nike,3437990,3,10313970.0,Card,Delivered,TrendShop
TRX-12056,27-06-2025,DEWI LESTARI,denpasar,olahraga,Laptop Asus,5116447,100,511644700.0,COD,Canceled,SportMax
TRX-12057,04/04/2025,Mega Putri,Mekesser,Fashion,Headphone JBL,2669222,1,2669222.0,Card,pending,BeautyHub
TRX-12058,05/06/2025,Budi Santoso,Den,Acsesoris,Kaos Polos,2472952,15,37094280.0,Ewallet,Delivered,GadgetMart
TRX-12059,2025/07/29,mega putri,denpasar,Elektronik,Powerbank 10K,3272018,100,327201800.0,Kartu Kredit,Returned,TrendShop
TRX-12060,2025-04-01,nanda pratama,Sur,kecantikan,Kaos Polos,5413998,1,5413998.0,Kartu Kredit,Pending,BeautyHub
TRX-12061,2025/04/12,BUDI SANTOSO,Bendung,Kecantikan,Powerbank 10K,99768,0,0.0,Kartu Kredit,Delivered,HomeEssence
TRX-12062,30/04/2025,budi santoso,surabaya,Rumah Tanggas,Powerbank 10K,5217373,1,5217373.0,E-Wallet,Returned,PowerCell
TRX-12063,06/03/2025,mega putri,Medan,Fashion,Vacuum Cleaner,2150326,100,215032600.0,COD,Delivered,TechZone
TRX-12064,10/05/2025,dewi lestari,denpasar,Kecantikan,Laptop Asus,2576297,1,2576297.0,Transfer,Delivered,PowerCell
TRX-12065,05/08/2025,ahmad fauzi,Jak,Electronic,Laptop Asus,8141363,2,16282726.0,COD,Delivered,BeautyHub
TRX-12066,2025-07-04,Dewi Lestari,Yogyakarta,Olahragas,Smartwatch,978864,100,97886400.0,Kartu Kredit,pending,TrendShop
TRX-12067,2025/06/23,NANDA PRATAMA,Ban,,Powerbank 10K,6558526,100,655852600.0,Transfer,delivered,BeautyHub
TRX-12068,20/04/2025,DEWI LESTARI,Den,Rumah Tangga,Powerbank 10K,9370383,10,93703830.0,Transfer,Canceled,SportMax
TRX-12069,10-04-2025,Nanda Pratama,Meden,Rumah Tanggas,Laptop Asus,6485389,0,0.0,,Pending,BeautyHub
TRX-12070,03-05-2025,Ahmad Fauzi,Surabaya,Fashion,Smartwatch,1298749,1,1298749.0,Card,Canceled,GadgetMart
TRX-12071,2025/07/08,ANDI SAPUTRA,Sur,rumah tangga,Powerbank 10K,2146419,1,2146419.0,E-Wallet,pending,GadgetMart
TRX-12072,13-03-2025,siti aminah,denpasar,Electronic,Vacuum Cleaner,594344,5,2971720.0,,delivered,SportMax
TRX-12073,22/03/2025,ahmad fauzi,Ban,Rumah Tangga,Kaos Polos,8487247,100,848724700.0,Kartu Kredit,Pending,BeautyHub
TRX-12074,13/05/2025,Siti Aminah,Den,Elektronik,Powerbank 10K,1930164,2,3860328.0,Card,pending,GadgetMart
TRX-12075,13/08/2025,dewi lestari,Bendung,Fashion,Powerbank 10K,160957,10,1609570.0,Transfer,Pending,SportMax
TRX-12076,05/06/2025,rudi hartono,Jak,olahraga,Headphone JBL,4904487,2,9808974.0,Ewallet,pending,HomeEssence
TRX-12077,26-04-2025,Mega Putri,Denpeser,elektronik,Vacuum Cleaner,9244625,15,138669375.0,E-Wallet,Canceled,SportMax
TRX-12078,2025-05-01,ahmad fauzi,bandung,Elektroniks,Lipstik Wardah,1245344,0,0.0,Transfer,pending,TrendShop
TRX-12079,2025-06-25,ANDI SAPUTRA,Denpasar,olahraga,Laptop Asus,466561,10,4665610.0,COD,delivered,BeautyHub
TRX-12080,24/05/2025,Siti Aminah,Surebeye,Elektronik,Laptop Asus,7206406,10,72064060.0,Transfer,pending,TechZone
TRX-12081,13-05-2025,ANDI SAPUTRA,Bendung,Makanan,Sepatu Nike,6981344,1,6981344.0,Kartu Kredit,Delivered,HomeEssence
TRX-12082,11-04-2025,andi saputra,medan,Macanan,Laptop Asus,9356607,1,9356607.0,Card,Canceled,TechZone
TRX-12083,2025-06-09,Ahmad Fauzi,medan,Fashion,Vacuum Cleaner,7423356,1,9844575.284829348,Card,Pending,SportMax
TRX-12084,17/03/2025,Budi Santoso,denpasar,Aksesoriss,Kaos Polos,4295576,0,0.0,Ewallet,Canceled,PowerCell
TRX-12085,2025-08-04,mega putri,bandung,Rumah Tangga,Vacuum Cleaner,8675146,1,8675146.0,E-Wallet,Delivered,HomeEssence
TRX-12086,28/06/2025,Nanda Pratama,Meden,Rumah Tanggas,Sepatu Nike,3659134,15,54887010.0,Kartu Kredit,Delivered,GadgetMart
TRX-12087,18/05/2025,DEWI LESTARI,surabaya,,Lipstik Wardah,877150,2,1754300.0,Transfer,Returned,PowerCell
TRX-12088,2025/03/19,BUDI SANTOSO,,Elektronik,Smartwatch,5082793,1,5082793.0,Ewallet,Pending,TrendShop
TRX-12089,2025/03/26,Siti Aminah,Ban,olahraga,Smartwatch,8189480,100,818948000.0,E-Wallet,Delivered,SportMax
TRX-12090,01-08-2025,Siti Aminah,Sur,Macanan,Laptop Asus,188925,0,0.0,Kartu Kredit,delivered,PowerCell
TRX-12091,21-05-2025,Andi Saputra,Sur,Acsesoris,Laptop Asus,5462319,2,10924638.0,COD,Returned,BeautyHub
TRX-12092,2025-07-09,DEWI LESTARI,medan,Fashions,Lipstik Wardah,425233,0,0.0,Transfer,delivered,PowerCell
TRX-12093,11/04/2025,AHMAD FAUZI,Surebeye,Rumah Tangga,Powerbank 10K,2007792,0,0.0,COD,Canceled,SportMax
TRX-12094,2025-05-02,ANDI SAPUTRA,denpasar,Makanan,Lipstik Wardah,481978,0,0.0,Transfer,Canceled,GadgetMart
TRX-12095,24-04-2025,budi santoso,Bendung,Olahraga,Lipstik Wardah,3941865,1,3941865.0,Transfer,Returned,HomeEssence
TRX-12096,21-04-2025,BUDI SANTOSO,Denpeser,Acsesoris,Vacuum Cleaner,9592499,2,19184998.0,Kartu Kredit,Returned,TrendShop
TRX-12097,26-06-2025,rudi hartono,Makassar,,Kaos Polos,9140822,1,9140822.0,Ewallet,pending,BeautyHub
TRX-12098,2025-07-22,Andi Saputra,Meden,rumah tangga,Kaos Polos,8664295,3,26435366.90191313,,Delivered,HomeEssence
TRX-12099,01-05-2025,Mega Putri,surabaya,Kecantikans,Vacuum Cleaner,2811856,0,0.0,COD,pending,TrendShop
TRX-12100,25-03-2025,dewi lestari,makassar,Fashion,Vacuum Cleaner,79813,100,7981300.0,Kartu Kredit,pending,TrendShop
TRX-12101,2025-08-04,mega putri,Yogyakarta,olahraga,Powerbank 10K,6551211,3,19653633.0,Kartu Kredit,Returned,SportMax
TRX-12102,22-07-2025,Dewi Lestari,Makassar,Aksesoriss,Vacuum Cleaner,6696854,15,100452810.0,Ewallet,Canceled,HomeEssence
TRX-12103,2025-05-17,mega putri,denpasar,Olahragas,Laptop Asus,4084649,5,20423245.0,COD,pending,BeautyHub
TRX-12104,08-08-2025,Mega Putri,Yog,Acsesoris,Headphone JBL,9208956,1,9208956.0,,Canceled,BeautyHub
TRX-12105,02/05/2025,Siti Aminah,Yogyekerte,Electronic,Vacuum Cleaner,2871058,1,2871058.0,Transfer,delivered,SportMax
TRX-12106,07-05-2025,Nanda Pratama,,fashion,Headphone JBL,1258060,100,125806000.0,Kartu Kredit,Pending,BeautyHub
TRX-12107,2025-03-02,Nanda Pratama,denpasar,Aksesoris,Powerbank 10K,5735645,0,0.0,Ewallet,Pending,GadgetMart
TRX-12108,2025/07/18,Rudi Hartono,Medan,Makanan,Vacuum Cleaner,5051945,0,0.0,E-Wallet,,PowerCell
TRX-12109,13/03/2025,MEGA PUTRI,surabaya,elektronik,Laptop Asus,4788637,10,47886370.0,Transfer,pending,SportMax
TRX-12110,04/07/2025,ahmad fauzi,Yogyakarta,Electronic,Sepatu Nike,6122929,100,612292900.0,Ewallet,Returned,GadgetMart
TRX-12111,2025-07-27,MEGA PUTRI,Bandung,,Smartwatch,4101939,10,41019390.0,E-Wallet,Canceled,BeautyHub
TRX-12112,05/05/2025,Dewi Lestari,Mak,rumah tangga,Headphone JBL,3148056,5,15740280.0,Card,pending,SportMax
TRX-12113,2025-05-18,NANDA PRATAMA,Makassar,Makanans,Headphone JBL,7049244,5,35246220.0,Kartu Kredit,pending,PowerCell
TRX-12114,20/05/2025,budi santoso,Yogyakarta,Elektroniks,Lipstik Wardah,7134335,1,7134335.0,Ewallet,pending,HomeEssence
TRX-12115,23/05/2025,budi santoso,jakarta,Makanan,Kaos Polos,6473827,1,6473827.0,Ewallet,Pending,GadgetMart
TRX-12116,2025/03/12,andi saputra,jakarta,Elektronik,Kaos Polos,7123575,1,7123575.0,Kartu Kredit,Pending,BeautyHub
TRX-12117,08/06/2025,MEGA PUTRI,Ban,Acsesoris,Sepatu Nike,1434525,1,1434525.0,Transfer,pending,SportMax
TRX-12118,2025-08-09,Nanda Pratama,Mak,olahraga,Smartwatch,166220,3,498660.0,Transfer,Delivered,GadgetMart
TRX-12119,2025-06-08,MEGA PUTRI,Yogyakarta,Rumah Tanggas,Kaos Polos,9471077,1,9471077.0,Kartu Kredit,Returned,GadgetMart
TRX-12120,12/03/2025,ANDI SAPUTRA,jakarta,,Laptop Asus,9769987,3,29309961.0,Kartu Kredit,Delivered,HomeEssence
TRX-12121,25/06/2025,Mega Putri,Yog,Kecantican,Laptop Asus,1467191,5,7335955.0,Ewallet,Returned,HomeEssence
TRX-12122,17/04/2025,dewi lestari,Mekesser,Elektronik,Powerbank 10K,8159074,3,30507887.39803896,Card,,TrendShop
TRX-12123,2025/05/23,SITI AMINAH,surabaya,Makanan,Kaos Polos,9485754,2,18971508.0,COD,Pending,GadgetMart
TRX-12124,2025/04/17,Rudi Hartono,Ban,Olahragas,Vacuum Cleaner,2731478,2,5462956.0,Card,Delivered,TrendShop
TRX-12125,11-03-2025,Nanda Pratama,Ban,Fashions,Sepatu Nike,2982878,1,2982878.0,Card,Canceled,TechZone
TRX-12126,2025/06/30,Ahmad Fauzi,Yogyekerte,Kecantikan,Smartwatch,6864276,5,34321380.0,E-Wallet,pending,TechZone
TRX-12127,06/04/2025,MEGA PUTRI,surabaya,Electronic,Smartwatch,8292184,1,8292184.0,COD,,PowerCell
TRX-12128,2025/06/01,mega putri,bandung,fashion,Vacuum Cleaner,5708565,0,0.0,Kartu Kredit,delivered,SportMax
TRX-12129,01-08-2025,DEWI LESTARI,jakarta,Kecantican,Smartwatch,8306327,2,16612654.0,Card,Pending,TrendShop
TRX-12130,2025-06-29,Dewi Lestari,Mekesser,fashion,Vacuum Cleaner,4993114,3,14979342.0,COD,Delivered,GadgetMart
TRX-12131,11-05-2025,Mega Putri,Meden,fashion,Sepatu Nike,2035404,1,2035404.0,Ewallet,delivered,HomeEssence
TRX-12132,27/06/2025,Rudi Hartono,Surebeye,Aksesoriss,Smartwatch,2176861,100,217686100.0,Kartu Kredit,delivered,TrendShop
TRX-12133,2025/07/18,Mega Putri,,Fashion,Powerbank 10K,6339189,5,45880739.887574896,E-Wallet,,SportMax
TRX-12134,03/04/2025,budi santoso,bandung,Aksesoris,Powerbank 10K,8835064,100,883506400.0,Kartu Kredit,Delivered,TechZone
TRX-12135,2025-06-30,budi santoso,Surabaya,Rumah Tanggas,Vacuum Cleaner,948704,1,948704.0,Ewallet,pending,HomeEssence
TRX-12136,2025-06-23,DEWI LESTARI,yogyakarta,Aksesoris,Lipstik Wardah,7803472,5,39017360.0,Ewallet,Delivered,TrendShop
TRX-12137,2025/03/04,Budi Santoso,Bendung,kecantikan,Smartwatch,9468124,1,9468124.0,Ewallet,,BeautyHub
TRX-12138,14-06-2025,AHMAD FAUZI,Med,fashion,Lipstik Wardah,3659684,3,10979052.0,E-Wallet,delivered,HomeEssence
TRX-12139,29/06/2025,ANDI SAPUTRA,bandung,kecantikan,Headphone JBL,4640723,1,4640723.0,Kartu Kredit,Returned,GadgetMart
TRX-12140,2025-03-19,DEWI LESTARI,Mekesser,Fashion,Sepatu Nike,3179985,0,0.0,COD,Delivered,TechZone
TRX-12141,13-05-2025,Ahmad Fauzi,Yogyakarta,Makanans,Vacuum Cleaner,8095409,3,24286227.0,Ewallet,Returned,BeautyHub
TRX-12142,2025/07/14,Nanda Pratama,Den,Aksesoris,Lipstik Wardah,1168844,1,1168844.0,E-Wallet,Returned,PowerCell
TRX-12143,2025-03-11,siti aminah,Bandung,rumah tangga,Smartwatch,9867534,15,148013010.0,E-Wallet,Returned,TechZone
TRX-12144,2025-07-05,andi saputra,Meden,fashion,Kaos Polos,6512280,1,6512280.0,E-Wallet,Delivered,TrendShop
TRX-12145,08-03-2025,BUDI SANTOSO,denpasar,elektronik,Sepatu Nike,9896521,2,19793042.0,Card,delivered,BeautyHub
TRX-12146,2025-03-10,RUDI HARTONO,medan,Fashions,Headphone JBL,2831652,1,2831652.0,Card,Pending,SportMax
TRX-12147,2025/06/20,dewi lestari,Denpeser,Kecantikan,Lipstik Wardah,9426775,1,9426775.0,Transfer,Returned,HomeEssence
TRX-12148,14-06-2025,Siti Aminah,Surabaya,Elektroniks,Vacuum Cleaner,8886621,3,26659863.0,Ewallet,Delivered,SportMax
TRX-12149,25-05-2025,ANDI SAPUTRA,Mak,Elektroniks,Laptop Asus,592955,1,592955.0,COD,delivered,BeautyHub
TRX-12150,2025/08/14,budi santoso,Surebeye,Fashion,Headphone JBL,3357735,5,16788675.0,Transfer,delivered,SportMax
TRX-12151,2025/07/13,andi saputra,Surabaya,Rumah Tangga,Sepatu Nike,8811753,3,26435259.0,Kartu Kredit,Canceled,PowerCell
TRX-12152,07-04-2025,Ahmad Fauzi,Makassar,Makanan,Smartwatch,6735941,3,20207823.0,Transfer,Delivered,PowerCell
TRX-12153,2025-04-13,Rudi Hartono,Yog,Kecantican,Kaos Polos,2841241,5,14206205.0,Transfer,Pending,BeautyHub
TRX-12154,30/06/2025,Siti Aminah,Denpasar,rumah tangga,Vacuum Cleaner,8784352,1,8784352.0,COD,pending,HomeEssence
TRX-12155,2025-04-07,RUDI HARTONO,Surebeye,Rumah Tangga,Headphone JBL,2811623,1,2811623.0,Ewallet,delivered,TechZone
TRX-12156,10/03/2025,mega putri,Ban,Elektroniks,Lipstik Wardah,3833799,10,38337990.0,Card,delivered,TrendShop
TRX-12157,27/07/2025,rudi hartono,Yogyekerte,fashion,Headphone JBL,3936932,15,59053980.0,Ewallet,Returned,PowerCell
TRX-12158,2025/07/04,ANDI SAPUTRA,Makassar,Aksesoriss,Smartwatch,2386806,10,29115077.13900844,Ewallet,delivered,GadgetMart
TRX-12159,2025-04-02,Siti Aminah,Yogyakarta,Olahraga,Lipstik Wardah,7567201,10,75672010.0,Transfer,Delivered,TrendShop
TRX-12160,26/04/2025,mega putri,Jakarta,Kecantican,Sepatu Nike,6642863,100,664286300.0,E-Wallet,Pending,SportMax
TRX-12161,27-03-2025,Rudi Hartono,Yogyakarta,Elektroniks,Headphone JBL,6265241,15,93978615.0,Kartu Kredit,pending,HomeEssence
TRX-12162,27/08/2025,Siti Aminah,surabaya,Olahragas,Headphone JBL,3111481,100,311148100.0,E-Wallet,Canceled,HomeEssence
TRX-12163,2025/03/25,dewi lestari,Yogyakarta,aksesoris,Laptop Asus,8738458,5,54646603.59025667,E-Wallet,Returned,HomeEssence
TRX-12164,2025-04-26,AHMAD FAUZI,Ban,Makanans,Vacuum Cleaner,8479747,10,84797470.0,COD,Returned,TrendShop
TRX-12165,04/07/2025,AHMAD FAUZI,Denpeser,Electronic,Laptop Asus,353446,5,1767230.0,COD,pending,GadgetMart
TRX-12166,2025-04-02,Dewi Lestari,Ban,Makanans,Headphone JBL,1095716,1,1095716.0,Kartu Kredit,delivered,GadgetMart
TRX-12167,2025-03-18,Ahmad Fauzi,medan,Elektroniks,Vacuum Cleaner,3743793,1,3743793.0,Transfer,Canceled,TechZone
TRX-12168,04/04/2025,BUDI SANTOSO,Yogyekerte,Kecantikan,Kaos Polos,6165762,1,4416878.160605541,Transfer,delivered,TechZone
TRX-12169,24/07/2025,ANDI SAPUTRA,Bandung,Fashion,Powerbank 10K,1748413,10,13328018.030875346,COD,pending,TrendShop
TRX-12170,11-05-2025,AHMAD FAUZI,Med,Fashion,Powerbank 10K,5010124,2,10020248.0,Transfer,Delivered,BeautyHub
TRX-12171,16-07-2025,Andi Saputra,Denpeser,,Lipstik Wardah,8201382,1,8201382.0,E-Wallet,Canceled,HomeEssence
TRX-12172,24/08/2025,andi saputra,Sur,Rumah Tangga,Sepatu Nike,6194138,1,6194138.0,Transfer,Delivered,BeautyHub
TRX-12173,2025-08-11,BUDI SANTOSO,Mekesser,Kecantican,Laptop Asus,4356080,10,43560800.0,E-Wallet,Canceled,GadgetMart
TRX-12174,28-05-2025,Siti Aminah,Mak,Fashion,Smartwatch,262803,100,26280300.0,Transfer,Canceled,HomeEssence
TRX-12175,25-07-2025,Mega Putri,Bendung,Elektroniks,Powerbank 10K,6839329,2,13678658.0,Kartu Kredit,Delivered,GadgetMart
TRX-12176,2025-06-02,dewi lestari,denpasar,Aksesoriss,Vacuum Cleaner,6701154,100,466896426.20598084,Transfer,Canceled,BeautyHub
TRX-12177,2025/03/23,Andi Saputra,surabaya,Rumah Tangga,Kaos Polos,2920581,0,0.0,Card,pending,HomeEssence
TRX-12178,2025-07-18,mega putri,Denpasar,Kecantikans,Headphone JBL,5064049,2,10128098.0,Kartu Kredit,delivered,TechZone
TRX-12179,2025/07/14,Siti Aminah,Sur,elektronik,Laptop Asus,211297,15,3169455.0,E-Wallet,Returned,BeautyHub
TRX-12180,2025/06/20,ANDI SAPUTRA,Med,Rumah Tangga,Laptop Asus,4293460,100,563151890.0703237,Card,Returned,BeautyHub
TRX-12181,2025-08-05,AHMAD FAUZI,Medan,Olahraga,Vacuum Cleaner,5976069,1,5976069.0,Card,Canceled,SportMax
TRX-12182,29-03-2025,rudi hartono,Surebeye,elektronik,Laptop Asus,6789202,100,678920200.0,Card,delivered,GadgetMart
TRX-12183,2025/06/12,nanda pratama,Makassar,Kecantikans,Headphone JBL,2731722,100,273172200.0,COD,pending,HomeEssence
TRX-12184,15-05-2025,NANDA PRATAMA,Jak,Fashion,Kaos Polos,1781530,1,1781530.0,COD,Delivered,BeautyHub
TRX-12185,2025/05/16,mega putri,bandung,fashion,Smartwatch,5602612,3,16807836.0,Card,Pending,TrendShop
TRX-12186,02-03-2025,dewi lestari,jakarta,aksesoris,Sepatu Nike,6262695,5,31313475.0,COD,,SportMax
TRX-12187,15-08-2025,MEGA PUTRI,,kecantikan,Smartwatch,418893,15,6283395.0,COD,,HomeEssence
TRX-12188,01/04/2025,RUDI HARTONO,Mak,rumah tangga,Headphone JBL,1928798,2,3857596.0,Card,Pending,TechZone
TRX-12189,2025-07-19,DEWI LESTARI,Jakarta,makanan,Laptop Asus,1104212,100,110421200.0,COD,delivered,PowerCell
TRX-12190,2025/04/21,Siti Aminah,,Rumah Tangga,Powerbank 10K,8722424,2,17444848.0,Transfer,pending,GadgetMart
TRX-12191,2025/06/18,Ahmad Fauzi,Sur,Rumah Tangga,Powerbank 10K,4765697,100,476569700.0,Transfer,Returned,PowerCell
TRX-12192,05-07-2025,Budi Santoso,makassar,Elektronik,Headphone JBL,7719510,10,77195100.0,Kartu Kredit,Canceled,TrendShop
TRX-12193,03/08/2025,Siti Aminah,Denpeser,rumah tangga,Powerbank 10K,2700527,1,2700527.0,Kartu Kredit,Returned,TrendShop
TRX-12194,21/07/2025,budi santoso,Yogyakarta,Makanans,Lipstik Wardah,1987135,1,1987135.0,Transfer,Returned,TechZone
TRX-12195,24/05/2025,Ahmad Fauzi,Bendung,Aksesoris,Sepatu Nike,8236565,0,0.0,COD,,BeautyHub
TRX-12196,2025/07/10,SITI AMINAH,,Rumah Tangga,Smartwatch,2122171,100,212217100.0,E-Wallet,pending,TechZone
TRX-12197,12/08/2025,nanda pratama,Jekerte,,Powerbank 10K,8431660,2,16863320.0,,Pending,PowerCell
TRX-12198,2025-08-15,Mega Putri,Jakarta,Fashions,Laptop Asus,6264294,1,6264294.0,,Canceled,HomeEssence
TRX-12199,12-06-2025,dewi lestari,Yogyakarta,Kecantikans,Lipstik Wardah,6397572,100,639757200.0,Kartu Kredit,pending,BeautyHub
TRX-12200,31/07/2025,BUDI SANTOSO,Bendung,Rumah Tangga,Kaos Polos,4193403,100,419340300.0,Card,delivered,GadgetMart
TRX-12201,2025-06-09,ahmad fauzi,Jak,olahraga,Powerbank 10K,4465743,0,0.0,Kartu Kredit,Canceled,TrendShop
TRX-12202,09/03/2025,SITI AMINAH,Ban,Makanan,Powerbank 10K,3003028,3,9009084.0,Card,delivered,BeautyHub
TRX-12203,2025-03-28,budi santoso,Mak,Olahraga,Laptop Asus,6238343,1,6238343.0,Transfer,pending,TechZone
TRX-12204,18/06/2025,nanda pratama,yogyakarta,fashion,Lipstik Wardah,6163100,5,30815500.0,E-Wallet,Pending,SportMax
TRX-12205,14/06/2025,ahmad fauzi,Yogyekerte,Rumah Tanggas,Kaos Polos,3640511,100,364051100.0,Ewallet,delivered,TrendShop
TRX-12206,17/05/2025,rudi hartono,Mekesser,Electronic,Lipstik Wardah,6807450,100,695827956.8164458,Kartu Kredit,pending,TechZone
TRX-12207,13/08/2025,DEWI LESTARI,Yog,Macanan,Smartwatch,9195155,2,18390310.0,Ewallet,delivered,BeautyHub
TRX-12208,2025/04/02,Mega Putri,Den,Olahragas,Smartwatch,1389462,10,13894620.0,Ewallet,Returned,TrendShop
TRX-12209,13/06/2025,ANDI SAPUTRA,Denpeser,fashion,Vacuum Cleaner,7737268,1,7737268.0,Transfer,delivered,TechZone
TRX-12210,13/05/2025,Mega Putri,Meden,Fashion,Kaos Polos,5208570,15,78128550.0,E-Wallet,Canceled,HomeEssence
TRX-12211,21-07-2025,mega putri,Surebeye,Rumah Tanggas,Sepatu Nike,1187317,2,2374634.0,E-Wallet,Returned,PowerCell
TRX-12212,2025-05-22,siti aminah,Meden,Kecantikan,Headphone JBL,349189,1,357490.931956036,E-Wallet,delivered,SportMax
TRX-12213,10-03-2025,siti aminah,Yogyakarta,Kecantikan,Vacuum Cleaner,6186821,1,6186821.0,E-Wallet,Canceled,TechZone
TRX-12214,03/06/2025,siti aminah,Den,Kecantikan,Smartwatch,9294561,10,92945610.0,Transfer,Pending,SportMax
TRX-12215,05/04/2025,RUDI HARTONO,Meden,elektronik,Sepatu Nike,286824,5,1434120.0,Transfer,pending,TechZone
TRX-12216,06-06-2025,Andi Saputra,,Electronic,Lipstik Wardah,4598003,2,9196006.0,COD,delivered,HomeEssence
TRX-12217,09-03-2025,Andi Saputra,Jak,Rumah Tangga,Laptop Asus,4216289,1,4674655.8055248065,E-Wallet,pending,TechZone
TRX-12218,02/05/2025,DEWI LESTARI,Makassar,Olahragas,Kaos Polos,5388744,5,26943720.0,Kartu Kredit,delivered,GadgetMart
TRX-12219,13-06-2025,siti aminah,surabaya,Olahraga,Kaos Polos,4113068,15,61696020.0,Kartu Kredit,delivered,PowerCell
TRX-12220,2025-08-20,dewi lestari,Jekerte,Fashion,Vacuum Cleaner,1582337,100,158233700.0,Kartu Kredit,Canceled,BeautyHub
TRX-12221,2025-05-19,ahmad fauzi,,Olahraga,Headphone JBL,829105,100,82910500.0,Ewallet,pending,SportMax
TRX-12222,2025-03-01,SITI AMINAH,Medan,Fashion,Lipstik Wardah,270326,100,27032600.0,Transfer,Pending,TechZone
TRX-12223,2025/03/17,siti aminah,,Olahraga,Smartwatch,6687935,10,66879350.0,E-Wallet,Pending,TechZone
TRX-12224,10/08/2025,BUDI SANTOSO,Yogyekerte,Rumah Tanggas,Smartwatch,6625273,3,19875819.0,Kartu Kredit,,PowerCell
TRX-12225,2025/08/14,BUDI SANTOSO,Surabaya,,Lipstik Wardah,4497321,0,0.0,Card,delivered,HomeEssence
TRX-12226,07/04/2025,Rudi Hartono,makassar,Acsesoris,Vacuum Cleaner,5916645,1,5916645.0,E-Wallet,Delivered,BeautyHub
TRX-12227,24-08-2025,Siti Aminah,yogyakarta,Fashions,Headphone JBL,4619146,15,69287190.0,E-Wallet,pending,BeautyHub
TRX-12228,07-05-2025,Dewi Lestari,Meden,Aksesoriss,Lipstik Wardah,3189782,5,15948910.0,COD,,SportMax
TRX-12229,08-07-2025,RUDI HARTONO,Jekerte,makanan,Laptop Asus,1700224,10,17002240.0,,pending,TechZone
TRX-12230,2025/07/04,BUDI SANTOSO,Denpasar,makanan,Lipstik Wardah,634942,10,6349420.0,Kartu Kredit,Canceled,SportMax
TRX-12231,2025/04/17,dewi lestari,Makassar,makanan,Laptop Asus,8405425,5,42027125.0,Card,Pending,TrendShop
TRX-12232,24-08-2025,budi santoso,Makassar,fashion,Laptop Asus,1531177,15,22967655.0,Ewallet,Delivered,TechZone
TRX-12233,19-06-2025,ahmad fauzi,Denpeser,Electronic,Smartwatch,4710110,1,4710110.0,Ewallet,,HomeEssence
TRX-12234,2025/08/05,BUDI SANTOSO,Denpeser,Makanans,Sepatu Nike,8048883,1,8048883.0,Ewallet,delivered,TechZone
TRX-12235,2025-06-21,NANDA PRATAMA,Bendung,,Sepatu Nike,5168805,1,5168805.0,E-Wallet,Returned,BeautyHub
TRX-12236,2025-07-02,dewi lestari,Mekesser,Fashions,Laptop Asus,7677339,5,38386695.0,Ewallet,delivered,GadgetMart
TRX-12237,25-04-2025,RUDI HARTONO,jakarta,Elektroniks,Vacuum Cleaner,1400339,100,103316357.119544,Kartu Kredit,pending,TechZone
TRX-12238,26/05/2025,BUDI SANTOSO,Denpasar,Rumah Tangga,Kaos Polos,9490501,2,18981002.0,Ewallet,Delivered,TrendShop
TRX-12239,23-05-2025,BUDI SANTOSO,denpasar,Aksesoris,Smartwatch,3900404,2,7034690.382156524,Card,delivered,TechZone
TRX-12240,2025-07-23,andi saputra,makassar,Fashions,Powerbank 10K,2871105,2,5742210.0,COD,Returned,BeautyHub
TRX-12241,16/05/2025,rudi hartono,Yogyekerte,Rumah Tangga,Smartwatch,976109,1,976109.0,COD,pending,PowerCell
TRX-12242,2025-05-01,mega putri,Surebeye,Olahragas,Laptop Asus,6368499,1,6368499.0,COD,,PowerCell
TRX-12243,21-04-2025,andi saputra,medan,Rumah Tangga,Powerbank 10K,2646882,5,13234410.0,,Pending,TechZone
TRX-12244,2025/08/19,ahmad fauzi,,Rumah Tangga,Smartwatch,4700100,1,4700100.0,Transfer,Canceled,TrendShop
TRX-12245,2025-04-03,NANDA PRATAMA,makassar,Olahraga,Lipstik Wardah,1047057,2,2094114.0,E-Wallet,Canceled,BeautyHub
TRX-12246,24/04/2025,Budi Santoso,,Kecantikans,Headphone JBL,3724153,15,55862295.0,Card,Delivered,SportMax
TRX-12247,30/06/2025,RUDI HARTONO,Den,Aksesoris,Laptop Asus,3668313,3,11004939.0,Kartu Kredit,Delivered,PowerCell
TRX-12248,06-07-2025,BUDI SANTOSO,Jekerte,Aksesoriss,Smartwatch,8724708,10,87247080.0,COD,Pending,HomeEssence
TRX-12249,2025/05/31,dewi lestari,Med,Kecantikans,Smartwatch,2098880,5,10494400.0,E-Wallet,Delivered,SportMax
TRX-12250,17/05/2025,MEGA PUTRI,Denpeser,Kecantikan,Kaos Polos,3089316,2,6178632.0,COD,,PowerCell
TRX-12251,18-04-2025,rudi hartono,makassar,Aksesoris,Sepatu Nike,9994840,0,0.0,Kartu Kredit,Canceled,GadgetMart
TRX-12252,08/05/2025,SITI AMINAH,medan,Elektroniks,Laptop Asus,7011848,1,7011848.0,COD,delivered,SportMax
TRX-12253,2025-04-09,AHMAD FAUZI,Sur,rumah tangga,Laptop Asus,172026,1,172026.0,E-Wallet,Delivered,GadgetMart
TRX-12254,2025/04/19,BUDI SANTOSO,Sur,olahraga,Vacuum Cleaner,785053,10,7850530.0,Transfer,Returned,TrendShop
TRX-12255,2025/06/05,dewi lestari,Denpeser,Rumah Tangga,Vacuum Cleaner,8750349,0,0.0,Transfer,Canceled,HomeEssence
TRX-12256,2025/04/05,DEWI LESTARI,Jekerte,Kecantikan,Vacuum Cleaner,1857737,100,93432539.15065937,Transfer,Pending,TrendShop
TRX-12257,2025-06-03,budi santoso,Makassar,Rumah Tangga,Kaos Polos,3081301,15,46219515.0,E-Wallet,Canceled,HomeEssence
TRX-12258,07-07-2025,MEGA PUTRI,Jak,aksesoris,Smartwatch,194454,100,19445400.0,E-Wallet,Delivered,HomeEssence
TRX-12259,21/03/2025,SITI AMINAH,Med,,Laptop Asus,304043,10,3040430.0,Transfer,Pending,GadgetMart
TRX-12260,2025/06/24,ANDI SAPUTRA,Yogyekerte,rumah tangga,Kaos Polos,37914660,3,5687199.0,,Returned,GadgetMart
TRX-12261,25-03-2025,Nanda Pratama,Mekesser,Makanans,Vacuum Cleaner,7955435,2,15910870.0,Transfer,Pending,PowerCell
TRX-12262,28-06-2025,rudi hartono,Bandung,fashion,Powerbank 10K,7371105,3,22113315.0,COD,Canceled,BeautyHub
TRX-12263,2025-04-26,Budi Santoso,Yogyekerte,makanan,Vacuum Cleaner,7199148,1,7199148.0,Ewallet,pending,TechZone
TRX-12264,2025-07-06,nanda pratama,Makassar,kecantikan,Lipstik Wardah,8512176,0,0.0,Kartu Kredit,Delivered,PowerCell
TRX-12265,2025/07/09,ANDI SAPUTRA,bandung,Fashion,Kaos Polos,1249529,2,2499058.0,Kartu Kredit,Canceled,GadgetMart
TRX-12266,2025/04/09,siti aminah,Denpasar,Elektroniks,Laptop Asus,9400466,15,141006990.0,COD,Returned,TrendShop
TRX-12267,2025-07-05,AHMAD FAUZI,Yogyekerte,Olahraga,Sepatu Nike,9868348,3,29605044.0,COD,pending,TrendShop
TRX-12268,24-04-2025,nanda pratama,,Aksesoris,Lipstik Wardah,10952380,1,547619.0,Transfer,Pending,SportMax
TRX-12269,2025/08/19,Andi Saputra,Yog,Kecantikan,Laptop Asus,4471740,1,4471740.0,E-Wallet,Canceled,HomeEssence
TRX-12270,2025/06/20,mega putri,bandung,olahraga,Headphone JBL,9861141,1,9861141.0,COD,Pending,TechZone
TRX-12271,2025/06/25,ahmad fauzi,Medan,Kecantikans,Lipstik Wardah,2375452,0,0.0,COD,Pending,PowerCell
TRX-12272,2025-05-26,budi santoso,Yogyekerte,Olahragas,Sepatu Nike,5262360,0,0.0,COD,pending,TechZone
TRX-12273,2025/05/05,ANDI SAPUTRA,Sur,Fashions,Smartwatch,650338,1,650338.0,Kartu Kredit,Delivered,BeautyHub
TRX-12274,13/07/2025,ANDI SAPUTRA,Mak,Olahraga,Headphone JBL,5596686,100,669761153.1695766,Kartu Kredit,Pending,TechZone
TRX-12275,2025/04/11,RUDI HARTONO,Jak,Elektronik,Lipstik Wardah,4195466,1,4195466.0,Kartu Kredit,delivered,GadgetMart
TRX-12276,12/05/2025,Budi Santoso,Medan,Olahragas,Kaos Polos,2643050,1,3096037.0423511695,Card,,PowerCell
TRX-12277,02-05-2025,Dewi Lestari,Surebeye,Aksesoris,Vacuum Cleaner,3650957,1,3650957.0,Card,Delivered,TrendShop
TRX-12278,19-03-2025,Rudi Hartono,Denpasar,Kecantican,Powerbank 10K,9518740,5,47593700.0,COD,Delivered,GadgetMart
TRX-12279,2025-06-25,Andi Saputra,Bandung,Fashions,Sepatu Nike,8955808,5,44779040.0,Card,Canceled,HomeEssence
TRX-12280,2025-04-05,Ahmad Fauzi,Ban,Rumah Tangga,Kaos Polos,5174524,1,5174524.0,COD,Delivered,GadgetMart
TRX-12281,31-07-2025,Nanda Pratama,Jak,Electronic,Sepatu Nike,7586324,1,7586324.0,Ewallet,Pending,TechZone
TRX-12282,2025-03-29,mega putri,bandung,aksesoris,Powerbank 10K,3050264,1,3050264.0,COD,Canceled,TechZone
TRX-12283,2025-04-20,Ahmad Fauzi,denpasar,fashion,Headphone JBL,9472487,2,18944974.0,COD,pending,TechZone
TRX-12284,2025-07-24,Andi Saputra,jakarta,Kecantican,Laptop Asus,3123961,15,46859415.0,Transfer,Pending,TrendShop
TRX-12285,12/03/2025,Ahmad Fauzi,Mekesser,elektronik,Powerbank 10K,2258977,0,0.0,Ewallet,Canceled,PowerCell
TRX-12286,30-03-2025,dewi lestari,bandung,kecantikan,Vacuum Cleaner,3420698,1,3420698.0,E-Wallet,delivered,GadgetMart
TRX-12287,23-03-2025,Andi Saputra,Surebeye,makanan,Lipstik Wardah,7365664,0,0.0,Transfer,pending,SportMax
TRX-12288,2025/05/18,rudi hartono,Denpeser,Rumah Tanggas,Laptop Asus,6924399,15,103865985.0,Ewallet,,HomeEssence
TRX-12289,2025/03/15,SITI AMINAH,medan,Kecantikans,Kaos Polos,4942571,10,49425710.0,COD,Returned,GadgetMart
TRX-12290,2025/08/10,AHMAD FAUZI,Denpasar,Kecantikans,Vacuum Cleaner,9800229,1,9800229.0,E-Wallet,Pending,SportMax
TRX-12291,2025-06-17,mega putri,Surabaya,Kecantikans,Sepatu Nike,5998491,1,5998491.0,Kartu Kredit,delivered,HomeEssence
TRX-12292,2025/05/04,siti aminah,Med,Aksesoriss,Vacuum Cleaner,69156,0,0.0,Card,Pending,PowerCell
TRX-12293,17/06/2025,Mega Putri,Den,rumah tangga,Powerbank 10K,2612688,100,261268800.0,Card,Returned,GadgetMart
TRX-12294,16/04/2025,Dewi Lestari,Surebeye,elektronik,Smartwatch,5524106,5,27620530.0,Card,Returned,TrendShop
TRX-12295,02/07/2025,ahmad fauzi,Ban,Macanan,Vacuum Cleaner,4964005,1,4964005.0,Ewallet,Delivered,GadgetMart
TRX-12296,2025-06-20,MEGA PUTRI,makassar,Kecantikans,Laptop Asus,9175805,1,9175805.0,Ewallet,pending,TechZone
TRX-12297,14-08-2025,budi santoso,denpasar,Rumah Tangga,Kaos Polos,6175488,1,6175488.0,Ewallet,pending,TrendShop
TRX-12298,19-08-2025,Budi Santoso,Bandung,makanan,Smartwatch,3877271,3,11631813.0,Transfer,,HomeEssence
TRX-12299,09/08/2025,Andi Saputra,Surebeye,Aksesoriss,Headphone JBL,4129430,1,4129430.0,COD,Returned,HomeEssence
TRX-12300,2025/07/24,Rudi Hartono,Bandung,Kecantikans,Laptop Asus,3782517,15,56737755.0,E-Wallet,Returned,GadgetMart
TRX-12301,26/08/2025,AHMAD FAUZI,surabaya,,Vacuum Cleaner,4803954,1,4803954.0,E-Wallet,Canceled,SportMax
TRX-12302,11-07-2025,Rudi Hartono,Makassar,makanan,Lipstik Wardah,9656541,1,8646578.916764127,Ewallet,Canceled,BeautyHub
TRX-12303,2025-08-14,Budi Santoso,,Rumah Tanggas,Lipstik Wardah,7688483,15,115327245.0,Transfer,delivered,GadgetMart
TRX-12304,03-08-2025,andi saputra,yogyakarta,Fashion,Laptop Asus,2990107,1,2990107.0,Transfer,Delivered,GadgetMart
TRX-12305,2025-07-28,siti aminah,Denpasar,Elektroniks,Laptop Asus,4976622,5,24883110.0,E-Wallet,pending,BeautyHub
TRX-12306,2025-04-17,Budi Santoso,bandung,Kecantican,Laptop Asus,9061603,3,27184809.0,Card,Returned,SportMax
TRX-12307,24-04-2025,RUDI HARTONO,,Kecantikan,Lipstik Wardah,6234398,10,35042076.395624556,Transfer,Returned,GadgetMart
TRX-12308,01/03/2025,Andi Saputra,Surabaya,Elektroniks,Headphone JBL,5220310,15,78304650.0,Ewallet,pending,HomeEssence
TRX-12309,2025-06-03,Andi Saputra,,,Headphone JBL,1858516,1,1858516.0,Ewallet,Returned,SportMax
TRX-12310,11-04-2025,budi santoso,Makassar,Rumah Tangga,Headphone JBL,3811509,5,19057545.0,COD,Delivered,SportMax
TRX-12311,24/07/2025,DEWI LESTARI,Yog,Kecantican,Powerbank 10K,8731921,100,873192100.0,COD,Canceled,TrendShop
TRX-12312,2025-06-16,Mega Putri,Yogyekerte,Olahraga,Smartwatch,5098336,1,5098336.0,Ewallet,Delivered,TrendShop
TRX-12313,10-05-2025,Andi Saputra,Surebeye,Elektronik,Smartwatch,6898829,15,103482435.0,COD,pending,TechZone
TRX-12314,2025/06/27,Andi Saputra,Surebeye,Rumah Tangga,Powerbank 10K,6899221,1,6899221.0,Ewallet,delivered,SportMax
TRX-12315,2025-04-14,Dewi Lestari,jakarta,Aksesoriss,Lipstik Wardah,5633161,1,5633161.0,Kartu Kredit,pending,TechZone
TRX-12316,04/07/2025,mega putri,Den,Makanans,Lipstik Wardah,3859697,3,11579091.0,COD,delivered,TechZone
TRX-12317,25/08/2025,Budi Santoso,Yogyekerte,Kecantikan,Vacuum Cleaner,4667631,1,4667631.0,Ewallet,Canceled,TrendShop
TRX-12318,03/03/2025,Siti Aminah,Sur,,Laptop Asus,4197413,3,10521010.029118236,E-Wallet,Delivered,GadgetMart
TRX-12319,13-05-2025,siti aminah,Jekerte,Olahraga,Sepatu Nike,7926146,1,7926146.0,E-Wallet,Pending,SportMax
TRX-12320,15-05-2025,Dewi Lestari,jakarta,,Lipstik Wardah,763391,0,0.0,Transfer,pending,GadgetMart
TRX-12321,2025/03/07,ahmad fauzi,Med,olahraga,Headphone JBL,387164,10,2346085.66072514,Card,pending,HomeEssence
TRX-12322,2025/05/05,mega putri,Surebeye,Fashion,Sepatu Nike,2813779,100,281377900.0,E-Wallet,Pending,SportMax
TRX-12323,27/05/2025,NANDA PRATAMA,Yogyakarta,makanan,Vacuum Cleaner,2070880,1,2070880.0,Card,,GadgetMart
TRX-12324,2025/07/12,andi saputra,Medan,Makanan,Headphone JBL,4293780,100,583533901.5263817,Card,Canceled,TechZone
TRX-12325,15/07/2025,andi saputra,Mekesser,aksesoris,Lipstik Wardah,5731868,1,6880727.454921702,Kartu Kredit,Delivered,TechZone
TRX-12326,2025-03-21,mega putri,,Rumah Tangga,Kaos Polos,1305959,3,3917877.0,Ewallet,Pending,TechZone
TRX-12327,04-03-2025,Mega Putri,Bandung,Electronic,Powerbank 10K,2163687,1,2163687.0,COD,delivered,TrendShop
TRX-12328,03/03/2025,SITI AMINAH,Ban,Electronic,Smartwatch,7055351,3,21166053.0,COD,delivered,TrendShop
TRX-12329,2025/04/04,Dewi Lestari,Jak,Elektronik,Lipstik Wardah,5073198,10,50731980.0,Transfer,Pending,PowerCell
TRX-12330,2025-06-16,Budi Santoso,Surabaya,Acsesoris,Laptop Asus,1699959,1,1699959.0,Kartu Kredit,Pending,TrendShop
TRX-12331,15/04/2025,andi saputra,Surabaya,Rumah Tangga,Smartwatch,4834973,3,14504919.0,Transfer,delivered,SportMax
TRX-12332,17-03-2025,Rudi Hartono,Bandung,Aksesoris,Headphone JBL,1485367,0,0.0,Transfer,,PowerCell
TRX-12333,2025/06/07,rudi hartono,Jak,aksesoris,Kaos Polos,3296849,15,49452735.0,E-Wallet,Canceled,GadgetMart
TRX-12334,16-05-2025,nanda pratama,yogyakarta,Olahraga,Powerbank 10K,5437059,100,549110006.3247532,Ewallet,delivered,TrendShop
TRX-12335,2025-03-22,Mega Putri,Den,Makanan,Laptop Asus,1484730,5,7423650.0,Ewallet,Delivered,HomeEssence
TRX-12336,06/05/2025,Budi Santoso,Denpeser,,Vacuum Cleaner,4121650,100,412165000.0,Transfer,Canceled,SportMax
TRX-12337,2025/07/18,ahmad fauzi,Med,Olahraga,Headphone JBL,2008615,2,4017230.0,E-Wallet,Pending,BeautyHub
TRX-12338,2025-05-23,MEGA PUTRI,Medan,Rumah Tangga,Sepatu Nike,1028534,5,5142670.0,Ewallet,delivered,SportMax
TRX-12339,13-03-2025,andi saputra,Jakarta,Macanan,Vacuum Cleaner,186685520,10,93342760.0,COD,Returned,SportMax
TRX-12340,2025/06/05,ahmad fauzi,Jakarta,Macanan,Powerbank 10K,9748360,10,97483600.0,Transfer,Pending,GadgetMart
TRX-12341,2025-06-26,DEWI LESTARI,Makassar,Fashion,Laptop Asus,8048799,1,8048799.0,Ewallet,Canceled,TrendShop
TRX-12342,03-03-2025,MEGA PUTRI,makassar,Rumah Tanggas,Lipstik Wardah,7546196,100,754619600.0,Kartu Kredit,Returned,SportMax
TRX-12343,11/03/2025,Ahmad Fauzi,Mak,rumah tangga,Laptop Asus,9850518,2,19701036.0,E-Wallet,Pending,TrendShop
TRX-12344,2025/07/16,Andi Saputra,Surabaya,makanan,Lipstik Wardah,1700375,5,8501875.0,E-Wallet,Canceled,TrendShop
TRX-12345,05-05-2025,budi santoso,Mak,Kecantikans,Lipstik Wardah,8966776,1,8966776.0,Ewallet,Delivered,GadgetMart
TRX-12346,25/08/2025,NANDA PRATAMA,Denpeser,elektronik,Lipstik Wardah,3734815,15,56022225.0,Kartu Kredit,Delivered,TrendShop
TRX-12347,18/07/2025,RUDI HARTONO,Ban,Rumah Tangga,Sepatu Nike,2076182,5,10380910.0,COD,Delivered,PowerCell
TRX-12348,23/07/2025,Mega Putri,Jak,elektronik,Vacuum Cleaner,8427900,3,25283700.0,Card,delivered,BeautyHub
TRX-12349,2025-07-03,Nanda Pratama,Jekerte,kecantikan,Powerbank 10K,3250090,3,9750270.0,Transfer,,TechZone
TRX-12350,13-08-2025,NANDA PRATAMA,denpasar,Electronic,Laptop Asus,5657423,3,16972269.0,Kartu Kredit,Returned,BeautyHub
TRX-12351,23/05/2025,Nanda Pratama,medan,Fashion,Headphone JBL,2990504,0,0.0,Transfer,Pending,BeautyHub
TRX-12352,01/06/2025,andi saputra,Mak,elektronik,Powerbank 10K,8107907,0,0.0,Ewallet,Delivered,TechZone
TRX-12353,22/03/2025,Rudi Hartono,surabaya,Makanans,Kaos Polos,9009601,2,18019202.0,Transfer,Delivered,HomeEssence
TRX-12354,2025-03-18,SITI AMINAH,Mak,,Vacuum Cleaner,9689077,3,29067231.0,E-Wallet,,HomeEssence
TRX-12355,2025/06/25,Nanda Pratama,Mak,Kecantican,Headphone JBL,6152493,1,6152493.0,Ewallet,delivered,SportMax
TRX-12356,03/05/2025,Rudi Hartono,Sur,rumah tangga,Powerbank 10K,2643449,1,2643449.0,Transfer,Returned,HomeEssence
TRX-12357,26-05-2025,NANDA PRATAMA,Denpasar,Kecantican,Vacuum Cleaner,7154527,3,21463581.0,Card,Canceled,SportMax
TRX-12358,10/06/2025,Nanda Pratama,Denpasar,Olahraga,Sepatu Nike,4277234,1,4277234.0,Ewallet,pending,TechZone
TRX-12359,2025-08-03,nanda pratama,Meden,Rumah Tanggas,Sepatu Nike,3308881,15,33591518.933682226,Kartu Kredit,pending,SportMax
TRX-12360,28-04-2025,Budi Santoso,jakarta,Olahraga,Sepatu Nike,2235028,5,11175140.0,,Returned,HomeEssence
TRX-12361,2025-05-31,Andi Saputra,bandung,Elektronik,Vacuum Cleaner,3537924,5,17689620.0,,pending,GadgetMart
TRX-12362,2025-04-14,MEGA PUTRI,Denpeser,Rumah Tanggas,Laptop Asus,527843,10,5278430.0,COD,Pending,TrendShop
TRX-12363,30-05-2025,BUDI SANTOSO,surabaya,elektronik,Vacuum Cleaner,1875260,100,187526000.0,Ewallet,pending,PowerCell
TRX-12364,2025/07/06,Mega Putri,Medan,Electronic,Powerbank 10K,4237694,2,8475388.0,,Delivered,TechZone
TRX-12365,2025-04-07,rudi hartono,Den,aksesoris,Powerbank 10K,6821158,1,6821158.0,Card,pending,TechZone
TRX-12366,22/04/2025,siti aminah,Med,Olahragas,Vacuum Cleaner,69817260,100,349086300.0,COD,Returned,SportMax
TRX-12367,2025/04/17,budi santoso,yogyakarta,Aksesoriss,Vacuum Cleaner,8036322,15,120544830.0,Transfer,Canceled,TrendShop
TRX-12368,03/05/2025,Andi Saputra,Jak,Rumah Tangga,Vacuum Cleaner,7185580,3,21556740.0,COD,pending,GadgetMart
TRX-12369,03-07-2025,Dewi Lestari,Meden,aksesoris,Sepatu Nike,4852738,5,15637946.1788069,COD,Canceled,PowerCell
TRX-12370,2025/03/04,Rudi Hartono,Med,Rumah Tanggas,Sepatu Nike,7921490,10,79214900.0,Kartu Kredit,delivered,GadgetMart
TRX-12371,03-05-2025,DEWI LESTARI,Med,Olahragas,Powerbank 10K,5763948,1,5763948.0,Ewallet,Canceled,HomeEssence
TRX-12372,2025/03/11,Budi Santoso,Surebeye,rumah tangga,Sepatu Nike,5233584,3,14339115.63444102,COD,delivered,GadgetMart
TRX-12373,2025/08/02,MEGA PUTRI,Surabaya,Fashion,Vacuum Cleaner,1568560,2,3137120.0,Kartu Kredit,,HomeEssence
TRX-12374,08-04-2025,SITI AMINAH,Ban,Rumah Tangga,Smartwatch,7708206,3,23124618.0,COD,Canceled,HomeEssence
TRX-12375,2025/04/15,Siti Aminah,Bandung,Kecantikans,Sepatu Nike,9130897,1,9130897.0,COD,Pending,SportMax
TRX-12376,19/06/2025,dewi lestari,Medan,Kecantican,Smartwatch,7689377,0,0.0,Kartu Kredit,Pending,PowerCell
TRX-12377,2025-06-07,DEWI LESTARI,Yogyakarta,Makanan,Laptop Asus,602226,5,3011130.0,Ewallet,delivered,TrendShop
TRX-12378,2025-07-07,dewi lestari,makassar,aksesoris,Laptop Asus,7189608,3,21568824.0,Card,Pending,HomeEssence
TRX-12379,2025-05-23,dewi lestari,Jekerte,Makanans,Smartwatch,3853074,1,2686094.875290306,Card,Pending,HomeEssence
TRX-12380,08/07/2025,Mega Putri,Jakarta,elektronik,Powerbank 10K,9376801,100,1358837568.129447,Transfer,pending,HomeEssence
TRX-12381,2025/05/08,Dewi Lestari,Med,aksesoris,Laptop Asus,4832337,1,4832337.0,COD,Returned,SportMax
TRX-12382,06-08-2025,Mega Putri,denpasar,Rumah Tanggas,Smartwatch,2030425,1,2030425.0,Card,Delivered,HomeEssence
TRX-12383,15/05/2025,Mega Putri,Den,Rumah Tangga,Lipstik Wardah,8127813,2,16255626.0,Ewallet,Pending,TechZone
TRX-12384,2025/04/18,mega putri,Makassar,elektronik,Powerbank 10K,9900350,3,29701050.0,E-Wallet,Delivered,BeautyHub
TRX-12385,24/08/2025,Ahmad Fauzi,Denpasar,Elektronik,Sepatu Nike,2524370,100,252437000.0,Transfer,Returned,PowerCell
TRX-12386,2025-07-11,Andi Saputra,Makassar,Kecantican,Kaos Polos,2128937,2,2390523.0470671584,COD,Delivered,PowerCell
TRX-12387,29-05-2025,MEGA PUTRI,Surabaya,rumah tangga,Sepatu Nike,2105397,100,210539700.0,Card,pending,TechZone
TRX-12388,2025/05/11,rudi hartono,Surebeye,,Headphone JBL,1129037,0,0.0,Ewallet,pending,TechZone
TRX-12389,2025-07-22,MEGA PUTRI,Surebeye,Kecantikans,Kaos Polos,162036,1,162036.0,Kartu Kredit,delivered,PowerCell
TRX-12390,2025-08-27,BUDI SANTOSO,jakarta,Makanan,Vacuum Cleaner,3881854,10,38818540.0,Ewallet,pending,BeautyHub
TRX-12391,24/04/2025,NANDA PRATAMA,Jekerte,Elektronik,Sepatu Nike,7745082,2,15490164.0,Kartu Kredit,Returned,SportMax
TRX-12392,05-05-2025,Budi Santoso,Mekesser,Aksesoriss,Smartwatch,4116981,100,411698100.0,Card,pending,BeautyHub
TRX-12393,01/05/2025,Rudi Hartono,Medan,Makanan,Sepatu Nike,2233525,15,33502875.0,E-Wallet,delivered,TrendShop
TRX-12394,2025/07/17,rudi hartono,Surabaya,Olahraga,Vacuum Cleaner,1627415,10,16274150.0,Card,Pending,BeautyHub
TRX-12395,2025/06/05,rudi hartono,bandung,olahraga,Lipstik Wardah,4718223,3,14154669.0,Kartu Kredit,pending,TrendShop
TRX-12396,2025-03-21,NANDA PRATAMA,Med,Olahraga,Kaos Polos,1565719,1,1565719.0,,Canceled,GadgetMart
TRX-12397,24-05-2025,NANDA PRATAMA,denpasar,elektronik,Headphone JBL,9595151,10,95951510.0,Ewallet,,TrendShop
TRX-12398,20/03/2025,Nanda Pratama,,makanan,Lipstik Wardah,9948247,100,994824700.0,Card,Canceled,SportMax
TRX-12399,2025-04-15,siti aminah,Ban,Kecantikans,Kaos Polos,2386798,1,2386798.0,Transfer,delivered,GadgetMart
TRX-12400,01/06/2025,ANDI SAPUTRA,Mekesser,Fashion,Smartwatch,2208344,100,220834400.0,,,SportMax
TRX-12401,16/07/2025,nanda pratama,Meden,Rumah Tangga,Kaos Polos,1784428,3,5353284.0,Ewallet,Canceled,TrendShop
TRX-12402,2025/05/19,SITI AMINAH,Yogyekerte,Rumah Tanggas,Laptop Asus,3194787,3,10567133.03867317,,Returned,TechZone
TRX-12403,06/04/2025,Budi Santoso,denpasar,,Powerbank 10K,9992357,5,49961785.0,Card,Canceled,GadgetMart
TRX-12404,29/07/2025,andi saputra,Yogyekerte,Aksesoriss,Smartwatch,8894712,10,99535702.26585437,Card,Returned,TechZone
TRX-12405,01-06-2025,budi santoso,,Kecantikans,Vacuum Cleaner,8095391,3,24286173.0,Kartu Kredit,Canceled,TechZone
TRX-12406,03-08-2025,Rudi Hartono,,Elektronik,Sepatu Nike,548095,3,1644285.0,E-Wallet,Pending,HomeEssence
TRX-12407,06-08-2025,Ahmad Fauzi,Denpeser,olahraga,Powerbank 10K,9606340,0,0.0,Transfer,delivered,TechZone
TRX-12408,2025/05/12,RUDI HARTONO,Yogyakarta,Makanan,Sepatu Nike,3380263,100,338026300.0,Kartu Kredit,pending,TrendShop
TRX-12409,29-03-2025,Andi Saputra,Surebeye,Aksesoris,Kaos Polos,3715842,0,0.0,E-Wallet,Delivered,HomeEssence
TRX-12410,2025-08-18,Andi Saputra,medan,Makanan,Headphone JBL,3387031,5,16935155.0,COD,Returned,PowerCell
TRX-12411,11/07/2025,dewi lestari,Surebeye,aksesoris,Laptop Asus,8284025,1,8284025.0,Ewallet,delivered,HomeEssence
TRX-12412,13/06/2025,ahmad fauzi,jakarta,Electronic,Vacuum Cleaner,4818026,100,481802600.0,Transfer,Canceled,GadgetMart
TRX-12413,15/04/2025,MEGA PUTRI,Med,rumah tangga,Powerbank 10K,4886161,15,51866728.38484742,Kartu Kredit,pending,TrendShop
TRX-12414,12-05-2025,mega putri,bandung,Kecantikans,Sepatu Nike,7759824,5,38799120.0,Ewallet,Pending,HomeEssence
TRX-12415,13-05-2025,siti aminah,Jakarta,Aksesoris,Powerbank 10K,4845817,1,4318218.846577895,Transfer,Delivered,PowerCell
TRX-12416,31-07-2025,andi saputra,Jakarta,Olahraga,Lipstik Wardah,829957,1,829957.0,COD,Returned,TechZone
TRX-12417,06-03-2025,RUDI HARTONO,jakarta,Fashion,Vacuum Cleaner,2762188,100,276218800.0,COD,Returned,BeautyHub
TRX-12418,09/05/2025,Andi Saputra,Jakarta,Rumah Tangga,Headphone JBL,960913,100,96091300.0,Ewallet,delivered,TrendShop
TRX-12419,2025-05-21,NANDA PRATAMA,Jakarta,Acsesoris,Headphone JBL,2631505,3,7894515.0,Card,Pending,PowerCell
TRX-12420,2025/04/06,budi santoso,makassar,Olahraga,Laptop Asus,4926691,5,18783307.699010935,COD,pending,GadgetMart
TRX-12421,24-03-2025,Mega Putri,,makanan,Headphone JBL,4253887,1,4253887.0,Transfer,Pending,TrendShop
TRX-12422,04-05-2025,budi santoso,Den,Aksesoriss,Lipstik Wardah,7188512,0,0.0,Transfer,Canceled,HomeEssence
TRX-12423,25/06/2025,Budi Santoso,Jak,,Laptop Asus,9385411,15,156671548.857143,,Pending,BeautyHub
TRX-12424,03-03-2025,Dewi Lestari,Jakarta,Rumah Tangga,Powerbank 10K,5559165,5,27795825.0,Ewallet,Pending,GadgetMart
TRX-12425,14-05-2025,AHMAD FAUZI,Jakarta,Makanans,Vacuum Cleaner,4380453,100,438045300.0,Transfer,delivered,GadgetMart
TRX-12426,16-05-2025,Mega Putri,yogyakarta,makanan,Vacuum Cleaner,3386640,10,33866400.0,Card,pending,PowerCell
TRX-12427,2025-04-04,BUDI SANTOSO,,aksesoris,Smartwatch,2710891,1,2710891.0,COD,delivered,TrendShop
TRX-12428,16/03/2025,mega putri,,Olahraga,Laptop Asus,6048544,1,6048544.0,Kartu Kredit,Delivered,GadgetMart
TRX-12429,2025/07/22,Siti Aminah,Makassar,Macanan,Laptop Asus,2895376,100,289537600.0,Ewallet,delivered,TechZone
TRX-12430,23/06/2025,ahmad fauzi,Mekesser,Makanans,Powerbank 10K,6392211,2,12784422.0,Ewallet,Returned,GadgetMart
TRX-12431,2025/07/19,ANDI SAPUTRA,denpasar,Olahraga,Headphone JBL,7989174,15,119837610.0,Transfer,pending,PowerCell
TRX-12432,2025-08-25,Nanda Pratama,Denpeser,Kecantikans,Laptop Asus,9044006,5,45220030.0,COD,delivered,SportMax
TRX-12433,2025/04/28,mega putri,Denpasar,Olahragas,Kaos Polos,3372918,1,3372918.0,E-Wallet,delivered,GadgetMart
TRX-12434,2025-03-07,ANDI SAPUTRA,Surabaya,elektronik,Lipstik Wardah,5566825,0,0.0,Card,pending,TrendShop
TRX-12435,09-06-2025,nanda pratama,Yogyekerte,elektronik,Headphone JBL,8586239,1,8586239.0,Ewallet,Pending,TechZone
TRX-12436,2025-07-05,BUDI SANTOSO,Ban,Rumah Tangga,Kaos Polos,3403030,1,3403030.0,Kartu Kredit,pending,TechZone
TRX-12437,20-03-2025,Dewi Lestari,Makassar,Macanan,Powerbank 10K,1688004,1,1688004.0,COD,Pending,SportMax
TRX-12438,01/04/2025,MEGA PUTRI,,Rumah Tangga,Vacuum Cleaner,4511595,0,0.0,Transfer,Delivered,SportMax
TRX-12439,25-04-2025,Rudi Hartono,Ban,aksesoris,Vacuum Cleaner,3163506,3,9490518.0,Kartu Kredit,Pending,PowerCell
TRX-12440,05-04-2025,Ahmad Fauzi,Med,Electronic,Smartwatch,1611014,15,24165210.0,Card,Delivered,SportMax
TRX-12441,2025/05/19,dewi lestari,Yog,Makanans,Lipstik Wardah,4639369,1,4084636.9276250396,,Pending,PowerCell
TRX-12442,2025/05/04,dewi lestari,Ban,Kecantikan,Lipstik Wardah,7581844,1,7581844.0,Kartu Kredit,delivered,BeautyHub
TRX-12443,22-03-2025,AHMAD FAUZI,Ban,olahraga,Lipstik Wardah,8083651,2,16167302.0,COD,pending,PowerCell
TRX-12444,08-06-2025,siti aminah,Denpeser,Fashions,Vacuum Cleaner,3681171,1,3681171.0,Ewallet,Canceled,TrendShop
TRX-12445,27/08/2025,ANDI SAPUTRA,Denpeser,Macanan,Smartwatch,5026820,1,5066494.382197767,Ewallet,Canceled,TrendShop
TRX-12446,25/08/2025,MEGA PUTRI,makassar,Rumah Tangga,Lipstik Wardah,9152869,1,9152869.0,Card,Returned,BeautyHub
TRX-12447,2025/03/21,andi saputra,Jak,Kecantikan,Sepatu Nike,74363,5,371815.0,Transfer,delivered,TrendShop
TRX-12448,2025/04/16,mega putri,Bandung,Elektroniks,Laptop Asus,2095990,3,6287970.0,Ewallet,Pending,BeautyHub
TRX-12449,2025-05-29,nanda pratama,Bendung,Fashion,Lipstik Wardah,5617248,1,5617248.0,,pending,HomeEssence
TRX-12450,2025-05-12,RUDI HARTONO,Jakarta,makanan,Sepatu Nike,8232320,2,16464640.0,E-Wallet,Delivered,PowerCell
TRX-12451,2025-03-02,SITI AMINAH,Yogyakarta,Kecantican,Headphone JBL,1645123,0,0.0,Ewallet,Delivered,PowerCell
TRX-12452,07/06/2025,Ahmad Fauzi,jakarta,Macanan,Laptop Asus,6180158,1,6180158.0,Kartu Kredit,delivered,SportMax
TRX-12453,2025/03/02,Rudi Hartono,Denpasar,elektronik,Laptop Asus,6751810,15,101277150.0,Ewallet,Delivered,PowerCell
TRX-12454,01/07/2025,mega putri,Bendung,Acsesoris,Powerbank 10K,221236,1,221236.0,Card,Returned,TrendShop
TRX-12455,2025/07/22,BUDI SANTOSO,Jak,makanan,Laptop Asus,7476187,5,37380935.0,Card,Canceled,PowerCell
TRX-12456,2025/03/14,Ahmad Fauzi,Surebeye,Elektronik,Laptop Asus,1188422,1,1188422.0,Transfer,Returned,HomeEssence
TRX-12457,2025/07/11,ahmad fauzi,,Rumah Tanggas,Headphone JBL,1814688,100,181468800.0,Kartu Kredit,Pending,GadgetMart
TRX-12458,14/06/2025,budi santoso,,Fashions,Lipstik Wardah,289647,100,28964700.0,COD,Delivered,HomeEssence
TRX-12459,2025/08/18,nanda pratama,medan,Aksesoriss,Lipstik Wardah,4564153,15,68462295.0,COD,Returned,TechZone
TRX-12460,2025/08/24,BUDI SANTOSO,Denpeser,makanan,Headphone JBL,6148915,1,6148915.0,Transfer,Returned,BeautyHub
TRX-12461,24/07/2025,BUDI SANTOSO,Denpeser,Fashion,Laptop Asus,8208781,15,123131715.0,Ewallet,Canceled,TechZone
TRX-12462,29-03-2025,Nanda Pratama,Sur,Electronic,Powerbank 10K,1622732,1,1622732.0,COD,pending,HomeEssence
TRX-12463,31-07-2025,Nanda Pratama,Yogyakarta,fashion,Lipstik Wardah,2790855,100,279085500.0,Ewallet,delivered,BeautyHub
TRX-12464,2025-08-04,DEWI LESTARI,Surabaya,Rumah Tangga,Powerbank 10K,3800222,1,3303522.866851735,COD,Returned,PowerCell
TRX-12465,2025/05/21,ANDI SAPUTRA,bandung,aksesoris,Kaos Polos,3110465,15,46656975.0,COD,Returned,PowerCell
TRX-12466,2025/08/24,nanda pratama,medan,Olahraga,Kaos Polos,2868767,1,2868767.0,E-Wallet,delivered,TechZone
TRX-12467,2025/06/22,Dewi Lestari,jakarta,Rumah Tangga,Laptop Asus,9900941,100,990094100.0,Ewallet,Canceled,TrendShop
TRX-12468,2025-05-03,ANDI SAPUTRA,yogyakarta,Rumah Tanggas,Smartwatch,5581052,100,558105200.0,Card,Delivered,PowerCell
TRX-12469,2025-03-20,Mega Putri,Yogyakarta,Rumah Tanggas,Powerbank 10K,3522696,3,10568088.0,E-Wallet,Delivered,GadgetMart
TRX-12470,27/06/2025,SITI AMINAH,,Fashion,Headphone JBL,2647979,1,2647979.0,Kartu Kredit,Pending,SportMax
TRX-12471,06/04/2025,Siti Aminah,makassar,Makanan,Sepatu Nike,8344919,1,8344919.0,Card,Returned,GadgetMart
TRX-12472,11-07-2025,Budi Santoso,surabaya,Olahragas,Smartwatch,948628,15,16270905.224531293,E-Wallet,delivered,HomeEssence
TRX-12473,2025-04-01,Ahmad Fauzi,Jak,Kecantican,Headphone JBL,9508242,1,14150087.844352834,Transfer,Pending,SportMax
TRX-12474,29-03-2025,RUDI HARTONO,Medan,Fashion,Sepatu Nike,2757929,15,41368935.0,COD,delivered,PowerCell
TRX-12475,30-03-2025,nanda pratama,jakarta,Rumah Tangga,Lipstik Wardah,4322513,1,5536582.07176313,COD,Canceled,GadgetMart
TRX-12476,21-08-2025,ahmad fauzi,Yogyakarta,olahraga,Laptop Asus,9062760,1,9062760.0,Ewallet,delivered,TechZone
TRX-12477,2025-07-19,Budi Santoso,denpasar,makanan,Kaos Polos,7788667,1,9738501.817700917,Transfer,,TrendShop
TRX-12478,2025/04/24,Mega Putri,Jak,fashion,Headphone JBL,1026264,1,1062611.3938343183,Ewallet,Pending,PowerCell
TRX-12479,10/04/2025,Siti Aminah,denpasar,Rumah Tangga,Vacuum Cleaner,7349243,1,7349243.0,Card,pending,GadgetMart
TRX-12480,04/06/2025,Mega Putri,Bandung,,Laptop Asus,2840353,2,5680706.0,Ewallet,Delivered,GadgetMart
TRX-12481,2025/04/27,nanda pratama,medan,Elektronik,Headphone JBL,2983865,100,298386500.0,Transfer,,HomeEssence
TRX-12482,2025-04-25,andi saputra,Jekerte,Elektroniks,Laptop Asus,9020922,15,135313830.0,E-Wallet,Delivered,SportMax
TRX-12483,2025/08/09,Budi Santoso,Bendung,Electronic,Kaos Polos,2555700,5,12778500.0,Ewallet,Delivered,BeautyHub
TRX-12484,2025/06/26,dewi lestari,,Makanans,Powerbank 10K,611548,1,611548.0,E-Wallet,Canceled,GadgetMart
TRX-12485,2025-03-26,siti aminah,Meden,elektronik,Smartwatch,9143432,10,91434320.0,Card,Delivered,HomeEssence
TRX-12486,22-04-2025,siti aminah,,Makanan,Powerbank 10K,4429845,100,442984500.0,Kartu Kredit,Returned,BeautyHub
TRX-12487,18/04/2025,andi saputra,Surebeye,Fashions,Kaos Polos,4812315,0,0.0,Ewallet,Returned,HomeEssence
TRX-12488,2025/03/11,Andi Saputra,yogyakarta,Fashion,Vacuum Cleaner,4827830,1,4827830.0,E-Wallet,Canceled,SportMax
TRX-12489,24-07-2025,Mega Putri,Meden,fashion,Headphone JBL,7654323,10,76543230.0,Card,Delivered,TechZone
TRX-12490,27-08-2025,Mega Putri,Yog,Fashion,Sepatu Nike,4544893,3,13634679.0,Ewallet,Pending,TechZone
TRX-12491,22-06-2025,Mega Putri,Med,Makanan,Lipstik Wardah,6554938,10,65549380.0,Kartu Kredit,delivered,BeautyHub
TRX-12492,06-06-2025,Nanda Pratama,Bendung,olahraga,Headphone JBL,8867518,15,138504029.0970782,,pending,BeautyHub
TRX-12493,23/06/2025,MEGA PUTRI,Bandung,Acsesoris,Powerbank 10K,131171,10,1311710.0,COD,pending,BeautyHub
TRX-12494,2025-03-25,siti aminah,Jekerte,kecantikan,Lipstik Wardah,1239138,2,3489023.1202670042,Transfer,Returned,HomeEssence
TRX-12495,14/05/2025,Budi Santoso,Mekesser,fashion,Powerbank 10K,2809374,10,28093740.0,Transfer,,TrendShop
TRX-12496,2025-08-02,BUDI SANTOSO,Jekerte,Rumah Tanggas,Headphone JBL,1946999,100,194699900.0,Kartu Kredit,Canceled,HomeEssence
TRX-12497,27-03-2025,DEWI LESTARI,Med,Olahragas,Headphone JBL,9799181,1,9799181.0,COD,,GadgetMart
TRX-12498,2025-07-06,budi santoso,Mekesser,Acsesoris,Vacuum Cleaner,1811201,100,181120100.0,Card,Delivered,BeautyHub
TRX-12499,2025-08-04,andi saputra,Jekerte,Fashion,Vacuum Cleaner,3535862,15,53037930.0,Transfer,Returned,TrendShop
TRX-12500,2025-04-02,SITI AMINAH,Med,Acsesoris,Smartwatch,5579554,2,11159108.0,Card,Returned,TechZone
TRX-12501,05-06-2025,DEWI LESTARI,medan,Makanan,Kaos Polos,7726431,5,38632155.0,COD,delivered,SportMax
TRX-12502,2025-07-13,MEGA PUTRI,Bandung,elektronik,Headphone JBL,9081519,10,90815190.0,Kartu Kredit,Returned,PowerCell
TRX-12503,11/07/2025,Siti Aminah,medan,aksesoris,Vacuum Cleaner,7843604,0,0.0,COD,Delivered,GadgetMart
TRX-12504,2025/03/26,DEWI LESTARI,Jakarta,Kecantikan,Laptop Asus,2145637,0,0.0,COD,delivered,PowerCell
TRX-12505,2025/06/15,AHMAD FAUZI,Den,olahraga,Sepatu Nike,9181872,1,9181872.0,COD,pending,BeautyHub
TRX-12506,2025-06-25,siti aminah,Den,rumah tangga,Powerbank 10K,7792237,100,779223700.0,E-Wallet,Canceled,TechZone
TRX-12507,22-07-2025,Dewi Lestari,denpasar,Kecantikan,Lipstik Wardah,469503,0,0.0,Kartu Kredit,Pending,TechZone
TRX-12508,13/08/2025,rudi hartono,Denpasar,Elektroniks,Laptop Asus,8368849,0,0.0,E-Wallet,Canceled,PowerCell
TRX-12509,2025-07-12,RUDI HARTONO,Den,kecantikan,Kaos Polos,208253,1,208253.0,COD,Delivered,BeautyHub
TRX-12510,13/08/2025,andi saputra,Mekesser,Olahraga,Headphone JBL,3261369,10,32613690.0,,pending,HomeEssence
TRX-12511,2025/07/24,AHMAD FAUZI,,Fashion,Headphone JBL,1329898,15,19948470.0,Card,delivered,BeautyHub
TRX-12512,11/05/2025,budi santoso,medan,Kecantikan,Vacuum Cleaner,6747947,100,674794700.0,Transfer,Delivered,TrendShop
TRX-12513,17/03/2025,Nanda Pratama,Meden,Elektroniks,Powerbank 10K,1511433,3,4534299.0,Card,Pending,HomeEssence
TRX-12514,2025/07/28,ANDI SAPUTRA,Ban,fashion,Powerbank 10K,9764933,3,29294799.0,E-Wallet,,HomeEssence
TRX-12515,26/03/2025,andi saputra,yogyakarta,fashion,Vacuum Cleaner,7803638,1,7803638.0,Transfer,Delivered,BeautyHub
TRX-12516,2025-07-20,dewi lestari,surabaya,Kecantican,Powerbank 10K,1038722,5,5193610.0,Card,Delivered,TrendShop
TRX-12517,2025/08/23,rudi hartono,Jak,Makanans,Sepatu Nike,3577110,10,35771100.0,Transfer,Delivered,HomeEssence
TRX-12518,25-08-2025,budi santoso,Med,Electronic,Kaos Polos,1115560,2,2231120.0,E-Wallet,Pending,BeautyHub
TRX-12519,2025-07-16,rudi hartono,,kecantikan,Lipstik Wardah,2804036,5,14020180.0,Transfer,pending,HomeEssence
TRX-12520,2025-03-09,siti aminah,Denpasar,Rumah Tangga,Headphone JBL,2212766,1,2212766.0,E-Wallet,Returned,PowerCell
TRX-12521,2025/07/08,SITI AMINAH,,elektronik,Laptop Asus,6774504,1,6774504.0,Card,Returned,GadgetMart
TRX-12522,20-04-2025,Siti Aminah,Mak,fashion,Vacuum Cleaner,4151153,1,3113565.416980158,Transfer,pending,SportMax
TRX-12523,09/07/2025,ANDI SAPUTRA,denpasar,Acsesoris,Powerbank 10K,9420622,100,942062200.0,Card,Pending,PowerCell
TRX-12524,2025-06-28,mega putri,yogyakarta,olahraga,Lipstik Wardah,1114367,0,0.0,COD,Canceled,HomeEssence
TRX-12525,25/07/2025,rudi hartono,Bendung,Kecantikan,Vacuum Cleaner,511122,1,511122.0,Ewallet,Canceled,HomeEssence
TRX-12526,2025-06-11,mega putri,,Fashion,Laptop Asus,7586968,1,7586968.0,COD,Returned,BeautyHub
TRX-12527,11/07/2025,ahmad fauzi,Jekerte,,Sepatu Nike,1655752,1,1655752.0,Transfer,delivered,SportMax
TRX-12528,2025/07/07,SITI AMINAH,Yog,Olahraga,Smartwatch,6684586,1,6684586.0,,Pending,BeautyHub
TRX-12529,12-03-2025,mega putri,surabaya,Kecantikan,Smartwatch,2204828,15,33072420.0,Transfer,Canceled,GadgetMart
TRX-12530,2025-07-08,Rudi Hartono,Jak,kecantikan,Smartwatch,5343348,10,53433480.0,E-Wallet,Canceled,HomeEssence
TRX-12531,07-06-2025,MEGA PUTRI,Meden,Macanan,Smartwatch,8890597,1,10675795.249092244,Kartu Kredit,pending,SportMax
TRX-12532,2025-07-17,MEGA PUTRI,Jakarta,Acsesoris,Smartwatch,4909382,100,490938200.0,Transfer,Delivered,SportMax
TRX-12533,21/08/2025,DEWI LESTARI,Medan,Kecantikans,Smartwatch,8176492,1,8176492.0,Kartu Kredit,Returned,HomeEssence
TRX-12534,2025/07/21,ANDI SAPUTRA,Surabaya,Olahragas,Headphone JBL,4220555,100,422055500.0,Kartu Kredit,Returned,HomeEssence
TRX-12535,2025/04/12,DEWI LESTARI,yogyakarta,Fashion,Laptop Asus,2140825,0,0.0,E-Wallet,delivered,HomeEssence
TRX-12536,07-08-2025,Ahmad Fauzi,,Aksesoris,Sepatu Nike,7465871,1,7465871.0,Kartu Kredit,pending,BeautyHub
TRX-12537,02/03/2025,nanda pratama,Surabaya,Fashion,Powerbank 10K,8140433,3,24421299.0,Kartu Kredit,Delivered,GadgetMart
TRX-12538,31/03/2025,ahmad fauzi,Jak,elektronik,Sepatu Nike,5294786,10,72125804.72356367,COD,delivered,PowerCell
TRX-12539,26-03-2025,MEGA PUTRI,Bendung,Acsesoris,Kaos Polos,7247177,15,108707655.0,COD,delivered,HomeEssence
TRX-12540,2025/04/17,RUDI HARTONO,Medan,Rumah Tanggas,Laptop Asus,8175248,2,16350496.0,E-Wallet,Pending,TechZone
TRX-12541,2025-05-06,Andi Saputra,denpasar,Makanans,Sepatu Nike,1220933,100,159516423.759509,Card,Pending,TechZone
TRX-12542,2025/07/24,Ahmad Fauzi,Denpeser,Macanan,Vacuum Cleaner,6654168,3,19962504.0,Transfer,Pending,GadgetMart
TRX-12543,2025/05/26,Mega Putri,jakarta,Rumah Tanggas,Laptop Asus,5257188,15,78857820.0,Card,Canceled,TrendShop
TRX-12544,2025/05/04,MEGA PUTRI,Denpeser,rumah tangga,Laptop Asus,8292580,100,829258000.0,Transfer,pending,TrendShop
TRX-12545,01/07/2025,rudi hartono,Meden,Elektroniks,Headphone JBL,963605,5,4818025.0,COD,Delivered,GadgetMart
TRX-12546,2025/04/13,dewi lestari,Meden,makanan,Vacuum Cleaner,2082656,10,20826560.0,Kartu Kredit,Pending,GadgetMart
TRX-12547,09-07-2025,AHMAD FAUZI,Jekerte,Aksesoriss,Lipstik Wardah,5702555,5,28512775.0,E-Wallet,delivered,PowerCell
TRX-12548,2025/04/15,rudi hartono,Den,Fashion,Laptop Asus,1904165,5,9520825.0,Kartu Kredit,Canceled,SportMax
TRX-12549,2025-08-05,rudi hartono,Meden,Makanans,Lipstik Wardah,427224,2,1172404.611759227,Transfer,Returned,GadgetMart
TRX-12550,11-03-2025,Ahmad Fauzi,Surebeye,kecantikan,Lipstik Wardah,4503722,0,0.0,Kartu Kredit,Pending,HomeEssence
TRX-12551,06/08/2025,ANDI SAPUTRA,Makassar,Aksesoris,Headphone JBL,6809072,5,34045360.0,E-Wallet,pending,TechZone
TRX-12552,02-06-2025,ahmad fauzi,surabaya,Fashion,Lipstik Wardah,5292029,2,10584058.0,Ewallet,Canceled,HomeEssence
TRX-12553,23-06-2025,Ahmad Fauzi,surabaya,fashion,Vacuum Cleaner,5694219,5,28471095.0,Transfer,pending,HomeEssence
TRX-12554,2025-06-29,andi saputra,Medan,Aksesoris,Kaos Polos,9910225,10,73882198.64297411,E-Wallet,delivered,SportMax
TRX-12555,2025/06/13,Mega Putri,Jekerte,Acsesoris,Kaos Polos,8144566,2,9802837.37830175,E-Wallet,delivered,TrendShop
TRX-12556,21-03-2025,dewi lestari,Medan,Kecantican,Smartwatch,7913353,2,15826706.0,Transfer,delivered,HomeEssence
TRX-12557,27-08-2025,NANDA PRATAMA,Jak,Rumah Tanggas,Vacuum Cleaner,3687588,1,3687588.0,Card,Returned,BeautyHub
TRX-12558,30/04/2025,ANDI SAPUTRA,surabaya,Kecantikans,Sepatu Nike,8213365,1,8213365.0,Ewallet,,TechZone
TRX-12559,2025-03-25,DEWI LESTARI,bandung,rumah tangga,Headphone JBL,3982613,15,59739195.0,Ewallet,pending,TrendShop
TRX-12560,06-05-2025,mega putri,Denpasar,Kecantican,Smartwatch,5931344,1,5931344.0,Ewallet,delivered,GadgetMart
TRX-12561,05/03/2025,Siti Aminah,Surabaya,Kecantikan,Laptop Asus,5636956,1,5636956.0,Ewallet,Returned,GadgetMart
TRX-12562,2025-07-18,dewi lestari,Surebeye,aksesoris,Laptop Asus,9970047,15,149550705.0,Transfer,Canceled,GadgetMart
TRX-12563,2025/04/26,siti aminah,Med,Acsesoris,Powerbank 10K,6065346,1,5017947.883246171,E-Wallet,Canceled,TechZone
TRX-12564,2025-05-15,SITI AMINAH,Bendung,,Sepatu Nike,3551661,2,7103322.0,Ewallet,pending,HomeEssence
TRX-12565,22-03-2025,mega putri,Denpeser,Macanan,Kaos Polos,2654902,15,39823530.0,COD,Canceled,TechZone
TRX-12566,22/08/2025,Andi Saputra,Sur,Fashion,Vacuum Cleaner,9762565,1,9762565.0,Ewallet,Delivered,PowerCell
TRX-12567,02/07/2025,AHMAD FAUZI,Bandung,Macanan,Sepatu Nike,3599651,2,7199302.0,Ewallet,Delivered,SportMax
TRX-12568,2025/06/12,Budi Santoso,Mekesser,Kecantican,Kaos Polos,5852199,1,5852199.0,E-Wallet,delivered,TrendShop
TRX-12569,16/03/2025,Rudi Hartono,makassar,Kecantikan,Headphone JBL,115867,100,11586700.0,COD,delivered,TechZone
TRX-12570,2025/04/08,Mega Putri,surabaya,rumah tangga,Lipstik Wardah,9312680,10,93126800.0,Transfer,pending,BeautyHub
TRX-12571,2025/06/20,NANDA PRATAMA,denpasar,Aksesoris,Kaos Polos,9457659,15,141864885.0,Ewallet,Canceled,TrendShop
TRX-12572,06-07-2025,rudi hartono,Jakarta,Kecantikans,Kaos Polos,8829340,1,8829340.0,Transfer,Canceled,HomeEssence
TRX-12573,2025/03/15,Ahmad Fauzi,Denpasar,,Laptop Asus,3170452,3,5315764.253480112,E-Wallet,Canceled,TechZone
TRX-12574,16-08-2025,NANDA PRATAMA,Jakarta,Elektroniks,Sepatu Nike,6197401,10,61974010.0,E-Wallet,pending,SportMax
TRX-12575,2025/04/18,ahmad fauzi,Meden,Fashion,Sepatu Nike,9901025,5,49505125.0,E-Wallet,Delivered,SportMax
TRX-12576,04/03/2025,Budi Santoso,Med,kecantikan,Headphone JBL,6665492,5,33327460.0,Card,Delivered,BeautyHub
TRX-12577,2025-03-16,andi saputra,Jekerte,Rumah Tanggas,Kaos Polos,8925234,100,1245223249.6871645,Card,pending,BeautyHub
TRX-12578,29/03/2025,SITI AMINAH,surabaya,Aksesoris,Vacuum Cleaner,4583910,2,9167820.0,Kartu Kredit,delivered,TrendShop
TRX-12579,14/03/2025,BUDI SANTOSO,Denpeser,Kecantikans,Powerbank 10K,9643264,0,0.0,Kartu Kredit,delivered,BeautyHub
TRX-12580,31-07-2025,Siti Aminah,makassar,Rumah Tangga,Smartwatch,1188452,0,0.0,Card,Delivered,HomeEssence
TRX-12581,2025-03-23,andi saputra,makassar,Fashion,Smartwatch,7777160,0,0.0,COD,delivered,HomeEssence
TRX-12582,20-07-2025,ANDI SAPUTRA,bandung,Fashion,Headphone JBL,8312236,1,8312236.0,Card,Returned,SportMax
TRX-12583,2025/08/05,AHMAD FAUZI,medan,kecantikan,Smartwatch,2398818,2,4797636.0,COD,delivered,PowerCell
TRX-12584,2025-06-11,dewi lestari,,Kecantikan,Powerbank 10K,4872455,1,4872455.0,Ewallet,Returned,TechZone
TRX-12585,29-07-2025,andi saputra,Makassar,fashion,Lipstik Wardah,3251824,5,20863306.99443995,E-Wallet,Returned,PowerCell
TRX-12586,18-03-2025,MEGA PUTRI,Mak,Elektronik,Lipstik Wardah,8488856,0,0.0,Card,delivered,HomeEssence
TRX-12587,2025/08/07,mega putri,Yog,,Kaos Polos,290346,3,871038.0,E-Wallet,pending,SportMax
TRX-12588,2025/06/28,Mega Putri,Bendung,Olahragas,Vacuum Cleaner,9102772,1,9102772.0,Card,delivered,BeautyHub
TRX-12589,23/05/2025,Budi Santoso,Medan,makanan,Powerbank 10K,5857811,100,585781100.0,Transfer,Delivered,TechZone
TRX-12590,27/05/2025,Mega Putri,Surebeye,Acsesoris,Smartwatch,318116,100,31811600.0,Transfer,delivered,BeautyHub
TRX-12591,2025-07-05,RUDI HARTONO,jakarta,Kecantikan,Lipstik Wardah,62879,5,314395.0,Ewallet,delivered,SportMax
TRX-12592,2025/03/16,RUDI HARTONO,,Kecantikan,Kaos Polos,9970226,100,997022600.0,Ewallet,pending,TechZone
TRX-12593,2025/03/16,rudi hartono,medan,olahraga,Sepatu Nike,4049143,1,4049143.0,Card,Returned,GadgetMart
TRX-12594,21/03/2025,ANDI SAPUTRA,surabaya,Fashions,Smartwatch,2945537,1,3112234.3323229053,Ewallet,delivered,GadgetMart
TRX-12595,17-03-2025,ahmad fauzi,yogyakarta,olahraga,Sepatu Nike,3663983,15,54959745.0,Card,delivered,HomeEssence
TRX-12596,12/07/2025,SITI AMINAH,Bandung,Aksesoris,Laptop Asus,3199783,1,3199783.0,E-Wallet,Pending,TechZone
TRX-12597,31-07-2025,ahmad fauzi,Mak,Rumah Tanggas,Smartwatch,9777579,2,19555158.0,Card,Returned,BeautyHub
TRX-12598,2025-04-30,mega putri,surabaya,Macanan,Lipstik Wardah,4191314,1,4191314.0,Ewallet,Returned,PowerCell
TRX-12599,11/06/2025,Budi Santoso,surabaya,Elektroniks,Sepatu Nike,532870,0,0.0,Card,pending,PowerCell
TRX-12600,09/06/2025,nanda pratama,Mekesser,Kecantikan,Kaos Polos,8013845,1,8013845.0,E-Wallet,delivered,GadgetMart
TRX-12601,22/08/2025,mega putri,Surabaya,Aksesoris,Smartwatch,6483230,100,648323000.0,E-Wallet,Pending,PowerCell
TRX-12602,29-06-2025,ahmad fauzi,Jak,Aksesoriss,Lipstik Wardah,4202109,100,420210900.0,Ewallet,Returned,GadgetMart
TRX-12603,31-03-2025,RUDI HARTONO,Jakarta,olahraga,Sepatu Nike,6430858,100,643085800.0,COD,Delivered,SportMax
TRX-12604,2025-03-17,Mega Putri,Denpasar,Electronic,Smartwatch,3669047,1,3669047.0,COD,Pending,PowerCell
TRX-12605,24/03/2025,SITI AMINAH,surabaya,kecantikan,Smartwatch,5397006,3,16191018.0,Ewallet,Delivered,BeautyHub
TRX-12606,2025/05/30,MEGA PUTRI,Yogyakarta,Elektronik,Lipstik Wardah,5458792,1,3842887.348520071,E-Wallet,delivered,TechZone
TRX-12607,2025-05-21,Ahmad Fauzi,medan,Kecantikans,Vacuum Cleaner,9605821,1,9605821.0,Kartu Kredit,Delivered,PowerCell
TRX-12608,2025/04/06,dewi lestari,Medan,kecantikan,Powerbank 10K,5874648,1,5874648.0,Transfer,delivered,GadgetMart
TRX-12609,03-05-2025,DEWI LESTARI,Denpeser,rumah tangga,Smartwatch,8960005,100,896000500.0,Card,Canceled,HomeEssence
TRX-12610,25/05/2025,MEGA PUTRI,Den,,Kaos Polos,5386530,2,10773060.0,COD,pending,BeautyHub
TRX-12611,2025/05/31,mega putri,yogyakarta,Acsesoris,Headphone JBL,102066,0,0.0,Transfer,Canceled,PowerCell
TRX-12612,08/06/2025,Rudi Hartono,Yogyekerte,Macanan,Sepatu Nike,4233005,5,21165025.0,Transfer,,GadgetMart
TRX-12613,25/07/2025,mega putri,Ban,Makanans,Lipstik Wardah,9449822,2,18899644.0,,Delivered,GadgetMart
TRX-12614,2025-08-12,nanda pratama,Jakarta,Olahraga,Smartwatch,5412204,1,5412204.0,E-Wallet,Delivered,TrendShop
TRX-12615,2025/06/15,Dewi Lestari,Den,olahraga,Sepatu Nike,4247739,1,4247739.0,Transfer,Returned,PowerCell
TRX-12616,23/05/2025,RUDI HARTONO,Den,Rumah Tanggas,Lipstik Wardah,3355742,1,3355742.0,Kartu Kredit,,GadgetMart
TRX-12617,2025/07/10,andi saputra,Jak,Kecantican,Lipstik Wardah,15258340,1,762917.0,Card,Pending,HomeEssence
TRX-12618,2025/08/13,rudi hartono,Mekesser,Rumah Tanggas,Kaos Polos,2986598,100,298659800.0,Kartu Kredit,delivered,TrendShop
TRX-12619,23/06/2025,ANDI SAPUTRA,Surabaya,Makanans,Laptop Asus,6624922,10,66249220.0,Transfer,Canceled,TrendShop
TRX-12620,2025/07/01,nanda pratama,Jakarta,Rumah Tangga,Kaos Polos,9056727,2,18113454.0,E-Wallet,pending,PowerCell
TRX-12621,18-03-2025,Nanda Pratama,Den,Olahraga,Laptop Asus,691462,1,691462.0,Card,Canceled,HomeEssence
TRX-12622,20-07-2025,Siti Aminah,Sur,Macanan,Vacuum Cleaner,5556761,1,5556761.0,COD,Canceled,PowerCell
TRX-12623,15-07-2025,Dewi Lestari,Med,Rumah Tangga,Smartwatch,3805490,1,3805490.0,Card,Canceled,TrendShop
TRX-12624,14/08/2025,SITI AMINAH,Sur,Kecantikan,Sepatu Nike,1800093,10,18000930.0,Ewallet,,SportMax
TRX-12625,03-08-2025,AHMAD FAUZI,Jekerte,Makanan,Powerbank 10K,1270682,5,6353410.0,Ewallet,Canceled,HomeEssence
TRX-12626,2025-03-25,rudi hartono,bandung,Fashion,Smartwatch,101106640,100,261988987.37650827,Transfer,,GadgetMart
TRX-12627,18-08-2025,budi santoso,Yogyekerte,Rumah Tanggas,Laptop Asus,137407980,3,20611197.0,Transfer,delivered,PowerCell
TRX-12628,2025/07/27,Ahmad Fauzi,makassar,Macanan,Sepatu Nike,5629123,1,5629123.0,Kartu Kredit,Delivered,TechZone
TRX-12629,29-07-2025,Andi Saputra,Mekesser,Elektronik,Kaos Polos,5261276,2,10522552.0,Ewallet,pending,TechZone
TRX-12630,2025-03-04,budi santoso,Yogyakarta,Makanans,Lipstik Wardah,2926237,10,29262370.0,Kartu Kredit,delivered,GadgetMart
TRX-12631,09/03/2025,ahmad fauzi,Yogyakarta,,Kaos Polos,6898120,1,6898120.0,E-Wallet,delivered,SportMax
TRX-12632,10/08/2025,mega putri,medan,,Vacuum Cleaner,5370804,2,10741608.0,COD,Canceled,HomeEssence
TRX-12633,2025/07/24,Mega Putri,Medan,,Powerbank 10K,8831664,10,88316640.0,COD,Canceled,SportMax
TRX-12634,2025-05-20,Rudi Hartono,Den,Aksesoris,Laptop Asus,2207098,1,2207098.0,Transfer,Canceled,TrendShop
TRX-12635,2025-03-06,nanda pratama,Bendung,Rumah Tangga,Laptop Asus,9489949,1,9489949.0,Card,Pending,PowerCell
TRX-12636,18-07-2025,mega putri,Denpasar,Rumah Tangga,Headphone JBL,5918555,1,5918555.0,Card,Delivered,HomeEssence
TRX-12637,2025-03-02,NANDA PRATAMA,yogyakarta,Acsesoris,Vacuum Cleaner,1771742,5,8858710.0,Ewallet,Pending,GadgetMart
TRX-12638,2025-08-04,siti aminah,Bendung,Fashions,Lipstik Wardah,3345453,0,0.0,Transfer,Pending,BeautyHub
TRX-12639,07-08-2025,MEGA PUTRI,Jakarta,aksesoris,Powerbank 10K,3162261,1,3162261.0,COD,Delivered,PowerCell
TRX-12640,27/05/2025,Ahmad Fauzi,Denpeser,Elektronik,Smartwatch,4763297,10,47632970.0,Ewallet,delivered,SportMax
TRX-12641,28/06/2025,AHMAD FAUZI,Den,Macanan,Smartwatch,9419879,3,28259637.0,Card,pending,PowerCell
TRX-12642,03-04-2025,AHMAD FAUZI,,Kecantican,Lipstik Wardah,9430814,3,28292442.0,Transfer,,BeautyHub
TRX-12643,2025-03-24,Ahmad Fauzi,,makanan,Headphone JBL,5440656,1,5440656.0,COD,Delivered,TrendShop
TRX-12644,2025-04-13,rudi hartono,Denpeser,Olahraga,Kaos Polos,9820296,10,98202960.0,E-Wallet,Returned,TechZone
TRX-12645,2025/07/02,MEGA PUTRI,bandung,Elektronik,Lipstik Wardah,5496342,5,27481710.0,COD,Pending,TrendShop
TRX-12646,2025/08/09,Dewi Lestari,Jakarta,Fashions,Powerbank 10K,9415386,3,28246158.0,Kartu Kredit,Delivered,TrendShop
TRX-12647,2025-08-10,nanda pratama,Surebeye,Makanan,Headphone JBL,7154627,100,715462700.0,Card,pending,GadgetMart
TRX-12648,28-03-2025,BUDI SANTOSO,,makanan,Sepatu Nike,5526049,1,5089865.39180879,,pending,SportMax
TRX-12649,2025-03-24,Mega Putri,Jekerte,Fashion,Lipstik Wardah,9060823,100,906082300.0,Ewallet,Returned,BeautyHub
TRX-12650,2025-06-26,Dewi Lestari,Mekesser,aksesoris,Headphone JBL,9605180,2,19210360.0,Card,Pending,GadgetMart
TRX-12651,2025/07/10,ahmad fauzi,Surebeye,Macanan,Kaos Polos,8518579,2,17037158.0,Transfer,Returned,TechZone
TRX-12652,2025/04/18,RUDI HARTONO,Yogyakarta,Macanan,Headphone JBL,4641901,10,46419010.0,,pending,SportMax
TRX-12653,11-06-2025,Andi Saputra,surabaya,Kecantikan,Smartwatch,9754110,100,975411000.0,Transfer,delivered,TechZone
TRX-12654,2025/04/06,Budi Santoso,medan,Olahragas,Smartwatch,6829617,5,34148085.0,Kartu Kredit,Canceled,TrendShop
TRX-12655,2025-07-05,Ahmad Fauzi,jakarta,Rumah Tanggas,Powerbank 10K,773879,5,3869395.0,E-Wallet,Pending,GadgetMart
TRX-12656,2025-06-11,Siti Aminah,Jekerte,Olahraga,Smartwatch,1494315,2,2988630.0,E-Wallet,delivered,TechZone
TRX-12657,10/07/2025,Rudi Hartono,Den,olahraga,Lipstik Wardah,448825,1,448825.0,Ewallet,pending,TechZone
TRX-12658,2025-06-16,mega putri,medan,Acsesoris,Kaos Polos,1935190,3,5805570.0,,Canceled,GadgetMart
TRX-12659,03/08/2025,Ahmad Fauzi,jakarta,Rumah Tangga,Lipstik Wardah,280596,1,366965.462232173,Transfer,Pending,BeautyHub
TRX-12660,16/06/2025,Rudi Hartono,Mak,Kecantikans,Headphone JBL,4172990,100,417299000.0,E-Wallet,delivered,GadgetMart
TRX-12661,2025-07-26,nanda pratama,Jekerte,Rumah Tangga,Laptop Asus,9872090,10,89915539.89151974,Kartu Kredit,Delivered,BeautyHub
TRX-12662,2025/05/06,Budi Santoso,Surebeye,Electronic,Kaos Polos,344358,5,1721790.0,E-Wallet,delivered,SportMax
TRX-12663,29/07/2025,Ahmad Fauzi,Bendung,Macanan,Kaos Polos,7883276,5,39416380.0,Kartu Kredit,Returned,GadgetMart
TRX-12664,18-06-2025,Mega Putri,Jekerte,kecantikan,Lipstik Wardah,5020345,1,5020345.0,Card,,BeautyHub
TRX-12665,27-04-2025,Rudi Hartono,Yogyekerte,aksesoris,Headphone JBL,1297752,1,1297752.0,COD,Canceled,BeautyHub
TRX-12666,10-04-2025,nanda pratama,Denpeser,Kecantican,Kaos Polos,166908,100,16690800.0,E-Wallet,delivered,PowerCell
TRX-12667,2025-03-25,DEWI LESTARI,Denpeser,rumah tangga,Kaos Polos,5896899,15,88453485.0,E-Wallet,,TechZone
TRX-12668,2025/07/25,Dewi Lestari,Medan,Macanan,Lipstik Wardah,5410678,5,27053390.0,,Delivered,TechZone
TRX-12669,2025-05-18,andi saputra,Mekesser,Macanan,Smartwatch,6662303,10,66623030.0,Card,pending,PowerCell
TRX-12670,13-05-2025,ahmad fauzi,Bendung,fashion,Vacuum Cleaner,8177678,1,8177678.0,COD,Canceled,BeautyHub
TRX-12671,2025/07/25,DEWI LESTARI,jakarta,Olahraga,Lipstik Wardah,5360074,0,0.0,Kartu Kredit,delivered,SportMax
TRX-12672,2025/07/16,Mega Putri,Denpeser,makanan,Vacuum Cleaner,1485986,3,4544455.611463761,Kartu Kredit,delivered,GadgetMart
TRX-12673,2025-03-03,nanda pratama,Meden,Olahraga,Smartwatch,9085880,1,10487417.719498433,Ewallet,delivered,SportMax
TRX-12674,23-08-2025,siti aminah,Bendung,makanan,Smartwatch,3814993,3,14710512.588822898,Transfer,Returned,SportMax
TRX-12675,06/03/2025,Ahmad Fauzi,Bendung,fashion,Headphone JBL,4791882,10,47918820.0,Card,Pending,PowerCell
TRX-12676,01/07/2025,Siti Aminah,bandung,elektronik,Laptop Asus,32034520,1,1601726.0,COD,Canceled,PowerCell
TRX-12677,01-06-2025,andi saputra,Denpasar,Aksesoriss,Lipstik Wardah,4441649,5,22208245.0,Card,Delivered,GadgetMart
TRX-12678,2025/06/09,Siti Aminah,Surebeye,Olahragas,Sepatu Nike,3670597,0,0.0,Ewallet,,TechZone
TRX-12679,19/06/2025,Ahmad Fauzi,Medan,Elektroniks,Lipstik Wardah,7839573,10,78395730.0,Ewallet,Canceled,PowerCell
TRX-12680,25-07-2025,Ahmad Fauzi,Jakarta,Olahraga,Lipstik Wardah,4657455,0,0.0,E-Wallet,Canceled,TrendShop
TRX-12681,2025-04-02,Ahmad Fauzi,Meden,Acsesoris,Powerbank 10K,4311663,2,8623326.0,Transfer,Returned,BeautyHub
TRX-12682,17-03-2025,NANDA PRATAMA,Medan,rumah tangga,Headphone JBL,1375831,15,20637465.0,Ewallet,Pending,TrendShop
TRX-12683,2025-04-11,Rudi Hartono,Medan,Electronic,Vacuum Cleaner,9343960,10,93439600.0,COD,delivered,SportMax
TRX-12684,26/05/2025,NANDA PRATAMA,Mekesser,Fashions,Laptop Asus,1931397,1,1931397.0,Card,Delivered,PowerCell
TRX-12685,25/03/2025,DEWI LESTARI,Surebeye,Fashion,Smartwatch,3596434,5,17982170.0,Ewallet,Returned,PowerCell
TRX-12686,2025/08/21,budi santoso,jakarta,fashion,Headphone JBL,8217575,1,8217575.0,Transfer,Canceled,TechZone
TRX-12687,2025-04-15,SITI AMINAH,,Kecantikan,Powerbank 10K,9021541,10,90215410.0,COD,pending,TrendShop
TRX-12688,2025-04-08,BUDI SANTOSO,Med,Kecantican,Lipstik Wardah,3879994,1,3008651.2505978844,Kartu Kredit,delivered,TrendShop
TRX-12689,2025-04-18,andi saputra,Meden,Fashions,Sepatu Nike,7442053,2,14884106.0,Transfer,Delivered,PowerCell
TRX-12690,31/05/2025,MEGA PUTRI,Yogyekerte,Kecantican,Powerbank 10K,707191,1,707191.0,COD,pending,GadgetMart
TRX-12691,2025-06-04,NANDA PRATAMA,Den,kecantikan,Laptop Asus,933435,0,0.0,Ewallet,Returned,TrendShop
TRX-12692,08/08/2025,rudi hartono,Makassar,Makanan,Kaos Polos,3559934,1,3559934.0,E-Wallet,Returned,BeautyHub
TRX-12693,26/06/2025,Rudi Hartono,Meden,Electronic,Sepatu Nike,257580,15,3863700.0,Transfer,delivered,HomeEssence
TRX-12694,02-04-2025,Andi Saputra,Surabaya,Rumah Tangga,Vacuum Cleaner,3822380,2,7644760.0,Kartu Kredit,pending,TrendShop
TRX-12695,2025-05-24,siti aminah,jakarta,Elektronik,Powerbank 10K,8449625,3,25348875.0,Card,Canceled,TrendShop
TRX-12696,23/06/2025,RUDI HARTONO,Bendung,Aksesoris,Lipstik Wardah,7335880,0,0.0,COD,Returned,BeautyHub
TRX-12697,2025/03/20,SITI AMINAH,Jak,Olahraga,Sepatu Nike,259720,10,2597200.0,Transfer,Returned,SportMax
TRX-12698,10/03/2025,Nanda Pratama,surabaya,Elektroniks,Sepatu Nike,3065624,0,0.0,Kartu Kredit,Canceled,HomeEssence
TRX-12699,2025-07-17,Dewi Lestari,Surebeye,aksesoris,Vacuum Cleaner,7950171,100,795017100.0,COD,Canceled,BeautyHub
TRX-12700,2025-07-31,RUDI HARTONO,jakarta,Kecantikans,Smartwatch,7066611,5,35333055.0,Card,Returned,HomeEssence
TRX-12701,22-04-2025,Nanda Pratama,Den,kecantikan,Lipstik Wardah,4074537,5,20372685.0,E-Wallet,Canceled,BeautyHub
TRX-12702,25-04-2025,Nanda Pratama,Mekesser,Kecantikans,Kaos Polos,1200311,0,0.0,Kartu Kredit,pending,SportMax
TRX-12703,2025/04/25,RUDI HARTONO,Denpasar,aksesoris,Headphone JBL,3167173,1,3167173.0,COD,Canceled,BeautyHub
TRX-12704,2025-03-30,Dewi Lestari,Surebeye,Olahragas,Headphone JBL,3294811,10,32948110.0,Card,Delivered,BeautyHub
TRX-12705,2025/04/04,ANDI SAPUTRA,Jekerte,Rumah Tangga,Smartwatch,61678640,1,3083932.0,Kartu Kredit,Pending,PowerCell
TRX-12706,06/08/2025,mega putri,yogyakarta,Fashion,Lipstik Wardah,1331258,5,6656290.0,Transfer,Pending,GadgetMart
TRX-12707,21/04/2025,ANDI SAPUTRA,Denpasar,,Headphone JBL,4411862,3,13235586.0,Card,Canceled,TrendShop
TRX-12708,14-05-2025,Rudi Hartono,Yogyakarta,Aksesoriss,Powerbank 10K,9936726,5,49683630.0,Kartu Kredit,Canceled,TechZone
TRX-12709,2025/06/14,nanda pratama,Medan,Elektronik,Lipstik Wardah,6368653,100,636865300.0,,Pending,TrendShop
TRX-12710,2025/06/06,dewi lestari,Den,fashion,Laptop Asus,7501062,5,37505310.0,Card,Canceled,BeautyHub
TRX-12711,05-04-2025,MEGA PUTRI,,Aksesoris,Sepatu Nike,3597480,10,35974800.0,Ewallet,Delivered,SportMax
TRX-12712,19/08/2025,siti aminah,denpasar,Rumah Tangga,Smartwatch,8484320,1,8484320.0,COD,Returned,PowerCell
TRX-12713,2025-07-19,ANDI SAPUTRA,bandung,Olahraga,Headphone JBL,2272494,1,2272494.0,Card,Delivered,GadgetMart
TRX-12714,2025/03/28,nanda pratama,Jak,kecantikan,Smartwatch,142091,10,1420910.0,COD,pending,HomeEssence
TRX-12715,2025/04/02,ahmad fauzi,Yogyakarta,Rumah Tangga,Powerbank 10K,8974435,100,897443500.0,Transfer,Returned,BeautyHub
TRX-12716,18-07-2025,SITI AMINAH,Yogyakarta,Rumah Tanggas,Smartwatch,9370804,15,140562060.0,E-Wallet,delivered,TrendShop
TRX-12717,23/03/2025,Dewi Lestari,Yogyekerte,Olahraga,Lipstik Wardah,8336151,15,125042265.0,COD,pending,SportMax
TRX-12718,16/05/2025,Ahmad Fauzi,Mekesser,olahraga,Sepatu Nike,3387013,2,6774026.0,COD,,TechZone
TRX-12719,19/07/2025,Rudi Hartono,medan,Kecantican,Laptop Asus,2185896,1,2185896.0,Card,Pending,TechZone
TRX-12720,07/06/2025,rudi hartono,Surabaya,aksesoris,Powerbank 10K,6208382,5,31041910.0,Kartu Kredit,Canceled,TechZone
TRX-12721,2025/05/10,RUDI HARTONO,Denpeser,Fashion,Laptop Asus,2382127,1,2382127.0,Transfer,Canceled,TechZone
TRX-12722,01-05-2025,Andi Saputra,bandung,Kecantikan,Headphone JBL,1976252,5,9881260.0,Transfer,Canceled,PowerCell
TRX-12723,2025/04/06,Nanda Pratama,Den,Rumah Tangga,Lipstik Wardah,5033926,1,5033926.0,Card,pending,HomeEssence
TRX-12724,2025/05/25,ahmad fauzi,Surabaya,elektronik,Sepatu Nike,9519309,10,95193090.0,Transfer,Pending,PowerCell
TRX-12725,21/04/2025,andi saputra,Denpasar,Olahraga,Laptop Asus,740778,0,0.0,Card,Canceled,TechZone
TRX-12726,2025/05/20,RUDI HARTONO,Yog,Olahraga,Kaos Polos,6684699,10,66846990.0,Kartu Kredit,Delivered,PowerCell
TRX-12727,29-07-2025,ahmad fauzi,Medan,Makanans,Laptop Asus,3393867,100,339386700.0,Ewallet,pending,HomeEssence
TRX-12728,03/07/2025,dewi lestari,Bandung,Aksesoriss,Kaos Polos,2692800,1,2692800.0,COD,Delivered,HomeEssence
TRX-12729,2025/03/20,Mega Putri,surabaya,Elektronik,Smartwatch,5068768,1,5068768.0,Transfer,Canceled,TechZone
TRX-12730,2025/06/28,Siti Aminah,Surebeye,Olahraga,Vacuum Cleaner,4124999,10,41249990.0,Kartu Kredit,Delivered,PowerCell
TRX-12731,13/08/2025,RUDI HARTONO,Medan,Olahraga,Headphone JBL,1638404,15,24576060.0,Transfer,Canceled,SportMax
TRX-12732,08-06-2025,Budi Santoso,yogyakarta,olahraga,Smartwatch,3942825,5,19714125.0,Ewallet,delivered,BeautyHub
TRX-12733,2025-07-23,Rudi Hartono,Surebeye,Rumah Tangga,Vacuum Cleaner,2694046,15,40410690.0,Ewallet,delivered,TechZone
TRX-12734,14-08-2025,NANDA PRATAMA,Mak,Electronic,Vacuum Cleaner,6453679,15,96805185.0,Transfer,Canceled,HomeEssence
TRX-12735,2025-06-11,mega putri,medan,Makanans,Powerbank 10K,976097,3,2928291.0,Transfer,Returned,TrendShop
TRX-12736,30-06-2025,Siti Aminah,Yogyakarta,Rumah Tangga,Smartwatch,3155003,1,3155003.0,COD,Returned,TrendShop
TRX-12737,2025/08/10,mega putri,Jekerte,olahraga,Headphone JBL,1803313,3,5409939.0,COD,Delivered,SportMax
TRX-12738,01-05-2025,NANDA PRATAMA,Den,Electronic,Sepatu Nike,9724961,10,97249610.0,Ewallet,delivered,TrendShop
TRX-12739,28-05-2025,Nanda Pratama,Surebeye,Macanan,Headphone JBL,3094221,100,309422100.0,Kartu Kredit,delivered,BeautyHub
TRX-12740,25-05-2025,nanda pratama,Jak,Aksesoriss,Kaos Polos,1711342,100,137646996.82793212,Kartu Kredit,Delivered,PowerCell
TRX-12741,2025/06/29,Mega Putri,surabaya,Aksesoris,Headphone JBL,5695812,3,17087436.0,Card,Returned,TrendShop
TRX-12742,26/07/2025,ANDI SAPUTRA,jakarta,Kecantican,Vacuum Cleaner,8307668,5,41538340.0,COD,Pending,SportMax
TRX-12743,15-07-2025,nanda pratama,denpasar,elektronik,Kaos Polos,5623945,3,16871835.0,Card,delivered,GadgetMart
TRX-12744,2025-04-15,siti aminah,Jak,Kecantikans,Powerbank 10K,6516751,10,39328358.88580051,E-Wallet,pending,TechZone
TRX-12745,01/07/2025,ahmad fauzi,Sur,Elektronik,Sepatu Nike,2477667,1,2477667.0,Transfer,delivered,HomeEssence
TRX-12746,2025-05-17,RUDI HARTONO,Denpeser,Makanans,Laptop Asus,6607734,2,13215468.0,Kartu Kredit,Pending,PowerCell
TRX-12747,25-08-2025,budi santoso,Bandung,Fashion,Laptop Asus,327834,3,983502.0,Card,Delivered,TechZone
TRX-12748,2025-06-12,budi santoso,Ban,Fashion,Laptop Asus,5635056,3,16905168.0,Kartu Kredit,pending,HomeEssence
TRX-12749,2025/08/19,budi santoso,Mekesser,Kecantican,Vacuum Cleaner,5429105,1,5429105.0,COD,delivered,BeautyHub
TRX-12750,30-06-2025,rudi hartono,Jekerte,fashion,Sepatu Nike,2866112,3,8598336.0,E-Wallet,pending,GadgetMart
TRX-12751,2025-05-01,Andi Saputra,bandung,elektronik,Laptop Asus,1782141,10,17821410.0,E-Wallet,Delivered,PowerCell
TRX-12752,13-07-2025,nanda pratama,Denpasar,Fashion,Kaos Polos,9274152,1,9274152.0,Ewallet,delivered,HomeEssence
TRX-12753,2025-08-13,Dewi Lestari,makassar,Aksesoris,Sepatu Nike,6955043,1,6277252.763289657,Transfer,pending,BeautyHub
TRX-12754,2025-06-21,Siti Aminah,makassar,Macanan,Lipstik Wardah,1684461,0,0.0,Ewallet,Delivered,BeautyHub
TRX-12755,28-04-2025,rudi hartono,Jak,Fashions,Vacuum Cleaner,2937569,0,0.0,,Canceled,PowerCell
TRX-12756,2025/08/07,Siti Aminah,bandung,Acsesoris,Powerbank 10K,884938,15,13274070.0,Ewallet,Returned,TrendShop
TRX-12757,2025-08-22,rudi hartono,Bendung,Electronic,Sepatu Nike,6522036,0,0.0,Transfer,delivered,TechZone
TRX-12758,12/06/2025,MEGA PUTRI,Medan,Kecantikan,Laptop Asus,3631877,2,7263754.0,Kartu Kredit,Delivered,GadgetMart
TRX-12759,2025-04-09,andi saputra,Medan,Aksesoris,Kaos Polos,4199570,1,4199570.0,Ewallet,Pending,HomeEssence
TRX-12760,2025/05/03,MEGA PUTRI,yogyakarta,Kecantikans,Vacuum Cleaner,192940200,3,28941030.0,Card,Pending,PowerCell
TRX-12761,2025-03-16,Andi Saputra,Surabaya,Kecantikan,Laptop Asus,5568225,1,5568225.0,Ewallet,Delivered,TechZone
TRX-12762,2025-08-23,Dewi Lestari,,rumah tangga,Powerbank 10K,3452410,5,17262050.0,Transfer,Returned,SportMax
TRX-12763,2025-08-24,dewi lestari,Medan,,Vacuum Cleaner,9628891,100,1198643016.116051,Transfer,Returned,GadgetMart
TRX-12764,2025-05-10,DEWI LESTARI,,olahraga,Kaos Polos,2885309,5,8721805.30264358,E-Wallet,Returned,PowerCell
TRX-12765,2025/07/07,Nanda Pratama,denpasar,Macanan,Smartwatch,8450944,1,8450944.0,Transfer,Returned,HomeEssence
TRX-12766,2025/03/21,Andi Saputra,Bendung,Kecantican,Smartwatch,7472244,1,10779221.4623899,COD,delivered,TechZone
TRX-12767,24/03/2025,MEGA PUTRI,Mak,elektronik,Vacuum Cleaner,5092486,15,76387290.0,Transfer,Delivered,SportMax
TRX-12768,13-07-2025,Andi Saputra,Bendung,Aksesoriss,Sepatu Nike,3818553,0,0.0,Transfer,pending,HomeEssence
TRX-12769,2025-06-01,ahmad fauzi,medan,Elektronik,Kaos Polos,8453037,5,43694399.90619718,Kartu Kredit,pending,PowerCell
TRX-12770,2025/06/30,Mega Putri,Ban,Fashions,Headphone JBL,5476967,15,82154505.0,E-Wallet,Delivered,TechZone
TRX-12771,2025/03/12,nanda pratama,Mekesser,Macanan,Vacuum Cleaner,9282418,1,9282418.0,Card,delivered,SportMax
TRX-12772,2025/07/19,DEWI LESTARI,Jekerte,elektronik,Vacuum Cleaner,5264802,100,526480200.0,Transfer,Delivered,GadgetMart
TRX-12773,14-08-2025,Andi Saputra,Meden,aksesoris,Smartwatch,6915999,0,0.0,E-Wallet,delivered,TrendShop
TRX-12774,18/07/2025,andi saputra,Makassar,Elektronik,Smartwatch,9529622,1,9529622.0,Card,Returned,SportMax
TRX-12775,2025-06-11,andi saputra,Makassar,Fashion,Lipstik Wardah,1305950,15,19589250.0,Transfer,Canceled,PowerCell
TRX-12776,14-05-2025,nanda pratama,bandung,Fashion,Vacuum Cleaner,9989139,1,9989139.0,E-Wallet,Canceled,TrendShop
TRX-12777,16/03/2025,budi santoso,Denpasar,aksesoris,Laptop Asus,1665270,2,3330540.0,Transfer,Delivered,PowerCell
TRX-12778,20/05/2025,MEGA PUTRI,Med,Fashions,Kaos Polos,5975803,1,5975803.0,Ewallet,Returned,HomeEssence
TRX-12779,10-06-2025,Rudi Hartono,medan,Olahraga,Vacuum Cleaner,434903,2,869806.0,COD,Canceled,BeautyHub
TRX-12780,10-04-2025,Siti Aminah,Den,Aksesoriss,Sepatu Nike,9604634,10,96046340.0,COD,delivered,TrendShop
TRX-12781,30-04-2025,MEGA PUTRI,Medan,Kecantikan,Laptop Asus,7299433,5,36497165.0,,Delivered,SportMax
TRX-12782,11-06-2025,mega putri,Jekerte,Electronic,Sepatu Nike,3396386,3,10189158.0,Transfer,Returned,SportMax
TRX-12783,15/06/2025,ahmad fauzi,makassar,Elektronik,Vacuum Cleaner,6722028,5,33610140.0,Transfer,Returned,HomeEssence
TRX-12784,19/03/2025,ahmad fauzi,Med,makanan,Smartwatch,4344329,3,18750187.075976342,Card,pending,HomeEssence
TRX-12785,2025/06/21,ahmad fauzi,jakarta,olahraga,Lipstik Wardah,1593992,2,3187984.0,Kartu Kredit,pending,SportMax
TRX-12786,2025-04-30,mega putri,yogyakarta,Kecantican,Powerbank 10K,817128,0,0.0,Card,Delivered,PowerCell
TRX-12787,2025-07-05,siti aminah,Jakarta,Elektronik,Kaos Polos,484368,1,484368.0,Card,Delivered,TechZone
TRX-12788,2025/03/06,Mega Putri,Medan,Aksesoriss,Laptop Asus,6127449,0,0.0,E-Wallet,pending,BeautyHub
TRX-12789,2025-05-16,Siti Aminah,denpasar,Elektronik,Powerbank 10K,7070480,1,7070480.0,COD,delivered,SportMax
TRX-12790,2025/03/31,MEGA PUTRI,Makassar,Aksesoriss,Smartwatch,9304326,1,9304326.0,Card,Pending,TechZone
TRX-12791,2025-08-01,DEWI LESTARI,Surabaya,Makanans,Laptop Asus,8083076,0,0.0,Kartu Kredit,Canceled,PowerCell
TRX-12792,25-05-2025,BUDI SANTOSO,bandung,elektronik,Powerbank 10K,991208,1,707051.3486851838,Transfer,delivered,HomeEssence
TRX-12793,25-05-2025,Dewi Lestari,Meden,elektronik,Headphone JBL,3164659,3,9493977.0,,Canceled,SportMax
TRX-12794,2025-07-27,MEGA PUTRI,Bendung,olahraga,Sepatu Nike,6587932,3,19763796.0,Ewallet,delivered,TechZone
TRX-12795,28-05-2025,nanda pratama,Surabaya,aksesoris,Powerbank 10K,6145513,5,30727565.0,Ewallet,pending,TechZone
TRX-12796,14/08/2025,siti aminah,bandung,Rumah Tanggas,Smartwatch,8461603,0,0.0,COD,Returned,BeautyHub
TRX-12797,14/03/2025,NANDA PRATAMA,Sur,aksesoris,Powerbank 10K,6293383,1,6293383.0,Ewallet,Returned,SportMax
TRX-12798,2025/05/20,dewi lestari,Yog,,Vacuum Cleaner,9127805,10,91278050.0,Card,delivered,GadgetMart
TRX-12799,2025-05-23,Budi Santoso,surabaya,Fashion,Vacuum Cleaner,5330156,10,53301560.0,Ewallet,pending,BeautyHub
TRX-12800,2025-05-27,AHMAD FAUZI,Meden,Electronic,Sepatu Nike,8449122,0,0.0,Ewallet,pending,HomeEssence
TRX-12801,2025-05-05,MEGA PUTRI,,Olahragas,Headphone JBL,5556126,3,16668378.0,,delivered,TechZone
TRX-12802,02/07/2025,ANDI SAPUTRA,Yog,,Smartwatch,7868441,1,7868441.0,Kartu Kredit,Pending,HomeEssence
TRX-12803,28-07-2025,MEGA PUTRI,jakarta,fashion,Sepatu Nike,683389,0,0.0,Transfer,delivered,SportMax
TRX-12804,2025-05-30,SITI AMINAH,Sur,Rumah Tanggas,Smartwatch,1207260,0,0.0,Card,Returned,SportMax
TRX-12805,11/07/2025,ahmad fauzi,Den,Acsesoris,Kaos Polos,6282474,15,94237110.0,Card,Pending,PowerCell
TRX-12806,06-07-2025,DEWI LESTARI,Jakarta,Elektroniks,Laptop Asus,6208157,10,62081570.0,Kartu Kredit,Delivered,TrendShop
TRX-12807,06-05-2025,siti aminah,Meden,Aksesoriss,Kaos Polos,5232190,1,5232190.0,E-Wallet,delivered,PowerCell
TRX-12808,02/05/2025,Rudi Hartono,Jakarta,Olahraga,Sepatu Nike,1400093,0,0.0,COD,Delivered,HomeEssence
TRX-12809,09/04/2025,SITI AMINAH,surabaya,Olahragas,Laptop Asus,9628672,2,19257344.0,COD,Delivered,TechZone
TRX-12810,26-04-2025,Rudi Hartono,Bendung,Fashions,Sepatu Nike,5805327,15,87079905.0,E-Wallet,delivered,PowerCell
TRX-12811,29/06/2025,Siti Aminah,medan,Elektronik,Smartwatch,8918577,100,891857700.0,Ewallet,Canceled,TrendShop
TRX-12812,13-05-2025,DEWI LESTARI,Jekerte,rumah tangga,Smartwatch,732346,3,2197038.0,Kartu Kredit,Pending,HomeEssence
TRX-12813,08-06-2025,Ahmad Fauzi,Ban,Kecantican,Kaos Polos,2981659,5,14908295.0,Transfer,Delivered,PowerCell
TRX-12814,2025-03-23,ANDI SAPUTRA,Jak,Rumah Tangga,Powerbank 10K,3533802,100,353380200.0,COD,Pending,HomeEssence
TRX-12815,2025-04-06,Andi Saputra,Medan,makanan,Powerbank 10K,5137365,0,0.0,Transfer,Pending,HomeEssence
TRX-12816,12/07/2025,ANDI SAPUTRA,Ban,rumah tangga,Lipstik Wardah,8345445,15,125181675.0,Kartu Kredit,Canceled,SportMax
TRX-12817,27/05/2025,budi santoso,denpasar,Aksesoris,Kaos Polos,29091360,100,145456800.0,Card,Returned,TrendShop
TRX-12818,2025-04-20,mega putri,Mekesser,Aksesoriss,Lipstik Wardah,4407847,3,9340333.276461933,Transfer,Canceled,PowerCell
TRX-12819,2025/06/14,Dewi Lestari,Jekerte,Elektroniks,Vacuum Cleaner,6688784,1,6688784.0,Kartu Kredit,Delivered,TechZone
TRX-12820,2025/08/13,DEWI LESTARI,Surabaya,Electronic,Kaos Polos,6372954,100,637295400.0,E-Wallet,Pending,BeautyHub
TRX-12821,08-04-2025,SITI AMINAH,jakarta,Kecantikan,Kaos Polos,2677014,1,2677014.0,E-Wallet,Delivered,HomeEssence
TRX-12822,21-04-2025,Mega Putri,yogyakarta,Electronic,Powerbank 10K,7363184,1,7363184.0,E-Wallet,Pending,HomeEssence
TRX-12823,16/08/2025,Siti Aminah,Yogyakarta,kecantikan,Smartwatch,178062860,15,133547145.0,Card,Canceled,TrendShop
TRX-12824,2025/07/06,DEWI LESTARI,Jak,,Powerbank 10K,1398894,5,6994470.0,Card,pending,TrendShop
TRX-12825,2025/03/10,Andi Saputra,Jakarta,kecantikan,Sepatu Nike,2563595,1,2563595.0,Card,Returned,SportMax
TRX-12826,15/03/2025,nanda pratama,yogyakarta,Makanan,Laptop Asus,5057106,3,14339052.934203692,Ewallet,delivered,TechZone
TRX-12827,06/05/2025,andi saputra,Surabaya,Rumah Tanggas,Kaos Polos,2852743,1,2852743.0,Kartu Kredit,Delivered,SportMax
TRX-12828,2025/05/31,Siti Aminah,makassar,Kecantican,Lipstik Wardah,7460825,3,22382475.0,E-Wallet,delivered,TrendShop
TRX-12829,2025-04-16,AHMAD FAUZI,Den,Olahragas,Smartwatch,6977416,1,6977416.0,Kartu Kredit,delivered,BeautyHub
TRX-12830,2025-05-10,BUDI SANTOSO,Bendung,olahraga,Headphone JBL,7410401,1,7410401.0,E-Wallet,Returned,GadgetMart
TRX-12831,24/06/2025,nanda pratama,Surabaya,Elektroniks,Headphone JBL,4725431,1,4725431.0,E-Wallet,delivered,BeautyHub
TRX-12832,12-04-2025,Andi Saputra,surabaya,Fashion,Laptop Asus,5169641,5,25848205.0,Card,delivered,BeautyHub
TRX-12833,13-08-2025,Andi Saputra,makassar,Kecantikans,Vacuum Cleaner,9352825,2,18705650.0,Transfer,Pending,HomeEssence
TRX-12834,17/07/2025,ANDI SAPUTRA,Med,Makanan,Kaos Polos,4876176,1,4876176.0,Card,delivered,BeautyHub
TRX-12835,28-06-2025,siti aminah,Jak,Rumah Tanggas,Headphone JBL,1971792,1,1971792.0,COD,Pending,BeautyHub
TRX-12836,08-07-2025,Ahmad Fauzi,Mak,Rumah Tanggas,Kaos Polos,5804068,1,5804068.0,E-Wallet,Pending,BeautyHub
TRX-12837,30-04-2025,MEGA PUTRI,Bandung,Rumah Tangga,Headphone JBL,4639716,10,46397160.0,Kartu Kredit,delivered,PowerCell
TRX-12838,2025/05/07,dewi lestari,Med,Acsesoris,Lipstik Wardah,9733733,1,9733733.0,Transfer,Returned,GadgetMart
TRX-12839,21/05/2025,Mega Putri,Med,kecantikan,Lipstik Wardah,6113389,0,0.0,E-Wallet,delivered,TechZone
TRX-12840,24-03-2025,ANDI SAPUTRA,surabaya,,Sepatu Nike,9572467,2,19144934.0,Card,pending,SportMax
TRX-12841,2025-03-24,NANDA PRATAMA,Yogyekerte,Kecantican,Smartwatch,4433030,10,44330300.0,COD,pending,GadgetMart
TRX-12842,2025/07/30,MEGA PUTRI,Denpasar,Makanans,Lipstik Wardah,2662761,1,2662761.0,COD,Canceled,HomeEssence
TRX-12843,2025-05-19,NANDA PRATAMA,Bandung,Makanan,Smartwatch,3325072,0,0.0,Kartu Kredit,Delivered,HomeEssence
TRX-12844,14/05/2025,AHMAD FAUZI,Jakarta,makanan,Vacuum Cleaner,4867842,1,4867842.0,COD,Pending,TrendShop
TRX-12845,2025/04/12,Dewi Lestari,bandung,Macanan,Powerbank 10K,5982572,2,11965144.0,E-Wallet,pending,SportMax
TRX-12846,2025-05-20,Siti Aminah,jakarta,Aksesoriss,Sepatu Nike,2195977,3,6587931.0,Kartu Kredit,Pending,PowerCell
TRX-12847,2025/04/08,budi santoso,Mekesser,Fashion,Headphone JBL,2276217,1,2276217.0,COD,Pending,PowerCell
TRX-12848,16-07-2025,Nanda Pratama,Surebeye,Acsesoris,Headphone JBL,4640778,100,464077800.0,Card,Canceled,PowerCell
TRX-12849,2025/07/20,AHMAD FAUZI,Medan,Fashion,Headphone JBL,5199387,100,519938700.0,Kartu Kredit,Canceled,TechZone
TRX-12850,02/06/2025,mega putri,Sur,Olahraga,Smartwatch,7877881,100,787788100.0,Transfer,Pending,TechZone
TRX-12851,23/06/2025,BUDI SANTOSO,Bendung,Rumah Tangga,Vacuum Cleaner,312199,100,31219900.0,Kartu Kredit,pending,GadgetMart
TRX-12852,2025-06-14,Siti Aminah,denpasar,olahraga,Headphone JBL,7491537,0,0.0,E-Wallet,,GadgetMart
TRX-12853,2025/08/05,RUDI HARTONO,Jak,Kecantican,Sepatu Nike,6157511,5,30787555.0,E-Wallet,delivered,PowerCell
TRX-12854,2025-04-21,siti aminah,Ban,Makanan,Smartwatch,2821034,15,42315510.0,Ewallet,delivered,SportMax
TRX-12855,2025/03/22,Rudi Hartono,yogyakarta,Makanans,Laptop Asus,199835860,0,0.0,,Delivered,PowerCell
TRX-12856,07-07-2025,Andi Saputra,makassar,rumah tangga,Vacuum Cleaner,1056152,1,1056152.0,Card,pending,SportMax
TRX-12857,22/04/2025,MEGA PUTRI,jakarta,rumah tangga,Powerbank 10K,5676211,10,53590391.741260394,E-Wallet,pending,TechZone
TRX-12858,14-04-2025,budi santoso,Denpasar,Makanans,Headphone JBL,3875091,15,58126365.0,Transfer,Canceled,HomeEssence
TRX-12859,2025-06-13,Siti Aminah,jakarta,olahraga,Lipstik Wardah,5065551,3,15196653.0,Transfer,,GadgetMart
TRX-12860,24-07-2025,Siti Aminah,medan,Rumah Tangga,Laptop Asus,6686393,5,33431965.0,Card,Pending,BeautyHub
TRX-12861,2025-07-12,SITI AMINAH,medan,,Sepatu Nike,9633663,5,48168315.0,Kartu Kredit,Delivered,TrendShop
TRX-12862,16/03/2025,Mega Putri,,olahraga,Powerbank 10K,574658,2,1149316.0,Card,Returned,GadgetMart
TRX-12863,2025/08/12,siti aminah,Denpasar,Kecantican,Sepatu Nike,53196,0,0.0,Ewallet,delivered,GadgetMart
TRX-12864,01/05/2025,Siti Aminah,medan,fashion,Headphone JBL,7192727,0,0.0,COD,Returned,BeautyHub
TRX-12865,2025-05-05,dewi lestari,Meden,,Powerbank 10K,6259774,1,6259774.0,E-Wallet,,GadgetMart
TRX-12866,2025-05-21,MEGA PUTRI,Denpasar,Rumah Tanggas,Lipstik Wardah,3686119,10,36861190.0,Card,pending,PowerCell
TRX-12867,2025/07/10,siti aminah,medan,Makanans,Lipstik Wardah,1717108,1,1717108.0,Ewallet,delivered,PowerCell
TRX-12868,2025-05-16,Nanda Pratama,Den,Macanan,Smartwatch,9063196,1,9063196.0,Transfer,Returned,TechZone
TRX-12869,27/05/2025,Nanda Pratama,Mak,Fashions,Headphone JBL,82401620,0,0.0,COD,delivered,SportMax
TRX-12870,27/04/2025,MEGA PUTRI,Yogyakarta,Rumah Tanggas,Lipstik Wardah,3967000,1,3967000.0,Transfer,Delivered,PowerCell
TRX-12871,03/07/2025,Nanda Pratama,Yogyekerte,Electronic,Vacuum Cleaner,1314008,1,1314008.0,Kartu Kredit,delivered,BeautyHub
TRX-12872,2025-05-08,Rudi Hartono,Yogyekerte,Macanan,Smartwatch,9697720,100,969772000.0,Ewallet,Canceled,HomeEssence
TRX-12873,2025-07-28,siti aminah,makassar,elektronik,Lipstik Wardah,6107174,5,30535870.0,Card,Canceled,TrendShop
TRX-12874,2025/04/25,Dewi Lestari,Denpeser,Aksesoris,Kaos Polos,6184678,15,92770170.0,Transfer,delivered,BeautyHub
TRX-12875,2025/06/13,ANDI SAPUTRA,Medan,Rumah Tangga,Smartwatch,7680725,5,38958036.2281538,Card,pending,GadgetMart
TRX-12876,09-08-2025,budi santoso,Bandung,Makanans,Kaos Polos,1603416,0,0.0,Transfer,Returned,SportMax
TRX-12877,2025/04/20,andi saputra,bandung,Macanan,Smartwatch,1183243,3,3549729.0,Kartu Kredit,pending,TrendShop
TRX-12878,2025/04/06,Mega Putri,Yogyakarta,,Kaos Polos,180334,1,239605.68834794746,Transfer,Delivered,HomeEssence
TRX-12879,16-08-2025,Andi Saputra,Med,elektronik,Headphone JBL,4607885,100,460788500.0,COD,,HomeEssence
TRX-12880,2025/03/14,Nanda Pratama,yogyakarta,rumah tangga,Headphone JBL,2558963,1,3812233.6685392596,COD,delivered,GadgetMart
TRX-12881,2025/05/18,nanda pratama,Yogyekerte,Rumah Tangga,Laptop Asus,608745,1,608745.0,Kartu Kredit,Canceled,BeautyHub
TRX-12882,17-04-2025,dewi lestari,denpasar,kecantikan,Vacuum Cleaner,8632851,3,25898553.0,Card,delivered,SportMax
TRX-12883,2025/04/20,Siti Aminah,Surabaya,Macanan,Kaos Polos,9075639,3,27226917.0,Card,Pending,GadgetMart
TRX-12884,2025/08/17,ANDI SAPUTRA,Den,elektronik,Laptop Asus,1300844,1,1300844.0,Ewallet,Pending,SportMax
TRX-12885,10-03-2025,mega putri,Yogyekerte,Makanan,Vacuum Cleaner,296889,5,1484445.0,Transfer,delivered,PowerCell
TRX-12886,2025/03/01,Nanda Pratama,Denpeser,Kecantikan,Sepatu Nike,6197878,2,12395756.0,Ewallet,pending,GadgetMart
TRX-12887,2025-05-04,dewi lestari,Makassar,Olahraga,Laptop Asus,5319262,1,5319262.0,E-Wallet,delivered,GadgetMart
TRX-12888,30/04/2025,DEWI LESTARI,Jak,Macanan,Lipstik Wardah,6888163,100,688816300.0,Ewallet,delivered,BeautyHub
TRX-12889,26-05-2025,Rudi Hartono,Sur,aksesoris,Sepatu Nike,5286840,1,5286840.0,Kartu Kredit,pending,BeautyHub
TRX-12890,2025-07-02,Budi Santoso,Jakarta,Rumah Tangga,Kaos Polos,7710064,1,7710064.0,E-Wallet,Returned,HomeEssence
TRX-12891,30-04-2025,AHMAD FAUZI,bandung,elektronik,Sepatu Nike,4024409,3,12073227.0,,Delivered,BeautyHub
TRX-12892,23/05/2025,ANDI SAPUTRA,medan,Rumah Tangga,Headphone JBL,227216,0,0.0,Transfer,Pending,TrendShop
TRX-12893,11-07-2025,Dewi Lestari,Surebeye,rumah tangga,Headphone JBL,8562270,0,0.0,E-Wallet,Canceled,BeautyHub
TRX-12894,28/03/2025,NANDA PRATAMA,Denpasar,rumah tangga,Kaos Polos,2944558,5,14722790.0,E-Wallet,Returned,HomeEssence
TRX-12895,2025/06/17,dewi lestari,Surebeye,Electronic,Powerbank 10K,1717690,0,0.0,Kartu Kredit,Delivered,GadgetMart
TRX-12896,2025/06/21,Nanda Pratama,Jak,Makanan,Smartwatch,4469425,100,446942500.0,E-Wallet,delivered,TechZone
TRX-12897,2025/06/07,Ahmad Fauzi,makassar,Makanans,Vacuum Cleaner,1154188,0,0.0,Ewallet,delivered,HomeEssence
TRX-12898,10-03-2025,nanda pratama,Sur,Kecantican,Lipstik Wardah,261463,2,522926.0,E-Wallet,Delivered,TrendShop
TRX-12899,2025/04/28,Andi Saputra,makassar,rumah tangga,Vacuum Cleaner,2444820,3,7334460.0,Transfer,pending,PowerCell
TRX-12900,30-03-2025,SITI AMINAH,Med,Rumah Tangga,Laptop Asus,4786912,1,4786912.0,COD,delivered,BeautyHub
TRX-12901,2025-04-17,Budi Santoso,Den,Acsesoris,Lipstik Wardah,2557720,1,2557720.0,COD,Returned,HomeEssence
TRX-12902,2025/04/06,Mega Putri,Jak,Makanans,Powerbank 10K,164560,1,164560.0,Card,Pending,SportMax
TRX-12903,2025-06-08,Nanda Pratama,Yogyekerte,Kecantican,Headphone JBL,9307849,15,139617735.0,COD,Delivered,GadgetMart
TRX-12904,2025-07-09,SITI AMINAH,Bendung,Rumah Tangga,Laptop Asus,3630885,5,18154425.0,COD,Returned,HomeEssence
TRX-12905,03/04/2025,Nanda Pratama,Mekesser,rumah tangga,Lipstik Wardah,3045785,3,9137355.0,E-Wallet,Returned,TrendShop
TRX-12906,2025-05-09,Budi Santoso,Yogyakarta,Fashion,Smartwatch,5768365,1,5768365.0,COD,delivered,GadgetMart
TRX-12907,2025-04-01,mega putri,Jak,Rumah Tangga,Sepatu Nike,1389083,0,0.0,,Canceled,BeautyHub
TRX-12908,11-05-2025,Mega Putri,Surebeye,Kecantican,Kaos Polos,8025343,1,8025343.0,Transfer,Pending,HomeEssence
TRX-12909,19/07/2025,Ahmad Fauzi,jakarta,Rumah Tanggas,Vacuum Cleaner,3940702,2,7881404.0,E-Wallet,delivered,PowerCell
TRX-12910,19-08-2025,Dewi Lestari,makassar,Rumah Tangga,Smartwatch,2424151,100,242415100.0,E-Wallet,Pending,TechZone
TRX-12911,15/04/2025,BUDI SANTOSO,bandung,Aksesoriss,Kaos Polos,227476,1,227476.0,COD,Pending,HomeEssence
TRX-12912,25/07/2025,Andi Saputra,Denpeser,Makanans,Lipstik Wardah,2725877,2,5451754.0,Kartu Kredit,pending,GadgetMart
TRX-12913,12-04-2025,siti aminah,Mak,Fashions,Powerbank 10K,2999908,1,2999908.0,Card,Returned,TechZone
TRX-12914,26/04/2025,Siti Aminah,Mekesser,makanan,Lipstik Wardah,1981441,100,198144100.0,Transfer,pending,TechZone
TRX-12915,06-06-2025,SITI AMINAH,makassar,aksesoris,Lipstik Wardah,9574338,100,957433800.0,E-Wallet,pending,HomeEssence
TRX-12916,2025/05/07,Nanda Pratama,Surebeye,fashion,Powerbank 10K,5868812,3,17606436.0,Kartu Kredit,Returned,HomeEssence
TRX-12917,2025-05-17,andi saputra,surabaya,Kecantican,Smartwatch,892329,5,4461645.0,COD,Returned,TrendShop
TRX-12918,23/07/2025,SITI AMINAH,Surebeye,Electronic,Powerbank 10K,224588,1,224588.0,Transfer,pending,TrendShop
TRX-12919,2025/05/09,ahmad fauzi,Surebeye,olahraga,Smartwatch,1580332,15,23704980.0,Kartu Kredit,pending,TechZone
TRX-12920,2025/06/12,Budi Santoso,Meden,Olahraga,Sepatu Nike,1083290,5,5416450.0,Kartu Kredit,pending,SportMax
TRX-12921,2025/08/01,MEGA PUTRI,medan,Olahragas,Sepatu Nike,7508136,1,7508136.0,Transfer,Canceled,PowerCell
TRX-12922,2025/08/06,mega putri,yogyakarta,,Powerbank 10K,4818424,1,4818424.0,,pending,TrendShop
TRX-12923,2025/03/23,ahmad fauzi,Mekesser,Rumah Tanggas,Headphone JBL,1308542,15,26478641.365704473,COD,Pending,HomeEssence
TRX-12924,2025/05/05,AHMAD FAUZI,Den,Fashions,Lipstik Wardah,7399953,15,101295783.61001012,Card,delivered,BeautyHub
TRX-12925,2025/08/03,Rudi Hartono,jakarta,Rumah Tangga,Laptop Asus,9742748,1,9742748.0,COD,delivered,BeautyHub
TRX-12926,2025-08-16,Budi Santoso,Yogyekerte,,Powerbank 10K,3843868,2,7687736.0,COD,Canceled,GadgetMart
TRX-12927,2025-08-07,AHMAD FAUZI,Denpasar,Elektronik,Kaos Polos,1678853,1,1678853.0,,Pending,GadgetMart
TRX-12928,2025/04/28,rudi hartono,Meden,elektronik,Smartwatch,4707448,1,4707448.0,Ewallet,Returned,TechZone
TRX-12929,2025/06/04,mega putri,Mekesser,Rumah Tangga,Smartwatch,5443333,10,54433330.0,Ewallet,pending,PowerCell
TRX-12930,2025/06/30,nanda pratama,Mak,Olahraga,Sepatu Nike,6958008,0,0.0,Card,Pending,HomeEssence
TRX-12931,13-05-2025,SITI AMINAH,Yogyakarta,Makanan,Lipstik Wardah,5950726,1,5950726.0,E-Wallet,Delivered,BeautyHub
TRX-12932,07/06/2025,Ahmad Fauzi,Yog,Fashion,Powerbank 10K,7736281,3,23208843.0,Transfer,Returned,HomeEssence
TRX-12933,18/07/2025,budi santoso,Yog,Elektronik,Powerbank 10K,9240288,1,12310195.707187193,E-Wallet,Returned,PowerCell
TRX-12934,2025/05/14,Ahmad Fauzi,jakarta,elektronik,Smartwatch,2136172,1,2136172.0,Ewallet,Canceled,GadgetMart
TRX-12935,20/03/2025,ANDI SAPUTRA,yogyakarta,Kecantikan,Laptop Asus,3292222,1,3292222.0,E-Wallet,pending,SportMax
TRX-12936,24/08/2025,SITI AMINAH,jakarta,Rumah Tangga,Lipstik Wardah,7372933,100,886396618.669297,Ewallet,Pending,SportMax
TRX-12937,12-06-2025,rudi hartono,Yogyakarta,Olahraga,Kaos Polos,3306505,1,3306505.0,Card,Delivered,SportMax
TRX-12938,2025-08-05,AHMAD FAUZI,,Kecantikans,Sepatu Nike,4862056,1,4862056.0,Transfer,pending,TechZone
TRX-12939,2025/07/14,NANDA PRATAMA,Surabaya,fashion,Powerbank 10K,4899666,1,4899666.0,Kartu Kredit,Delivered,TechZone
TRX-12940,2025-05-25,Budi Santoso,Den,rumah tangga,Lipstik Wardah,2242848,1,2242848.0,Card,Canceled,GadgetMart
TRX-12941,2025-07-23,Rudi Hartono,Mekesser,rumah tangga,Smartwatch,1694173,1,1694173.0,Kartu Kredit,Delivered,TrendShop
TRX-12942,09-03-2025,rudi hartono,denpasar,Elektronik,Powerbank 10K,4311725,2,5738252.66052101,Transfer,pending,HomeEssence
TRX-12943,12/08/2025,Budi Santoso,Jakarta,Kecantican,Headphone JBL,5830618,1,5830618.0,Ewallet,delivered,TechZone
TRX-12944,2025-04-04,MEGA PUTRI,Med,Acsesoris,Powerbank 10K,124804,1,124804.0,Ewallet,Delivered,HomeEssence
TRX-12945,2025-07-14,Siti Aminah,yogyakarta,Fashion,Vacuum Cleaner,1990483,10,19904830.0,Card,pending,TrendShop
TRX-12946,2025-06-10,Nanda Pratama,Bendung,Aksesoriss,Smartwatch,7739262,2,12388899.377604356,Card,pending,TechZone
TRX-12947,27-08-2025,Budi Santoso,denpasar,Rumah Tangga,Kaos Polos,9805459,15,147081885.0,Kartu Kredit,Canceled,TechZone
TRX-12948,2025/03/04,Andi Saputra,bandung,aksesoris,Headphone JBL,3127195,15,46907925.0,COD,Canceled,SportMax
TRX-12949,2025/05/16,ahmad fauzi,Jekerte,Electronic,Smartwatch,6153807,100,615380700.0,E-Wallet,Delivered,SportMax
TRX-12950,10-06-2025,nanda pratama,denpasar,Kecantikans,Powerbank 10K,7496633,5,37483165.0,Kartu Kredit,pending,TrendShop
TRX-12951,2025-04-27,Mega Putri,denpasar,Rumah Tanggas,Kaos Polos,9976354,0,0.0,Card,pending,SportMax
TRX-12952,2025-05-16,AHMAD FAUZI,Denpeser,Aksesoris,Laptop Asus,3713289,2,7426578.0,Ewallet,delivered,GadgetMart
TRX-12953,05/05/2025,andi saputra,Meden,Elektronik,Sepatu Nike,8016473,3,24049419.0,E-Wallet,Returned,BeautyHub
TRX-12954,27-04-2025,MEGA PUTRI,makassar,aksesoris,Laptop Asus,4916940,1,4916940.0,Kartu Kredit,Delivered,TechZone
TRX-12955,21-07-2025,BUDI SANTOSO,Yog,Olahraga,Headphone JBL,5657968,0,0.0,Transfer,Canceled,HomeEssence
TRX-12956,2025-07-30,Mega Putri,bandung,Fashion,Laptop Asus,9104860,1,9104860.0,Kartu Kredit,Canceled,BeautyHub
TRX-12957,12-04-2025,dewi lestari,yogyakarta,olahraga,Laptop Asus,6319191,1,6319191.0,Ewallet,pending,TechZone
TRX-12958,03-03-2025,Siti Aminah,Mak,olahraga,Sepatu Nike,3585443,2,7170886.0,E-Wallet,pending,PowerCell
TRX-12959,2025/08/24,Ahmad Fauzi,Bandung,Olahragas,Headphone JBL,476941,0,0.0,E-Wallet,delivered,SportMax
TRX-12960,20/04/2025,rudi hartono,medan,Olahragas,Laptop Asus,5556336,1,5556336.0,Ewallet,pending,TrendShop
TRX-12961,31/05/2025,RUDI HARTONO,Jakarta,kecantikan,Vacuum Cleaner,6338893,5,31694465.0,E-Wallet,delivered,PowerCell
TRX-12962,02-06-2025,mega putri,Mekesser,Rumah Tanggas,Lipstik Wardah,1396365,5,5102934.072152009,Transfer,Pending,TechZone
TRX-12963,15-03-2025,Rudi Hartono,Med,kecantikan,Smartwatch,6112825,3,18338475.0,Transfer,Delivered,PowerCell
TRX-12964,2025/08/21,Dewi Lestari,Makassar,,Lipstik Wardah,9440328,3,28320984.0,E-Wallet,Returned,TrendShop
TRX-12965,2025-08-19,DEWI LESTARI,Bendung,Elektronik,Vacuum Cleaner,477709,15,7165635.0,Transfer,Delivered,PowerCell
TRX-12966,21-04-2025,Andi Saputra,Medan,elektronik,Vacuum Cleaner,7402245,10,74022450.0,Transfer,Canceled,PowerCell
TRX-12967,2025/04/26,dewi lestari,Sur,Fashions,Laptop Asus,1800866,1,1800866.0,E-Wallet,Pending,GadgetMart
TRX-12968,28-07-2025,budi santoso,Denpasar,Fashion,Lipstik Wardah,6283107,0,0.0,E-Wallet,Canceled,PowerCell
TRX-12969,2025/05/11,mega putri,Jakarta,Fashion,Kaos Polos,4897384,15,106906052.10051024,Card,Pending,TrendShop
TRX-12970,06-06-2025,Siti Aminah,Mekesser,Aksesoriss,Lipstik Wardah,5284748,15,79271220.0,Card,Delivered,HomeEssence
TRX-12971,08-03-2025,rudi hartono,denpasar,Olahraga,Headphone JBL,4867167,3,14601501.0,E-Wallet,pending,HomeEssence
TRX-12972,23-08-2025,ANDI SAPUTRA,Ban,Elektronik,Vacuum Cleaner,6880707,0,0.0,E-Wallet,Delivered,BeautyHub
TRX-12973,2025-07-28,Budi Santoso,Med,Aksesoris,Laptop Asus,5838773,3,17516319.0,Ewallet,pending,PowerCell
TRX-12974,2025/03/14,RUDI HARTONO,Meden,,Vacuum Cleaner,7567475,1,7567475.0,Kartu Kredit,delivered,PowerCell
TRX-12975,2025/06/13,budi santoso,denpasar,Olahraga,Lipstik Wardah,6151570,100,615157000.0,Card,Returned,GadgetMart
TRX-12976,2025/04/18,Dewi Lestari,Denpasar,Rumah Tanggas,Sepatu Nike,2316598,0,0.0,COD,Returned,PowerCell
TRX-12977,26/04/2025,Andi Saputra,Jekerte,Rumah Tangga,Smartwatch,5947162,0,0.0,E-Wallet,Returned,BeautyHub
TRX-12978,2025/07/11,AHMAD FAUZI,bandung,Kecantikan,Vacuum Cleaner,4960662,1,4960662.0,Ewallet,Pending,SportMax
TRX-12979,26/04/2025,mega putri,Yogyekerte,Rumah Tangga,Headphone JBL,2045127,1,1932555.0695288493,Kartu Kredit,delivered,TechZone
TRX-12980,19/06/2025,DEWI LESTARI,Yog,Makanans,Kaos Polos,1085108,5,5425540.0,COD,Delivered,SportMax
TRX-12981,2025/05/15,DEWI LESTARI,Surabaya,Rumah Tangga,Powerbank 10K,528365,1,528365.0,Card,Pending,PowerCell
TRX-12982,2025/08/12,SITI AMINAH,bandung,makanan,Smartwatch,2124242,15,31863630.0,Kartu Kredit,pending,GadgetMart
TRX-12983,2025-06-30,Rudi Hartono,Bendung,Kecantikans,Lipstik Wardah,5172969,1,5172969.0,Card,Returned,TechZone
TRX-12984,2025-03-23,AHMAD FAUZI,makassar,Rumah Tangga,Smartwatch,1584230,2,3168460.0,Card,delivered,SportMax
TRX-12985,2025/07/22,BUDI SANTOSO,,Rumah Tangga,Kaos Polos,901980,1,901980.0,Transfer,Delivered,PowerCell
TRX-12986,03-05-2025,dewi lestari,Medan,elektronik,Headphone JBL,6741891,0,0.0,Kartu Kredit,Canceled,SportMax
TRX-12987,2025/04/07,SITI AMINAH,Den,,Laptop Asus,7508403,0,0.0,Card,delivered,BeautyHub
TRX-12988,2025/07/24,Siti Aminah,Meden,Kecantikans,Smartwatch,5359068,10,51916302.877519384,Ewallet,Delivered,HomeEssence
TRX-12989,24/04/2025,Ahmad Fauzi,Ban,elektronik,Kaos Polos,5006780,1,5006780.0,Card,delivered,SportMax
TRX-12990,2025-08-08,Siti Aminah,Meden,Olahraga,Vacuum Cleaner,6953538,15,104303070.0,Kartu Kredit,pending,TechZone
TRX-12991,10/03/2025,mega putri,yogyakarta,,Sepatu Nike,6867123,1,6867123.0,Kartu Kredit,Canceled,GadgetMart
TRX-12992,17/06/2025,BUDI SANTOSO,Jakarta,Fashions,Headphone JBL,1842363,1,1842363.0,Card,delivered,SportMax
TRX-12993,2025-06-02,Nanda Pratama,denpasar,Makanan,Vacuum Cleaner,5806911,2,11613822.0,Card,Returned,SportMax
TRX-12994,02/05/2025,Siti Aminah,Medan,olahraga,Lipstik Wardah,1752424,2,3504848.0,Ewallet,Pending,HomeEssence
TRX-12995,25-03-2025,NANDA PRATAMA,Surebeye,Aksesoriss,Powerbank 10K,8066906,15,121003590.0,E-Wallet,Delivered,SportMax
TRX-12996,04-07-2025,DEWI LESTARI,Den,Acsesoris,Vacuum Cleaner,917838,15,13767570.0,COD,Returned,GadgetMart
TRX-12997,07-06-2025,AHMAD FAUZI,Surabaya,aksesoris,Kaos Polos,3528192,0,0.0,Ewallet,Canceled,GadgetMart
TRX-12998,25-03-2025,Ahmad Fauzi,Denpasar,Fashion,Sepatu Nike,9745674,10,97456740.0,COD,Delivered,TrendShop
TRX-12999,08-05-2025,siti aminah,makassar,elektronik,Powerbank 10K,8201656,1,8201656.0,,pending,PowerCell
TRX-13000,2025/07/25,siti aminah,medan,Fashion,Headphone JBL,9360837,1,9360837.0,Kartu Kredit,,SportMax
TRX-13001,2025-07-22,Mega Putri,Surabaya,Macanan,Powerbank 10K,8103024,1,8103024.0,E-Wallet,Returned,GadgetMart
TRX-13002,14-03-2025,Ahmad Fauzi,Ban,rumah tangga,Smartwatch,5309245,0,0.0,Ewallet,delivered,TechZone
TRX-13003,2025-05-29,Ahmad Fauzi,Meden,,Laptop Asus,2918921,15,43783815.0,Kartu Kredit,Pending,TrendShop
TRX-13004,2025/07/22,Siti Aminah,Mak,Rumah Tanggas,Powerbank 10K,3053225,10,30532250.0,Ewallet,Pending,GadgetMart
TRX-13005,19/06/2025,rudi hartono,yogyakarta,Fashion,Laptop Asus,8122590,1,8122590.0,COD,Pending,HomeEssence
TRX-13006,11-05-2025,Andi Saputra,Mak,fashion,Lipstik Wardah,6373617,1,6373617.0,Transfer,Pending,HomeEssence
TRX-13007,27-03-2025,andi saputra,bandung,fashion,Kaos Polos,9550374,0,0.0,Ewallet,delivered,TrendShop
TRX-13008,2025/05/11,ahmad fauzi,Yogyakarta,Fashion,Smartwatch,8977811,2,17955622.0,Card,Delivered,PowerCell
TRX-13009,14-06-2025,rudi hartono,Jak,Aksesoris,Smartwatch,4004780,0,0.0,Ewallet,pending,GadgetMart
TRX-13010,2025-05-07,mega putri,Sur,Kecantican,Powerbank 10K,2995759,0,0.0,Card,delivered,SportMax
TRX-13011,21/06/2025,NANDA PRATAMA,yogyakarta,Macanan,Headphone JBL,3402921,0,0.0,Card,Pending,HomeEssence
TRX-13012,11-06-2025,RUDI HARTONO,Mekesser,Olahraga,Laptop Asus,2509507,1,2509507.0,COD,,BeautyHub
TRX-13013,02/07/2025,Andi Saputra,Mekesser,Olahragas,Laptop Asus,7342306,10,73423060.0,Transfer,pending,PowerCell
TRX-13014,2025-05-27,Rudi Hartono,Jak,Aksesoriss,Sepatu Nike,3130202,3,9390606.0,Transfer,pending,HomeEssence
TRX-13015,2025-03-15,siti aminah,Jekerte,Makanans,Vacuum Cleaner,4738827,15,71082405.0,,Returned,HomeEssence
TRX-13016,21-04-2025,rudi hartono,Meden,Makanan,Lipstik Wardah,9060815,0,0.0,Ewallet,pending,BeautyHub
TRX-13017,17-03-2025,Rudi Hartono,Mak,Rumah Tangga,Headphone JBL,915630,100,91563000.0,E-Wallet,,PowerCell
TRX-13018,02/05/2025,nanda pratama,bandung,Electronic,Sepatu Nike,3022881,3,9068643.0,Kartu Kredit,Pending,HomeEssence
TRX-13019,09-05-2025,Dewi Lestari,Mekesser,Fashion,Sepatu Nike,5861303,2,11722606.0,E-Wallet,Delivered,TrendShop
TRX-13020,2025/08/19,AHMAD FAUZI,,Kecantikans,Sepatu Nike,350406,100,35040600.0,Kartu Kredit,Delivered,BeautyHub
TRX-13021,23-04-2025,Rudi Hartono,jakarta,Rumah Tangga,Headphone JBL,1085598,5,5427990.0,Card,Returned,TrendShop
TRX-13022,27-04-2025,Mega Putri,yogyakarta,,Smartwatch,213944,100,21394400.0,Card,Pending,TrendShop
TRX-13023,10/03/2025,DEWI LESTARI,Med,olahraga,Kaos Polos,3019852,5,15099260.0,Kartu Kredit,Delivered,SportMax
TRX-13024,2025-08-03,Budi Santoso,Makassar,Kecantikans,Vacuum Cleaner,6850541,2,13701082.0,Card,Delivered,HomeEssence
TRX-13025,27-06-2025,RUDI HARTONO,Bendung,Kecantican,Smartwatch,7739969,2,15479938.0,Ewallet,delivered,HomeEssence
TRX-13026,21/04/2025,NANDA PRATAMA,Sur,Rumah Tangga,Kaos Polos,7925639,1,7925639.0,Kartu Kredit,Delivered,SportMax
TRX-13027,2025-07-15,rudi hartono,Jekerte,Kecantican,Kaos Polos,5060281,5,21507952.663551882,Kartu Kredit,Pending,HomeEssence
TRX-13028,2025/06/17,mega putri,Mak,Kecantikans,Laptop Asus,6009996,10,60099960.0,COD,delivered,GadgetMart
TRX-13029,2025-04-13,Ahmad Fauzi,Makassar,Rumah Tangga,Vacuum Cleaner,2439911,1,2439911.0,Transfer,delivered,TrendShop
TRX-13030,08-08-2025,DEWI LESTARI,Meden,elektronik,Smartwatch,686431,3,2059293.0,E-Wallet,Canceled,TechZone
TRX-13031,26-04-2025,AHMAD FAUZI,Bandung,makanan,Sepatu Nike,1286541,1,951710.5355947295,Ewallet,delivered,HomeEssence
TRX-13032,15-06-2025,dewi lestari,,kecantikan,Lipstik Wardah,6137494,1,6137494.0,COD,,PowerCell
TRX-13033,29-05-2025,Ahmad Fauzi,jakarta,Aksesoris,Sepatu Nike,8756406,5,43782030.0,COD,delivered,GadgetMart
TRX-13034,2025-04-01,ANDI SAPUTRA,Makassar,Fashion,Lipstik Wardah,5086117,100,508611700.0,E-Wallet,Returned,GadgetMart
TRX-13035,2025-04-26,DEWI LESTARI,Denpasar,Fashions,Vacuum Cleaner,9225404,15,138381060.0,E-Wallet,Returned,GadgetMart
TRX-13036,2025-03-31,budi santoso,jakarta,Fashion,Sepatu Nike,4709014,15,88616020.8531696,Card,delivered,SportMax
TRX-13037,13-03-2025,ahmad fauzi,Mekesser,Rumah Tangga,Headphone JBL,3544585,1,4709150.578502926,Transfer,Canceled,BeautyHub
TRX-13038,04/04/2025,Rudi Hartono,surabaya,Aksesoriss,Vacuum Cleaner,5356175,1,7042954.85292562,Ewallet,Canceled,PowerCell
TRX-13039,2025-04-03,Andi Saputra,Mak,Aksesoriss,Laptop Asus,5244914,10,52449140.0,Transfer,Delivered,TechZone
TRX-13040,2025-06-04,siti aminah,Den,Aksesoriss,Kaos Polos,1377877,2,2755754.0,Transfer,Canceled,BeautyHub
TRX-13041,2025-06-05,MEGA PUTRI,,Olahraga,Kaos Polos,6528623,1,6528623.0,Kartu Kredit,pending,SportMax
TRX-13042,2025/05/22,andi saputra,,Olahraga,Laptop Asus,4248811,2,8497622.0,Ewallet,Returned,BeautyHub
TRX-13043,26-06-2025,BUDI SANTOSO,Meden,Elektroniks,Headphone JBL,722225,1,722225.0,Card,Canceled,BeautyHub
TRX-13044,15/06/2025,RUDI HARTONO,Ban,Elektroniks,Kaos Polos,8836301,3,26508903.0,Transfer,Pending,BeautyHub
TRX-13045,12/05/2025,Rudi Hartono,jakarta,Kecantican,Powerbank 10K,3385705,1,3385705.0,Transfer,delivered,SportMax
TRX-13046,2025/05/31,ANDI SAPUTRA,jakarta,Makanan,Smartwatch,454470,1,454470.0,Ewallet,delivered,PowerCell
TRX-13047,12-05-2025,SITI AMINAH,Med,Olahraga,Vacuum Cleaner,7129903,2,14259806.0,Transfer,pending,TrendShop
TRX-13048,17-05-2025,SITI AMINAH,jakarta,Elektroniks,Sepatu Nike,3045035,100,304503500.0,Kartu Kredit,Canceled,GadgetMart
TRX-13049,2025-05-27,Siti Aminah,Jekerte,,Kaos Polos,6253690,1,6253690.0,Card,pending,TrendShop
TRX-13050,19/03/2025,Rudi Hartono,jakarta,Kecantican,Smartwatch,4008905,1,4008905.0,COD,Delivered,GadgetMart
TRX-13051,24/03/2025,Rudi Hartono,Den,Acsesoris,Vacuum Cleaner,4133372,10,41333720.0,Card,delivered,HomeEssence
TRX-13052,2025-05-21,ANDI SAPUTRA,Yogyekerte,Rumah Tangga,Vacuum Cleaner,6241081,0,0.0,,Canceled,PowerCell
TRX-13053,2025-05-07,Ahmad Fauzi,Jakarta,Fashion,Laptop Asus,8359740,1,8359740.0,Transfer,delivered,TechZone
TRX-13054,13-05-2025,Dewi Lestari,Yogyakarta,Kecantican,Vacuum Cleaner,6222056,1,6222056.0,Ewallet,pending,TechZone
TRX-13055,19-06-2025,budi santoso,jakarta,Kecantikans,Sepatu Nike,61009,15,915135.0,Ewallet,Canceled,TechZone
TRX-13056,28-05-2025,ANDI SAPUTRA,Yog,Aksesoris,Vacuum Cleaner,8363264,3,25089792.0,Card,Returned,PowerCell
TRX-13057,2025/03/26,mega putri,makassar,Rumah Tangga,Headphone JBL,2041367,1,2041367.0,COD,delivered,PowerCell
TRX-13058,2025-03-27,Dewi Lestari,Yogyakarta,Kecantican,Smartwatch,8768936,1,8768936.0,Card,Returned,GadgetMart
TRX-13059,01/03/2025,Ahmad Fauzi,Yog,Makanans,Vacuum Cleaner,2758668,5,13793340.0,Ewallet,Canceled,TrendShop
TRX-13060,2025-07-09,budi santoso,Den,makanan,Vacuum Cleaner,5708307,15,85624605.0,E-Wallet,pending,HomeEssence
TRX-13061,12-08-2025,AHMAD FAUZI,jakarta,Aksesoriss,Powerbank 10K,2335362,10,23353620.0,Kartu Kredit,Returned,TechZone
TRX-13062,2025-04-07,mega putri,Bendung,Makanan,Laptop Asus,8615873,1,8615873.0,Ewallet,Pending,PowerCell
TRX-13063,25-04-2025,mega putri,Yogyakarta,Elektroniks,Sepatu Nike,3086773,0,0.0,Kartu Kredit,pending,GadgetMart
TRX-13064,2025/08/16,Andi Saputra,Jak,Aksesoriss,Powerbank 10K,1681570,2,3363140.0,Card,Pending,PowerCell
TRX-13065,27/06/2025,Dewi Lestari,Ban,Fashion,Vacuum Cleaner,4823598,5,24117990.0,Transfer,delivered,PowerCell
TRX-13066,2025/03/31,Mega Putri,medan,Electronic,Headphone JBL,7326281,5,36631405.0,COD,Delivered,HomeEssence
TRX-13067,2025/03/23,rudi hartono,Bandung,Fashion,Lipstik Wardah,6857087,10,68570870.0,Kartu Kredit,,PowerCell
TRX-13068,06/03/2025,DEWI LESTARI,bandung,,Kaos Polos,1705464,1,998033.0912705318,COD,delivered,PowerCell
TRX-13069,2025/03/27,RUDI HARTONO,Jak,Rumah Tangga,Lipstik Wardah,8406164,15,126092460.0,Ewallet,Returned,BeautyHub
TRX-13070,17/03/2025,DEWI LESTARI,denpasar,,Smartwatch,928835,5,4644175.0,Ewallet,Pending,HomeEssence
TRX-13071,2025/04/16,Andi Saputra,Jakarta,makanan,Laptop Asus,3327560,100,330122640.2245618,Ewallet,pending,HomeEssence
TRX-13072,2025-05-25,BUDI SANTOSO,Jakarta,Aksesoriss,Powerbank 10K,110605660,10,55302830.0,COD,Returned,PowerCell
TRX-13073,12-05-2025,Mega Putri,Yog,Kecantikans,Smartwatch,2810451,0,0.0,,Pending,GadgetMart
TRX-13074,15/04/2025,DEWI LESTARI,makassar,Fashions,Powerbank 10K,6419553,0,0.0,E-Wallet,pending,TrendShop
TRX-13075,01/06/2025,Ahmad Fauzi,Surabaya,Elektroniks,Powerbank 10K,3954840,15,59322600.0,E-Wallet,Delivered,TrendShop
TRX-13076,2025/07/09,ahmad fauzi,bandung,Olahragas,Powerbank 10K,2494149,5,9502655.1660514,Kartu Kredit,Returned,GadgetMart
TRX-13077,14-03-2025,MEGA PUTRI,jakarta,Olahragas,Lipstik Wardah,7546121,15,113191815.0,Card,delivered,GadgetMart
TRX-13078,2025-07-21,Siti Aminah,Yogyekerte,kecantikan,Kaos Polos,9538077,5,47690385.0,COD,pending,GadgetMart
TRX-13079,2025/06/08,Rudi Hartono,surabaya,makanan,Kaos Polos,2983361,10,29833610.0,Transfer,Returned,SportMax
TRX-13080,2025/08/02,budi santoso,Den,Fashion,Kaos Polos,5373940,3,14311173.844966259,E-Wallet,Canceled,PowerCell
TRX-13081,30/05/2025,mega putri,,Kecantican,Laptop Asus,971806,100,97180600.0,Ewallet,delivered,SportMax
TRX-13082,04-05-2025,Budi Santoso,Yog,,Laptop Asus,9229651,15,138444765.0,Ewallet,Returned,TrendShop
TRX-13083,01-03-2025,Nanda Pratama,,Aksesoris,Laptop Asus,5111354,1,5111354.0,E-Wallet,Pending,PowerCell
TRX-13084,2025/06/18,nanda pratama,Yog,Aksesoriss,Kaos Polos,6961957,100,696195700.0,Ewallet,delivered,TechZone
TRX-13085,01-05-2025,Mega Putri,,Electronic,Powerbank 10K,585888,1,585888.0,E-Wallet,Pending,GadgetMart
TRX-13086,25-04-2025,RUDI HARTONO,Bendung,Kecantikan,Laptop Asus,3968446,100,396844600.0,COD,Pending,TrendShop
TRX-13087,21/03/2025,ahmad fauzi,Makassar,Makanan,Lipstik Wardah,45057760,3,6758664.0,Card,Delivered,PowerCell
TRX-13088,07/07/2025,MEGA PUTRI,Med,Makanans,Smartwatch,8574405,3,25723215.0,Kartu Kredit,Delivered,TrendShop
TRX-13089,25-04-2025,mega putri,Den,Makanan,Headphone JBL,4880165,2,9760330.0,Kartu Kredit,Returned,HomeEssence
TRX-13090,22/08/2025,SITI AMINAH,denpasar,elektronik,Powerbank 10K,7298730,1,7298730.0,COD,delivered,GadgetMart
TRX-13091,06/07/2025,NANDA PRATAMA,Den,Aksesoriss,Powerbank 10K,4829897,2,9659794.0,Card,Pending,BeautyHub
TRX-13092,05/04/2025,Rudi Hartono,Sur,Rumah Tanggas,Powerbank 10K,9456751,1,9456751.0,Transfer,Returned,GadgetMart
TRX-13093,03-05-2025,andi saputra,Mak,Fashion,Powerbank 10K,2147711,100,214771100.0,Card,Canceled,TrendShop
TRX-13094,2025/05/20,DEWI LESTARI,Makassar,Electronic,Vacuum Cleaner,2948845,2,5897690.0,COD,Canceled,TrendShop
TRX-13095,2025-04-29,andi saputra,yogyakarta,Makanan,Smartwatch,8143068,0,0.0,Transfer,,BeautyHub
TRX-13096,04/05/2025,mega putri,Yogyakarta,,Sepatu Nike,47822040,0,0.0,E-Wallet,pending,SportMax
TRX-13097,2025/04/07,Dewi Lestari,jakarta,makanan,Kaos Polos,9060139,0,0.0,Kartu Kredit,,HomeEssence
TRX-13098,09-06-2025,AHMAD FAUZI,medan,Makanans,Smartwatch,3454158,15,51812370.0,Kartu Kredit,Returned,GadgetMart
TRX-13099,2025/08/05,rudi hartono,Denpeser,elektronik,Lipstik Wardah,4961672,0,0.0,Ewallet,Delivered,BeautyHub
TRX-13100,2025/04/17,RUDI HARTONO,Jak,Fashions,Smartwatch,9744535,0,0.0,COD,Pending,BeautyHub
TRX-13101,2025-08-22,nanda pratama,Jak,Aksesoris,Headphone JBL,643975,0,0.0,Ewallet,Delivered,PowerCell
TRX-13102,2025/03/12,andi saputra,surabaya,rumah tangga,Vacuum Cleaner,4033063,3,12099189.0,Kartu Kredit,delivered,TrendShop
TRX-13103,2025-05-28,DEWI LESTARI,Makassar,Elektronik,Vacuum Cleaner,7577872,15,162973784.4069388,E-Wallet,Returned,HomeEssence
TRX-13104,2025-03-01,DEWI LESTARI,Denpasar,Kecantikans,Laptop Asus,2442735,100,244273500.0,Transfer,Returned,GadgetMart
TRX-13105,09-07-2025,NANDA PRATAMA,Bendung,makanan,Headphone JBL,9800576,1,9800576.0,Kartu Kredit,Delivered,TechZone
TRX-13106,29/04/2025,rudi hartono,Bendung,kecantikan,Powerbank 10K,6046522,1,6100440.112396529,Kartu Kredit,,BeautyHub
TRX-13107,02-03-2025,siti aminah,Surebeye,Electronic,Sepatu Nike,3650200,10,36502000.0,Kartu Kredit,delivered,TrendShop
TRX-13108,23/07/2025,nanda pratama,Jakarta,Electronic,Lipstik Wardah,2751243,1,2751243.0,Transfer,Returned,HomeEssence
TRX-13109,30-04-2025,RUDI HARTONO,denpasar,Rumah Tanggas,Headphone JBL,4485728,0,0.0,Ewallet,Returned,BeautyHub
TRX-13110,2025/05/15,MEGA PUTRI,Mekesser,Aksesoris,Headphone JBL,7215371,1,7215371.0,Ewallet,Canceled,HomeEssence
TRX-13111,25-08-2025,rudi hartono,Mekesser,Macanan,Laptop Asus,4185554,15,62783310.0,COD,Returned,PowerCell
TRX-13112,2025/04/19,Nanda Pratama,Bendung,fashion,Smartwatch,1029907,0,0.0,Kartu Kredit,pending,GadgetMart
TRX-13113,2025/08/25,mega putri,Yog,Olahragas,Vacuum Cleaner,8733565,100,873356500.0,E-Wallet,delivered,HomeEssence
TRX-13114,2025/03/15,NANDA PRATAMA,Jak,kecantikan,Lipstik Wardah,5035248,5,25176240.0,E-Wallet,Canceled,HomeEssence
TRX-13115,2025-07-26,siti aminah,Jak,Fashions,Smartwatch,2352743,3,7058229.0,Card,Delivered,BeautyHub
TRX-13116,2025/05/19,mega putri,Ban,Kecantikan,Laptop Asus,5760912,10,57609120.0,E-Wallet,Canceled,BeautyHub
TRX-13117,2025-05-27,NANDA PRATAMA,Jak,fashion,Laptop Asus,2000408,3,6001224.0,E-Wallet,Returned,BeautyHub
TRX-13118,23/07/2025,SITI AMINAH,Makassar,Fashions,Vacuum Cleaner,9615565,15,144233475.0,Card,delivered,TechZone
TRX-13119,2025/04/30,andi saputra,Bendung,Fashion,Lipstik Wardah,3539550,1,1774404.571415716,Kartu Kredit,,TrendShop
TRX-13120,2025/03/27,andi saputra,Jakarta,aksesoris,Vacuum Cleaner,2815013,100,281501300.0,COD,delivered,GadgetMart
TRX-13121,30-04-2025,Rudi Hartono,Surebeye,Macanan,Vacuum Cleaner,8474990,15,127124850.0,Kartu Kredit,Returned,HomeEssence
TRX-13122,2025-04-30,Rudi Hartono,denpasar,makanan,Smartwatch,3255677,2,6511354.0,E-Wallet,delivered,TrendShop
TRX-13123,2025-05-19,Dewi Lestari,Jakarta,elektronik,Smartwatch,533075,1,533075.0,Kartu Kredit,delivered,TechZone
TRX-13124,2025/08/06,budi santoso,Sur,Olahragas,Smartwatch,8765978,1,8765978.0,Kartu Kredit,Pending,BeautyHub
TRX-13125,05/04/2025,Rudi Hartono,Medan,Kecantican,Laptop Asus,6796037,3,20388111.0,Kartu Kredit,pending,PowerCell
TRX-13126,2025/06/27,NANDA PRATAMA,makassar,Acsesoris,Headphone JBL,4523214,0,0.0,E-Wallet,pending,SportMax
TRX-13127,14/05/2025,Mega Putri,Bendung,Elektroniks,Smartwatch,9281261,1,9281261.0,Kartu Kredit,Delivered,GadgetMart
TRX-13128,2025-06-13,Budi Santoso,,Fashions,Kaos Polos,8790245,2,17580490.0,Ewallet,Delivered,TrendShop
TRX-13129,12/04/2025,nanda pratama,Sur,Olahraga,Kaos Polos,8616554,2,17233108.0,COD,Pending,GadgetMart
TRX-13130,15-04-2025,Nanda Pratama,Surabaya,Makanan,Headphone JBL,7774578,1,7774578.0,Kartu Kredit,pending,PowerCell
TRX-13131,2025-05-19,andi saputra,Surabaya,Makanan,Smartwatch,6460575,2,12921150.0,Ewallet,,HomeEssence
TRX-13132,2025/08/01,NANDA PRATAMA,Yog,olahraga,Headphone JBL,7672520,1,7672520.0,Ewallet,Canceled,GadgetMart
TRX-13133,25/07/2025,mega putri,Yog,Rumah Tangga,Lipstik Wardah,2429897,0,0.0,Ewallet,Pending,GadgetMart
TRX-13134,20/08/2025,ANDI SAPUTRA,jakarta,Elektroniks,Laptop Asus,8102377,3,24307131.0,Kartu Kredit,Canceled,TrendShop
TRX-13135,2025-06-27,mega putri,Yog,Rumah Tangga,Lipstik Wardah,1610121,10,16101210.0,Transfer,delivered,BeautyHub
TRX-13136,2025/08/03,Rudi Hartono,bandung,Rumah Tangga,Smartwatch,3149072,1,3149072.0,E-Wallet,Returned,TechZone
TRX-13137,2025/08/18,siti aminah,Makassar,Electronic,Powerbank 10K,8399092,1,8399092.0,Card,Delivered,TrendShop
TRX-13138,23-07-2025,Mega Putri,,olahraga,Laptop Asus,5250551,3,15751653.0,Kartu Kredit,Canceled,PowerCell
TRX-13139,2025-05-24,Rudi Hartono,Medan,Acsesoris,Lipstik Wardah,4602636,15,69039540.0,Transfer,Pending,HomeEssence
TRX-13140,22-07-2025,Rudi Hartono,Jakarta,Fashion,Laptop Asus,9979729,100,1473399399.4264467,E-Wallet,Delivered,TechZone
TRX-13141,2025/06/16,Siti Aminah,jakarta,Rumah Tangga,Vacuum Cleaner,5129111,100,512911100.0,COD,Delivered,PowerCell
TRX-13142,2025-04-26,ANDI SAPUTRA,Bandung,Kecantican,Lipstik Wardah,5663904,5,28319520.0,,delivered,PowerCell
TRX-13143,05-08-2025,NANDA PRATAMA,,olahraga,Lipstik Wardah,1947459,1,1947459.0,E-Wallet,pending,HomeEssence
TRX-13144,2025/03/07,RUDI HARTONO,Denpasar,Kecantikan,Powerbank 10K,1265442,3,3796326.0,Card,Pending,SportMax
TRX-13145,12/06/2025,mega putri,denpasar,Olahraga,Kaos Polos,2630309,1,2630309.0,COD,Canceled,PowerCell
TRX-13146,30-04-2025,MEGA PUTRI,Denpasar,Kecantican,Headphone JBL,7099985,1,7099985.0,Ewallet,Delivered,BeautyHub
TRX-13147,31-03-2025,ahmad fauzi,Surebeye,Makanan,Sepatu Nike,4297328,0,0.0,E-Wallet,delivered,BeautyHub
TRX-13148,2025/07/06,BUDI SANTOSO,Den,Rumah Tangga,Powerbank 10K,6176463,2,12352926.0,E-Wallet,Returned,HomeEssence
TRX-13149,2025/06/15,Andi Saputra,Surabaya,Makanans,Sepatu Nike,533791,1,533791.0,E-Wallet,delivered,HomeEssence
TRX-13150,20/05/2025,ahmad fauzi,Makassar,Aksesoris,Powerbank 10K,2208714,100,220871400.0,Kartu Kredit,Returned,SportMax
TRX-13151,2025/07/12,dewi lestari,Denpeser,Rumah Tanggas,Smartwatch,9234874,0,0.0,Ewallet,Pending,PowerCell
TRX-13152,2025/05/12,Budi Santoso,Bendung,Fashion,Laptop Asus,4275872,5,21379360.0,Kartu Kredit,delivered,TechZone
TRX-13153,2025-04-23,Nanda Pratama,Yog,Acsesoris,Sepatu Nike,9394885,2,18789770.0,E-Wallet,delivered,SportMax
TRX-13154,2025/04/28,mega putri,Surabaya,Makanans,Powerbank 10K,7104499,1,7104499.0,,Canceled,SportMax
TRX-13155,27-04-2025,Nanda Pratama,Ban,kecantikan,Sepatu Nike,3068967,5,15344835.0,COD,,GadgetMart
TRX-13156,26-04-2025,DEWI LESTARI,Yogyakarta,Macanan,Kaos Polos,9971625,1,9971625.0,COD,,TrendShop
TRX-13157,24-04-2025,mega putri,Bandung,Kecantican,Kaos Polos,1443196,0,0.0,COD,Canceled,TechZone
TRX-13158,21-03-2025,Andi Saputra,Sur,Kecantican,Laptop Asus,697122,2,1394244.0,E-Wallet,Canceled,BeautyHub
TRX-13159,2025/04/21,ahmad fauzi,denpasar,Elektroniks,Laptop Asus,1927329,1,1927329.0,Card,Returned,HomeEssence
TRX-13160,06-05-2025,MEGA PUTRI,Jak,Aksesoris,Lipstik Wardah,9159500,0,0.0,Card,delivered,TechZone
TRX-13161,2025-04-13,MEGA PUTRI,Jak,Fashion,Smartwatch,4009015,2,11311176.767622417,Card,Returned,BeautyHub
TRX-13162,2025/05/07,Siti Aminah,Yogyekerte,olahraga,Laptop Asus,3455851,2,6911702.0,Kartu Kredit,Delivered,SportMax
TRX-13163,24/06/2025,BUDI SANTOSO,Yogyekerte,Electronic,Headphone JBL,1886082,2,3772164.0,Transfer,Canceled,PowerCell
TRX-13164,04/03/2025,Budi Santoso,Jak,aksesoris,Powerbank 10K,4508434,100,408417788.1406066,Transfer,Delivered,BeautyHub
TRX-13165,22/08/2025,RUDI HARTONO,Bendung,Fashions,Headphone JBL,5007161,10,50071610.0,Transfer,pending,HomeEssence
TRX-13166,23/03/2025,NANDA PRATAMA,Bandung,olahraga,Lipstik Wardah,4637281,0,0.0,Kartu Kredit,,TechZone
TRX-13167,04-04-2025,nanda pratama,medan,Rumah Tangga,Powerbank 10K,8815940,100,881594000.0,Ewallet,Pending,PowerCell
TRX-13168,2025-04-28,siti aminah,Bendung,Macanan,Smartwatch,9564626,1,9564626.0,Card,,PowerCell
TRX-13169,2025/04/06,andi saputra,medan,aksesoris,Smartwatch,6216994,15,93254910.0,Kartu Kredit,Returned,TrendShop
TRX-13170,08-08-2025,AHMAD FAUZI,Jekerte,Macanan,Lipstik Wardah,128947,100,12894700.0,COD,Canceled,GadgetMart
TRX-13171,29-05-2025,budi santoso,Surebeye,aksesoris,Sepatu Nike,4019411,0,0.0,E-Wallet,Canceled,SportMax
TRX-13172,14-03-2025,mega putri,yogyakarta,Fashion,Headphone JBL,1018410,0,0.0,Card,Returned,SportMax
TRX-13173,2025-07-28,mega putri,Denpeser,Makanans,Kaos Polos,3986642,5,19933210.0,Transfer,pending,BeautyHub
TRX-13174,24/05/2025,SITI AMINAH,denpasar,fashion,Lipstik Wardah,9133542,1,9133542.0,Kartu Kredit,Pending,TrendShop
TRX-13175,2025-03-21,rudi hartono,bandung,Macanan,Headphone JBL,6676532,2,13353064.0,Card,pending,TechZone
TRX-13176,26/03/2025,mega putri,,makanan,Headphone JBL,7002057,1,7002057.0,E-Wallet,Canceled,BeautyHub
TRX-13177,07-04-2025,AHMAD FAUZI,Denpeser,Rumah Tanggas,Sepatu Nike,4976730,15,74650950.0,Kartu Kredit,delivered,GadgetMart
TRX-13178,2025-03-29,andi saputra,Surabaya,aksesoris,Vacuum Cleaner,7178822,1,7178822.0,Kartu Kredit,pending,GadgetMart
TRX-13179,2025/04/30,DEWI LESTARI,surabaya,makanan,Powerbank 10K,799045,1,799045.0,E-Wallet,Returned,TechZone
TRX-13180,2025/08/21,mega putri,Ban,Acsesoris,Powerbank 10K,7786085,0,0.0,Transfer,pending,BeautyHub
TRX-13181,01-07-2025,nanda pratama,Medan,Acsesoris,Powerbank 10K,4808669,0,0.0,Card,delivered,TechZone
TRX-13182,2025/05/16,andi saputra,Med,Rumah Tangga,Laptop Asus,5584693,0,0.0,Ewallet,Canceled,TechZone
TRX-13183,2025-07-18,Dewi Lestari,,Rumah Tanggas,Vacuum Cleaner,4237442,3,12712326.0,COD,Pending,SportMax
TRX-13184,14-08-2025,andi saputra,bandung,Fashion,Headphone JBL,9119984,0,0.0,Card,delivered,BeautyHub
TRX-13185,2025-03-29,Nanda Pratama,Jak,fashion,Kaos Polos,1006740,3,3020220.0,E-Wallet,Returned,SportMax
TRX-13186,2025/08/06,mega putri,Makassar,kecantikan,Smartwatch,2260846,15,23067083.714150842,Ewallet,delivered,GadgetMart
TRX-13187,2025-06-20,budi santoso,,olahraga,Headphone JBL,4660764,1,4660764.0,Transfer,pending,GadgetMart
TRX-13188,16-07-2025,Ahmad Fauzi,Bandung,,Headphone JBL,4545433,15,68181495.0,COD,Pending,TechZone
TRX-13189,16-05-2025,nanda pratama,surabaya,Aksesoriss,Kaos Polos,6179026,1,6179026.0,Kartu Kredit,Pending,SportMax
TRX-13190,21/04/2025,andi saputra,Bandung,olahraga,Smartwatch,6607601,0,0.0,Transfer,Pending,GadgetMart
TRX-13191,03-08-2025,mega putri,Medan,fashion,Laptop Asus,1033638,0,0.0,Kartu Kredit,Canceled,PowerCell
TRX-13192,2025-05-08,Mega Putri,Surebeye,Kecantican,Sepatu Nike,3481543,1,3481543.0,Kartu Kredit,Pending,TechZone
TRX-13193,30/04/2025,MEGA PUTRI,Medan,Fashions,Sepatu Nike,8535356,5,42676780.0,Transfer,Canceled,HomeEssence
TRX-13194,30-03-2025,Nanda Pratama,Medan,Kecantikans,Kaos Polos,9397003,1,9397003.0,COD,Delivered,HomeEssence
TRX-13195,2025-06-04,mega putri,denpasar,aksesoris,Laptop Asus,965767,2,1931534.0,,delivered,SportMax
TRX-13196,07/03/2025,Rudi Hartono,Yog,Kecantican,Sepatu Nike,8264491,10,82644910.0,Kartu Kredit,Canceled,GadgetMart
TRX-13197,2025-08-27,NANDA PRATAMA,,Fashion,Laptop Asus,75074260,2,5791300.7286141915,Kartu Kredit,pending,PowerCell
TRX-13198,08-08-2025,AHMAD FAUZI,,,Headphone JBL,3815444,3,11446332.0,Transfer,Canceled,TechZone
TRX-13199,2025-06-30,AHMAD FAUZI,Surabaya,Acsesoris,Kaos Polos,4629097,0,0.0,E-Wallet,Returned,SportMax
TRX-13200,2025/03/04,Rudi Hartono,medan,aksesoris,Headphone JBL,4005199,100,400519900.0,Card,Canceled,HomeEssence
TRX-13201,2025/08/08,rudi hartono,Yogyakarta,Electronic,Kaos Polos,3318896,10,33188960.0,E-Wallet,Pending,GadgetMart
TRX-13202,20-03-2025,ANDI SAPUTRA,yogyakarta,Elektroniks,Headphone JBL,7406943,2,14813886.0,Card,Canceled,GadgetMart
TRX-13203,2025-08-20,Budi Santoso,surabaya,olahraga,Laptop Asus,2904135,100,290413500.0,Card,delivered,HomeEssence
TRX-13204,26-05-2025,budi santoso,Yog,Makanan,Smartwatch,171937,1,171937.0,Kartu Kredit,Canceled,TechZone
TRX-13205,2025/04/11,budi santoso,yogyakarta,rumah tangga,Headphone JBL,4043611,0,0.0,Transfer,Delivered,HomeEssence
TRX-13206,2025/05/12,AHMAD FAUZI,Jekerte,olahraga,Laptop Asus,7327186,1,7327186.0,Transfer,Returned,BeautyHub
TRX-13207,15/07/2025,mega putri,Yogyekerte,Electronic,Lipstik Wardah,6659001,1,5662718.042240511,Card,pending,PowerCell
TRX-13208,2025/03/16,SITI AMINAH,surabaya,Acsesoris,Smartwatch,8866087,1,8843593.554197887,Kartu Kredit,Canceled,TechZone
TRX-13209,2025/05/17,Mega Putri,Denpasar,Macanan,Vacuum Cleaner,1410764,1,1410764.0,Card,Pending,GadgetMart
TRX-13210,2025-07-30,siti aminah,jakarta,Aksesoriss,Kaos Polos,9564440,1,9564440.0,Kartu Kredit,,SportMax
TRX-13211,2025-06-20,Budi Santoso,makassar,Makanan,Kaos Polos,5840740,1,5840740.0,Ewallet,Delivered,SportMax
TRX-13212,2025-05-28,Nanda Pratama,jakarta,Fashions,Vacuum Cleaner,8322686,3,24968058.0,Ewallet,Delivered,PowerCell
TRX-13213,08-08-2025,nanda pratama,Denpeser,Aksesoris,Kaos Polos,2622703,2,5245406.0,Ewallet,,TrendShop
TRX-13214,14-08-2025,Siti Aminah,Jak,Makanans,Lipstik Wardah,1912015,1,1912015.0,Kartu Kredit,Returned,TrendShop
TRX-13215,2025/05/11,ahmad fauzi,Yogyakarta,olahraga,Powerbank 10K,9971321,2,27228101.85662666,Transfer,Pending,PowerCell
TRX-13216,09-03-2025,RUDI HARTONO,Denpeser,Acsesoris,Powerbank 10K,2055464,0,0.0,Transfer,Returned,PowerCell
TRX-13217,2025-03-02,mega putri,Yog,Aksesoriss,Smartwatch,9720930,1,9720930.0,Ewallet,Delivered,BeautyHub
TRX-13218,09/05/2025,budi santoso,Yogyekerte,Kecantikans,Lipstik Wardah,8375648,15,125634720.0,Ewallet,Pending,PowerCell
TRX-13219,2025/06/02,Dewi Lestari,makassar,Kecantikans,Smartwatch,9420707,1,9420707.0,COD,Canceled,TrendShop
TRX-13220,2025-05-26,BUDI SANTOSO,Bandung,Rumah Tanggas,Lipstik Wardah,1600642,1,1600642.0,Ewallet,Delivered,TrendShop
TRX-13221,01-08-2025,Nanda Pratama,Makassar,Olahragas,Laptop Asus,50898060,1,2544903.0,COD,pending,TechZone
TRX-13222,08/03/2025,Budi Santoso,Denpeser,olahraga,Headphone JBL,7276078,2,14552156.0,Kartu Kredit,delivered,TrendShop
TRX-13223,29-06-2025,Ahmad Fauzi,Ban,,Powerbank 10K,4912944,1,4912944.0,COD,Delivered,TrendShop
TRX-13224,2025/05/25,nanda pratama,Medan,elektronik,Powerbank 10K,8683305,10,86833050.0,Card,delivered,TrendShop
TRX-13225,2025/06/18,Ahmad Fauzi,medan,olahraga,Powerbank 10K,8402804,5,42014020.0,COD,Delivered,GadgetMart
TRX-13226,02-04-2025,mega putri,jakarta,Olahraga,Smartwatch,1360646,10,13606460.0,Card,pending,TechZone
TRX-13227,2025/05/11,ahmad fauzi,Yogyekerte,Rumah Tanggas,Kaos Polos,2064751,15,30971265.0,,Delivered,TrendShop
TRX-13228,2025/08/13,rudi hartono,Yog,Fashion,Laptop Asus,1380657,1,1380657.0,Card,Delivered,TechZone
TRX-13229,2025/06/24,nanda pratama,jakarta,makanan,Headphone JBL,5302279,0,0.0,Ewallet,Delivered,HomeEssence
TRX-13230,10/03/2025,MEGA PUTRI,Yog,Macanan,Vacuum Cleaner,5050783,1,5050783.0,Ewallet,,TrendShop
TRX-13231,31/05/2025,budi santoso,Mekesser,Aksesoriss,Headphone JBL,6672266,1,6672266.0,Ewallet,Canceled,PowerCell
TRX-13232,2025-06-05,MEGA PUTRI,Den,Fashion,Lipstik Wardah,103010,2,206020.0,Transfer,pending,TechZone
TRX-13233,2025-03-22,Dewi Lestari,Denpeser,Aksesoriss,Lipstik Wardah,5566552,15,83498280.0,E-Wallet,Canceled,SportMax
TRX-13234,27/03/2025,Budi Santoso,Jakarta,Olahragas,Kaos Polos,4124411,15,61866165.0,COD,pending,BeautyHub
TRX-13235,14/04/2025,ahmad fauzi,surabaya,Olahraga,Kaos Polos,953057,0,0.0,E-Wallet,pending,GadgetMart
TRX-13236,2025-03-01,rudi hartono,Med,Makanan,Kaos Polos,2669909,15,40048635.0,Kartu Kredit,Canceled,SportMax
TRX-13237,05/03/2025,Mega Putri,Sur,Kecantican,Vacuum Cleaner,9741578,1,9741578.0,Transfer,Pending,TechZone
TRX-13238,24/08/2025,AHMAD FAUZI,Surebeye,olahraga,Powerbank 10K,1638049,0,0.0,Ewallet,Canceled,TechZone
TRX-13239,22-05-2025,budi santoso,Ban,Fashion,Vacuum Cleaner,7964933,10,79649330.0,Transfer,delivered,PowerCell
TRX-13240,2025/07/09,NANDA PRATAMA,Jakarta,Makanan,Laptop Asus,3681097,15,55216455.0,Ewallet,Delivered,TechZone
TRX-13241,08-05-2025,Ahmad Fauzi,medan,kecantikan,Kaos Polos,267767,1,267767.0,Card,Delivered,HomeEssence
TRX-13242,21/05/2025,Andi Saputra,Ban,Rumah Tangga,Smartwatch,5932545,2,11865090.0,Transfer,Returned,BeautyHub
TRX-13243,2025-06-03,ahmad fauzi,Surabaya,Olahraga,Lipstik Wardah,7313776,1,7313776.0,COD,pending,TrendShop
TRX-13244,03-07-2025,mega putri,Yogyakarta,Fashion,Kaos Polos,9864968,5,49324840.0,Kartu Kredit,pending,SportMax
TRX-13245,2025/03/16,budi santoso,Yogyakarta,Rumah Tangga,Smartwatch,8805198,3,26415594.0,Ewallet,Delivered,HomeEssence
TRX-13246,2025/08/16,SITI AMINAH,Den,olahraga,Powerbank 10K,1212886,2,2631711.146265004,Transfer,pending,HomeEssence
TRX-13247,2025-05-02,Dewi Lestari,Mak,Olahraga,Lipstik Wardah,6451391,15,96770865.0,Transfer,Delivered,TrendShop
TRX-13248,2025/08/07,MEGA PUTRI,makassar,Olahraga,Lipstik Wardah,20162020,1,1008101.0,Kartu Kredit,Canceled,TrendShop
TRX-13249,2025-03-29,Budi Santoso,,Elektroniks,Lipstik Wardah,1010655,0,0.0,COD,Delivered,BeautyHub
TRX-13250,2025/05/03,dewi lestari,Mekesser,Macanan,Lipstik Wardah,3029674,15,45445110.0,Card,delivered,TrendShop
TRX-13251,13-03-2025,SITI AMINAH,jakarta,Rumah Tanggas,Smartwatch,7172759,10,71727590.0,E-Wallet,delivered,TechZone
TRX-13252,05-03-2025,dewi lestari,Yogyakarta,kecantikan,Powerbank 10K,4283384,1,4283384.0,Ewallet,pending,TechZone
TRX-13253,2025-04-02,Budi Santoso,Jak,fashion,Kaos Polos,7419080,3,22257240.0,Ewallet,Pending,TrendShop
TRX-13254,2025/04/19,SITI AMINAH,Surabaya,rumah tangga,Powerbank 10K,7706887,15,115603305.0,Card,Canceled,GadgetMart
TRX-13255,25/08/2025,mega putri,Denpasar,rumah tangga,Powerbank 10K,2923382,1,1869320.2489346592,COD,Canceled,TrendShop
TRX-13256,20/08/2025,mega putri,Denpasar,Aksesoriss,Smartwatch,7178080,10,71780800.0,E-Wallet,Pending,BeautyHub
TRX-13257,15/04/2025,NANDA PRATAMA,Yogyekerte,Rumah Tanggas,Smartwatch,8364052,1,8364052.0,Ewallet,pending,SportMax
TRX-13258,23-03-2025,Nanda Pratama,Jakarta,Macanan,Powerbank 10K,796470,1,796470.0,Card,Delivered,TechZone
TRX-13259,29/07/2025,RUDI HARTONO,Jak,Aksesoris,Headphone JBL,1968517,100,196851700.0,Ewallet,pending,SportMax
TRX-13260,16-05-2025,siti aminah,Denpeser,aksesoris,Sepatu Nike,2880095,15,43201425.0,Kartu Kredit,Canceled,PowerCell
TRX-13261,2025-06-06,MEGA PUTRI,denpasar,olahraga,Smartwatch,1361414,2,2722828.0,Kartu Kredit,pending,SportMax
TRX-13262,30/04/2025,AHMAD FAUZI,bandung,Olahraga,Powerbank 10K,8895909,0,0.0,,delivered,TrendShop
TRX-13263,26-06-2025,RUDI HARTONO,yogyakarta,,Vacuum Cleaner,4067763,0,0.0,Kartu Kredit,pending,TechZone
TRX-13264,2025/08/27,SITI AMINAH,Ban,,Kaos Polos,8485969,10,84859690.0,Ewallet,Canceled,BeautyHub
TRX-13265,25/08/2025,Budi Santoso,Yogyekerte,rumah tangga,Kaos Polos,6413395,2,12826790.0,E-Wallet,Pending,PowerCell
TRX-13266,03-06-2025,andi saputra,Jekerte,Aksesoris,Smartwatch,1894348,15,28415220.0,Transfer,pending,BeautyHub
TRX-13267,2025/07/01,DEWI LESTARI,Mekesser,Fashion,Smartwatch,9847885,5,49239425.0,Kartu Kredit,pending,GadgetMart
TRX-13268,08/05/2025,Budi Santoso,Makassar,Acsesoris,Sepatu Nike,9231252,0,0.0,E-Wallet,delivered,PowerCell
TRX-13269,2025/03/30,DEWI LESTARI,bandung,Kecantican,Sepatu Nike,8831384,3,26494152.0,COD,pending,TechZone
TRX-13270,2025/05/28,budi santoso,Surabaya,Olahragas,Laptop Asus,891618,2,1783236.0,E-Wallet,Delivered,HomeEssence
TRX-13271,2025-05-05,ANDI SAPUTRA,Meden,Kecantican,Kaos Polos,95582480,10,47791240.0,Kartu Kredit,Pending,GadgetMart
TRX-13272,2025/08/18,andi saputra,Yogyakarta,Kecantikan,Smartwatch,8438817,10,84388170.0,COD,Pending,TrendShop
TRX-13273,2025/08/11,siti aminah,Denpeser,Aksesoriss,Headphone JBL,2953561,0,0.0,,pending,TrendShop
TRX-13274,04/08/2025,Budi Santoso,Makassar,Makanan,Laptop Asus,5523024,5,27615120.0,E-Wallet,pending,GadgetMart
TRX-13275,2025/07/09,Siti Aminah,jakarta,Macanan,Vacuum Cleaner,2504082,5,12520410.0,Kartu Kredit,Pending,TechZone
TRX-13276,2025-08-10,DEWI LESTARI,denpasar,Fashion,Headphone JBL,3647326,10,36473260.0,Ewallet,Returned,TrendShop
TRX-13277,01/06/2025,andi saputra,Yog,Acsesoris,Headphone JBL,4907162,0,0.0,Ewallet,Delivered,BeautyHub
TRX-13278,2025-04-29,RUDI HARTONO,Med,Olahraga,Kaos Polos,6714677,10,67146770.0,Transfer,Pending,TechZone
TRX-13279,04/08/2025,Dewi Lestari,Yog,Elektronik,Smartwatch,8832153,15,134839929.76022655,Kartu Kredit,,GadgetMart
TRX-13280,25-07-2025,NANDA PRATAMA,denpasar,Fashion,Lipstik Wardah,1614458,0,0.0,,Returned,SportMax
TRX-13281,2025-08-16,RUDI HARTONO,Bandung,kecantikan,Lipstik Wardah,4292154,1,4292154.0,E-Wallet,,HomeEssence
TRX-13282,17/06/2025,dewi lestari,Bandung,Elektroniks,Sepatu Nike,8786857,1,4788700.634316057,Transfer,Canceled,SportMax
TRX-13283,23-05-2025,Andi Saputra,Jak,elektronik,Kaos Polos,1460124,0,0.0,E-Wallet,Canceled,HomeEssence
TRX-13284,05-03-2025,Dewi Lestari,Jekerte,aksesoris,Powerbank 10K,3444020,5,17220100.0,Ewallet,Canceled,GadgetMart
TRX-13285,14-03-2025,SITI AMINAH,Jekerte,Makanan,Smartwatch,9867539,5,49337695.0,Kartu Kredit,Returned,GadgetMart
TRX-13286,22-05-2025,nanda pratama,Denpasar,,Smartwatch,1398483,1,1398483.0,COD,Pending,BeautyHub
TRX-13287,2025-06-03,RUDI HARTONO,medan,Electronic,Smartwatch,4092974,15,61394610.0,E-Wallet,Canceled,TechZone
TRX-13288,2025/04/22,ahmad fauzi,Yogyekerte,Olahraga,Smartwatch,9179773,3,27539319.0,COD,Canceled,TechZone
TRX-13289,2025-05-13,NANDA PRATAMA,Yogyekerte,Acsesoris,Headphone JBL,8914367,2,17828734.0,Card,Delivered,PowerCell
TRX-13290,23-03-2025,AHMAD FAUZI,surabaya,Olahraga,Sepatu Nike,2623338,3,7870014.0,,pending,TrendShop
TRX-13291,2025-06-17,ahmad fauzi,Den,olahraga,Laptop Asus,4985500,1,4985500.0,Kartu Kredit,Delivered,HomeEssence
TRX-13292,2025/04/19,Dewi Lestari,medan,Olahraga,Vacuum Cleaner,4913099,1,4913099.0,Transfer,Pending,TechZone
TRX-13293,01-03-2025,budi santoso,Bendung,Olahraga,Powerbank 10K,6246519,3,26147812.445589148,E-Wallet,pending,HomeEssence
TRX-13294,2025/06/20,Ahmad Fauzi,Yog,Kecantican,Headphone JBL,3086124,1,3086124.0,Ewallet,pending,BeautyHub
TRX-13295,09-04-2025,nanda pratama,yogyakarta,rumah tangga,Kaos Polos,477557,5,2387785.0,Transfer,pending,TechZone
TRX-13296,14-05-2025,SITI AMINAH,Yogyakarta,,Lipstik Wardah,2215456,5,11077280.0,Transfer,Delivered,SportMax
TRX-13297,26/08/2025,dewi lestari,Jekerte,Kecantikans,Headphone JBL,7817227,10,78172270.0,E-Wallet,Delivered,TechZone
TRX-13298,2025/05/25,mega putri,Medan,Olahragas,Lipstik Wardah,2202259,10,22022590.0,COD,Returned,TrendShop
TRX-13299,2025/07/15,dewi lestari,Jak,Olahragas,Smartwatch,6691497,1,8733771.270753166,Transfer,delivered,GadgetMart
TRX-13300,19-05-2025,Andi Saputra,bandung,Kecantikans,Headphone JBL,4505237,2,9010474.0,Card,Canceled,TrendShop
TRX-13301,2025-05-29,Nanda Pratama,Ban,Aksesoriss,Vacuum Cleaner,7010698,1,7010698.0,Ewallet,delivered,SportMax
TRX-13302,28-03-2025,DEWI LESTARI,Denpasar,aksesoris,Headphone JBL,7391127,10,73911270.0,COD,delivered,TechZone
TRX-13303,20-06-2025,NANDA PRATAMA,makassar,Kecantikans,Powerbank 10K,2869127,100,286912700.0,Transfer,Canceled,SportMax
TRX-13304,2025-06-28,BUDI SANTOSO,Bandung,Elektroniks,Lipstik Wardah,6300674,1,6300674.0,COD,Delivered,SportMax
TRX-13305,2025/08/16,AHMAD FAUZI,Med,,Powerbank 10K,8701964,1,8701964.0,Ewallet,Delivered,SportMax
TRX-13306,11-04-2025,Andi Saputra,Ban,Fashions,Lipstik Wardah,9565968,1,9565968.0,COD,Canceled,GadgetMart
TRX-13307,15-05-2025,Dewi Lestari,Den,Fashions,Powerbank 10K,2702808,1,2702808.0,Card,pending,TrendShop
TRX-13308,07/04/2025,Budi Santoso,Den,Kecantikan,Kaos Polos,4827376,100,482737600.0,Transfer,pending,TrendShop
TRX-13309,2025-04-30,Mega Putri,Medan,Fashions,Laptop Asus,7416829,3,11860590.506166048,COD,Pending,TechZone
TRX-13310,2025/05/28,Dewi Lestari,Yogyekerte,Aksesoriss,Laptop Asus,4806497,3,14419491.0,E-Wallet,Pending,BeautyHub
TRX-13311,2025/05/21,siti aminah,Denpeser,Elektronik,Vacuum Cleaner,4898243,10,48982430.0,Card,Canceled,HomeEssence
TRX-13312,2025/03/13,DEWI LESTARI,Bendung,Aksesoris,Lipstik Wardah,3967430,15,59511450.0,E-Wallet,Canceled,TrendShop
TRX-13313,17-03-2025,AHMAD FAUZI,Bendung,olahraga,Sepatu Nike,2155777,3,3922218.850560886,Ewallet,delivered,SportMax
TRX-13314,2025/04/24,Andi Saputra,denpasar,fashion,Sepatu Nike,2440514,15,36607710.0,Ewallet,Pending,SportMax
TRX-13315,2025/03/13,ANDI SAPUTRA,Ban,rumah tangga,Headphone JBL,1221758,5,6108790.0,Kartu Kredit,Canceled,TechZone
TRX-13316,01-05-2025,BUDI SANTOSO,Yogyekerte,aksesoris,Sepatu Nike,5326085,3,15978255.0,E-Wallet,Pending,PowerCell
TRX-13317,04/05/2025,DEWI LESTARI,Yogyekerte,Makanans,Smartwatch,7235180,2,14470360.0,E-Wallet,delivered,GadgetMart
TRX-13318,2025/08/10,Rudi Hartono,Surebeye,Kecantikan,Headphone JBL,9949510,100,994951000.0,Kartu Kredit,delivered,BeautyHub
TRX-13319,09/06/2025,mega putri,Mekesser,Fashions,Sepatu Nike,1330280,10,13302800.0,COD,Returned,GadgetMart
TRX-13320,07/03/2025,AHMAD FAUZI,Den,Rumah Tanggas,Headphone JBL,4065789,5,20328945.0,COD,,TechZone
TRX-13321,2025/04/15,andi saputra,Ban,Kecantican,Laptop Asus,1329372,2,2658744.0,Transfer,,SportMax
TRX-13322,01-03-2025,ANDI SAPUTRA,denpasar,Fashion,Smartwatch,5817034,1,6187382.815363006,Kartu Kredit,Pending,PowerCell
TRX-13323,2025-07-03,nanda pratama,Bandung,Rumah Tanggas,Headphone JBL,2499851,0,0.0,E-Wallet,Delivered,HomeEssence
TRX-13324,04/03/2025,Dewi Lestari,Yog,kecantikan,Smartwatch,8720441,1,8720441.0,E-Wallet,Pending,HomeEssence
TRX-13325,30/05/2025,Mega Putri,Denpeser,Olahraga,Vacuum Cleaner,2492547,15,37388205.0,,Canceled,BeautyHub
TRX-13326,2025/03/28,ahmad fauzi,Yogyakarta,Fashions,Laptop Asus,1571093,5,7855465.0,Kartu Kredit,pending,SportMax
TRX-13327,2025/04/26,siti aminah,Yogyakarta,olahraga,Powerbank 10K,7586381,0,0.0,Card,Canceled,TechZone
TRX-13328,22/07/2025,RUDI HARTONO,,aksesoris,Smartwatch,8461159,2,16922318.0,Kartu Kredit,Returned,SportMax
TRX-13329,2025/08/16,ANDI SAPUTRA,Surabaya,Kecantikans,Sepatu Nike,8407038,2,16814076.0,Transfer,Delivered,TrendShop
TRX-13330,09-06-2025,RUDI HARTONO,Jakarta,Electronic,Headphone JBL,3099307,1,3099307.0,Card,Pending,BeautyHub
TRX-13331,13/04/2025,andi saputra,Den,Rumah Tangga,Sepatu Nike,2851818,1,2851818.0,Ewallet,pending,TrendShop
TRX-13332,01-08-2025,mega putri,Med,fashion,Laptop Asus,1913032,5,9565160.0,E-Wallet,Pending,SportMax
TRX-13333,23/06/2025,Nanda Pratama,,Rumah Tanggas,Laptop Asus,7920267,1,7920267.0,Card,delivered,TrendShop
TRX-13334,2025-04-25,Ahmad Fauzi,Jakarta,Fashions,Headphone JBL,1428148,1,1428148.0,COD,Delivered,PowerCell
TRX-13335,05/06/2025,DEWI LESTARI,Mekesser,Olahragas,Sepatu Nike,4112118,1,4112118.0,Kartu Kredit,Delivered,PowerCell
TRX-13336,2025/07/23,Nanda Pratama,Jakarta,kecantikan,Headphone JBL,8312369,5,41561845.0,Ewallet,Pending,TechZone
TRX-13337,10-05-2025,Rudi Hartono,Yog,Elektroniks,Laptop Asus,4417209,3,13251627.0,Kartu Kredit,,SportMax
TRX-13338,02/06/2025,Budi Santoso,Mekesser,Fashion,Kaos Polos,2739290,15,41089350.0,Ewallet,Canceled,TechZone
TRX-13339,07/05/2025,NANDA PRATAMA,Surabaya,olahraga,Vacuum Cleaner,5661544,1,5661544.0,Transfer,Delivered,BeautyHub
TRX-13340,2025-06-22,Nanda Pratama,Bandung,Olahragas,Kaos Polos,4842030,1,4842030.0,Transfer,delivered,BeautyHub
TRX-13341,2025/08/13,Ahmad Fauzi,Ban,Olahragas,Headphone JBL,3841860,0,0.0,COD,Delivered,SportMax
TRX-13342,2025/07/09,nanda pratama,Jekerte,Kecantikans,Headphone JBL,1039924,3,3119772.0,,Delivered,SportMax
TRX-13343,2025-05-01,Mega Putri,,Elektroniks,Sepatu Nike,1153248,15,25165202.463482536,Card,Canceled,TechZone
TRX-13344,01/05/2025,Andi Saputra,Meden,Macanan,Smartwatch,9468530,100,946853000.0,Card,delivered,PowerCell
TRX-13345,2025-03-13,AHMAD FAUZI,Denpasar,Kecantican,Headphone JBL,3633650,1,3633650.0,Kartu Kredit,Pending,TrendShop
TRX-13346,19-06-2025,MEGA PUTRI,Surebeye,Fashions,Powerbank 10K,5460687,1,5460687.0,E-Wallet,Delivered,BeautyHub
TRX-13347,2025-07-22,DEWI LESTARI,Bandung,kecantikan,Lipstik Wardah,8954337,5,44771685.0,E-Wallet,Delivered,HomeEssence
TRX-13348,2025/04/14,Mega Putri,Jekerte,Macanan,Laptop Asus,8301043,15,124515645.0,Ewallet,Pending,SportMax
TRX-13349,2025/04/11,budi santoso,Denpeser,Macanan,Headphone JBL,404182,10,4041820.0,Card,delivered,HomeEssence
TRX-13350,12-08-2025,AHMAD FAUZI,Surebeye,Kecantikan,Kaos Polos,2966585,5,16993035.14625869,Kartu Kredit,Returned,HomeEssence
TRX-13351,16/05/2025,mega putri,Jekerte,olahraga,Smartwatch,5597239,15,83958585.0,E-Wallet,Pending,GadgetMart
TRX-13352,15-06-2025,Andi Saputra,,olahraga,Kaos Polos,2819785,100,281978500.0,E-Wallet,Canceled,HomeEssence
TRX-13353,03/07/2025,Dewi Lestari,Medan,Kecantikans,Headphone JBL,2714119,15,40711785.0,Kartu Kredit,pending,BeautyHub
TRX-13354,12/07/2025,mega putri,Jekerte,Kecantikans,Powerbank 10K,2147951,100,214795100.0,Card,delivered,TrendShop
TRX-13355,2025-06-22,RUDI HARTONO,yogyakarta,makanan,Sepatu Nike,8977377,1,8977377.0,Transfer,Pending,PowerCell
TRX-13356,05-07-2025,Nanda Pratama,jakarta,aksesoris,Headphone JBL,3825944,5,24494238.42917818,Kartu Kredit,pending,BeautyHub
TRX-13357,2025/06/22,budi santoso,bandung,Rumah Tangga,Powerbank 10K,3247418,5,16237090.0,Kartu Kredit,Returned,TechZone
TRX-13358,2025-04-10,andi saputra,medan,,Laptop Asus,2838647,1,3979425.8620153833,E-Wallet,Delivered,SportMax
TRX-13359,23/07/2025,mega putri,yogyakarta,Fashion,Vacuum Cleaner,1620497,1,1620497.0,Ewallet,,BeautyHub
TRX-13360,20-06-2025,Nanda Pratama,Yogyekerte,Aksesoris,Vacuum Cleaner,1472771,3,4412656.109745488,Kartu Kredit,Delivered,SportMax
TRX-13361,2025/03/04,Rudi Hartono,Denpeser,Elektronik,Lipstik Wardah,8268616,1,8268616.0,Transfer,,SportMax
TRX-13362,12-07-2025,dewi lestari,Bendung,Olahragas,Kaos Polos,2529129,100,252912900.0,Card,Returned,TrendShop
TRX-13363,17-03-2025,Mega Putri,Denpasar,Kecantikans,Smartwatch,3765799,1,3765799.0,Transfer,pending,PowerCell
TRX-13364,2025/03/31,AHMAD FAUZI,Meden,elektronik,Lipstik Wardah,8511516,3,25534548.0,Card,Returned,PowerCell
TRX-13365,2025-08-10,Dewi Lestari,Med,Fashion,Lipstik Wardah,4253726,1,4253726.0,Card,delivered,BeautyHub
TRX-13366,19-06-2025,siti aminah,Ban,rumah tangga,Kaos Polos,5782452,0,0.0,COD,Pending,HomeEssence
TRX-13367,02/08/2025,Siti Aminah,Surabaya,,Kaos Polos,3749446,1,3749446.0,COD,pending,HomeEssence
TRX-13368,2025-06-24,DEWI LESTARI,Sur,Acsesoris,Vacuum Cleaner,3282940,3,9848820.0,Kartu Kredit,Delivered,PowerCell
TRX-13369,2025/04/04,BUDI SANTOSO,Meden,Makanan,Lipstik Wardah,4823147,5,24115735.0,Ewallet,delivered,SportMax
TRX-13370,03/07/2025,Budi Santoso,Med,Kecantikans,Vacuum Cleaner,9547445,15,143211675.0,Card,Returned,SportMax
TRX-13371,21-07-2025,ahmad fauzi,Yogyekerte,Makanans,Lipstik Wardah,5962084,1,5962084.0,Kartu Kredit,Delivered,BeautyHub
TRX-13372,2025/08/10,Siti Aminah,Mak,aksesoris,Vacuum Cleaner,1490352,1,1490352.0,E-Wallet,Pending,TechZone
TRX-13373,22-05-2025,Ahmad Fauzi,Surebeye,olahraga,Smartwatch,5132070,0,0.0,Kartu Kredit,Canceled,PowerCell
TRX-13374,2025/06/01,Siti Aminah,Jekerte,Electronic,Headphone JBL,6258087,15,93871305.0,Ewallet,Pending,BeautyHub
TRX-13375,31-05-2025,RUDI HARTONO,Mekesser,Acsesoris,Headphone JBL,173182,10,2252069.734155982,COD,Canceled,GadgetMart
TRX-13376,07-04-2025,RUDI HARTONO,jakarta,Fashion,Lipstik Wardah,8522714,1,8522714.0,COD,Delivered,BeautyHub
TRX-13377,15/03/2025,Rudi Hartono,Denpasar,Elektronik,Kaos Polos,214486,0,0.0,Ewallet,Canceled,HomeEssence
TRX-13378,2025-04-18,mega putri,Sur,,Sepatu Nike,3896556,100,389655600.0,,Canceled,PowerCell
TRX-13379,26/05/2025,Mega Putri,Surabaya,kecantikan,Vacuum Cleaner,777468,1,777468.0,E-Wallet,Canceled,GadgetMart
TRX-13380,10/06/2025,Ahmad Fauzi,medan,Rumah Tanggas,Kaos Polos,4922587,3,14767761.0,E-Wallet,Canceled,GadgetMart
TRX-13381,26-07-2025,Mega Putri,yogyakarta,Acsesoris,Vacuum Cleaner,6964128,1,6964128.0,Transfer,Returned,HomeEssence
TRX-13382,06/05/2025,AHMAD FAUZI,Medan,Rumah Tangga,Kaos Polos,7712208,1,7712208.0,Card,Returned,TrendShop
TRX-13383,2025/08/02,MEGA PUTRI,Surebeye,makanan,Laptop Asus,5591543,0,0.0,Card,delivered,PowerCell
TRX-13384,20/07/2025,MEGA PUTRI,Den,Aksesoris,Smartwatch,7011507,2,14023014.0,Kartu Kredit,Pending,GadgetMart
TRX-13385,17-06-2025,Andi Saputra,,Fashions,Kaos Polos,3745611,10,37456110.0,Transfer,pending,SportMax
TRX-13386,2025/05/18,Siti Aminah,Bendung,Fashion,Powerbank 10K,3442389,0,0.0,E-Wallet,pending,TechZone
TRX-13387,2025-03-19,dewi lestari,Yogyekerte,Fashion,Lipstik Wardah,8401870,3,25205610.0,COD,Pending,TechZone
TRX-13388,2025-03-24,mega putri,Meden,fashion,Laptop Asus,1051622,100,105162200.0,E-Wallet,Delivered,BeautyHub
TRX-13389,13/06/2025,Dewi Lestari,yogyakarta,makanan,Sepatu Nike,2516704,0,0.0,Ewallet,Delivered,PowerCell
TRX-13390,2025-08-20,Rudi Hartono,Yogyekerte,Kecantican,Lipstik Wardah,9962813,100,770777426.7389039,COD,Delivered,TrendShop
TRX-13391,2025/04/24,Dewi Lestari,Den,Elektroniks,Lipstik Wardah,6613484,1,6613484.0,Card,delivered,TrendShop
TRX-13392,11/08/2025,SITI AMINAH,Jekerte,elektronik,Lipstik Wardah,3325654,100,332565400.0,,Pending,TechZone
TRX-13393,2025-06-19,andi saputra,Medan,rumah tangga,Laptop Asus,9648821,1,9648821.0,,pending,TrendShop
TRX-13394,03/06/2025,nanda pratama,yogyakarta,Makanans,Sepatu Nike,8095021,100,809502100.0,Kartu Kredit,Returned,TechZone
TRX-13395,24-03-2025,siti aminah,Surebeye,Fashion,Sepatu Nike,362051,5,1810255.0,Transfer,Canceled,GadgetMart
TRX-13396,2025-05-07,siti aminah,Meden,Electronic,Laptop Asus,2841004,2,5682008.0,Ewallet,pending,SportMax
TRX-13397,24/04/2025,Dewi Lestari,Medan,aksesoris,Kaos Polos,6312748,100,631274800.0,Card,Delivered,TrendShop
TRX-13398,2025/08/01,RUDI HARTONO,Bandung,makanan,Smartwatch,9428778,1,9428778.0,Card,delivered,BeautyHub
TRX-13399,2025/08/05,siti aminah,Denpeser,makanan,Laptop Asus,3213257,5,16066285.0,Ewallet,Delivered,SportMax
TRX-13400,03/07/2025,Andi Saputra,Medan,Rumah Tangga,Powerbank 10K,2000256,15,30003840.0,E-Wallet,delivered,TrendShop
TRX-13401,2025/05/12,ahmad fauzi,Yogyakarta,kecantikan,Kaos Polos,5360825,3,16082475.0,Transfer,Returned,HomeEssence
TRX-13402,05/07/2025,Siti Aminah,Denpeser,Acsesoris,Kaos Polos,9540628,1,11612293.527890695,E-Wallet,Pending,GadgetMart
TRX-13403,2025/05/30,rudi hartono,Sur,kecantikan,Powerbank 10K,8215786,10,82157860.0,Ewallet,Returned,BeautyHub
TRX-13404,2025-04-01,Dewi Lestari,Bandung,Rumah Tangga,Smartwatch,5082403,100,508240300.0,COD,,GadgetMart
TRX-13405,13/03/2025,Ahmad Fauzi,Medan,Aksesoriss,Sepatu Nike,637426,3,1912278.0,,Delivered,BeautyHub
TRX-13406,08/03/2025,RUDI HARTONO,Den,,Headphone JBL,1181614,15,9631113.530929731,Transfer,pending,GadgetMart
TRX-13407,05/08/2025,siti aminah,,,Smartwatch,8053029,2,16106058.0,E-Wallet,Returned,PowerCell
TRX-13408,11-03-2025,budi santoso,Ban,Makanan,Laptop Asus,5468673,15,82030095.0,Kartu Kredit,pending,TrendShop
TRX-13409,09/07/2025,SITI AMINAH,Surebeye,Kecantikans,Lipstik Wardah,7514370,1,7514370.0,,Canceled,PowerCell
TRX-13410,26-05-2025,rudi hartono,Jekerte,Kecantikans,Laptop Asus,9445448,1,9445448.0,Transfer,delivered,PowerCell
TRX-13411,2025-07-31,nanda pratama,Mekesser,,Vacuum Cleaner,6569453,1,6569453.0,Kartu Kredit,Delivered,TechZone
TRX-13412,14/06/2025,rudi hartono,Yog,fashion,Vacuum Cleaner,6896090,0,0.0,Ewallet,Canceled,HomeEssence
TRX-13413,01/08/2025,Budi Santoso,makassar,fashion,Sepatu Nike,1725255,15,19811928.523040593,E-Wallet,Returned,BeautyHub
TRX-13414,2025/03/23,rudi hartono,yogyakarta,Fashions,Vacuum Cleaner,1958151,1,1958151.0,E-Wallet,Delivered,PowerCell
TRX-13415,17/04/2025,mega putri,Bandung,Fashions,Headphone JBL,3339363,1,3339363.0,COD,Returned,TrendShop
TRX-13416,27/05/2025,Siti Aminah,jakarta,kecantikan,Lipstik Wardah,9208430,1,9208430.0,Card,Pending,BeautyHub
TRX-13417,17/05/2025,SITI AMINAH,Yog,Elektronik,Lipstik Wardah,1699379,1,1699379.0,COD,delivered,PowerCell
TRX-13418,2025-07-06,nanda pratama,Yog,Fashion,Smartwatch,2442001,3,7326003.0,COD,pending,HomeEssence
TRX-13419,2025/03/31,nanda pratama,Medan,Elektroniks,Powerbank 10K,1283387,2,2566774.0,Kartu Kredit,Returned,GadgetMart
TRX-13420,23-03-2025,DEWI LESTARI,makassar,Makanan,Lipstik Wardah,8489426,1,8489426.0,Kartu Kredit,delivered,TrendShop
TRX-13421,2025/03/29,ANDI SAPUTRA,Sur,olahraga,Sepatu Nike,5621944,1,5621944.0,Kartu Kredit,Pending,BeautyHub
TRX-13422,23-06-2025,siti aminah,medan,fashion,Sepatu Nike,8634036,1,8634036.0,COD,Returned,TrendShop
TRX-13423,2025/04/30,MEGA PUTRI,denpasar,Makanan,Lipstik Wardah,4339991,5,21699955.0,COD,pending,HomeEssence
TRX-13424,09/05/2025,DEWI LESTARI,Surebeye,Makanans,Kaos Polos,3857114,1,2314770.2223405493,E-Wallet,delivered,HomeEssence
TRX-13425,21-03-2025,BUDI SANTOSO,Jekerte,Aksesoriss,Powerbank 10K,5686589,1,5686589.0,Ewallet,Returned,SportMax
TRX-13426,21-05-2025,siti aminah,Sur,elektronik,Sepatu Nike,9621226,5,70094306.17956607,Ewallet,pending,PowerCell
TRX-13427,23-07-2025,Budi Santoso,Yog,Kecantikan,Laptop Asus,3278409,1,3278409.0,COD,Delivered,BeautyHub
TRX-13428,26/03/2025,Andi Saputra,medan,Kecantikans,Vacuum Cleaner,8374878,1,8374878.0,COD,pending,SportMax
TRX-13429,02/04/2025,nanda pratama,makassar,Rumah Tangga,Kaos Polos,4797492,1,4797492.0,COD,Pending,SportMax
TRX-13430,2025-05-15,budi santoso,Bandung,Olahraga,Powerbank 10K,8355530,3,28254633.154725194,COD,delivered,TechZone
TRX-13431,2025/05/22,Siti Aminah,jakarta,Fashions,Laptop Asus,6417038,0,0.0,E-Wallet,Delivered,BeautyHub
TRX-13432,26/08/2025,Budi Santoso,Medan,fashion,Kaos Polos,1661589,10,16615890.0,Kartu Kredit,Returned,TrendShop
TRX-13433,2025-07-11,Budi Santoso,Mak,Olahraga,Laptop Asus,820008,3,3132307.38204318,Kartu Kredit,pending,PowerCell
TRX-13434,08-04-2025,Andi Saputra,Yogyakarta,Rumah Tangga,Kaos Polos,6639763,1,6639763.0,Kartu Kredit,Canceled,SportMax
TRX-13435,04/03/2025,siti aminah,Den,olahraga,Lipstik Wardah,9483262,2,18966524.0,Ewallet,Returned,TechZone
TRX-13436,2025/06/13,budi santoso,Surebeye,Kecantikans,Kaos Polos,8787345,5,43936725.0,,Delivered,HomeEssence
TRX-13437,18-04-2025,Andi Saputra,medan,olahraga,Headphone JBL,9887907,100,988790700.0,Transfer,Delivered,BeautyHub
TRX-13438,26/05/2025,ANDI SAPUTRA,,Kecantikan,Powerbank 10K,8620209,1,8620209.0,COD,Delivered,GadgetMart
TRX-13439,2025-08-08,andi saputra,denpasar,Fashion,Kaos Polos,9733737,1,9733737.0,COD,pending,HomeEssence
TRX-13440,2025/07/03,SITI AMINAH,Meden,Fashion,Powerbank 10K,5375910,15,80638650.0,Transfer,Pending,TechZone
TRX-13441,06/06/2025,Budi Santoso,Meden,Olahraga,Lipstik Wardah,7035481,100,703548100.0,Card,Pending,TrendShop
TRX-13442,01-06-2025,NANDA PRATAMA,Jakarta,Rumah Tangga,Vacuum Cleaner,9601544,5,48007720.0,Transfer,Delivered,SportMax
TRX-13443,17-03-2025,NANDA PRATAMA,Mekesser,rumah tangga,Headphone JBL,1495819,15,22437285.0,Transfer,Canceled,TrendShop
TRX-13444,22-06-2025,Dewi Lestari,Meden,Fashion,Powerbank 10K,242803,15,3642045.0,Ewallet,,PowerCell
TRX-13445,2025-04-05,NANDA PRATAMA,Den,Fashion,Lipstik Wardah,2503039,1,2503039.0,Transfer,Canceled,SportMax
TRX-13446,05/06/2025,BUDI SANTOSO,Mak,Aksesoris,Headphone JBL,7402182,3,22206546.0,Transfer,Returned,PowerCell
TRX-13447,2025/05/13,ANDI SAPUTRA,Sur,Fashion,Vacuum Cleaner,6203283,3,18609849.0,Kartu Kredit,Delivered,TrendShop
TRX-13448,28-07-2025,dewi lestari,Meden,Elektronik,Laptop Asus,6541212,1,6541212.0,Card,Returned,GadgetMart
TRX-13449,2025/03/06,Dewi Lestari,surabaya,Kecantican,Headphone JBL,7255273,10,101774792.44416459,Kartu Kredit,Pending,GadgetMart
TRX-13450,03-03-2025,RUDI HARTONO,bandung,Olahraga,Kaos Polos,4377219,100,437721900.0,Ewallet,Pending,TrendShop
TRX-13451,2025-07-03,Ahmad Fauzi,jakarta,elektronik,Lipstik Wardah,9241099,0,0.0,Kartu Kredit,delivered,TechZone
TRX-13452,2025-04-21,andi saputra,jakarta,Kecantikan,Vacuum Cleaner,5522587,15,82838805.0,Transfer,pending,GadgetMart
TRX-13453,2025/05/11,Nanda Pratama,Yogyakarta,Makanan,Vacuum Cleaner,5512762,1,5512762.0,E-Wallet,Returned,BeautyHub
TRX-13454,03-08-2025,Mega Putri,Yogyakarta,Fashion,Headphone JBL,5905113,1,5905113.0,Card,,TechZone
TRX-13455,2025/04/26,DEWI LESTARI,Yogyakarta,Fashion,Headphone JBL,9331763,1,9331763.0,Transfer,Canceled,SportMax
TRX-13456,2025/05/29,mega putri,Denpeser,Makanans,Vacuum Cleaner,3831876,1,3831876.0,Ewallet,Canceled,TrendShop
TRX-13457,2025/03/14,MEGA PUTRI,Jakarta,Makanan,Powerbank 10K,1947465,3,5842395.0,Kartu Kredit,Returned,PowerCell
TRX-13458,2025/08/18,budi santoso,Denpeser,Aksesoris,Powerbank 10K,9755069,3,29265207.0,Card,,BeautyHub
TRX-13459,2025-05-07,DEWI LESTARI,,,Powerbank 10K,8733585,5,43667925.0,Card,Pending,PowerCell
TRX-13460,12/05/2025,Siti Aminah,Mak,,Lipstik Wardah,5218949,15,78284235.0,Ewallet,Returned,SportMax
TRX-13461,20/06/2025,AHMAD FAUZI,Mekesser,Fashions,Powerbank 10K,4022369,5,20111845.0,COD,Pending,HomeEssence
TRX-13462,2025/06/25,NANDA PRATAMA,Yogyakarta,Fashion,Headphone JBL,3276250,5,16381250.0,,,BeautyHub
TRX-13463,13-06-2025,Mega Putri,Yog,Aksesoriss,Lipstik Wardah,6460563,15,96908445.0,E-Wallet,Pending,HomeEssence
TRX-13464,05-08-2025,RUDI HARTONO,makassar,Kecantikans,Sepatu Nike,8365308,100,836530800.0,COD,delivered,TechZone
TRX-13465,29-06-2025,nanda pratama,bandung,makanan,Sepatu Nike,767884,1,767884.0,COD,Pending,SportMax
TRX-13466,2025/04/20,andi saputra,yogyakarta,Elektronik,Vacuum Cleaner,2848945,15,42734175.0,COD,Canceled,SportMax
TRX-13467,2025-03-02,budi santoso,yogyakarta,Electronic,Vacuum Cleaner,9304404,2,18608808.0,E-Wallet,pending,PowerCell
TRX-13468,27/08/2025,Mega Putri,medan,Aksesoriss,Powerbank 10K,7665487,3,22996461.0,COD,,GadgetMart
TRX-13469,2025-07-11,dewi lestari,Sur,Kecantikan,Lipstik Wardah,8568074,1,8568074.0,E-Wallet,Pending,TechZone
TRX-13470,2025-03-09,budi santoso,Sur,Olahraga,Lipstik Wardah,7801066,100,780106600.0,E-Wallet,Returned,HomeEssence
TRX-13471,2025/07/03,Siti Aminah,Yog,Fashion,Vacuum Cleaner,1782329,1,1782329.0,Transfer,Canceled,TechZone
TRX-13472,10/03/2025,Budi Santoso,Med,Aksesoriss,Powerbank 10K,1596557,0,0.0,Card,Returned,PowerCell
TRX-13473,11/07/2025,Nanda Pratama,Surebeye,rumah tangga,Sepatu Nike,5018901,10,50189010.0,Ewallet,delivered,BeautyHub
TRX-13474,02-05-2025,AHMAD FAUZI,Makassar,kecantikan,Headphone JBL,9725864,1,7937125.871362116,Transfer,Canceled,PowerCell
TRX-13475,2025-08-25,rudi hartono,medan,,Headphone JBL,6261715,10,62617150.0,Kartu Kredit,delivered,TrendShop
TRX-13476,2025/07/01,AHMAD FAUZI,Bandung,,Powerbank 10K,6984063,10,69840630.0,E-Wallet,Pending,HomeEssence
TRX-13477,26-08-2025,Mega Putri,surabaya,Rumah Tangga,Kaos Polos,6761987,1,6761987.0,,Returned,TechZone
TRX-13478,13-05-2025,MEGA PUTRI,Yogyekerte,Elektronik,Vacuum Cleaner,9267955,3,27803865.0,Ewallet,pending,GadgetMart
TRX-13479,18/08/2025,nanda pratama,Makassar,aksesoris,Kaos Polos,9128125,2,18256250.0,Kartu Kredit,delivered,HomeEssence
TRX-13480,2025-03-19,mega putri,Jekerte,Electronic,Smartwatch,7161905,15,116163411.17772475,Transfer,Delivered,TrendShop
TRX-13481,2025/06/03,Andi Saputra,yogyakarta,Elektroniks,Headphone JBL,2080888,0,0.0,Transfer,Pending,GadgetMart
TRX-13482,22/08/2025,MEGA PUTRI,bandung,elektronik,Headphone JBL,6096941,5,30484705.0,Transfer,,HomeEssence
TRX-13483,2025/04/23,siti aminah,Jekerte,Olahragas,Vacuum Cleaner,6438406,1,6438406.0,Card,Returned,BeautyHub
TRX-13484,2025/05/01,Siti Aminah,Jakarta,Kecantikan,Lipstik Wardah,9330320,1,9330320.0,COD,Canceled,GadgetMart
TRX-13485,2025-03-28,Nanda Pratama,Denpeser,fashion,Vacuum Cleaner,7692897,100,1138360740.0307899,Ewallet,Canceled,TrendShop
TRX-13486,2025/06/12,dewi lestari,,Rumah Tanggas,Laptop Asus,8773346,5,43866730.0,Kartu Kredit,pending,SportMax
TRX-13487,27/06/2025,Rudi Hartono,Sur,Makanans,Smartwatch,5951179,15,89267685.0,Ewallet,pending,BeautyHub
TRX-13488,12/07/2025,mega putri,Medan,Macanan,Kaos Polos,8304080,10,90234630.96435083,Ewallet,Canceled,HomeEssence
TRX-13489,2025-04-20,Ahmad Fauzi,Den,aksesoris,Headphone JBL,5664058,2,11328116.0,E-Wallet,Returned,HomeEssence
TRX-13490,2025-03-25,SITI AMINAH,Surebeye,Olahragas,Vacuum Cleaner,4815358,5,24076790.0,Ewallet,Returned,TrendShop
TRX-13491,2025/05/22,DEWI LESTARI,Meden,Elektroniks,Sepatu Nike,5040044,2,10080088.0,COD,,TechZone
TRX-13492,2025-07-16,Dewi Lestari,medan,rumah tangga,Vacuum Cleaner,3617008,10,36170080.0,Card,Canceled,TechZone
TRX-13493,2025-05-10,siti aminah,Sur,,Laptop Asus,6874464,100,687446400.0,E-Wallet,Pending,PowerCell
TRX-13494,02/07/2025,DEWI LESTARI,Bendung,Aksesoriss,Sepatu Nike,6650713,3,18899907.88932623,Kartu Kredit,pending,PowerCell
TRX-13495,2025/03/17,Nanda Pratama,Med,Olahraga,Powerbank 10K,1129229,100,112922900.0,COD,Pending,PowerCell
TRX-13496,2025/06/26,mega putri,Denpasar,Elektroniks,Sepatu Nike,1244447,10,12444470.0,COD,Returned,BeautyHub
TRX-13497,04/08/2025,DEWI LESTARI,Yogyekerte,,Laptop Asus,6492399,10,64923990.0,Kartu Kredit,Returned,PowerCell
TRX-13498,2025-05-19,Siti Aminah,,,Lipstik Wardah,5011826,0,0.0,Ewallet,Canceled,SportMax
TRX-13499,2025-03-18,AHMAD FAUZI,Yogyakarta,Fashion,Powerbank 10K,6686708,100,668670800.0,Card,Canceled,GadgetMart
TRX-13500,2025/05/29,RUDI HARTONO,Mak,elektronik,Smartwatch,5122237,0,0.0,COD,Canceled,TrendShop
TRX-13501,2025/03/01,Mega Putri,surabaya,Rumah Tanggas,Powerbank 10K,3168113,5,8863600.633444166,E-Wallet,Pending,TechZone
TRX-13502,10-03-2025,Rudi Hartono,Surebeye,Elektronik,Smartwatch,9646543,1,9646543.0,COD,Returned,TrendShop
TRX-13503,07/03/2025,mega putri,makassar,rumah tangga,Headphone JBL,3342239,2,6684478.0,Card,delivered,TechZone
TRX-13504,04-08-2025,budi santoso,jakarta,fashion,Headphone JBL,4927323,0,0.0,E-Wallet,Canceled,PowerCell
TRX-13505,2025-04-17,Dewi Lestari,Meden,elektronik,Headphone JBL,57407540,1,2870377.0,COD,Delivered,TrendShop
TRX-13506,30-06-2025,ANDI SAPUTRA,Bandung,elektronik,Vacuum Cleaner,9033278,2,18066556.0,Card,Returned,GadgetMart
TRX-13507,11-04-2025,nanda pratama,Bendung,Kecantikans,Vacuum Cleaner,837001,3,2511003.0,E-Wallet,Canceled,PowerCell
TRX-13508,2025-04-03,rudi hartono,Makassar,Olahraga,Lipstik Wardah,8733790,0,0.0,Card,pending,TechZone
TRX-13509,2025-03-25,Andi Saputra,medan,Olahraga,Sepatu Nike,772153,3,2316459.0,Transfer,delivered,BeautyHub
TRX-13510,12/07/2025,RUDI HARTONO,bandung,Rumah Tangga,Laptop Asus,2619395,10,26193950.0,Card,Delivered,PowerCell
TRX-13511,2025/07/27,AHMAD FAUZI,Denpasar,Makanan,Powerbank 10K,361416,2,722832.0,,Returned,TrendShop
TRX-13512,28-04-2025,andi saputra,Med,Rumah Tangga,Sepatu Nike,874765,1,874765.0,Transfer,pending,SportMax
TRX-13513,2025/05/25,DEWI LESTARI,Meden,Fashion,Vacuum Cleaner,1400417,1,1400417.0,Ewallet,Pending,HomeEssence
TRX-13514,2025/05/20,siti aminah,Yogyekerte,Fashion,Powerbank 10K,6752705,10,67527050.0,Transfer,Returned,BeautyHub
TRX-13515,2025/03/24,Nanda Pratama,surabaya,Rumah Tangga,Powerbank 10K,6885084,3,20655252.0,E-Wallet,delivered,BeautyHub
TRX-13516,21/07/2025,nanda pratama,Denpasar,Fashion,Powerbank 10K,6248980,1,6248980.0,,delivered,BeautyHub
TRX-13517,2025-04-06,DEWI LESTARI,Surabaya,Macanan,Kaos Polos,4465972,1,4465972.0,Card,delivered,PowerCell
TRX-13518,2025/04/04,MEGA PUTRI,Sur,Macanan,Sepatu Nike,4033027,5,20165135.0,Ewallet,Delivered,TechZone
TRX-13519,2025/07/02,budi santoso,Ban,aksesoris,Vacuum Cleaner,9605355,1,9605355.0,E-Wallet,Canceled,PowerCell
TRX-13520,30-06-2025,Andi Saputra,Mekesser,Aksesoriss,Sepatu Nike,7126083,1,7126083.0,,pending,PowerCell
TRX-13521,08-08-2025,Nanda Pratama,yogyakarta,Makanans,Powerbank 10K,2109417,10,21094170.0,E-Wallet,Delivered,HomeEssence
TRX-13522,17/03/2025,Andi Saputra,Den,Rumah Tangga,Smartwatch,2458359,5,12291795.0,Card,Delivered,SportMax
TRX-13523,26-04-2025,rudi hartono,Yogyekerte,elektronik,Kaos Polos,2492367,2,4984734.0,COD,pending,PowerCell
TRX-13524,2025-04-25,NANDA PRATAMA,makassar,Aksesoris,Vacuum Cleaner,6897101,100,689710100.0,E-Wallet,Returned,PowerCell
TRX-13525,18/07/2025,nanda pratama,surabaya,rumah tangga,Powerbank 10K,2076091,1,2076091.0,Kartu Kredit,Returned,HomeEssence
TRX-13526,2025/05/13,budi santoso,Yogyakarta,Makanans,Kaos Polos,3781622,1,3781622.0,Card,Returned,TechZone
TRX-13527,2025/06/09,ahmad fauzi,Yogyekerte,Elektroniks,Vacuum Cleaner,9154687,15,137320305.0,Ewallet,Canceled,TechZone
TRX-13528,10/05/2025,MEGA PUTRI,Bendung,Kecantikans,Headphone JBL,1004227,3,3012681.0,E-Wallet,Canceled,TechZone
TRX-13529,30-06-2025,Budi Santoso,bandung,Olahraga,Vacuum Cleaner,4122476,100,412247600.0,COD,Pending,PowerCell
TRX-13530,2025/06/01,BUDI SANTOSO,Ban,Makanans,Kaos Polos,4877976,1,4877976.0,Transfer,Pending,HomeEssence
TRX-13531,23-08-2025,NANDA PRATAMA,Surebeye,Olahragas,Lipstik Wardah,8309282,10,83092820.0,Ewallet,delivered,HomeEssence
TRX-13532,03-06-2025,Rudi Hartono,Mekesser,Fashion,Sepatu Nike,2131552,15,31973280.0,Card,Delivered,PowerCell
TRX-13533,05/06/2025,MEGA PUTRI,denpasar,Fashion,Kaos Polos,7360982,1,7360982.0,COD,Pending,TechZone
TRX-13534,2025-07-12,siti aminah,Surebeye,Olahraga,Kaos Polos,8029633,1,8029633.0,COD,Delivered,SportMax
TRX-13535,2025-07-17,Mega Putri,Medan,Acsesoris,Sepatu Nike,4161932,100,416193200.0,Kartu Kredit,Delivered,GadgetMart
TRX-13536,11/04/2025,Siti Aminah,Jekerte,Fashion,Vacuum Cleaner,1302876,2,2605752.0,Card,pending,PowerCell
TRX-13537,20-03-2025,nanda pratama,Med,Fashion,Kaos Polos,7795073,1,6220223.62649927,,,TechZone
TRX-13538,31/05/2025,siti aminah,Bandung,fashion,Lipstik Wardah,8042388,2,16084776.0,COD,pending,GadgetMart
TRX-13539,2025/07/18,Mega Putri,Yog,fashion,Sepatu Nike,8930121,1,8930121.0,Transfer,Delivered,BeautyHub
TRX-13540,03/07/2025,Andi Saputra,Denpasar,Rumah Tanggas,Sepatu Nike,4317905,1,4317905.0,Kartu Kredit,Pending,HomeEssence
TRX-13541,2025-04-10,Ahmad Fauzi,Yogyakarta,Rumah Tangga,Kaos Polos,3267196,5,16335980.0,COD,delivered,SportMax
TRX-13542,2025-06-14,nanda pratama,Denpasar,aksesoris,Vacuum Cleaner,5301208,3,15903624.0,Kartu Kredit,Pending,GadgetMart
TRX-13543,2025/04/16,Nanda Pratama,Makassar,,Powerbank 10K,5494555,0,0.0,E-Wallet,delivered,BeautyHub
TRX-13544,2025/04/13,Ahmad Fauzi,bandung,Rumah Tanggas,Headphone JBL,4201538,1,4201538.0,Card,pending,BeautyHub
TRX-13545,2025/08/06,Andi Saputra,Med,Fashion,Laptop Asus,2900418,1,2900418.0,Transfer,pending,TrendShop
TRX-13546,26/05/2025,DEWI LESTARI,surabaya,Aksesoriss,Sepatu Nike,871929,1,871929.0,Transfer,delivered,HomeEssence
TRX-13547,2025/08/01,ANDI SAPUTRA,Bandung,Kecantikans,Smartwatch,7896540,100,789654000.0,Kartu Kredit,Delivered,TrendShop
TRX-13548,24-07-2025,Ahmad Fauzi,Sur,Aksesoris,Sepatu Nike,2077842,100,207784200.0,Card,delivered,BeautyHub
TRX-13549,26/05/2025,Siti Aminah,Yogyakarta,,Lipstik Wardah,2356648,100,235664800.0,Kartu Kredit,Returned,GadgetMart
TRX-13550,2025/05/02,Budi Santoso,Medan,Macanan,Smartwatch,8747318,15,131209770.0,E-Wallet,Pending,BeautyHub
TRX-13551,04/07/2025,SITI AMINAH,Denpeser,Electronic,Lipstik Wardah,5421159,10,54211590.0,,pending,SportMax
TRX-13552,2025-03-09,SITI AMINAH,Sur,Olahraga,Laptop Asus,3247860,2,6495720.0,Card,Canceled,HomeEssence
TRX-13553,2025/05/22,nanda pratama,Denpeser,Aksesoriss,Kaos Polos,2830596,10,28305960.0,COD,delivered,BeautyHub
TRX-13554,27-07-2025,AHMAD FAUZI,Surabaya,Aksesoris,Kaos Polos,4127411,10,41274110.0,Ewallet,Canceled,HomeEssence
TRX-13555,11-06-2025,NANDA PRATAMA,bandung,Fashion,Laptop Asus,7007038,3,21021114.0,Transfer,Delivered,BeautyHub
TRX-13556,2025/05/08,Budi Santoso,Yogyekerte,Elektroniks,Vacuum Cleaner,9904349,2,19808698.0,E-Wallet,pending,TrendShop
TRX-13557,17-06-2025,ANDI SAPUTRA,Mekesser,Olahraga,Smartwatch,2851329,1,2851329.0,Card,Pending,TechZone
TRX-13558,11/05/2025,RUDI HARTONO,Makassar,elektronik,Headphone JBL,8730407,0,0.0,Ewallet,delivered,GadgetMart
TRX-13559,22-06-2025,nanda pratama,Bendung,Fashion,Laptop Asus,6777897,5,33889485.0,COD,Canceled,SportMax
TRX-13560,2025/06/25,rudi hartono,Surebeye,Makanan,Smartwatch,3933424,3,11800272.0,Ewallet,pending,HomeEssence
TRX-13561,2025-06-16,ahmad fauzi,Yog,Macanan,Laptop Asus,3878295,5,19391475.0,,Returned,TechZone
TRX-13562,2025/08/09,dewi lestari,Denpeser,fashion,Kaos Polos,9025979,2,18051958.0,Card,delivered,TechZone
TRX-13563,2025/07/20,dewi lestari,Mekesser,,Headphone JBL,5914719,1,5914719.0,Ewallet,delivered,GadgetMart
TRX-13564,2025-05-12,Andi Saputra,surabaya,elektronik,Powerbank 10K,6160793,0,0.0,Kartu Kredit,Pending,PowerCell
TRX-13565,2025/03/12,NANDA PRATAMA,Jakarta,Olahraga,Headphone JBL,5832655,3,17497965.0,Transfer,Canceled,GadgetMart
TRX-13566,2025-07-25,AHMAD FAUZI,Denpeser,Aksesoris,Headphone JBL,2968634,15,63070035.536555745,Card,Delivered,TechZone
TRX-13567,04-08-2025,RUDI HARTONO,Mak,Kecantikans,Smartwatch,3934485,15,59017275.0,Card,Pending,HomeEssence
TRX-13568,2025/03/24,nanda pratama,Bendung,aksesoris,Headphone JBL,1104853,2,2209706.0,E-Wallet,,TrendShop
TRX-13569,2025-07-10,AHMAD FAUZI,Meden,,Powerbank 10K,8174897,3,24524691.0,Transfer,Canceled,PowerCell
TRX-13570,16/08/2025,DEWI LESTARI,,Kecantikan,Kaos Polos,3495083,0,0.0,Card,Delivered,TrendShop
TRX-13571,2025/07/20,DEWI LESTARI,Jak,Fashion,Kaos Polos,1585410,0,0.0,E-Wallet,delivered,GadgetMart
TRX-13572,2025-04-21,Rudi Hartono,Bendung,Rumah Tanggas,Smartwatch,7540526,15,113107890.0,Kartu Kredit,Delivered,HomeEssence
TRX-13573,07-06-2025,SITI AMINAH,Mak,Aksesoris,Laptop Asus,346177,1,346177.0,E-Wallet,Delivered,HomeEssence
TRX-13574,11/04/2025,NANDA PRATAMA,Bendung,Kecantican,Laptop Asus,62938,10,377577.5189049507,COD,Returned,TrendShop
TRX-13575,14/08/2025,RUDI HARTONO,Mekesser,Rumah Tangga,Powerbank 10K,6766487,1,6766487.0,Kartu Kredit,Pending,BeautyHub
TRX-13576,18/03/2025,andi saputra,,Kecantikan,Sepatu Nike,5183783,1,5183783.0,COD,Delivered,TechZone
TRX-13577,26-05-2025,Mega Putri,Surebeye,Aksesoriss,Vacuum Cleaner,4242907,0,0.0,Kartu Kredit,Delivered,BeautyHub
TRX-13578,06/08/2025,Siti Aminah,denpasar,elektronik,Smartwatch,104980780,15,78735585.0,Kartu Kredit,Canceled,TechZone
TRX-13579,2025/06/16,Siti Aminah,,Fashions,Headphone JBL,1561602,5,7808010.0,Kartu Kredit,delivered,GadgetMart
TRX-13580,2025-06-17,siti aminah,Denpeser,rumah tangga,Vacuum Cleaner,3515495,1,3515495.0,Kartu Kredit,Delivered,TrendShop
TRX-13581,22-05-2025,DEWI LESTARI,Denpeser,Macanan,Sepatu Nike,3567155,1,4441466.954264528,E-Wallet,,GadgetMart
TRX-13582,2025/03/09,siti aminah,Med,Acsesoris,Powerbank 10K,8794047,1,8794047.0,E-Wallet,Pending,HomeEssence
TRX-13583,10-06-2025,ANDI SAPUTRA,Jak,Elektronik,Kaos Polos,3030858,10,30308580.0,Kartu Kredit,Returned,TrendShop
TRX-13584,17/04/2025,Ahmad Fauzi,Surebeye,Macanan,Vacuum Cleaner,2604293,100,260429300.0,,pending,PowerCell
TRX-13585,2025-06-27,MEGA PUTRI,jakarta,olahraga,Kaos Polos,5640572,100,564057200.0,COD,Canceled,GadgetMart
TRX-13586,2025/03/14,Andi Saputra,Denpeser,Kecantikans,Headphone JBL,5881398,1,5881398.0,Card,Canceled,HomeEssence
TRX-13587,2025/07/12,Mega Putri,yogyakarta,aksesoris,Powerbank 10K,8878452,2,17756904.0,Ewallet,Canceled,TrendShop
TRX-13588,2025/03/18,ahmad fauzi,Jak,,Sepatu Nike,8256294,3,24768882.0,Ewallet,pending,TrendShop
TRX-13589,07-07-2025,RUDI HARTONO,Makassar,aksesoris,Powerbank 10K,1447955,1,1447955.0,Card,,SportMax
TRX-13590,13/04/2025,Nanda Pratama,Medan,Rumah Tanggas,Powerbank 10K,3069579,100,306957900.0,Card,delivered,HomeEssence
TRX-13591,21-04-2025,NANDA PRATAMA,Surebeye,makanan,Laptop Asus,4369230,10,43692300.0,Transfer,Pending,HomeEssence
TRX-13592,2025/06/15,dewi lestari,Mekesser,aksesoris,Vacuum Cleaner,6171602,2,12343204.0,Ewallet,Pending,TechZone
TRX-13593,20/07/2025,SITI AMINAH,Mak,elektronik,Laptop Asus,6455883,100,645588300.0,Card,Delivered,SportMax
TRX-13594,19-06-2025,siti aminah,Ban,Aksesoris,Sepatu Nike,4856085,100,485608500.0,E-Wallet,Canceled,TechZone
TRX-13595,15/08/2025,AHMAD FAUZI,makassar,,Headphone JBL,6421332,0,0.0,Kartu Kredit,Pending,TechZone
TRX-13596,11/03/2025,SITI AMINAH,Bendung,makanan,Sepatu Nike,6679383,15,100190745.0,Ewallet,Delivered,PowerCell
TRX-13597,15-08-2025,mega putri,Medan,Makanans,Powerbank 10K,4811631,10,31167779.484272458,Card,Canceled,TechZone
TRX-13598,28-03-2025,SITI AMINAH,Med,Macanan,Laptop Asus,2857501,1,2857501.0,Kartu Kredit,Delivered,HomeEssence
TRX-13599,06/07/2025,Rudi Hartono,makassar,,Smartwatch,4962894,1,4962894.0,Ewallet,pending,HomeEssence
TRX-13600,2025/05/01,mega putri,yogyakarta,makanan,Kaos Polos,5298794,2,10597588.0,COD,Delivered,SportMax
TRX-13601,2025/04/14,Mega Putri,Jekerte,Fashions,Powerbank 10K,7262648,15,108939720.0,Transfer,Pending,TrendShop
TRX-13602,13-04-2025,DEWI LESTARI,Jak,Aksesoriss,Lipstik Wardah,6960957,0,0.0,Card,Delivered,GadgetMart
TRX-13603,21/08/2025,DEWI LESTARI,yogyakarta,Aksesoris,Laptop Asus,2553821,10,25538210.0,Transfer,pending,HomeEssence
TRX-13604,2025-08-23,mega putri,Bendung,makanan,Powerbank 10K,1288669,0,0.0,E-Wallet,Canceled,PowerCell
TRX-13605,2025-05-19,Dewi Lestari,Mak,Makanans,Powerbank 10K,4866977,5,24334885.0,Ewallet,,TechZone
TRX-13606,2025-05-27,ANDI SAPUTRA,Surebeye,Elektronik,Vacuum Cleaner,974914,5,4874570.0,Kartu Kredit,pending,TechZone
TRX-13607,2025-07-19,siti aminah,Jak,Makanan,Kaos Polos,7421191,10,74211910.0,Ewallet,pending,PowerCell
TRX-13608,15/03/2025,BUDI SANTOSO,medan,Kecantican,Kaos Polos,9534984,100,953498400.0,Kartu Kredit,Returned,HomeEssence
TRX-13609,10-08-2025,dewi lestari,medan,aksesoris,Kaos Polos,2846175,10,28461750.0,Transfer,Pending,HomeEssence
TRX-13610,2025/08/20,Siti Aminah,denpasar,,Lipstik Wardah,4672887,0,0.0,Transfer,Returned,TechZone
TRX-13611,2025-03-14,ANDI SAPUTRA,medan,Olahraga,Headphone JBL,887876,2,1775752.0,Card,pending,TechZone
TRX-13612,2025/07/05,andi saputra,Meden,Electronic,Sepatu Nike,2839530,1,2839530.0,COD,pending,TrendShop
TRX-13613,2025-07-12,Nanda Pratama,Surebeye,Olahraga,Sepatu Nike,7885958,0,0.0,Transfer,Pending,BeautyHub
TRX-13614,13/04/2025,DEWI LESTARI,,elektronik,Kaos Polos,3000161,1,3000161.0,Card,Pending,TechZone
TRX-13615,2025/04/14,Siti Aminah,Denpeser,Aksesoriss,Headphone JBL,6775311,10,67753110.0,COD,Returned,BeautyHub
TRX-13616,01-06-2025,siti aminah,Jak,Aksesoris,Smartwatch,5741357,100,574135700.0,Card,Pending,PowerCell
TRX-13617,2025-03-22,RUDI HARTONO,surabaya,elektronik,Powerbank 10K,7157936,100,715793600.0,Card,Pending,GadgetMart
TRX-13618,2025/04/16,Mega Putri,denpasar,olahraga,Lipstik Wardah,5703020,3,17109060.0,Card,Pending,GadgetMart
TRX-13619,14-04-2025,ahmad fauzi,Ban,Fashion,Headphone JBL,7947164,15,119207460.0,Transfer,delivered,GadgetMart
TRX-13620,2025/03/24,budi santoso,Mekesser,rumah tangga,Powerbank 10K,460275,2,920550.0,Transfer,delivered,PowerCell
TRX-13621,2025-05-10,Ahmad Fauzi,Den,Rumah Tanggas,Kaos Polos,9314612,15,139719180.0,Transfer,Canceled,TechZone
TRX-13622,30/06/2025,rudi hartono,,Elektronik,Headphone JBL,6623643,1,6623643.0,E-Wallet,Canceled,GadgetMart
TRX-13623,24/06/2025,BUDI SANTOSO,Jekerte,Elektroniks,Lipstik Wardah,9609015,0,0.0,Transfer,Delivered,TrendShop
TRX-13624,2025/08/15,ahmad fauzi,,Olahragas,Sepatu Nike,4681004,0,0.0,Kartu Kredit,Pending,GadgetMart
TRX-13625,2025/08/09,DEWI LESTARI,Meden,Makanan,Smartwatch,9071507,10,90715070.0,Kartu Kredit,Returned,HomeEssence
TRX-13626,2025-03-21,dewi lestari,Surabaya,Fashion,Kaos Polos,9387222,0,0.0,,Returned,BeautyHub
TRX-13627,03/03/2025,siti aminah,denpasar,Acsesoris,Headphone JBL,3187358,3,9562074.0,Ewallet,Pending,SportMax
TRX-13628,2025/07/01,budi santoso,jakarta,Macanan,Smartwatch,7834197,0,0.0,E-Wallet,Pending,HomeEssence
TRX-13629,25-06-2025,MEGA PUTRI,Surabaya,Fashion,Vacuum Cleaner,3430795,3,10292385.0,Kartu Kredit,delivered,TechZone
TRX-13630,30-07-2025,Ahmad Fauzi,Surabaya,Fashion,Laptop Asus,4581536,2,9163072.0,E-Wallet,,BeautyHub
TRX-13631,20/04/2025,Rudi Hartono,Ban,Fashion,Powerbank 10K,7196423,5,35982115.0,Kartu Kredit,Delivered,BeautyHub
TRX-13632,2025/08/17,Rudi Hartono,Mekesser,Fashion,Headphone JBL,6582134,2,9925316.437591288,Ewallet,Returned,SportMax
TRX-13633,2025/04/17,nanda pratama,Surebeye,,Smartwatch,6168225,1,7777213.257922241,Ewallet,Delivered,BeautyHub
TRX-13634,26-07-2025,NANDA PRATAMA,Jak,Kecantikans,Sepatu Nike,4378974,2,8757948.0,Kartu Kredit,Pending,BeautyHub
TRX-13635,26-08-2025,Budi Santoso,yogyakarta,Acsesoris,Headphone JBL,3712667,5,18563335.0,COD,Returned,BeautyHub
TRX-13636,2025-04-06,ANDI SAPUTRA,Denpasar,Kecantikan,Smartwatch,2733525,5,13667625.0,E-Wallet,Returned,BeautyHub
TRX-13637,2025/03/26,Rudi Hartono,medan,Aksesoris,Smartwatch,506195,2,1012390.0,Transfer,pending,HomeEssence
TRX-13638,06-08-2025,budi santoso,Surebeye,fashion,Vacuum Cleaner,3574756,10,35747560.0,Transfer,Delivered,TechZone
TRX-13639,2025/03/25,ahmad fauzi,Mekesser,Makanan,Powerbank 10K,5023198,2,10046396.0,Kartu Kredit,pending,TrendShop
TRX-13640,2025-08-10,SITI AMINAH,Denpasar,Fashions,Sepatu Nike,1578362,15,23675430.0,COD,Canceled,BeautyHub
TRX-13641,2025-04-06,Mega Putri,Yog,Electronic,Sepatu Nike,9811976,100,981197600.0,COD,,HomeEssence
TRX-13642,22/08/2025,ANDI SAPUTRA,Den,Fashions,Vacuum Cleaner,3751339,1,3751339.0,Ewallet,Canceled,PowerCell
TRX-13643,22-04-2025,Nanda Pratama,Medan,Macanan,Lipstik Wardah,8693155,1,8693155.0,Transfer,Canceled,HomeEssence
TRX-13644,2025/05/15,Andi Saputra,Jak,Elektroniks,Sepatu Nike,6651568,10,66515680.0,COD,Pending,SportMax
TRX-13645,2025-07-26,ANDI SAPUTRA,Med,Aksesoris,Smartwatch,4700215,5,23501075.0,Ewallet,Returned,TrendShop
TRX-13646,05-04-2025,Siti Aminah,Yog,Rumah Tangga,Powerbank 10K,8273269,1,8273269.0,COD,pending,PowerCell
TRX-13647,2025/07/21,NANDA PRATAMA,denpasar,Acsesoris,Kaos Polos,8462054,0,0.0,Card,delivered,GadgetMart
TRX-13648,21/03/2025,mega putri,Yog,Kecantikans,Sepatu Nike,2813049,100,281304900.0,Kartu Kredit,delivered,HomeEssence
TRX-13649,02/05/2025,Nanda Pratama,Jak,fashion,Sepatu Nike,426924,15,6403860.0,Ewallet,Delivered,SportMax
TRX-13650,22-04-2025,nanda pratama,Jak,Fashions,Headphone JBL,6144899,15,92173485.0,Transfer,Returned,PowerCell
TRX-13651,26/04/2025,andi saputra,jakarta,Kecantikans,Headphone JBL,3940026,5,12232155.920694511,Transfer,Returned,HomeEssence
TRX-13652,25-06-2025,nanda pratama,surabaya,Makanan,Smartwatch,4643577,1,4643577.0,COD,Returned,BeautyHub
TRX-13653,11-07-2025,budi santoso,medan,Rumah Tangga,Headphone JBL,4238136,15,63572040.0,E-Wallet,Pending,HomeEssence
TRX-13654,10-07-2025,SITI AMINAH,Yogyakarta,Rumah Tangga,Laptop Asus,7299602,1,7299602.0,Card,Delivered,GadgetMart
TRX-13655,27-07-2025,nanda pratama,bandung,Aksesoriss,Headphone JBL,7909498,2,15818996.0,E-Wallet,Canceled,TrendShop
TRX-13656,2025-05-21,MEGA PUTRI,Bandung,Kecantican,Vacuum Cleaner,3296532,15,49447980.0,Kartu Kredit,Pending,PowerCell
TRX-13657,03-08-2025,andi saputra,Meden,olahraga,Headphone JBL,1950057,1,1950057.0,Kartu Kredit,delivered,TechZone
TRX-13658,22-05-2025,budi santoso,Yog,elektronik,Vacuum Cleaner,834514,15,12517710.0,COD,Canceled,TechZone
TRX-13659,08-06-2025,Rudi Hartono,denpasar,Fashion,Vacuum Cleaner,6810510,5,34052550.0,Kartu Kredit,Returned,PowerCell
TRX-13660,2025/07/29,andi saputra,bandung,kecantikan,Kaos Polos,4689848,15,70347720.0,Kartu Kredit,delivered,PowerCell
TRX-13661,08/05/2025,Ahmad Fauzi,,Olahragas,Kaos Polos,4723794,1,4723794.0,Card,Delivered,PowerCell
TRX-13662,2025-08-03,RUDI HARTONO,Jak,makanan,Powerbank 10K,7465042,3,22395126.0,Kartu Kredit,Returned,SportMax
TRX-13663,04-03-2025,dewi lestari,Sur,Fashions,Kaos Polos,4315630,2,8631260.0,Transfer,Returned,TechZone
TRX-13664,2025/03/09,ahmad fauzi,Jak,Fashion,Headphone JBL,4298949,0,0.0,Ewallet,Returned,SportMax
TRX-13665,2025/07/09,Dewi Lestari,bandung,Kecantikans,Powerbank 10K,5871934,100,587193400.0,E-Wallet,delivered,GadgetMart
TRX-13666,06/08/2025,Mega Putri,Surebeye,Elektronik,Vacuum Cleaner,8026726,100,802672600.0,E-Wallet,pending,PowerCell
TRX-13667,2025-05-11,Ahmad Fauzi,Meden,Rumah Tangga,Kaos Polos,7652495,3,22957485.0,,Returned,BeautyHub
TRX-13668,2025/07/21,Ahmad Fauzi,jakarta,makanan,Lipstik Wardah,6040266,15,90603990.0,E-Wallet,,BeautyHub
TRX-13669,2025-05-13,BUDI SANTOSO,Meden,rumah tangga,Kaos Polos,749438,5,3747190.0,E-Wallet,Returned,SportMax
TRX-13670,2025-04-22,mega putri,Yogyekerte,Electronic,Powerbank 10K,7203588,0,0.0,Kartu Kredit,Canceled,TrendShop
TRX-13671,02/03/2025,Siti Aminah,Den,Aksesoriss,Headphone JBL,2727049,1,2727049.0,Ewallet,Delivered,TechZone
TRX-13672,2025-05-11,DEWI LESTARI,Yogyakarta,Fashions,Kaos Polos,2895157,100,289515700.0,Ewallet,Canceled,TechZone
TRX-13673,2025/03/27,rudi hartono,Den,Olahraga,Powerbank 10K,4103492,0,0.0,Ewallet,Delivered,GadgetMart
TRX-13674,29/04/2025,ANDI SAPUTRA,Jakarta,Kecantikan,Sepatu Nike,1390522,15,20857830.0,Ewallet,,BeautyHub
TRX-13675,2025-03-03,Dewi Lestari,bandung,Kecantikan,Sepatu Nike,3320514,1,3320514.0,Ewallet,pending,TechZone
TRX-13676,2025-04-21,ahmad fauzi,yogyakarta,Kecantikans,Headphone JBL,8984971,1,8984971.0,Transfer,Pending,TechZone
TRX-13677,2025-06-04,MEGA PUTRI,Med,Makanan,Powerbank 10K,7399336,100,739933600.0,Transfer,Pending,PowerCell
TRX-13678,19-03-2025,nanda pratama,Den,Fashion,Powerbank 10K,7795769,3,23387307.0,Card,pending,PowerCell
TRX-13679,08/08/2025,Mega Putri,Jekerte,Acsesoris,Lipstik Wardah,8132668,1,8132668.0,Card,pending,PowerCell
TRX-13680,2025-06-15,siti aminah,jakarta,elektronik,Laptop Asus,4419535,1,5937330.733121198,Card,Returned,PowerCell
TRX-13681,22-05-2025,ahmad fauzi,Yogyakarta,Aksesoriss,Vacuum Cleaner,4209962,100,420996200.0,Ewallet,pending,TechZone
TRX-13682,24/03/2025,andi saputra,Mak,Aksesoris,Lipstik Wardah,745519,2,1491038.0,Ewallet,delivered,HomeEssence
TRX-13683,10-07-2025,DEWI LESTARI,Jekerte,Kecantican,Headphone JBL,4499720,0,0.0,COD,pending,HomeEssence
TRX-13684,2025/06/06,Rudi Hartono,denpasar,,Headphone JBL,5691335,2,11382670.0,COD,Canceled,HomeEssence
TRX-13685,17-04-2025,mega putri,jakarta,Makanan,Laptop Asus,5605910,0,0.0,Ewallet,Canceled,SportMax
TRX-13686,2025/04/29,nanda pratama,Surebeye,Elektronik,Sepatu Nike,6446153,2,12892306.0,COD,delivered,TrendShop
TRX-13687,2025/07/17,ANDI SAPUTRA,Ban,Kecantican,Powerbank 10K,5271995,1,5271995.0,Kartu Kredit,delivered,BeautyHub
TRX-13688,2025/08/09,BUDI SANTOSO,Bandung,Makanans,Sepatu Nike,8696079,1,8696079.0,COD,Pending,PowerCell
TRX-13689,27-06-2025,siti aminah,medan,fashion,Vacuum Cleaner,1207593,100,120759300.0,Transfer,Pending,GadgetMart
TRX-13690,2025/06/17,rudi hartono,jakarta,Olahraga,Sepatu Nike,3300881,1,3300881.0,Kartu Kredit,delivered,SportMax
TRX-13691,2025-07-12,Siti Aminah,Makassar,Elektroniks,Smartwatch,1707106,2,5029679.960938257,Kartu Kredit,Pending,BeautyHub
TRX-13692,2025/03/08,Ahmad Fauzi,Bendung,Rumah Tangga,Lipstik Wardah,408349,100,40834900.0,E-Wallet,,TrendShop
TRX-13693,2025/08/13,BUDI SANTOSO,surabaya,Olahraga,Headphone JBL,7353950,5,36769750.0,COD,Pending,HomeEssence
TRX-13694,2025-03-23,MEGA PUTRI,Yogyekerte,Makanan,Vacuum Cleaner,8791073,1,8791073.0,Kartu Kredit,pending,PowerCell
TRX-13695,28-03-2025,NANDA PRATAMA,yogyakarta,Aksesoris,Kaos Polos,3146750,1,4318859.967833969,E-Wallet,Delivered,BeautyHub
TRX-13696,24/04/2025,Dewi Lestari,Yogyekerte,aksesoris,Vacuum Cleaner,6404054,5,18729706.949783504,Ewallet,Returned,GadgetMart
TRX-13697,31-03-2025,AHMAD FAUZI,bandung,Acsesoris,Powerbank 10K,868706,0,0.0,COD,delivered,TrendShop
TRX-13698,03/08/2025,siti aminah,Ban,Aksesoriss,Smartwatch,1784802,2,3569604.0,COD,Returned,GadgetMart
TRX-13699,2025/05/26,ahmad fauzi,Yog,elektronik,Kaos Polos,6187875,0,0.0,Ewallet,delivered,PowerCell
TRX-13700,19/04/2025,Budi Santoso,Sur,Makanan,Laptop Asus,434533,3,1303599.0,COD,delivered,TrendShop
TRX-13701,27-06-2025,NANDA PRATAMA,Den,Fashion,Lipstik Wardah,1311668,5,6558340.0,Card,pending,HomeEssence
TRX-13702,03/04/2025,AHMAD FAUZI,Mak,Makanans,Headphone JBL,1428656,100,142865600.0,Ewallet,pending,HomeEssence
TRX-13703,09/04/2025,SITI AMINAH,surabaya,Fashion,Powerbank 10K,7095472,1,7095472.0,E-Wallet,Canceled,GadgetMart
TRX-13704,2025-08-03,MEGA PUTRI,Yogyekerte,Olahraga,Vacuum Cleaner,8716453,0,0.0,Kartu Kredit,pending,GadgetMart
TRX-13705,2025-05-29,Mega Putri,Yogyekerte,Rumah Tangga,Laptop Asus,8352146,5,41760730.0,E-Wallet,delivered,HomeEssence
TRX-13706,2025/05/15,AHMAD FAUZI,Bandung,Electronic,Smartwatch,9152683,15,137290245.0,Card,,HomeEssence
TRX-13707,2025-03-10,BUDI SANTOSO,Surebeye,Fashions,Smartwatch,3979301,2,7958602.0,COD,Returned,HomeEssence
TRX-13708,30/05/2025,mega putri,Surebeye,Rumah Tanggas,Kaos Polos,1189391,3,3568173.0,Ewallet,pending,HomeEssence
TRX-13709,15/06/2025,Siti Aminah,Jakarta,Elektronik,Kaos Polos,4020471,2,8040942.0,COD,delivered,SportMax
TRX-13710,16-06-2025,MEGA PUTRI,Jekerte,Fashion,Kaos Polos,1919883,1,1919883.0,E-Wallet,delivered,PowerCell
TRX-13711,2025-04-17,DEWI LESTARI,Denpasar,Olahragas,Smartwatch,3531716,1,4228474.599002478,Card,Delivered,HomeEssence
TRX-13712,2025-06-14,ANDI SAPUTRA,Sur,Olahragas,Powerbank 10K,6387479,5,31937395.0,Card,Pending,GadgetMart
TRX-13713,2025/04/02,mega putri,surabaya,,Laptop Asus,1639291,2,3278582.0,E-Wallet,Delivered,GadgetMart
TRX-13714,2025-06-20,Nanda Pratama,Yog,elektronik,Laptop Asus,3274400,10,32744000.0,E-Wallet,,SportMax
TRX-13715,27/07/2025,Ahmad Fauzi,Meden,Kecantikans,Smartwatch,6663889,0,0.0,COD,Canceled,HomeEssence
TRX-13716,30/03/2025,mega putri,Mekesser,Kecantikan,Laptop Asus,736763,1,736763.0,Transfer,Canceled,HomeEssence
TRX-13717,29-06-2025,budi santoso,Jekerte,Makanan,Powerbank 10K,7149312,1,7149312.0,Transfer,Returned,TechZone
TRX-13718,2025-07-30,nanda pratama,Meden,Rumah Tanggas,Smartwatch,2195943,100,219594300.0,E-Wallet,Returned,TrendShop
TRX-13719,2025-07-17,Nanda Pratama,denpasar,kecantikan,Sepatu Nike,1373020,10,13730200.0,Ewallet,pending,SportMax
TRX-13720,13/05/2025,Andi Saputra,Ban,aksesoris,Vacuum Cleaner,8940111,10,89401110.0,Ewallet,Canceled,HomeEssence
TRX-13721,20/03/2025,ahmad fauzi,Mekesser,Rumah Tanggas,Smartwatch,1894040,5,9470200.0,Card,Delivered,GadgetMart
TRX-13722,2025-05-17,ANDI SAPUTRA,,olahraga,Lipstik Wardah,2056811,1,2056811.0,Kartu Kredit,Canceled,HomeEssence
TRX-13723,29-06-2025,Budi Santoso,Yogyekerte,Electronic,Laptop Asus,1484636,2,2969272.0,Card,Pending,TechZone
TRX-13724,19-06-2025,siti aminah,Surebeye,Rumah Tangga,Lipstik Wardah,7382827,1,7382827.0,Transfer,,PowerCell
TRX-13725,2025-03-23,ahmad fauzi,medan,Elektronik,Vacuum Cleaner,3939453,1,3939453.0,COD,pending,TechZone
TRX-13726,2025-04-30,AHMAD FAUZI,Jekerte,Kecantikan,Smartwatch,4007874,15,60118110.0,Card,pending,SportMax
TRX-13727,2025-04-21,DEWI LESTARI,Jakarta,Fashion,Laptop Asus,9829138,2,19658276.0,Card,pending,GadgetMart
TRX-13728,06/05/2025,mega putri,Bendung,,Sepatu Nike,8113736,1,8113736.0,Ewallet,Returned,GadgetMart
TRX-13729,02-03-2025,NANDA PRATAMA,Jak,Kecantican,Headphone JBL,7909371,2,15818742.0,COD,pending,BeautyHub
TRX-13730,17-05-2025,budi santoso,surabaya,Aksesoriss,Headphone JBL,322667,3,607219.7559869954,COD,Pending,SportMax
TRX-13731,2025-05-06,Rudi Hartono,,Macanan,Vacuum Cleaner,162035,3,274327.79536010395,,delivered,SportMax
TRX-13732,2025/06/28,budi santoso,Meden,elektronik,Kaos Polos,5748238,15,86223570.0,COD,pending,HomeEssence
TRX-13733,2025/04/17,BUDI SANTOSO,Mak,Aksesoriss,Kaos Polos,9829110,2,19658220.0,Card,,PowerCell
TRX-13734,05/08/2025,Siti Aminah,Yog,kecantikan,Sepatu Nike,915144,1,915144.0,,Delivered,SportMax
TRX-13735,01-08-2025,Rudi Hartono,,aksesoris,Powerbank 10K,2357306,3,7071918.0,COD,Pending,PowerCell
TRX-13736,27/07/2025,NANDA PRATAMA,Mekesser,Electronic,Laptop Asus,9418140,2,18836280.0,Ewallet,pending,GadgetMart
TRX-13737,2025/04/15,Nanda Pratama,Med,Aksesoriss,Lipstik Wardah,9429728,2,18859456.0,Card,Canceled,PowerCell
TRX-13738,2025-04-28,NANDA PRATAMA,bandung,Elektronik,Kaos Polos,6702469,3,20107407.0,E-Wallet,,HomeEssence
TRX-13739,2025-03-12,ANDI SAPUTRA,Med,Macanan,Sepatu Nike,464399,5,2321995.0,Card,pending,PowerCell
TRX-13740,2025-03-06,andi saputra,Makassar,Elektronik,Vacuum Cleaner,5934724,100,593472400.0,Kartu Kredit,Canceled,PowerCell
TRX-13741,05-03-2025,Mega Putri,makassar,Makanans,Vacuum Cleaner,779672,10,7796720.0,Kartu Kredit,,PowerCell
TRX-13742,14-03-2025,Ahmad Fauzi,bandung,Kecantikans,Smartwatch,1197417,2,2394834.0,Ewallet,Returned,TrendShop
TRX-13743,17/06/2025,NANDA PRATAMA,denpasar,Fashions,Powerbank 10K,9733484,1,9733484.0,Ewallet,Delivered,PowerCell
TRX-13744,2025-04-16,Siti Aminah,Med,Fashions,Laptop Asus,2125414,2,4250828.0,E-Wallet,Delivered,PowerCell
TRX-13745,14/06/2025,BUDI SANTOSO,Surabaya,Kecantikan,Lipstik Wardah,7648498,2,15296996.0,Kartu Kredit,Delivered,BeautyHub
TRX-13746,04-06-2025,Mega Putri,Makassar,Kecantican,Smartwatch,7275529,2,14551058.0,Kartu Kredit,Returned,TechZone
TRX-13747,2025/03/16,BUDI SANTOSO,Makassar,Macanan,Smartwatch,6106095,3,18318285.0,COD,Returned,GadgetMart
TRX-13748,2025/08/27,RUDI HARTONO,Med,Olahragas,Lipstik Wardah,5224895,10,52248950.0,Ewallet,pending,HomeEssence
TRX-13749,2025/06/19,ahmad fauzi,jakarta,Electronic,Lipstik Wardah,6687056,100,668705600.0,Card,delivered,GadgetMart
TRX-13750,2025-06-01,Mega Putri,Den,Fashion,Smartwatch,8195618,10,81956180.0,Kartu Kredit,Returned,PowerCell
TRX-13751,06/03/2025,NANDA PRATAMA,Bandung,fashion,Lipstik Wardah,1413307,5,7066535.0,Kartu Kredit,Canceled,GadgetMart
TRX-13752,2025-04-19,BUDI SANTOSO,Denpeser,Kecantican,Smartwatch,5975237,10,59752370.0,Card,delivered,SportMax
TRX-13753,27/05/2025,SITI AMINAH,Bandung,Rumah Tangga,Headphone JBL,3268451,3,9805353.0,Transfer,Canceled,PowerCell
TRX-13754,2025/03/14,budi santoso,Bendung,Kecantican,Lipstik Wardah,9653204,15,178008504.468443,Transfer,delivered,TrendShop
TRX-13755,2025/04/09,Dewi Lestari,Surebeye,Fashions,Kaos Polos,7855819,5,39279095.0,COD,delivered,TrendShop
TRX-13756,19/05/2025,andi saputra,surabaya,Fashion,Laptop Asus,4965782,0,0.0,E-Wallet,delivered,GadgetMart
TRX-13757,2025/04/02,ANDI SAPUTRA,medan,olahraga,Kaos Polos,9855611,1,9855611.0,,delivered,GadgetMart
TRX-13758,19-06-2025,AHMAD FAUZI,medan,Aksesoriss,Laptop Asus,7665907,5,38329535.0,Kartu Kredit,Pending,TechZone
TRX-13759,07-08-2025,Nanda Pratama,makassar,Aksesoriss,Vacuum Cleaner,7963436,10,79634360.0,Ewallet,Returned,HomeEssence
TRX-13760,09-05-2025,ahmad fauzi,Jakarta,Rumah Tangga,Lipstik Wardah,9423551,10,94235510.0,Card,,GadgetMart
TRX-13761,12/06/2025,Mega Putri,Makassar,Rumah Tangga,Headphone JBL,65141,100,6514100.0,Ewallet,Pending,HomeEssence
TRX-13762,19/05/2025,siti aminah,surabaya,makanan,Sepatu Nike,8036378,3,24109134.0,COD,Delivered,PowerCell
TRX-13763,2025/04/22,BUDI SANTOSO,,Makanan,Kaos Polos,2387099,10,23870990.0,E-Wallet,Pending,BeautyHub
TRX-13764,27-03-2025,siti aminah,Den,Olahraga,Smartwatch,1994741,1,1994741.0,Ewallet,pending,BeautyHub
TRX-13765,2025/07/05,andi saputra,Sur,aksesoris,Headphone JBL,874255,5,4371275.0,Card,Returned,PowerCell
TRX-13766,16-05-2025,siti aminah,makassar,Acsesoris,Headphone JBL,9471172,10,94711720.0,Card,pending,TechZone
TRX-13767,2025/08/05,Budi Santoso,Denpasar,Makanans,Smartwatch,9012292,0,0.0,COD,delivered,TechZone
TRX-13768,2025/08/16,MEGA PUTRI,,Aksesoris,Powerbank 10K,8952284,1,8952284.0,Ewallet,Canceled,TrendShop
TRX-13769,08-06-2025,Siti Aminah,surabaya,Kecantikan,Laptop Asus,2425804,15,36387060.0,Kartu Kredit,Pending,TechZone
TRX-13770,06-07-2025,RUDI HARTONO,Jak,olahraga,Headphone JBL,5073331,1,5073331.0,E-Wallet,pending,BeautyHub
TRX-13771,05/03/2025,MEGA PUTRI,Jekerte,,Laptop Asus,1335801,1,1335801.0,Kartu Kredit,Canceled,HomeEssence
TRX-13772,29-06-2025,andi saputra,Meden,Kecantican,Sepatu Nike,1208175,2,2416350.0,COD,pending,SportMax
TRX-13773,2025/03/10,Dewi Lestari,Denpasar,Kecantikans,Smartwatch,9262964,0,0.0,COD,Canceled,TechZone
TRX-13774,2025/05/25,Andi Saputra,Surabaya,Electronic,Sepatu Nike,2418524,5,12092620.0,COD,Pending,PowerCell
TRX-13775,23-07-2025,dewi lestari,Denpeser,rumah tangga,Headphone JBL,9943975,10,99439750.0,COD,Canceled,TechZone
TRX-13776,2025-06-27,Dewi Lestari,Surabaya,Aksesoriss,Lipstik Wardah,9084660,1,9084660.0,Transfer,Returned,GadgetMart
TRX-13777,2025-08-21,budi santoso,Denpasar,Electronic,Sepatu Nike,4068920,5,20344600.0,Kartu Kredit,Delivered,TrendShop
TRX-13778,2025/03/26,ANDI SAPUTRA,Surebeye,Rumah Tangga,Headphone JBL,7067191,3,29081800.141030792,E-Wallet,Canceled,BeautyHub
TRX-13779,2025/04/15,ANDI SAPUTRA,,Fashions,Headphone JBL,4143898,2,8287796.0,Ewallet,delivered,HomeEssence
TRX-13780,2025-05-02,mega putri,Mak,olahraga,Sepatu Nike,6964887,1,6964887.0,E-Wallet,pending,HomeEssence
TRX-13781,2025-03-28,RUDI HARTONO,medan,,Vacuum Cleaner,2812108,5,14060540.0,COD,Pending,PowerCell
TRX-13782,2025/07/24,AHMAD FAUZI,Yogyakarta,Makanan,Laptop Asus,6538574,1,6538574.0,Transfer,Canceled,SportMax
TRX-13783,11/07/2025,dewi lestari,Yogyekerte,makanan,Headphone JBL,6828105,100,682810500.0,Card,Delivered,PowerCell
TRX-13784,2025/04/16,RUDI HARTONO,Yogyakarta,Kecantikans,Smartwatch,6899502,0,0.0,E-Wallet,Delivered,PowerCell
TRX-13785,2025-06-17,Mega Putri,Yogyekerte,Elektroniks,Laptop Asus,6526137,15,129671225.4156699,Ewallet,delivered,TechZone
TRX-13786,02-04-2025,MEGA PUTRI,,Fashion,Laptop Asus,453552,100,45355200.0,,Canceled,GadgetMart
TRX-13787,2025-06-28,SITI AMINAH,Jak,Elektronik,Vacuum Cleaner,9561653,3,28684959.0,E-Wallet,Returned,GadgetMart
TRX-13788,16/06/2025,ahmad fauzi,Bandung,Fashion,Laptop Asus,3866707,10,38667070.0,COD,Returned,GadgetMart
TRX-13789,03-05-2025,Mega Putri,denpasar,Acsesoris,Smartwatch,4124973,1,4124973.0,Card,delivered,PowerCell
TRX-13790,03-06-2025,dewi lestari,Jakarta,Rumah Tanggas,Kaos Polos,4924807,5,24624035.0,COD,pending,TrendShop
TRX-13791,2025-06-24,ahmad fauzi,Jekerte,Electronic,Powerbank 10K,7643832,10,76438320.0,Transfer,Canceled,SportMax
TRX-13792,2025/05/17,Nanda Pratama,Med,Electronic,Lipstik Wardah,3603952,5,18019760.0,E-Wallet,Pending,GadgetMart
TRX-13793,2025/03/21,dewi lestari,yogyakarta,Olahragas,Lipstik Wardah,8429702,15,126445530.0,E-Wallet,Canceled,TechZone
TRX-13794,2025-07-08,RUDI HARTONO,Denpeser,Olahraga,Lipstik Wardah,4260563,1,4260563.0,Kartu Kredit,Returned,TrendShop
TRX-13795,2025-08-25,RUDI HARTONO,denpasar,makanan,Vacuum Cleaner,5422274,10,54222740.0,Card,Pending,PowerCell
TRX-13796,18/07/2025,NANDA PRATAMA,Medan,,Lipstik Wardah,8807529,1,8807529.0,Transfer,Canceled,GadgetMart
TRX-13797,2025/03/02,Dewi Lestari,denpasar,Makanan,Laptop Asus,1747590,10,17475900.0,,Pending,PowerCell
TRX-13798,2025/03/14,ahmad fauzi,jakarta,,Powerbank 10K,1456085,100,145608500.0,COD,delivered,PowerCell
TRX-13799,2025-07-06,ahmad fauzi,Jakarta,Olahraga,Lipstik Wardah,7664567,0,0.0,Card,Canceled,SportMax
TRX-13800,30/04/2025,nanda pratama,Jak,Makanan,Lipstik Wardah,4588847,0,0.0,Ewallet,,HomeEssence
TRX-13801,2025-03-13,Nanda Pratama,Medan,Fashions,Laptop Asus,2371554,15,35573310.0,,pending,HomeEssence
TRX-13802,03/06/2025,rudi hartono,Makassar,rumah tangga,Powerbank 10K,8354932,15,125323980.0,COD,Returned,TrendShop
TRX-13803,16/03/2025,siti aminah,Bendung,Makanans,Smartwatch,9820488,3,29461464.0,Ewallet,Canceled,BeautyHub
TRX-13804,2025-08-18,dewi lestari,Mekesser,Rumah Tanggas,Lipstik Wardah,2548544,100,254854400.0,COD,delivered,PowerCell
TRX-13805,2025/05/26,Rudi Hartono,Bendung,Macanan,Smartwatch,575957,15,8639355.0,Card,Returned,GadgetMart
TRX-13806,2025/03/23,ANDI SAPUTRA,surabaya,Makanans,Smartwatch,6196685,1,6196685.0,COD,Pending,TechZone
TRX-13807,11/06/2025,budi santoso,jakarta,Aksesoris,Smartwatch,7920341,3,23761023.0,Transfer,Canceled,TrendShop
TRX-13808,2025/07/06,Andi Saputra,makassar,fashion,Kaos Polos,362499,10,3624990.0,Card,pending,TechZone
TRX-13809,2025-03-08,budi santoso,Med,Olahraga,Powerbank 10K,3784049,1,3784049.0,COD,delivered,TechZone
TRX-13810,2025-04-26,RUDI HARTONO,Mak,Fashion,Kaos Polos,1320242,3,3960726.0,Card,Pending,BeautyHub
TRX-13811,26-05-2025,budi santoso,medan,Kecantikan,Sepatu Nike,2340860,5,11704300.0,Transfer,Delivered,HomeEssence
TRX-13812,26-08-2025,Mega Putri,Mekesser,aksesoris,Laptop Asus,1223077,2,2446154.0,E-Wallet,Delivered,PowerCell
TRX-13813,03-06-2025,Andi Saputra,medan,aksesoris,Lipstik Wardah,9469257,1,9469257.0,Kartu Kredit,delivered,HomeEssence
TRX-13814,01/05/2025,siti aminah,jakarta,Aksesoriss,Kaos Polos,9333926,10,93339260.0,COD,Canceled,TechZone
TRX-13815,06-06-2025,Siti Aminah,Jak,Elektronik,Sepatu Nike,206837,2,413674.0,Ewallet,delivered,GadgetMart
TRX-13816,2025-05-07,Mega Putri,Yogyakarta,Elektroniks,Sepatu Nike,1660921,3,4982763.0,Kartu Kredit,,GadgetMart
TRX-13817,11-07-2025,Ahmad Fauzi,makassar,Makanan,Vacuum Cleaner,4513593,5,22567965.0,Card,,TechZone
TRX-13818,2025/03/15,andi saputra,Bendung,Fashion,Smartwatch,7020746,15,82203124.20467211,COD,delivered,TechZone
TRX-13819,15/06/2025,ANDI SAPUTRA,Bandung,Electronic,Vacuum Cleaner,4211460,15,63171900.0,Transfer,Returned,TechZone
TRX-13820,28/05/2025,dewi lestari,Sur,Rumah Tanggas,Powerbank 10K,5925836,0,0.0,,delivered,TechZone
TRX-13821,2025/07/15,Siti Aminah,makassar,fashion,Smartwatch,8231494,3,24694482.0,COD,Canceled,PowerCell
TRX-13822,2025-07-28,budi santoso,makassar,Olahraga,Smartwatch,1527482,5,7637410.0,E-Wallet,Canceled,TrendShop
TRX-13823,2025-08-24,mega putri,Sur,Makanan,Headphone JBL,9672286,0,0.0,Card,delivered,TrendShop
TRX-13824,2025/04/23,Mega Putri,Meden,olahraga,Smartwatch,6578925,1,6578925.0,E-Wallet,,HomeEssence
TRX-13825,2025/04/02,andi saputra,Den,olahraga,Smartwatch,2717107,3,8151321.0,Transfer,pending,GadgetMart
TRX-13826,16-05-2025,ANDI SAPUTRA,Makassar,rumah tangga,Kaos Polos,6207703,15,93115545.0,COD,Delivered,HomeEssence
TRX-13827,2025-06-28,rudi hartono,Makassar,kecantikan,Laptop Asus,3170847,100,317084700.0,E-Wallet,pending,GadgetMart
TRX-13828,11-03-2025,Dewi Lestari,Jakarta,Electronic,Vacuum Cleaner,5181131,1,7184445.182788016,,Pending,TrendShop
TRX-13829,2025/08/19,Siti Aminah,Denpeser,fashion,Vacuum Cleaner,3199407,1,3413917.312121116,Transfer,Returned,HomeEssence
TRX-13830,2025/06/25,siti aminah,medan,Fashion,Vacuum Cleaner,7596128,1,4196745.898022322,Ewallet,Pending,TrendShop
TRX-13831,2025-07-07,Andi Saputra,Medan,Rumah Tanggas,Kaos Polos,7328492,1,7328492.0,Ewallet,Canceled,PowerCell
TRX-13832,03-05-2025,Dewi Lestari,Surabaya,Olahraga,Headphone JBL,2373964,1,2373964.0,Ewallet,pending,TechZone
TRX-13833,2025-05-26,ahmad fauzi,Denpeser,aksesoris,Sepatu Nike,5667492,0,0.0,Kartu Kredit,Pending,PowerCell
TRX-13834,2025/08/15,budi santoso,Denpeser,Fashion,Powerbank 10K,1392643,100,139264300.0,,pending,TechZone
TRX-13835,12/08/2025,SITI AMINAH,Denpeser,Makanan,Headphone JBL,9349953,0,0.0,E-Wallet,pending,GadgetMart
TRX-13836,2025-06-29,siti aminah,makassar,Fashion,Smartwatch,2563614,1,2563614.0,E-Wallet,Delivered,HomeEssence
TRX-13837,2025/05/09,andi saputra,Medan,Macanan,Laptop Asus,3194720,0,0.0,Card,Returned,SportMax
TRX-13838,20-03-2025,Ahmad Fauzi,Medan,Kecantikans,Kaos Polos,6242072,2,12484144.0,Card,delivered,SportMax
TRX-13839,08/08/2025,budi santoso,Jak,Aksesoris,Kaos Polos,6511029,10,43134391.667571574,E-Wallet,Delivered,TrendShop
TRX-13840,2025/07/23,dewi lestari,Surebeye,makanan,Kaos Polos,8067464,1,8067464.0,COD,Returned,TechZone
TRX-13841,07-07-2025,Dewi Lestari,Makassar,Rumah Tanggas,Vacuum Cleaner,1209149,3,3627447.0,E-Wallet,Canceled,HomeEssence
TRX-13842,2025-03-06,ahmad fauzi,Yogyakarta,Fashion,Headphone JBL,1889968,1,1889968.0,Card,Delivered,GadgetMart
TRX-13843,29-07-2025,budi santoso,Jekerte,elektronik,Headphone JBL,1336793,1,1336793.0,Card,Pending,GadgetMart
TRX-13844,25/07/2025,Rudi Hartono,Yogyakarta,makanan,Headphone JBL,1991042,5,9955210.0,E-Wallet,Returned,BeautyHub
TRX-13845,07-05-2025,ahmad fauzi,Surabaya,Elektronik,Kaos Polos,3868067,1,3868067.0,Card,pending,PowerCell
TRX-13846,2025/04/11,siti aminah,Yogyakarta,Rumah Tanggas,Powerbank 10K,6407722,15,96115830.0,Transfer,Delivered,GadgetMart
TRX-13847,2025/08/13,rudi hartono,denpasar,Kecantikan,Kaos Polos,3907469,5,19537345.0,Kartu Kredit,Canceled,PowerCell
TRX-13848,20-06-2025,Mega Putri,surabaya,fashion,Headphone JBL,2516993,1,2516993.0,,Pending,HomeEssence
TRX-13849,2025-03-26,budi santoso,Mak,Makanan,Laptop Asus,8838377,3,26515131.0,Ewallet,Canceled,TechZone
TRX-13850,2025/03/19,Siti Aminah,Surebeye,Macanan,Powerbank 10K,5388888,1,6755321.678613813,E-Wallet,Returned,PowerCell
TRX-13851,2025/06/14,Rudi Hartono,Jekerte,Acsesoris,Sepatu Nike,3522108,1,1879864.3024311769,E-Wallet,pending,SportMax
TRX-13852,2025/05/20,Budi Santoso,yogyakarta,Makanan,Laptop Asus,5818076,100,581807600.0,E-Wallet,pending,GadgetMart
TRX-13853,04/05/2025,BUDI SANTOSO,Jekerte,Olahraga,Smartwatch,3291695,10,32916950.0,Ewallet,pending,HomeEssence
TRX-13854,2025/07/27,NANDA PRATAMA,Medan,elektronik,Headphone JBL,6693509,100,669350900.0,Card,pending,PowerCell
TRX-13855,2025/06/02,dewi lestari,Surebeye,fashion,Lipstik Wardah,4821873,10,48218730.0,E-Wallet,pending,SportMax
TRX-13856,16-07-2025,rudi hartono,Denpeser,Elektronik,Vacuum Cleaner,1135110,1,1135110.0,,Pending,SportMax
TRX-13857,2025/04/23,Rudi Hartono,,Acsesoris,Headphone JBL,4673527,5,23367635.0,Transfer,delivered,TrendShop
TRX-13858,21-07-2025,Andi Saputra,Yogyakarta,Olahraga,Vacuum Cleaner,5956512,2,11913024.0,,Returned,PowerCell
TRX-13859,2025-07-24,Ahmad Fauzi,Makassar,Kecantican,Headphone JBL,1024687,3,3074061.0,Kartu Kredit,delivered,TrendShop
TRX-13860,2025-07-29,dewi lestari,yogyakarta,Makanans,Headphone JBL,5890445,5,29452225.0,COD,pending,BeautyHub
TRX-13861,07/06/2025,Dewi Lestari,Medan,Electronic,Lipstik Wardah,2729590,2,6496412.542857339,Card,pending,SportMax
TRX-13862,19-05-2025,SITI AMINAH,Medan,Olahraga,Vacuum Cleaner,2087775,10,20877750.0,COD,Delivered,SportMax
TRX-13863,2025-05-09,SITI AMINAH,Denpasar,Macanan,Powerbank 10K,4868060,15,73020900.0,COD,Pending,TrendShop
TRX-13864,03/04/2025,Budi Santoso,Surebeye,Makanans,Powerbank 10K,2663456,2,5326912.0,Card,,SportMax
TRX-13865,18/08/2025,ahmad fauzi,Jekerte,Fashions,Kaos Polos,6601381,1,6601381.0,E-Wallet,Delivered,TrendShop
TRX-13866,2025/05/03,siti aminah,Yogyekerte,fashion,Laptop Asus,658919,5,3294595.0,Kartu Kredit,Pending,HomeEssence
TRX-13867,03-04-2025,Dewi Lestari,Denpasar,Rumah Tangga,Powerbank 10K,6777830,0,0.0,Transfer,Returned,BeautyHub
TRX-13868,29/06/2025,nanda pratama,Jak,Rumah Tanggas,Kaos Polos,8779430,3,26338290.0,Ewallet,Canceled,TrendShop
TRX-13869,2025/06/04,ANDI SAPUTRA,surabaya,Rumah Tangga,Laptop Asus,7402236,1,7402236.0,Card,Delivered,SportMax
TRX-13870,2025/04/16,AHMAD FAUZI,Denpeser,,Vacuum Cleaner,5326473,2,10652946.0,COD,,TrendShop
TRX-13871,29-06-2025,ahmad fauzi,bandung,Olahraga,Vacuum Cleaner,2639644,3,7918932.0,Transfer,Pending,BeautyHub
TRX-13872,05/03/2025,Budi Santoso,Surabaya,Elektronik,Laptop Asus,7259403,1,7259403.0,Transfer,Delivered,TechZone
TRX-13873,21-03-2025,Ahmad Fauzi,Surabaya,Fashion,Vacuum Cleaner,3108321,2,6216642.0,E-Wallet,delivered,SportMax
TRX-13874,2025/04/23,Budi Santoso,bandung,aksesoris,Powerbank 10K,6497726,2,12995452.0,COD,Delivered,BeautyHub
TRX-13875,24-06-2025,RUDI HARTONO,Den,Rumah Tanggas,Headphone JBL,3153800,5,15769000.0,Card,delivered,PowerCell
TRX-13876,28/07/2025,Budi Santoso,Medan,Olahraga,Smartwatch,8812529,10,88125290.0,COD,Returned,BeautyHub
TRX-13877,09/05/2025,Budi Santoso,Jekerte,aksesoris,Powerbank 10K,7962798,1,7962798.0,Transfer,delivered,TechZone
TRX-13878,14/08/2025,Nanda Pratama,Surabaya,olahraga,Kaos Polos,5722745,5,28613725.0,Ewallet,Canceled,PowerCell
TRX-13879,09/05/2025,Andi Saputra,Med,Rumah Tanggas,Laptop Asus,9633105,10,96331050.0,,Pending,SportMax
TRX-13880,23/07/2025,Nanda Pratama,Yog,Olahraga,Vacuum Cleaner,3869128,5,19345640.0,E-Wallet,Canceled,PowerCell
TRX-13881,2025-08-25,nanda pratama,Jakarta,kecantikan,Sepatu Nike,1890220,5,9451100.0,Ewallet,delivered,TrendShop
TRX-13882,22/08/2025,DEWI LESTARI,Yogyakarta,,Headphone JBL,462610,0,0.0,COD,delivered,HomeEssence
TRX-13883,02/08/2025,Ahmad Fauzi,denpasar,Rumah Tangga,Smartwatch,102055,1,102055.0,Ewallet,Pending,PowerCell
TRX-13884,14-07-2025,Ahmad Fauzi,Medan,Kecantikans,Lipstik Wardah,2547838,1,2547838.0,,Pending,HomeEssence
TRX-13885,2025-06-21,Nanda Pratama,Meden,,Headphone JBL,5812726,0,0.0,Card,pending,GadgetMart
TRX-13886,13/08/2025,Rudi Hartono,Jakarta,Rumah Tanggas,Kaos Polos,3593244,100,359324400.0,Ewallet,Canceled,PowerCell
TRX-13887,20/06/2025,ANDI SAPUTRA,Bendung,Fashion,Laptop Asus,7616169,10,76161690.0,Transfer,,GadgetMart
TRX-13888,24-04-2025,budi santoso,jakarta,makanan,Headphone JBL,5948131,0,0.0,Ewallet,delivered,TrendShop
TRX-13889,2025-03-17,andi saputra,surabaya,Elektroniks,Powerbank 10K,209876,5,1049380.0,Kartu Kredit,Pending,SportMax
TRX-13890,2025/08/21,NANDA PRATAMA,surabaya,Kecantikans,Lipstik Wardah,9838041,0,0.0,COD,Pending,PowerCell
TRX-13891,2025/08/18,andi saputra,surabaya,Olahraga,Sepatu Nike,3561449,5,17807245.0,COD,Returned,SportMax
TRX-13892,17-04-2025,Budi Santoso,Jekerte,Fashion,Sepatu Nike,3508332,1,3508332.0,Card,delivered,TechZone
TRX-13893,12/06/2025,AHMAD FAUZI,Yog,Elektronik,Vacuum Cleaner,9490105,2,18980210.0,Card,Canceled,PowerCell
TRX-13894,2025/06/22,mega putri,Yogyekerte,Rumah Tangga,Smartwatch,9930084,10,99300840.0,COD,Delivered,PowerCell
TRX-13895,2025/06/10,ANDI SAPUTRA,,Kecantican,Vacuum Cleaner,3876562,10,38765620.0,E-Wallet,Delivered,BeautyHub
TRX-13896,03/06/2025,Andi Saputra,Yogyekerte,Rumah Tanggas,Sepatu Nike,1558797,15,23381955.0,Ewallet,pending,TrendShop
TRX-13897,2025-07-03,Andi Saputra,Ban,Aksesoris,Lipstik Wardah,9086545,1,9086545.0,E-Wallet,pending,HomeEssence
TRX-13898,2025-06-21,MEGA PUTRI,Medan,Olahraga,Lipstik Wardah,7610105,1,7610105.0,E-Wallet,,PowerCell
TRX-13899,2025/04/11,Dewi Lestari,Jakarta,Electronic,Headphone JBL,8248931,0,0.0,E-Wallet,Canceled,PowerCell
TRX-13900,07-05-2025,MEGA PUTRI,denpasar,Kecantikans,Sepatu Nike,4925436,100,492543600.0,Kartu Kredit,Delivered,PowerCell
TRX-13901,16/04/2025,dewi lestari,medan,Kecantikans,Vacuum Cleaner,7990312,0,0.0,Ewallet,Delivered,HomeEssence
TRX-13902,02-07-2025,AHMAD FAUZI,Jakarta,Olahraga,Powerbank 10K,9660401,15,144906015.0,Transfer,Returned,PowerCell
TRX-13903,24/07/2025,Ahmad Fauzi,Makassar,Kecantican,Headphone JBL,6411293,10,64112930.0,Transfer,Canceled,TechZone
TRX-13904,17-03-2025,budi santoso,Surabaya,,Lipstik Wardah,2008754,100,200875400.0,Kartu Kredit,pending,HomeEssence
TRX-13905,01-07-2025,Rudi Hartono,Yogyakarta,rumah tangga,Powerbank 10K,1421242,10,14212420.0,Transfer,delivered,GadgetMart
TRX-13906,04-05-2025,Nanda Pratama,Ban,Kecantikans,Kaos Polos,2070148,1,2070148.0,E-Wallet,Canceled,PowerCell
TRX-13907,13-07-2025,mega putri,surabaya,Kecantican,Kaos Polos,4086589,2,8173178.0,Ewallet,Pending,TrendShop
TRX-13908,2025-03-24,Budi Santoso,Denpeser,rumah tangga,Lipstik Wardah,2776427,0,0.0,Card,pending,PowerCell
TRX-13909,20-03-2025,SITI AMINAH,Med,,Lipstik Wardah,2859858,2,5719716.0,E-Wallet,delivered,BeautyHub
TRX-13910,2025/07/21,Andi Saputra,Mak,Macanan,Lipstik Wardah,4637826,10,46378260.0,COD,delivered,TrendShop
TRX-13911,2025/07/19,NANDA PRATAMA,Jekerte,aksesoris,Smartwatch,8057599,1,8057599.0,Card,pending,SportMax
TRX-13912,12-05-2025,mega putri,Denpeser,Fashions,Headphone JBL,7071982,15,106079730.0,E-Wallet,Pending,PowerCell
TRX-13913,2025-06-26,BUDI SANTOSO,Medan,makanan,Smartwatch,6522345,0,0.0,Kartu Kredit,Returned,GadgetMart
TRX-13914,03-04-2025,Mega Putri,Yogyakarta,Olahraga,Laptop Asus,185101060,10,92550530.0,COD,Returned,SportMax
TRX-13915,2025/06/23,siti aminah,makassar,Elektroniks,Vacuum Cleaner,1439068,2,2878136.0,Kartu Kredit,Delivered,BeautyHub
TRX-13916,2025/08/16,mega putri,Surabaya,Electronic,Vacuum Cleaner,3467932,0,0.0,COD,pending,BeautyHub
TRX-13917,28-05-2025,Nanda Pratama,Yog,Acsesoris,Smartwatch,7084926,1,7084926.0,,Delivered,PowerCell
TRX-13918,2025-08-27,ahmad fauzi,,elektronik,Sepatu Nike,5181547,15,77723205.0,Card,Delivered,HomeEssence
TRX-13919,2025-07-04,ahmad fauzi,Sur,Olahraga,Headphone JBL,1422407,1,1422407.0,Ewallet,pending,BeautyHub
TRX-13920,2025/08/23,nanda pratama,Ban,makanan,Smartwatch,7263741,0,0.0,E-Wallet,pending,BeautyHub
TRX-13921,2025/05/13,ahmad fauzi,Yog,Rumah Tanggas,Vacuum Cleaner,1412270,5,7061350.0,Card,Returned,TrendShop
TRX-13922,05/04/2025,AHMAD FAUZI,surabaya,Electronic,Headphone JBL,7082205,10,70822050.0,E-Wallet,Pending,SportMax
TRX-13923,2025-06-20,Nanda Pratama,Meden,fashion,Smartwatch,2164253,1,2164253.0,E-Wallet,pending,BeautyHub
TRX-13924,21-06-2025,ANDI SAPUTRA,Mak,aksesoris,Vacuum Cleaner,8064324,1,8064324.0,,Pending,GadgetMart
TRX-13925,06-05-2025,ANDI SAPUTRA,Bendung,Macanan,Lipstik Wardah,4454309,1,4454309.0,Card,delivered,SportMax
TRX-13926,2025/05/08,RUDI HARTONO,Surabaya,Elektroniks,Vacuum Cleaner,820569,15,12308535.0,Kartu Kredit,Canceled,TrendShop
TRX-13927,08-08-2025,nanda pratama,Yog,Fashion,Smartwatch,7863516,1,7863516.0,E-Wallet,delivered,TechZone
TRX-13928,2025-08-26,Mega Putri,Yogyekerte,Olahraga,Headphone JBL,2848940,3,427341.0,Card,Returned,SportMax
TRX-13929,24/03/2025,AHMAD FAUZI,Ban,Elektronik,Vacuum Cleaner,9517170,1,9517170.0,E-Wallet,Returned,BeautyHub
TRX-13930,09-05-2025,andi saputra,makassar,Fashion,Smartwatch,3585797,100,358579700.0,Transfer,delivered,TechZone
TRX-13931,07/06/2025,RUDI HARTONO,Surabaya,fashion,Smartwatch,8215571,0,0.0,COD,Returned,BeautyHub
TRX-13932,25/04/2025,DEWI LESTARI,Surabaya,Olahraga,Kaos Polos,4411909,1,4411909.0,Card,delivered,HomeEssence
TRX-13933,2025/08/18,Budi Santoso,yogyakarta,Olahraga,Vacuum Cleaner,1199707,3,3599121.0,Transfer,Pending,TechZone
TRX-13934,2025-07-18,SITI AMINAH,Medan,Kecantikans,Sepatu Nike,9422378,15,141335670.0,Transfer,Delivered,HomeEssence
TRX-13935,31/07/2025,Andi Saputra,denpasar,Olahraga,Sepatu Nike,3833938,1,3833938.0,Kartu Kredit,Returned,HomeEssence
TRX-13936,23-05-2025,Dewi Lestari,Ban,aksesoris,Laptop Asus,9296875,5,46484375.0,E-Wallet,pending,HomeEssence
TRX-13937,2025/08/23,SITI AMINAH,Mak,,Smartwatch,4281874,100,428187400.0,,Canceled,HomeEssence
TRX-13938,2025/06/15,ANDI SAPUTRA,Bandung,aksesoris,Smartwatch,7428343,3,22285029.0,COD,pending,SportMax
TRX-13939,2025-03-20,NANDA PRATAMA,Bandung,makanan,Sepatu Nike,590027,2,1582965.4418149705,E-Wallet,Pending,TrendShop
TRX-13940,22-06-2025,NANDA PRATAMA,makassar,Kecantican,Laptop Asus,805724,3,2417172.0,COD,Returned,BeautyHub
TRX-13941,04-04-2025,NANDA PRATAMA,Ban,Aksesoris,Powerbank 10K,7691646,3,23074938.0,Kartu Kredit,Returned,TrendShop
TRX-13942,03-08-2025,nanda pratama,Meden,Olahraga,Headphone JBL,1486052,1,1486052.0,Kartu Kredit,Returned,HomeEssence
TRX-13943,06/08/2025,MEGA PUTRI,Denpeser,kecantikan,Lipstik Wardah,3981067,2,7962134.0,E-Wallet,Returned,TrendShop
TRX-13944,2025-03-21,Andi Saputra,Jak,Electronic,Kaos Polos,2531498,10,25314980.0,Transfer,Returned,SportMax
TRX-13945,2025-04-29,Budi Santoso,Mak,fashion,Smartwatch,3154379,5,22489108.27935656,Kartu Kredit,Canceled,GadgetMart
TRX-13946,2025-06-19,DEWI LESTARI,medan,Acsesoris,Sepatu Nike,6308588,1,6828666.806173244,E-Wallet,Pending,TechZone
TRX-13947,2025-05-29,Andi Saputra,Yog,Olahraga,Sepatu Nike,86051,3,258153.0,COD,Delivered,SportMax
TRX-13948,22/05/2025,Nanda Pratama,Yogyakarta,Rumah Tangga,Smartwatch,5370218,15,80553270.0,COD,Delivered,GadgetMart
TRX-13949,2025/06/12,Mega Putri,Denpeser,Fashion,Powerbank 10K,3486005,1,3486005.0,Card,pending,SportMax
TRX-13950,15-03-2025,rudi hartono,bandung,Aksesoriss,Headphone JBL,4617994,1,6398892.766566375,Transfer,Delivered,HomeEssence
TRX-13951,2025/03/10,siti aminah,Bandung,aksesoris,Powerbank 10K,2072862,10,20728620.0,Card,Canceled,TechZone
TRX-13952,2025-07-23,Mega Putri,Bendung,Kecantican,Vacuum Cleaner,7706575,1,7706575.0,Transfer,Pending,HomeEssence
TRX-13953,2025/03/11,budi santoso,Ban,Olahraga,Lipstik Wardah,727551,2,1455102.0,Transfer,Delivered,SportMax
TRX-13954,2025-05-08,andi saputra,,Electronic,Laptop Asus,6430863,100,643086300.0,Card,Delivered,BeautyHub
TRX-13955,2025/03/14,Mega Putri,denpasar,Makanans,Laptop Asus,3782529,100,378252900.0,Card,Canceled,SportMax
TRX-13956,11-05-2025,NANDA PRATAMA,Meden,Electronic,Lipstik Wardah,2610390,5,13051950.0,E-Wallet,,TrendShop
TRX-13957,2025/05/17,nanda pratama,Jak,fashion,Lipstik Wardah,3143348,10,31433480.0,E-Wallet,Delivered,GadgetMart
TRX-13958,2025/06/13,Mega Putri,Denpeser,Kecantican,Kaos Polos,5294899,10,52948990.0,COD,Returned,SportMax
TRX-13959,17-03-2025,Budi Santoso,Surabaya,Makanan,Sepatu Nike,1247678,1,1247678.0,Transfer,Delivered,BeautyHub
TRX-13960,09-05-2025,ahmad fauzi,Medan,olahraga,Vacuum Cleaner,53420,1,53420.0,,,SportMax
TRX-13961,2025/04/07,andi saputra,Sur,Electronic,Lipstik Wardah,4785332,15,71779980.0,Ewallet,Canceled,SportMax
TRX-13962,17/04/2025,mega putri,Denpasar,Olahraga,Sepatu Nike,4688952,1,4688952.0,Transfer,Canceled,SportMax
TRX-13963,2025-08-04,rudi hartono,Yogyekerte,aksesoris,Vacuum Cleaner,6799645,1,6799645.0,Ewallet,Returned,TechZone
TRX-13964,2025/04/13,siti aminah,Jekerte,Rumah Tangga,Lipstik Wardah,7635321,1,7635321.0,Transfer,Returned,GadgetMart
TRX-13965,2025-06-22,NANDA PRATAMA,Jakarta,Makanan,Lipstik Wardah,1358396,1,1358396.0,E-Wallet,delivered,GadgetMart
TRX-13966,08/08/2025,RUDI HARTONO,Yogyekerte,Makanans,Kaos Polos,2282821,15,34242315.0,E-Wallet,Canceled,TechZone
TRX-13967,08-05-2025,budi santoso,Jakarta,Aksesoriss,Vacuum Cleaner,3129676,3,11152398.231030818,Kartu Kredit,Canceled,SportMax
TRX-13968,2025-05-06,Andi Saputra,Meden,Olahraga,Powerbank 10K,8733823,1,8733823.0,E-Wallet,Canceled,GadgetMart
TRX-13969,08-08-2025,BUDI SANTOSO,Yogyekerte,Makanans,Headphone JBL,9218288,2,18436576.0,Kartu Kredit,Pending,HomeEssence
TRX-13970,2025-03-27,Siti Aminah,makassar,Kecantikan,Lipstik Wardah,3534634,10,35346340.0,Card,delivered,SportMax
TRX-13971,09/06/2025,budi santoso,Bendung,Fashion,Smartwatch,9675695,100,967569500.0,COD,Returned,SportMax
TRX-13972,05-05-2025,DEWI LESTARI,Jakarta,Fashion,Sepatu Nike,5664987,3,16994961.0,E-Wallet,Canceled,HomeEssence
TRX-13973,17-03-2025,MEGA PUTRI,Yogyakarta,elektronik,Powerbank 10K,9522293,0,0.0,Kartu Kredit,Pending,TechZone
TRX-13974,31/07/2025,Mega Putri,Yogyakarta,Aksesoris,Powerbank 10K,7984761,1,7984761.0,Card,Delivered,SportMax
TRX-13975,2025-07-30,MEGA PUTRI,Bandung,Rumah Tanggas,Laptop Asus,9823748,10,98237480.0,COD,Canceled,PowerCell
TRX-13976,2025/05/02,budi santoso,Jekerte,Makanans,Kaos Polos,9590615,1,9590615.0,Kartu Kredit,Pending,BeautyHub
TRX-13977,24-07-2025,AHMAD FAUZI,Denpeser,aksesoris,Vacuum Cleaner,8049317,1,8049317.0,,Pending,SportMax
TRX-13978,2025/03/05,rudi hartono,Mekesser,fashion,Headphone JBL,6167250,3,18501750.0,COD,,SportMax
TRX-13979,2025/05/20,Ahmad Fauzi,,Macanan,Headphone JBL,3514143,3,10542429.0,Ewallet,Returned,SportMax
TRX-13980,23/06/2025,Nanda Pratama,denpasar,Rumah Tangga,Kaos Polos,4316246,1,4316246.0,Transfer,pending,TechZone
TRX-13981,20-07-2025,mega putri,Mak,Olahraga,Laptop Asus,9763061,10,97630610.0,Ewallet,Pending,TechZone
TRX-13982,2025-06-19,dewi lestari,jakarta,Rumah Tangga,Vacuum Cleaner,9120894,0,0.0,Card,pending,GadgetMart
TRX-13983,2025-04-12,mega putri,makassar,Macanan,Headphone JBL,7061612,15,105924180.0,Kartu Kredit,,TechZone
TRX-13984,2025/07/11,Rudi Hartono,Surebeye,elektronik,Smartwatch,9967883,2,19935766.0,Ewallet,Delivered,TrendShop
TRX-13985,09-05-2025,mega putri,Surabaya,Fashion,Headphone JBL,8670929,3,26012787.0,Card,Delivered,SportMax
TRX-13986,2025-06-18,ahmad fauzi,Sur,makanan,Headphone JBL,494842,1,494842.0,COD,Returned,PowerCell
TRX-13987,2025-04-25,Mega Putri,makassar,Olahraga,Headphone JBL,6040842,15,90612630.0,E-Wallet,Canceled,TrendShop
TRX-13988,15/07/2025,andi saputra,yogyakarta,Olahraga,Kaos Polos,152903,1,152903.0,E-Wallet,Delivered,TechZone
TRX-13989,23/08/2025,Ahmad Fauzi,Surebeye,Elektronik,Smartwatch,4112175,0,0.0,Kartu Kredit,pending,SportMax
TRX-13990,2025/04/26,ANDI SAPUTRA,Surabaya,Fashion,Lipstik Wardah,7369797,1,3865553.3560583177,Card,,SportMax
TRX-13991,2025/06/20,Budi Santoso,Jakarta,Macanan,Headphone JBL,9578778,100,957877800.0,Card,Canceled,TechZone
TRX-13992,2025/06/12,MEGA PUTRI,makassar,fashion,Smartwatch,6152910,5,30764550.0,Ewallet,Pending,SportMax
TRX-13993,01-03-2025,dewi lestari,Bendung,aksesoris,Headphone JBL,552939,2,1105878.0,COD,pending,PowerCell
TRX-13994,12/05/2025,RUDI HARTONO,Jekerte,Electronic,Vacuum Cleaner,2833993,0,0.0,Transfer,Returned,TechZone
TRX-13995,11/04/2025,Dewi Lestari,Bendung,Fashion,Kaos Polos,2418410,5,12092050.0,E-Wallet,delivered,SportMax
TRX-13996,2025-03-25,rudi hartono,Med,aksesoris,Vacuum Cleaner,5549685,2,11099370.0,Kartu Kredit,,HomeEssence
TRX-13997,30/07/2025,BUDI SANTOSO,Sur,Rumah Tangga,Sepatu Nike,5452066,1,5452066.0,Ewallet,Delivered,PowerCell
TRX-13998,2025-06-19,Ahmad Fauzi,Surebeye,rumah tangga,Kaos Polos,1935249,2,3870498.0,Ewallet,delivered,BeautyHub
TRX-13999,07-08-2025,Mega Putri,Bandung,fashion,Headphone JBL,8412089,5,42060445.0,COD,Pending,SportMax
TRX-14000,15/08/2025,Rudi Hartono,Yogyekerte,elektronik,Sepatu Nike,7486391,10,91804284.68577029,Card,Pending,GadgetMart
TRX-14001,2025-03-26,Dewi Lestari,Jak,Fashions,Vacuum Cleaner,7037659,1,7037659.0,E-Wallet,,TechZone
TRX-14002,18-06-2025,siti aminah,jakarta,Macanan,Smartwatch,3263274,1,3263274.0,Ewallet,Returned,GadgetMart
TRX-14003,08/06/2025,MEGA PUTRI,Jak,Fashions,Laptop Asus,9209486,0,0.0,Ewallet,delivered,TrendShop
TRX-14004,23/06/2025,Rudi Hartono,Mekesser,,Powerbank 10K,8952280,5,44761400.0,Kartu Kredit,Delivered,HomeEssence
TRX-14005,14-08-2025,Ahmad Fauzi,Mekesser,Fashion,Headphone JBL,4080272,5,20401360.0,Card,pending,SportMax
TRX-14006,10-05-2025,rudi hartono,medan,Olahraga,Vacuum Cleaner,6913859,5,34569295.0,,Returned,TechZone
TRX-14007,2025-05-19,mega putri,Denpasar,Fashions,Headphone JBL,1549202,100,154920200.0,COD,Canceled,TrendShop
TRX-14008,2025/06/09,mega putri,Makassar,Makanan,Smartwatch,4106926,5,20534630.0,COD,pending,PowerCell
TRX-14009,2025-05-30,NANDA PRATAMA,Medan,Fashion,Headphone JBL,4152391,3,12457173.0,Ewallet,Pending,PowerCell
TRX-14010,2025-06-11,AHMAD FAUZI,Sur,Olahragas,Headphone JBL,1320008,3,3960024.0,E-Wallet,delivered,TrendShop
TRX-14011,21/06/2025,dewi lestari,Den,Olahragas,Smartwatch,610643,10,6106430.0,Card,Pending,GadgetMart
TRX-14012,2025-07-29,Siti Aminah,Bandung,Rumah Tangga,Vacuum Cleaner,5228066,100,522806600.0,Card,pending,GadgetMart
TRX-14013,2025/03/03,andi saputra,Yogyekerte,Rumah Tangga,Laptop Asus,4493738,1,4493738.0,Ewallet,Returned,HomeEssence
TRX-14014,2025-08-03,rudi hartono,makassar,Rumah Tangga,Laptop Asus,641952,100,64195200.0,COD,Returned,HomeEssence
TRX-14015,24-08-2025,andi saputra,Jak,Acsesoris,Smartwatch,4017445,0,0.0,Card,Delivered,TrendShop
TRX-14016,27-07-2025,RUDI HARTONO,,aksesoris,Kaos Polos,2598965,15,38984475.0,Card,Canceled,GadgetMart
TRX-14017,23/04/2025,dewi lestari,Mak,Rumah Tangga,Laptop Asus,8042339,0,0.0,,Returned,BeautyHub
TRX-14018,18/04/2025,Nanda Pratama,Yogyakarta,Kecantikans,Vacuum Cleaner,4427577,5,22137885.0,,delivered,PowerCell
TRX-14019,2025-03-29,NANDA PRATAMA,Surebeye,Kecantikan,Kaos Polos,8812927,1,8812927.0,Kartu Kredit,Canceled,GadgetMart
TRX-14020,02-03-2025,Siti Aminah,Mekesser,Olahraga,Vacuum Cleaner,4031917,3,12095751.0,COD,Canceled,PowerCell
TRX-14021,2025/07/12,siti aminah,Surebeye,Makanans,Powerbank 10K,7935612,5,39678060.0,Ewallet,delivered,TechZone
TRX-14022,11-07-2025,Siti Aminah,Yogyekerte,Macanan,Headphone JBL,9154695,5,45773475.0,Transfer,Delivered,PowerCell
TRX-14023,2025/07/05,Budi Santoso,makassar,makanan,Vacuum Cleaner,1108335,0,0.0,Ewallet,,TrendShop
TRX-14024,13/03/2025,RUDI HARTONO,Yogyekerte,fashion,Sepatu Nike,1119626,2,2239252.0,E-Wallet,Returned,HomeEssence
TRX-14025,03-08-2025,SITI AMINAH,Meden,Elektronik,Laptop Asus,536383,100,53638300.0,,Returned,PowerCell
TRX-14026,2025-03-20,Dewi Lestari,Medan,Rumah Tangga,Powerbank 10K,2378481,2,4756962.0,Kartu Kredit,Pending,HomeEssence
TRX-14027,2025/08/18,ANDI SAPUTRA,Medan,Elektronik,Powerbank 10K,8306568,15,124598520.0,Kartu Kredit,Canceled,SportMax
TRX-14028,23-04-2025,ANDI SAPUTRA,Denpeser,Electronic,Headphone JBL,2702880,3,8108640.0,Transfer,Delivered,TechZone
TRX-14029,2025-04-06,mega putri,Sur,,Lipstik Wardah,4883107,3,14649321.0,COD,Delivered,TechZone
TRX-14030,2025-04-17,NANDA PRATAMA,Den,Aksesoriss,Powerbank 10K,4320358,1,4320358.0,Kartu Kredit,pending,PowerCell
TRX-14031,13/03/2025,ANDI SAPUTRA,surabaya,aksesoris,Sepatu Nike,6927486,15,103912290.0,Ewallet,delivered,BeautyHub
TRX-14032,07-08-2025,Rudi Hartono,medan,Fashion,Vacuum Cleaner,5286889,1,5286889.0,E-Wallet,Returned,BeautyHub
TRX-14033,2025-03-14,ANDI SAPUTRA,,Rumah Tanggas,Kaos Polos,9889795,15,148346925.0,Kartu Kredit,Delivered,TrendShop
TRX-14034,2025/04/05,ANDI SAPUTRA,Ban,Elektronik,Vacuum Cleaner,3673687,10,36736870.0,,Returned,GadgetMart
TRX-14035,2025/07/28,rudi hartono,Den,Aksesoriss,Sepatu Nike,2042719,10,20427190.0,Kartu Kredit,pending,HomeEssence
TRX-14036,2025/04/29,andi saputra,Ban,Makanans,Lipstik Wardah,5759065,15,129230692.4097174,Transfer,Pending,BeautyHub
TRX-14037,2025/03/31,Ahmad Fauzi,Yogyekerte,Kecantican,Smartwatch,814948,0,0.0,Ewallet,pending,TrendShop
TRX-14038,2025-04-02,DEWI LESTARI,Jak,kecantikan,Powerbank 10K,8073582,1,8073582.0,Transfer,Delivered,GadgetMart
TRX-14039,2025/07/27,Rudi Hartono,yogyakarta,rumah tangga,Smartwatch,5494544,1,5494544.0,E-Wallet,Canceled,HomeEssence
TRX-14040,2025/05/07,Rudi Hartono,denpasar,Olahraga,Sepatu Nike,2688681,1,2688681.0,Ewallet,Returned,GadgetMart
TRX-14041,2025/03/09,andi saputra,Denpeser,makanan,Lipstik Wardah,3138413,1,3138413.0,Kartu Kredit,pending,PowerCell
TRX-14042,14-04-2025,SITI AMINAH,denpasar,Rumah Tangga,Kaos Polos,4976788,5,24883940.0,Transfer,,GadgetMart
TRX-14043,2025-03-16,Andi Saputra,Mekesser,Olahraga,Lipstik Wardah,872805,2,1745610.0,Ewallet,delivered,TrendShop
TRX-14044,11/05/2025,budi santoso,Yog,Fashion,Powerbank 10K,5140749,0,0.0,Kartu Kredit,Canceled,BeautyHub
TRX-14045,2025/06/15,Nanda Pratama,denpasar,Kecantikan,Headphone JBL,4260052,5,21300260.0,E-Wallet,Returned,BeautyHub
TRX-14046,2025-04-20,AHMAD FAUZI,Yog,Fashion,Sepatu Nike,2142332,100,214233200.0,E-Wallet,Delivered,HomeEssence
TRX-14047,22/08/2025,rudi hartono,Ban,,Smartwatch,9330663,100,933066300.0,Ewallet,,GadgetMart
TRX-14048,12/05/2025,BUDI SANTOSO,Ban,Olahraga,Laptop Asus,3540978,3,10622934.0,Kartu Kredit,delivered,HomeEssence
TRX-14049,2025/05/26,AHMAD FAUZI,Jekerte,Fashion,Powerbank 10K,1415358,0,0.0,Transfer,pending,TechZone
TRX-14050,2025-03-16,siti aminah,surabaya,Elektronik,Sepatu Nike,235639,1,235639.0,Kartu Kredit,delivered,BeautyHub
TRX-14051,20/03/2025,NANDA PRATAMA,Medan,Makanan,Sepatu Nike,1890087,2,3780174.0,Kartu Kredit,Delivered,BeautyHub
TRX-14052,2025/04/14,ANDI SAPUTRA,medan,makanan,Powerbank 10K,6646349,2,13292698.0,COD,Canceled,HomeEssence
TRX-14053,24/08/2025,siti aminah,Surebeye,Fashion,Smartwatch,8255697,5,41278485.0,Transfer,Canceled,HomeEssence
TRX-14054,26-06-2025,andi saputra,makassar,,Smartwatch,4513588,1,4513588.0,COD,pending,HomeEssence
TRX-14055,23/04/2025,Mega Putri,Medan,,Sepatu Nike,9313855,0,0.0,Transfer,pending,SportMax
TRX-14056,12/08/2025,ahmad fauzi,yogyakarta,,Vacuum Cleaner,3702461,3,11107383.0,Card,delivered,TechZone
TRX-14057,2025-07-21,mega putri,,Olahraga,Powerbank 10K,8567709,1,8567709.0,E-Wallet,Returned,SportMax
TRX-14058,04-05-2025,budi santoso,Yog,rumah tangga,Laptop Asus,6814482,2,13628964.0,Transfer,pending,GadgetMart
TRX-14059,13/04/2025,BUDI SANTOSO,Ban,Aksesoriss,Sepatu Nike,135221400,1,6761070.0,Transfer,delivered,SportMax
TRX-14060,05-07-2025,budi santoso,Med,Rumah Tangga,Powerbank 10K,9521696,0,0.0,Transfer,Delivered,SportMax
TRX-14061,2025-05-23,siti aminah,Mekesser,Kecantican,Smartwatch,2991449,1,1510677.7044257664,Transfer,pending,TrendShop
TRX-14062,2025/06/24,RUDI HARTONO,Yogyakarta,Aksesoriss,Laptop Asus,8751417,5,52516234.571417294,E-Wallet,Pending,GadgetMart
TRX-14063,30-05-2025,Rudi Hartono,Yogyekerte,rumah tangga,Smartwatch,2314116,100,231411600.0,,Pending,TrendShop
TRX-14064,31-05-2025,nanda pratama,Bandung,Electronic,Powerbank 10K,905243,1,905243.0,COD,delivered,GadgetMart
TRX-14065,09/06/2025,andi saputra,Surebeye,olahraga,Kaos Polos,8701576,15,130523640.0,Card,Canceled,PowerCell
TRX-14066,2025/04/03,BUDI SANTOSO,Yogyekerte,Rumah Tangga,Sepatu Nike,692006,100,69200600.0,Ewallet,pending,GadgetMart
TRX-14067,27/08/2025,DEWI LESTARI,Ban,elektronik,Smartwatch,3560940,1,3560940.0,Card,Delivered,SportMax
TRX-14068,2025/05/14,Nanda Pratama,Yogyekerte,Olahraga,Headphone JBL,1830655,0,0.0,Transfer,Canceled,HomeEssence
TRX-14069,2025-06-23,siti aminah,Jakarta,Aksesoris,Laptop Asus,6194328,15,95818809.22697772,Kartu Kredit,Pending,TechZone
TRX-14070,17-04-2025,AHMAD FAUZI,Jak,Kecantican,Vacuum Cleaner,9496879,5,47484395.0,Transfer,delivered,GadgetMart
TRX-14071,27-06-2025,NANDA PRATAMA,Medan,Electronic,Headphone JBL,6008875,1,6008875.0,COD,Canceled,TechZone
TRX-14072,2025-07-11,Andi Saputra,Med,Kecantikans,Vacuum Cleaner,4763686,5,23818430.0,Kartu Kredit,Canceled,GadgetMart
TRX-14073,25-05-2025,AHMAD FAUZI,medan,rumah tangga,Smartwatch,7302441,100,730244100.0,E-Wallet,Delivered,SportMax
TRX-14074,2025-05-15,Ahmad Fauzi,,Olahraga,Powerbank 10K,5730935,1,5730935.0,Transfer,delivered,SportMax
TRX-14075,2025/04/16,MEGA PUTRI,Bandung,Kecantikans,Headphone JBL,3559312,1,3559312.0,Transfer,Returned,SportMax
TRX-14076,2025/07/24,rudi hartono,Bandung,kecantikan,Lipstik Wardah,6004481,1,6004481.0,Ewallet,,GadgetMart
TRX-14077,2025-03-05,Mega Putri,makassar,Elektroniks,Kaos Polos,8239792,100,823979200.0,Transfer,Returned,TechZone
TRX-14078,2025-06-02,mega putri,Jekerte,Olahraga,Laptop Asus,7689172,1,7689172.0,Kartu Kredit,Delivered,PowerCell
TRX-14079,2025-05-24,Dewi Lestari,Jekerte,,Smartwatch,3261854,1,3261854.0,Card,,TechZone
TRX-14080,2025/03/08,mega putri,Jekerte,Rumah Tangga,Smartwatch,692032,2,1384064.0,Kartu Kredit,Delivered,SportMax
TRX-14081,02/06/2025,SITI AMINAH,denpasar,Elektroniks,Lipstik Wardah,1143565,100,114356500.0,Kartu Kredit,delivered,BeautyHub
TRX-14082,02/04/2025,Dewi Lestari,Med,Olahragas,Vacuum Cleaner,7396585,100,739658500.0,Kartu Kredit,Pending,GadgetMart
TRX-14083,2025/06/08,SITI AMINAH,Bandung,Aksesoris,Smartwatch,402935,0,0.0,Kartu Kredit,Canceled,BeautyHub
TRX-14084,2025/03/15,Andi Saputra,denpasar,aksesoris,Vacuum Cleaner,3073744,5,15368720.0,COD,pending,HomeEssence
TRX-14085,2025-03-02,budi santoso,Meden,Aksesoris,Lipstik Wardah,2425646,3,4798272.009564231,Ewallet,Pending,PowerCell
TRX-14086,28-07-2025,DEWI LESTARI,Yogyakarta,rumah tangga,Smartwatch,8980665,1,11604157.389161304,Transfer,delivered,PowerCell
TRX-14087,22/08/2025,RUDI HARTONO,Jak,Olahragas,Laptop Asus,2773024,100,277302400.0,Ewallet,,SportMax
TRX-14088,01/05/2025,BUDI SANTOSO,Denpasar,Kecantikan,Kaos Polos,3590564,3,10771692.0,Kartu Kredit,delivered,SportMax
TRX-14089,2025-05-06,andi saputra,Medan,Kecantikans,Lipstik Wardah,4897828,1,4897828.0,E-Wallet,,SportMax
TRX-14090,2025/04/27,budi santoso,jakarta,Olahraga,Powerbank 10K,9054603,10,90546030.0,Ewallet,Delivered,SportMax
TRX-14091,2025-03-27,siti aminah,Denpasar,Elektroniks,Headphone JBL,1414981,1,1414981.0,Ewallet,Delivered,SportMax
TRX-14092,2025/03/22,Dewi Lestari,Meden,Aksesoriss,Kaos Polos,6677735,10,66777350.0,,pending,TrendShop
TRX-14093,2025/06/17,Siti Aminah,Meden,Elektronik,Sepatu Nike,2776465,10,27764650.0,Card,Canceled,BeautyHub
TRX-14094,06/03/2025,DEWI LESTARI,Jak,Olahragas,Smartwatch,3102911,1,3102911.0,,pending,PowerCell
TRX-14095,20-05-2025,siti aminah,Jakarta,Fashion,Laptop Asus,3618485,5,10213175.164839232,Ewallet,Returned,TechZone
TRX-14096,18-06-2025,AHMAD FAUZI,Mekesser,fashion,Lipstik Wardah,3010669,100,301066900.0,Card,Returned,GadgetMart
TRX-14097,2025/07/27,BUDI SANTOSO,Sur,aksesoris,Powerbank 10K,1554137,10,15541370.0,Transfer,delivered,BeautyHub
TRX-14098,2025-06-15,Budi Santoso,Bendung,fashion,Lipstik Wardah,327132,15,4906980.0,COD,Pending,GadgetMart
TRX-14099,08-04-2025,Nanda Pratama,Mak,Olahraga,Powerbank 10K,5550533,1,5550533.0,COD,Pending,BeautyHub
TRX-14100,2025/04/30,ahmad fauzi,Ban,kecantikan,Kaos Polos,2191572,1,2191572.0,Card,Delivered,TechZone
TRX-14101,2025-07-10,AHMAD FAUZI,Den,,Lipstik Wardah,5726594,1,5726594.0,Card,Canceled,SportMax
TRX-14102,2025-06-30,RUDI HARTONO,Mak,kecantikan,Powerbank 10K,1039862,100,103986200.0,COD,Returned,PowerCell
TRX-14103,2025-03-08,RUDI HARTONO,medan,Elektroniks,Sepatu Nike,2173120,10,21731200.0,E-Wallet,Pending,HomeEssence
TRX-14104,28/03/2025,siti aminah,Ban,rumah tangga,Kaos Polos,1183942,0,0.0,Ewallet,Canceled,SportMax
TRX-14105,09-08-2025,mega putri,medan,Olahraga,Smartwatch,3798688,2,7597376.0,COD,Canceled,TechZone
TRX-14106,2025-05-01,MEGA PUTRI,Sur,Acsesoris,Headphone JBL,6133645,3,18400935.0,E-Wallet,delivered,TrendShop
TRX-14107,2025/03/26,andi saputra,denpasar,Olahragas,Powerbank 10K,5206219,2,10412438.0,E-Wallet,delivered,GadgetMart
TRX-14108,02/06/2025,RUDI HARTONO,Yogyekerte,Elektroniks,Powerbank 10K,5163262,1,5163262.0,E-Wallet,delivered,GadgetMart
TRX-14109,23/08/2025,Mega Putri,Makassar,Kecantican,Powerbank 10K,1547060,1,1547060.0,COD,Returned,TrendShop
TRX-14110,07/08/2025,budi santoso,Med,Aksesoris,Kaos Polos,9366514,1,6537511.737633745,COD,pending,GadgetMart
TRX-14111,2025-07-20,rudi hartono,Denpasar,Acsesoris,Smartwatch,5853695,3,17561085.0,E-Wallet,Returned,SportMax
TRX-14112,20-05-2025,RUDI HARTONO,Medan,Fashions,Smartwatch,3091658,1,1641746.3960666584,Card,,TrendShop
TRX-14113,20/08/2025,Budi Santoso,yogyakarta,rumah tangga,Vacuum Cleaner,8600162,2,17200324.0,E-Wallet,Returned,HomeEssence
TRX-14114,2025/05/05,RUDI HARTONO,Meden,,Sepatu Nike,1148702,1,1148702.0,Card,Canceled,GadgetMart
TRX-14115,14/05/2025,Siti Aminah,jakarta,Acsesoris,Vacuum Cleaner,4450726,100,445072600.0,Card,Canceled,SportMax
TRX-14116,06/05/2025,Mega Putri,Bandung,Makanan,Vacuum Cleaner,171284,1,210489.6129218357,Ewallet,delivered,SportMax
TRX-14117,13/08/2025,dewi lestari,Jakarta,makanan,Powerbank 10K,6240505,1,6240505.0,Transfer,Returned,TrendShop
TRX-14118,15-08-2025,andi saputra,yogyakarta,Macanan,Smartwatch,9051137,1,9051137.0,,Delivered,TrendShop
TRX-14119,24-03-2025,RUDI HARTONO,Jak,Macanan,Vacuum Cleaner,7572647,0,0.0,E-Wallet,pending,TechZone
TRX-14120,09-04-2025,Dewi Lestari,bandung,kecantikan,Headphone JBL,5848089,1,5848089.0,Ewallet,delivered,SportMax
TRX-14121,19-08-2025,ANDI SAPUTRA,Jakarta,Elektroniks,Kaos Polos,211686,3,635058.0,Card,Pending,TrendShop
TRX-14122,27-07-2025,Andi Saputra,Denpeser,Olahraga,Sepatu Nike,9872582,10,98725820.0,Card,delivered,PowerCell
TRX-14123,2025/04/04,Dewi Lestari,Denpeser,Fashion,Laptop Asus,6722604,2,13445208.0,Card,pending,GadgetMart
TRX-14124,12-08-2025,Mega Putri,denpasar,Aksesoris,Kaos Polos,9387622,0,0.0,Ewallet,Delivered,SportMax
TRX-14125,2025/07/14,RUDI HARTONO,surabaya,Elektroniks,Smartwatch,5532571,100,553257100.0,Kartu Kredit,delivered,HomeEssence
TRX-14126,2025/06/25,Siti Aminah,Makassar,Olahraga,Kaos Polos,860713,100,86071300.0,Card,Returned,PowerCell
TRX-14127,08-04-2025,SITI AMINAH,jakarta,Elektronik,Powerbank 10K,4562761,1,4562761.0,E-Wallet,delivered,HomeEssence
TRX-14128,05-05-2025,dewi lestari,jakarta,elektronik,Laptop Asus,3979605,2,7959210.0,Transfer,Returned,BeautyHub
TRX-14129,2025-05-12,Nanda Pratama,surabaya,rumah tangga,Powerbank 10K,4763289,1,4763289.0,E-Wallet,delivered,BeautyHub
TRX-14130,2025-07-09,BUDI SANTOSO,surabaya,Elektroniks,Laptop Asus,868408,10,6614772.54432723,Kartu Kredit,,TrendShop
TRX-14131,17-08-2025,siti aminah,Jakarta,Electronic,Laptop Asus,2810620,0,0.0,Transfer,Returned,BeautyHub
TRX-14132,29/04/2025,Ahmad Fauzi,Bendung,aksesoris,Powerbank 10K,8958245,1,8958245.0,Card,Delivered,TechZone
TRX-14133,22/05/2025,Nanda Pratama,Bandung,Aksesoris,Lipstik Wardah,9127330,100,1246408494.6702569,E-Wallet,Returned,BeautyHub
TRX-14134,21-03-2025,BUDI SANTOSO,Bendung,Elektroniks,Smartwatch,7964871,1,7964871.0,Kartu Kredit,Pending,TechZone
TRX-14135,2025/08/22,Ahmad Fauzi,Yogyakarta,makanan,Sepatu Nike,6577595,5,32887975.0,COD,Canceled,TechZone
TRX-14136,2025-07-26,MEGA PUTRI,Bendung,Fashion,Kaos Polos,3463553,5,23259194.873801395,Ewallet,Canceled,GadgetMart
TRX-14137,2025-07-19,Nanda Pratama,Jak,,Sepatu Nike,2360480,1,2360480.0,COD,pending,TrendShop
TRX-14138,2025-07-20,mega putri,Bandung,aksesoris,Lipstik Wardah,4826827,1,4826827.0,Kartu Kredit,Canceled,TechZone
TRX-14139,22/08/2025,AHMAD FAUZI,Yogyekerte,Macanan,Laptop Asus,1290962,0,0.0,Transfer,Pending,SportMax
TRX-14140,29-05-2025,RUDI HARTONO,Mak,Macanan,Laptop Asus,5860071,0,0.0,Transfer,delivered,PowerCell
TRX-14141,2025-04-04,Andi Saputra,Den,Elektroniks,Powerbank 10K,5012317,1,5012317.0,Kartu Kredit,Canceled,TechZone
TRX-14142,2025-07-19,dewi lestari,makassar,Rumah Tangga,Lipstik Wardah,6725789,2,13451578.0,Transfer,Delivered,TrendShop
TRX-14143,2025/08/01,ahmad fauzi,Mak,Macanan,Powerbank 10K,5362514,1,5373263.226026921,Card,delivered,TechZone
TRX-14144,09/04/2025,Rudi Hartono,Jakarta,Macanan,Kaos Polos,5698035,1,5698035.0,Ewallet,delivered,TechZone
TRX-14145,01-03-2025,ANDI SAPUTRA,Jekerte,Acsesoris,Headphone JBL,1943223,0,0.0,,Delivered,HomeEssence
TRX-14146,13/07/2025,mega putri,Med,Aksesoris,Lipstik Wardah,741572,1,741572.0,Kartu Kredit,pending,TrendShop
TRX-14147,21/04/2025,Dewi Lestari,Yogyekerte,,Smartwatch,123079,3,369237.0,,Delivered,TrendShop
TRX-14148,2025-04-15,DEWI LESTARI,Medan,elektronik,Vacuum Cleaner,1031835,0,0.0,E-Wallet,Pending,PowerCell
TRX-14149,10-03-2025,mega putri,Jak,kecantikan,Smartwatch,1004940,1,1004940.0,Ewallet,Returned,PowerCell
TRX-14150,2025/05/25,Rudi Hartono,Den,Kecantican,Sepatu Nike,1297880,0,0.0,Transfer,Delivered,TrendShop
TRX-14151,2025-07-06,MEGA PUTRI,Mak,Kecantikans,Laptop Asus,9801225,1,9801225.0,Kartu Kredit,Canceled,TrendShop
TRX-14152,09-06-2025,SITI AMINAH,surabaya,,Headphone JBL,7804757,2,15609514.0,Ewallet,Delivered,BeautyHub
TRX-14153,20/04/2025,dewi lestari,Jakarta,Kecantikans,Lipstik Wardah,7508147,15,112622205.0,,Pending,GadgetMart
TRX-14154,2025-07-17,nanda pratama,Jekerte,Elektroniks,Headphone JBL,228475,100,22847500.0,E-Wallet,Pending,PowerCell
TRX-14155,2025/04/19,RUDI HARTONO,,Fashion,Kaos Polos,7453503,2,14907006.0,COD,Pending,BeautyHub
TRX-14156,2025-06-18,ahmad fauzi,Jekerte,,Headphone JBL,5780681,10,43200425.35631978,Kartu Kredit,delivered,TechZone
TRX-14157,2025/04/26,DEWI LESTARI,Bandung,makanan,Laptop Asus,4606313,3,13818939.0,Ewallet,pending,GadgetMart
TRX-14158,2025-07-22,ANDI SAPUTRA,Bendung,Rumah Tangga,Vacuum Cleaner,2889611,1,2889611.0,COD,Delivered,SportMax
TRX-14159,12-03-2025,dewi lestari,Surebeye,Aksesoriss,Vacuum Cleaner,8932178,2,17864356.0,Ewallet,Canceled,GadgetMart
TRX-14160,12/07/2025,Ahmad Fauzi,Mak,Kecantikan,Kaos Polos,149919,5,749595.0,E-Wallet,Pending,SportMax
TRX-14161,18/08/2025,ahmad fauzi,jakarta,Olahragas,Kaos Polos,3781784,1,3861076.81281154,Card,Canceled,SportMax
TRX-14162,2025-07-04,Dewi Lestari,makassar,Kecantican,Powerbank 10K,6631831,3,13641500.380884606,Card,pending,BeautyHub
TRX-14163,07-05-2025,AHMAD FAUZI,Jakarta,Aksesoris,Sepatu Nike,1898523,15,28477845.0,COD,delivered,SportMax
TRX-14164,2025-05-19,Ahmad Fauzi,Jekerte,makanan,Headphone JBL,2037881,3,6113643.0,Ewallet,Pending,SportMax
TRX-14165,2025-05-17,RUDI HARTONO,Mak,Elektronik,Vacuum Cleaner,9098574,15,136478610.0,Kartu Kredit,Returned,BeautyHub
TRX-14166,15/05/2025,BUDI SANTOSO,Denpasar,Rumah Tangga,Sepatu Nike,6191092,1,6126749.029235431,Transfer,delivered,GadgetMart
TRX-14167,2025-07-10,ahmad fauzi,Sur,Kecantican,Headphone JBL,7194065,1,7194065.0,Ewallet,Delivered,PowerCell
TRX-14168,30/06/2025,nanda pratama,medan,Olahraga,Laptop Asus,4300050,1,4300050.0,Card,pending,PowerCell
TRX-14169,2025/06/10,mega putri,Med,Olahragas,Powerbank 10K,6116130,100,611613000.0,COD,pending,GadgetMart
TRX-14170,01/05/2025,SITI AMINAH,medan,Fashion,Laptop Asus,9031775,15,135476625.0,Transfer,Pending,HomeEssence
TRX-14171,2025-04-28,andi saputra,Meden,Acsesoris,Kaos Polos,9087451,5,45437255.0,E-Wallet,Delivered,HomeEssence
TRX-14172,10/04/2025,Dewi Lestari,Jekerte,makanan,Powerbank 10K,7933150,1,7933150.0,Ewallet,Returned,GadgetMart
TRX-14173,2025-05-14,Mega Putri,Surabaya,Olahraga,Smartwatch,840023,5,4200115.0,COD,pending,PowerCell
TRX-14174,12/07/2025,rudi hartono,yogyakarta,Macanan,Laptop Asus,6599172,1,6599172.0,Ewallet,Delivered,TechZone
TRX-14175,14/08/2025,BUDI SANTOSO,surabaya,Kecantikan,Laptop Asus,3212466,10,32124660.0,Card,Returned,HomeEssence
TRX-14176,2025-06-21,MEGA PUTRI,makassar,Makanan,Kaos Polos,7900273,15,118504095.0,E-Wallet,Returned,GadgetMart
TRX-14177,25/06/2025,andi saputra,Ban,Makanans,Laptop Asus,7032263,1,7032263.0,E-Wallet,Delivered,PowerCell
TRX-14178,2025/05/10,ahmad fauzi,Den,makanan,Kaos Polos,76014,1,76014.0,Kartu Kredit,,BeautyHub
TRX-14179,2025/04/09,siti aminah,medan,Makanan,Headphone JBL,2935364,1,2935364.0,,delivered,BeautyHub
TRX-14180,2025/08/12,RUDI HARTONO,Bandung,Electronic,Sepatu Nike,9329915,15,139948725.0,Card,Delivered,GadgetMart
TRX-14181,2025/04/27,Mega Putri,Makassar,Rumah Tangga,Kaos Polos,8482531,15,127237965.0,Ewallet,Delivered,SportMax
TRX-14182,31/05/2025,dewi lestari,medan,olahraga,Vacuum Cleaner,7754625,1,5468758.884148188,Card,Returned,TechZone
TRX-14183,13-06-2025,rudi hartono,denpasar,Electronic,Laptop Asus,997226,10,9972260.0,Ewallet,Delivered,TrendShop
TRX-14184,01-04-2025,Siti Aminah,makassar,Olahraga,Lipstik Wardah,4909648,0,0.0,Card,Pending,TechZone
TRX-14185,15/07/2025,DEWI LESTARI,Jakarta,Macanan,Smartwatch,5548195,1,5548195.0,Ewallet,Pending,HomeEssence
TRX-14186,01-04-2025,RUDI HARTONO,Yogyekerte,Olahraga,Laptop Asus,9980269,1,9980269.0,Card,Returned,HomeEssence
TRX-14187,13/08/2025,SITI AMINAH,Medan,Olahraga,Sepatu Nike,7625867,0,0.0,COD,pending,BeautyHub
TRX-14188,05/03/2025,AHMAD FAUZI,makassar,elektronik,Kaos Polos,2941838,1,2941838.0,Kartu Kredit,Delivered,GadgetMart
TRX-14189,2025-08-11,Rudi Hartono,Mak,Elektroniks,Smartwatch,3443757,10,34437570.0,COD,delivered,GadgetMart
TRX-14190,2025/07/10,andi saputra,Bendung,Rumah Tangga,Kaos Polos,6706625,15,120199595.01230238,COD,delivered,TechZone
TRX-14191,25-03-2025,NANDA PRATAMA,jakarta,olahraga,Smartwatch,2674713,1,2674713.0,COD,delivered,HomeEssence
TRX-14192,2025/07/13,Rudi Hartono,denpasar,aksesoris,Smartwatch,958521,1,958521.0,Ewallet,Delivered,PowerCell
TRX-14193,12-04-2025,Ahmad Fauzi,Mak,Fashions,Powerbank 10K,7522184,1,7522184.0,COD,Delivered,GadgetMart
TRX-14194,20/07/2025,DEWI LESTARI,,,Sepatu Nike,3540513,10,35405130.0,Card,Pending,TrendShop
TRX-14195,2025-03-27,mega putri,Makassar,Electronic,Vacuum Cleaner,1885647,100,188564700.0,,Canceled,HomeEssence
TRX-14196,2025-08-12,SITI AMINAH,Jak,Kecantikans,Kaos Polos,6419494,5,32097470.0,COD,Delivered,BeautyHub
TRX-14197,31/07/2025,Mega Putri,Surebeye,Kecantican,Vacuum Cleaner,7406505,1,7406505.0,Kartu Kredit,delivered,HomeEssence
TRX-14198,14-06-2025,budi santoso,bandung,Aksesoriss,Smartwatch,6244403,100,624440300.0,Transfer,pending,GadgetMart
TRX-14199,04/07/2025,AHMAD FAUZI,jakarta,Makanan,Vacuum Cleaner,9767742,1,9767742.0,Kartu Kredit,Canceled,TechZone
TRX-14200,04-08-2025,DEWI LESTARI,Bendung,makanan,Laptop Asus,2844937,15,42674055.0,E-Wallet,Returned,SportMax
TRX-14201,2025-03-16,dewi lestari,Ban,Makanans,Smartwatch,4796176,1,4796176.0,Ewallet,,BeautyHub
TRX-14202,25/04/2025,dewi lestari,makassar,Makanan,Laptop Asus,3835830,0,0.0,E-Wallet,delivered,BeautyHub
TRX-14203,05/03/2025,RUDI HARTONO,Medan,kecantikan,Lipstik Wardah,7201476,1,7201476.0,,Pending,PowerCell
TRX-14204,13-03-2025,NANDA PRATAMA,jakarta,Elektroniks,Powerbank 10K,828639,5,4143195.0,Ewallet,delivered,BeautyHub
TRX-14205,2025-05-25,Mega Putri,Yogyakarta,Fashions,Vacuum Cleaner,5022863,1,5022863.0,COD,delivered,PowerCell
TRX-14206,2025-05-18,RUDI HARTONO,Denpasar,kecantikan,Smartwatch,4649731,100,464973100.0,Card,Pending,GadgetMart
TRX-14207,2025-05-02,mega putri,Surabaya,Elektroniks,Kaos Polos,9149339,0,0.0,Ewallet,Returned,TechZone
TRX-14208,25-06-2025,RUDI HARTONO,denpasar,Rumah Tangga,Laptop Asus,1404832,15,21072480.0,E-Wallet,Delivered,TrendShop
TRX-14209,06-07-2025,AHMAD FAUZI,surabaya,Kecantikan,Kaos Polos,8120838,1,8120838.0,Kartu Kredit,Canceled,GadgetMart
TRX-14210,2025/05/10,ahmad fauzi,,Olahragas,Laptop Asus,7077656,3,21232968.0,Ewallet,Delivered,TechZone
TRX-14211,01-08-2025,andi saputra,Medan,Acsesoris,Sepatu Nike,4551236,5,22756180.0,Ewallet,pending,HomeEssence
TRX-14212,2025/04/15,Budi Santoso,Mekesser,Elektronik,Vacuum Cleaner,1630622,3,4891866.0,Transfer,Returned,SportMax
TRX-14213,2025-07-27,Ahmad Fauzi,,Makanans,Headphone JBL,1777373,1,1777373.0,COD,Canceled,PowerCell
TRX-14214,2025/07/05,MEGA PUTRI,Medan,Olahraga,Lipstik Wardah,233148,5,1165740.0,Card,Returned,SportMax
TRX-14215,09-06-2025,ahmad fauzi,Sur,Kecantikans,Headphone JBL,8933104,15,133996560.0,COD,Canceled,SportMax
TRX-14216,06/03/2025,Mega Putri,surabaya,fashion,Lipstik Wardah,5758019,100,575801900.0,Ewallet,Returned,BeautyHub
TRX-14217,04-07-2025,MEGA PUTRI,,Olahragas,Sepatu Nike,7882678,15,118240170.0,Transfer,Canceled,TechZone
TRX-14218,2025/04/06,Andi Saputra,medan,Kecantikans,Lipstik Wardah,8821213,2,17642426.0,COD,pending,GadgetMart
TRX-14219,2025-03-08,rudi hartono,Makassar,aksesoris,Powerbank 10K,2805916,10,28059160.0,Ewallet,Pending,TechZone
TRX-14220,2025/06/15,Dewi Lestari,jakarta,elektronik,Lipstik Wardah,3931819,100,393181900.0,Card,Canceled,PowerCell
TRX-14221,18-03-2025,Andi Saputra,medan,Kecantikans,Vacuum Cleaner,5421704,1,5421704.0,Ewallet,Returned,TrendShop
TRX-14222,13/08/2025,andi saputra,yogyakarta,Macanan,Smartwatch,6247953,5,31239765.0,COD,Returned,HomeEssence
TRX-14223,2025-03-25,Ahmad Fauzi,Denpasar,Kecantikan,Laptop Asus,1793579,100,179357900.0,Kartu Kredit,Returned,GadgetMart
TRX-14224,02-04-2025,AHMAD FAUZI,yogyakarta,rumah tangga,Powerbank 10K,177319,1,177319.0,Ewallet,Returned,GadgetMart
TRX-14225,05/08/2025,Nanda Pratama,Mekesser,Macanan,Sepatu Nike,4351264,10,43512640.0,Ewallet,Delivered,SportMax
TRX-14226,03/04/2025,ANDI SAPUTRA,Sur,Kecantikan,Powerbank 10K,778165,3,2334495.0,Ewallet,pending,PowerCell
TRX-14227,2025/05/08,RUDI HARTONO,yogyakarta,Makanans,Vacuum Cleaner,983671,1,983671.0,Transfer,Pending,HomeEssence
TRX-14228,19-05-2025,mega putri,Surebeye,Aksesoriss,Headphone JBL,2874665,1,2874665.0,Kartu Kredit,delivered,GadgetMart
TRX-14229,14/08/2025,budi santoso,jakarta,Kecantikan,Lipstik Wardah,1971086,5,9855430.0,Card,Canceled,SportMax
TRX-14230,2025/04/17,dewi lestari,surabaya,Makanan,Smartwatch,9516940,10,95169400.0,E-Wallet,Canceled,PowerCell
TRX-14231,18/03/2025,NANDA PRATAMA,Medan,Electronic,Lipstik Wardah,4199658,1,4199658.0,Card,Pending,BeautyHub
TRX-14232,19-05-2025,Dewi Lestari,Med,elektronik,Kaos Polos,4739587,100,473958700.0,Kartu Kredit,Delivered,TrendShop
TRX-14233,15-07-2025,SITI AMINAH,jakarta,Kecantikans,Kaos Polos,6466153,15,96992295.0,Transfer,,HomeEssence
TRX-14234,2025/05/16,nanda pratama,Medan,,Sepatu Nike,2383180,1,1647705.6769538133,Card,pending,BeautyHub
TRX-14235,09/03/2025,siti aminah,Meden,Aksesoriss,Lipstik Wardah,8267774,1,8267774.0,Kartu Kredit,Pending,TechZone
TRX-14236,15-05-2025,Nanda Pratama,Mekesser,Fashions,Vacuum Cleaner,1143753,15,17156295.0,Card,delivered,GadgetMart
TRX-14237,2025-04-01,Mega Putri,denpasar,,Laptop Asus,3721013,1,3721013.0,Transfer,Pending,TechZone
TRX-14238,26/04/2025,SITI AMINAH,Denpeser,Fashion,Vacuum Cleaner,1084549,1,1084549.0,Ewallet,Canceled,GadgetMart
TRX-14239,22-07-2025,ahmad fauzi,Mekesser,Makanan,Sepatu Nike,7337613,1,7337613.0,E-Wallet,Canceled,SportMax
TRX-14240,25/04/2025,DEWI LESTARI,Yog,Kecantikan,Powerbank 10K,8380512,3,25141536.0,Kartu Kredit,Returned,TrendShop
TRX-14241,2025-08-05,Andi Saputra,yogyakarta,aksesoris,Lipstik Wardah,9830472,100,983047200.0,COD,delivered,TechZone
TRX-14242,2025-05-17,Siti Aminah,surabaya,Aksesoriss,Sepatu Nike,6172005,0,0.0,Kartu Kredit,delivered,GadgetMart
TRX-14243,15-03-2025,Andi Saputra,jakarta,fashion,Kaos Polos,1516737,2,3033474.0,E-Wallet,Pending,SportMax
TRX-14244,2025/06/21,andi saputra,Jak,Rumah Tanggas,Sepatu Nike,3526732,15,52900980.0,E-Wallet,pending,SportMax
TRX-14245,30/05/2025,nanda pratama,Mekesser,Aksesoris,Powerbank 10K,8668210,1,8668210.0,Card,delivered,HomeEssence
TRX-14246,19/06/2025,Rudi Hartono,Ban,Macanan,Powerbank 10K,5937136,0,0.0,E-Wallet,Canceled,GadgetMart
TRX-14247,11-06-2025,Mega Putri,medan,Olahraga,Headphone JBL,3854287,1,3854287.0,E-Wallet,Delivered,TechZone
TRX-14248,29/07/2025,BUDI SANTOSO,Surabaya,Rumah Tanggas,Laptop Asus,7660073,15,114901095.0,Card,Returned,PowerCell
TRX-14249,14/04/2025,rudi hartono,Yogyekerte,Kecantican,Lipstik Wardah,3072927,5,15364635.0,Transfer,Pending,SportMax
TRX-14250,2025-04-14,RUDI HARTONO,Surebeye,makanan,Vacuum Cleaner,5719453,0,0.0,Card,Delivered,TechZone
TRX-14251,18/07/2025,budi santoso,yogyakarta,Acsesoris,Laptop Asus,6980207,10,69802070.0,Card,Canceled,SportMax
TRX-14252,24/03/2025,AHMAD FAUZI,Yogyekerte,Fashions,Headphone JBL,5126083,10,51260830.0,Ewallet,Delivered,SportMax
TRX-14253,26/07/2025,DEWI LESTARI,Med,Aksesoris,Laptop Asus,7038087,2,14076174.0,E-Wallet,Delivered,GadgetMart
TRX-14254,2025/05/07,BUDI SANTOSO,Den,Electronic,Powerbank 10K,1187333,1,1187333.0,Transfer,Canceled,HomeEssence
TRX-14255,2025/03/28,dewi lestari,Yog,elektronik,Headphone JBL,6638209,1,6638209.0,Transfer,pending,HomeEssence
TRX-14256,19-06-2025,Budi Santoso,,Aksesoriss,Laptop Asus,3651817,1,3651817.0,COD,Canceled,TrendShop
TRX-14257,2025-04-16,Rudi Hartono,Sur,Macanan,Laptop Asus,8762985,1,8762985.0,Ewallet,Canceled,PowerCell
TRX-14258,14/06/2025,ANDI SAPUTRA,Sur,Rumah Tangga,Headphone JBL,9232811,10,92328110.0,COD,pending,SportMax
TRX-14259,14/05/2025,BUDI SANTOSO,Surabaya,Makanans,Laptop Asus,2511897,5,16980074.785200123,Card,Pending,BeautyHub
TRX-14260,2025-08-12,Andi Saputra,Den,rumah tangga,Powerbank 10K,4825634,1,4825634.0,COD,Returned,TrendShop
TRX-14261,2025-08-24,AHMAD FAUZI,Sur,Rumah Tangga,Vacuum Cleaner,1777386,3,5332158.0,Ewallet,Canceled,BeautyHub
TRX-14262,13-05-2025,ahmad fauzi,,Rumah Tanggas,Laptop Asus,845415,3,2536245.0,COD,delivered,TrendShop
TRX-14263,2025/03/28,Rudi Hartono,Jak,Electronic,Smartwatch,2894140,1,2894140.0,,Pending,SportMax
TRX-14264,2025-04-30,ahmad fauzi,,Olahragas,Laptop Asus,3722689,100,504029425.578155,Ewallet,delivered,BeautyHub
TRX-14265,18-08-2025,AHMAD FAUZI,Yog,Makanan,Smartwatch,7964726,15,119470890.0,E-Wallet,Returned,TrendShop
TRX-14266,2025/08/12,MEGA PUTRI,Medan,fashion,Smartwatch,5830833,1,6030775.909058477,Card,,GadgetMart
TRX-14267,2025/08/09,nanda pratama,Jakarta,rumah tangga,Headphone JBL,8864324,3,26592972.0,Card,Pending,TechZone
TRX-14268,2025/03/31,MEGA PUTRI,Jekerte,kecantikan,Headphone JBL,6235430,1,6235430.0,E-Wallet,delivered,PowerCell
TRX-14269,24-03-2025,Nanda Pratama,makassar,elektronik,Lipstik Wardah,7622307,5,38111535.0,E-Wallet,Canceled,TechZone
TRX-14270,31-05-2025,RUDI HARTONO,Jekerte,Elektronik,Kaos Polos,6100485,5,17018051.346797198,COD,Returned,GadgetMart
TRX-14271,23/07/2025,BUDI SANTOSO,Med,Fashions,Kaos Polos,5416434,5,27082170.0,Kartu Kredit,Returned,HomeEssence
TRX-14272,29-06-2025,dewi lestari,Jakarta,makanan,Sepatu Nike,6081778,0,0.0,E-Wallet,Returned,PowerCell
TRX-14273,11/04/2025,ANDI SAPUTRA,Bandung,rumah tangga,Headphone JBL,3043518,3,9130554.0,Transfer,pending,GadgetMart
TRX-14274,2025-07-02,Rudi Hartono,Jak,Fashion,Headphone JBL,9444128,10,94441280.0,Kartu Kredit,Canceled,TechZone
TRX-14275,19-04-2025,MEGA PUTRI,Yog,Fashion,Vacuum Cleaner,8089224,2,12890414.864567528,Ewallet,pending,TrendShop
TRX-14276,2025-06-12,mega putri,bandung,Fashion,Vacuum Cleaner,2082479,1,2082479.0,E-Wallet,Canceled,GadgetMart
TRX-14277,2025-06-22,andi saputra,Jekerte,Elektroniks,Smartwatch,1650548,1,1650548.0,COD,Returned,GadgetMart
TRX-14278,06/08/2025,budi santoso,Jakarta,Elektronik,Smartwatch,2914621,15,43719315.0,Ewallet,Delivered,BeautyHub
TRX-14279,2025/06/10,NANDA PRATAMA,Denpasar,Rumah Tangga,Kaos Polos,5762978,1,5762978.0,Card,Canceled,SportMax
TRX-14280,17-04-2025,dewi lestari,Yogyekerte,Rumah Tangga,Sepatu Nike,5421448,3,16264344.0,E-Wallet,Returned,BeautyHub
TRX-14281,2025-07-10,RUDI HARTONO,Bendung,Rumah Tanggas,Sepatu Nike,22881920,10,11440960.0,Card,Canceled,SportMax
TRX-14282,15-04-2025,Budi Santoso,denpasar,Rumah Tanggas,Lipstik Wardah,2735882,1,2735882.0,Kartu Kredit,Canceled,TrendShop
TRX-14283,11/03/2025,ANDI SAPUTRA,Jak,kecantikan,Laptop Asus,6989191,3,20967573.0,COD,Delivered,PowerCell
TRX-14284,21/03/2025,andi saputra,Denpasar,Elektronik,Powerbank 10K,5257149,100,525714900.0,Kartu Kredit,Canceled,PowerCell
TRX-14285,2025/08/01,nanda pratama,Bendung,Acsesoris,Kaos Polos,5102039,5,25510195.0,COD,delivered,TrendShop
TRX-14286,2025/03/08,Budi Santoso,medan,aksesoris,Headphone JBL,7590155,10,75901550.0,E-Wallet,delivered,TrendShop
TRX-14287,2025-06-27,Nanda Pratama,medan,rumah tangga,Headphone JBL,7382129,15,110731935.0,Transfer,pending,PowerCell
TRX-14288,2025-07-19,MEGA PUTRI,,Fashion,Headphone JBL,9374118,3,28122354.0,Card,Pending,TechZone
TRX-14289,02-08-2025,AHMAD FAUZI,,makanan,Kaos Polos,2519484,0,0.0,Card,Returned,BeautyHub
TRX-14290,2025-03-26,ANDI SAPUTRA,Makassar,Aksesoriss,Vacuum Cleaner,4503595,1,4503595.0,COD,Canceled,TrendShop
TRX-14291,2025-06-15,Ahmad Fauzi,,Fashions,Kaos Polos,2030115,10,19326697.32729994,Transfer,Returned,BeautyHub
TRX-14292,07-04-2025,mega putri,Med,Electronic,Smartwatch,396300,0,0.0,E-Wallet,delivered,SportMax
TRX-14293,2025/06/16,MEGA PUTRI,Mak,Fashions,Lipstik Wardah,9673106,100,967310600.0,E-Wallet,Pending,PowerCell
TRX-14294,03-06-2025,nanda pratama,Mekesser,Rumah Tanggas,Laptop Asus,2368890,10,23688900.0,Ewallet,,TechZone
TRX-14295,03-07-2025,Mega Putri,,rumah tangga,Smartwatch,4100338,5,20501690.0,Transfer,Delivered,PowerCell
TRX-14296,2025-04-20,AHMAD FAUZI,,Rumah Tanggas,Kaos Polos,3624787,15,54371805.0,Transfer,delivered,BeautyHub
TRX-14297,19-05-2025,Rudi Hartono,Bandung,Rumah Tangga,Smartwatch,8904604,1,8904604.0,COD,Canceled,HomeEssence
TRX-14298,26-08-2025,BUDI SANTOSO,Jak,Rumah Tangga,Laptop Asus,6163924,5,30819620.0,Ewallet,Canceled,TechZone
TRX-14299,20-03-2025,SITI AMINAH,Denpasar,makanan,Kaos Polos,6477799,1,6477799.0,Card,pending,GadgetMart
TRX-14300,03-04-2025,ANDI SAPUTRA,denpasar,Elektronik,Sepatu Nike,5089481,3,15268443.0,Card,delivered,TrendShop
TRX-14301,2025/08/09,rudi hartono,denpasar,makanan,Sepatu Nike,3019554,0,0.0,Transfer,pending,BeautyHub
TRX-14302,11-07-2025,NANDA PRATAMA,yogyakarta,Kecantikans,Powerbank 10K,1534632,1,1534632.0,Card,Canceled,TechZone
TRX-14303,22-04-2025,nanda pratama,Bandung,Aksesoriss,Lipstik Wardah,6433244,3,19299732.0,Ewallet,Returned,PowerCell
TRX-14304,13-03-2025,Dewi Lestari,makassar,Fashions,Laptop Asus,3147619,1,3147619.0,Ewallet,Returned,TechZone
TRX-14305,16/04/2025,Ahmad Fauzi,medan,Olahraga,Lipstik Wardah,8624454,1,8624454.0,Ewallet,Pending,GadgetMart
TRX-14306,20/08/2025,nanda pratama,bandung,elektronik,Sepatu Nike,3342025,3,10026075.0,COD,pending,SportMax
TRX-14307,06-03-2025,mega putri,Ban,Electronic,Kaos Polos,4625363,3,13876089.0,Card,Canceled,PowerCell
TRX-14308,09-08-2025,mega putri,yogyakarta,aksesoris,Lipstik Wardah,3262058,5,16310290.0,Ewallet,Returned,BeautyHub
TRX-14309,2025/07/09,budi santoso,makassar,Elektroniks,Sepatu Nike,6181630,0,0.0,E-Wallet,pending,HomeEssence
TRX-14310,02/03/2025,dewi lestari,Surebeye,Electronic,Headphone JBL,7098527,15,106477905.0,E-Wallet,Returned,PowerCell
TRX-14311,2025/04/29,andi saputra,Meden,Kecantikans,Lipstik Wardah,1091431,3,3274293.0,Ewallet,pending,TrendShop
TRX-14312,2025-07-12,siti aminah,Medan,makanan,Laptop Asus,5762845,0,0.0,E-Wallet,delivered,TrendShop
TRX-14313,18/03/2025,dewi lestari,Ban,Aksesoris,Vacuum Cleaner,2604131,1,2604131.0,Card,Pending,PowerCell
TRX-14314,09/04/2025,Dewi Lestari,Meden,Rumah Tangga,Lipstik Wardah,5464835,15,81972525.0,E-Wallet,Delivered,TechZone
TRX-14315,2025-03-27,ANDI SAPUTRA,Jak,Rumah Tanggas,Laptop Asus,2620419,0,0.0,Card,pending,TechZone
TRX-14316,13/05/2025,rudi hartono,Mak,Kecantikan,Kaos Polos,8924768,0,0.0,Kartu Kredit,Delivered,TrendShop
TRX-14317,18-04-2025,NANDA PRATAMA,,Macanan,Laptop Asus,790176,1,790176.0,Ewallet,Delivered,SportMax
TRX-14318,2025-06-24,nanda pratama,Surebeye,Olahraga,Headphone JBL,6024550,1,6024550.0,Transfer,pending,TrendShop
TRX-14319,2025-05-11,Siti Aminah,Makassar,Aksesoriss,Lipstik Wardah,4117212,5,20586060.0,Ewallet,delivered,SportMax
TRX-14320,26-04-2025,AHMAD FAUZI,Yog,elektronik,Laptop Asus,1542669,3,4628007.0,E-Wallet,Canceled,TrendShop
TRX-14321,26-07-2025,AHMAD FAUZI,,Olahraga,Powerbank 10K,5457214,1,5457214.0,Kartu Kredit,Canceled,GadgetMart
TRX-14322,23/03/2025,Mega Putri,Jakarta,Kecantikan,Kaos Polos,837560,1,837560.0,Ewallet,delivered,TechZone
TRX-14323,2025-05-06,Rudi Hartono,Jak,Fashions,Powerbank 10K,2196081,0,0.0,,delivered,HomeEssence
TRX-14324,15-04-2025,SITI AMINAH,yogyakarta,elektronik,Headphone JBL,5040544,1,5040544.0,Transfer,delivered,TechZone
TRX-14325,26-05-2025,Siti Aminah,Bendung,Makanans,Powerbank 10K,3497822,15,52467330.0,E-Wallet,Delivered,PowerCell
TRX-14326,2025-05-17,andi saputra,jakarta,makanan,Powerbank 10K,4280384,1,4280384.0,Card,delivered,PowerCell
TRX-14327,07/08/2025,Mega Putri,surabaya,kecantikan,Vacuum Cleaner,4738148,10,47381480.0,,pending,SportMax
TRX-14328,27-03-2025,DEWI LESTARI,Sur,Olahraga,Headphone JBL,9039185,0,0.0,Card,Pending,TrendShop
TRX-14329,2025/04/08,AHMAD FAUZI,Mak,makanan,Laptop Asus,8031806,10,80318060.0,,Pending,HomeEssence
TRX-14330,2025-04-25,Mega Putri,,Kecantican,Smartwatch,6204728,5,31023640.0,Transfer,pending,HomeEssence
TRX-14331,16/08/2025,Mega Putri,Surabaya,Acsesoris,Kaos Polos,9550712,1,9550712.0,Ewallet,Canceled,HomeEssence
TRX-14332,04/03/2025,Andi Saputra,Medan,Kecantican,Lipstik Wardah,982280,10,9822800.0,Transfer,Delivered,BeautyHub
TRX-14333,2025-05-23,NANDA PRATAMA,Ban,Kecantican,Smartwatch,3300615,10,33006150.0,E-Wallet,Delivered,SportMax
TRX-14334,2025-03-07,siti aminah,Bendung,Kecantikan,Smartwatch,2656041,3,7968123.0,Transfer,Delivered,BeautyHub
TRX-14335,2025-07-14,ahmad fauzi,,Elektroniks,Lipstik Wardah,2603540,1,2603540.0,Card,pending,PowerCell
TRX-14336,17-05-2025,AHMAD FAUZI,bandung,Kecantican,Sepatu Nike,6368769,10,63687690.0,Kartu Kredit,delivered,TechZone
TRX-14337,2025/03/25,MEGA PUTRI,Yogyakarta,Elektronik,Sepatu Nike,5769347,1,5769347.0,Ewallet,Delivered,TrendShop
TRX-14338,21/03/2025,Mega Putri,surabaya,,Smartwatch,8530273,5,42651365.0,Transfer,Pending,PowerCell
TRX-14339,2025-03-15,andi saputra,Yogyekerte,Fashion,Lipstik Wardah,4025220,3,12075660.0,Transfer,delivered,PowerCell
TRX-14340,23-08-2025,Nanda Pratama,Den,Olahragas,Smartwatch,7138855,10,71388550.0,Kartu Kredit,Pending,TechZone
TRX-14341,28/03/2025,ahmad fauzi,Bandung,Olahraga,Headphone JBL,5725919,1,6818385.1106482195,Kartu Kredit,Pending,PowerCell
TRX-14342,23-07-2025,DEWI LESTARI,Denpasar,Olahraga,Lipstik Wardah,9563160,15,143447400.0,COD,Delivered,HomeEssence
TRX-14343,07/06/2025,Siti Aminah,Jak,Aksesoriss,Sepatu Nike,8106796,5,40533980.0,COD,Returned,BeautyHub
TRX-14344,18/07/2025,nanda pratama,Surebeye,Kecantican,Sepatu Nike,6095266,3,18285798.0,Ewallet,Returned,BeautyHub
TRX-14345,2025/07/01,MEGA PUTRI,Surabaya,Rumah Tanggas,Vacuum Cleaner,2681550,0,0.0,Ewallet,Returned,BeautyHub
TRX-14346,21/04/2025,mega putri,Denpeser,elektronik,Headphone JBL,9765790,0,0.0,E-Wallet,Canceled,GadgetMart
TRX-14347,2025/05/05,Ahmad Fauzi,Ban,Macanan,Powerbank 10K,8884623,10,88846230.0,Card,pending,BeautyHub
TRX-14348,2025/03/25,dewi lestari,Jak,Aksesoris,Lipstik Wardah,7183951,1,7183951.0,E-Wallet,pending,HomeEssence
TRX-14349,02-06-2025,Rudi Hartono,Medan,Macanan,Kaos Polos,3217950,1,3217950.0,Ewallet,Delivered,BeautyHub
TRX-14350,15-03-2025,Budi Santoso,Mekesser,Acsesoris,Sepatu Nike,4060673,5,20303365.0,E-Wallet,Pending,TrendShop
TRX-14351,2025-06-30,Rudi Hartono,yogyakarta,Kecantikan,Smartwatch,2512282,10,25122820.0,Kartu Kredit,pending,TechZone
TRX-14352,2025-04-07,Andi Saputra,Yogyekerte,Makanans,Lipstik Wardah,4477431,1,4477431.0,COD,Returned,TechZone
TRX-14353,2025/06/23,ANDI SAPUTRA,Mak,olahraga,Smartwatch,3337023,5,12652218.290976375,Card,Returned,BeautyHub
TRX-14354,2025/06/16,nanda pratama,makassar,Rumah Tangga,Smartwatch,1954400,5,9772000.0,Ewallet,delivered,BeautyHub
TRX-14355,26/06/2025,Mega Putri,Medan,Rumah Tanggas,Smartwatch,4578166,1,4578166.0,Card,Canceled,BeautyHub
TRX-14356,2025-04-04,Dewi Lestari,Jekerte,Rumah Tangga,Powerbank 10K,6389378,1,6389378.0,Card,,SportMax
TRX-14357,2025-05-03,andi saputra,Bandung,Fashions,Headphone JBL,4263720,15,63955800.0,Card,Returned,PowerCell
TRX-14358,2025-03-13,SITI AMINAH,Den,Kecantican,Smartwatch,6469601,2,12939202.0,E-Wallet,Canceled,BeautyHub
TRX-14359,2025-06-20,siti aminah,Makassar,Fashion,Smartwatch,2147216,1,2147216.0,Kartu Kredit,Pending,TechZone
TRX-14360,08/03/2025,AHMAD FAUZI,Surabaya,fashion,Lipstik Wardah,1502847,2,3005694.0,Card,Pending,TrendShop
TRX-14361,12/04/2025,AHMAD FAUZI,Makassar,rumah tangga,Lipstik Wardah,6239811,2,12479622.0,Kartu Kredit,Delivered,TechZone
TRX-14362,24-05-2025,SITI AMINAH,,aksesoris,Sepatu Nike,9682530,5,48412650.0,E-Wallet,delivered,TrendShop
TRX-14363,23-06-2025,Rudi Hartono,Medan,fashion,Kaos Polos,7393921,1,7393921.0,Card,Delivered,TrendShop
TRX-14364,2025-04-12,andi saputra,Jekerte,makanan,Lipstik Wardah,1015730,10,10157300.0,COD,Canceled,HomeEssence
TRX-14365,24-06-2025,Andi Saputra,Yogyekerte,fashion,Sepatu Nike,4989113,2,9978226.0,Transfer,pending,GadgetMart
TRX-14366,16/08/2025,Nanda Pratama,denpasar,kecantikan,Kaos Polos,1101207,5,5506035.0,Card,Delivered,PowerCell
TRX-14367,27/08/2025,Ahmad Fauzi,medan,,Vacuum Cleaner,5380222,10,53802220.0,,Delivered,PowerCell
TRX-14368,2025/03/07,Ahmad Fauzi,Medan,rumah tangga,Laptop Asus,371345,5,1856725.0,Card,Returned,TrendShop
TRX-14369,04/08/2025,Dewi Lestari,,aksesoris,Headphone JBL,6157941,2,12315882.0,Transfer,Delivered,TrendShop
TRX-14370,2025-05-23,andi saputra,surabaya,Macanan,Powerbank 10K,9737580,1,9737580.0,,delivered,GadgetMart
TRX-14371,2025-05-18,ahmad fauzi,makassar,Fashion,Sepatu Nike,7340985,1,7340985.0,Kartu Kredit,Pending,BeautyHub
TRX-14372,2025/06/09,BUDI SANTOSO,denpasar,Olahraga,Laptop Asus,856903,10,8569030.0,Kartu Kredit,Canceled,BeautyHub
TRX-14373,25-05-2025,Andi Saputra,Den,Rumah Tangga,Smartwatch,8915652,1,8915652.0,COD,Pending,BeautyHub
TRX-14374,2025-06-21,NANDA PRATAMA,,Makanans,Headphone JBL,5826634,1,5826634.0,E-Wallet,Delivered,PowerCell
TRX-14375,2025/05/04,nanda pratama,Jakarta,Macanan,Headphone JBL,196539,1,196539.0,Card,Returned,PowerCell
TRX-14376,2025/08/27,ANDI SAPUTRA,Med,Olahragas,Smartwatch,4931178,1,4931178.0,Card,pending,HomeEssence
TRX-14377,12/07/2025,Siti Aminah,Ban,Fashion,Lipstik Wardah,7843067,1,7843067.0,Transfer,Returned,TrendShop
TRX-14378,2025-07-24,Budi Santoso,Denpeser,,Kaos Polos,4799943,0,0.0,COD,Returned,SportMax
TRX-14379,25/03/2025,AHMAD FAUZI,Jakarta,Acsesoris,Powerbank 10K,4924010,5,24620050.0,COD,delivered,GadgetMart
TRX-14380,2025-08-19,Siti Aminah,bandung,Olahragas,Kaos Polos,1220025,1,1220025.0,Card,Pending,HomeEssence
TRX-14381,2025/07/25,ahmad fauzi,bandung,kecantikan,Powerbank 10K,4681813,15,70227195.0,Transfer,Pending,TrendShop
TRX-14382,06/08/2025,Andi Saputra,Jakarta,fashion,Smartwatch,3726424,1,3726424.0,Ewallet,Pending,BeautyHub
TRX-14383,12/08/2025,DEWI LESTARI,Ban,Elektroniks,Kaos Polos,6804458,15,102066870.0,COD,Canceled,TrendShop
TRX-14384,06/07/2025,ahmad fauzi,Jekerte,makanan,Lipstik Wardah,7500433,1,7500433.0,Card,delivered,PowerCell
TRX-14385,24-05-2025,nanda pratama,,Aksesoriss,Smartwatch,1602151,2,3204302.0,E-Wallet,Pending,GadgetMart
TRX-14386,2025-04-13,Dewi Lestari,makassar,Elektroniks,Headphone JBL,2394297,1,2394297.0,Kartu Kredit,Pending,TrendShop
TRX-14387,29-04-2025,Andi Saputra,medan,Electronic,Vacuum Cleaner,9531736,1,9531736.0,Card,Pending,GadgetMart
TRX-14388,2025-04-25,NANDA PRATAMA,denpasar,makanan,Powerbank 10K,6047845,5,30239225.0,,pending,BeautyHub
TRX-14389,20-05-2025,nanda pratama,bandung,Rumah Tangga,Laptop Asus,7946419,5,39732095.0,COD,Delivered,PowerCell
TRX-14390,16-03-2025,SITI AMINAH,bandung,fashion,Laptop Asus,4822832,0,0.0,,Delivered,TrendShop
TRX-14391,2025/07/17,SITI AMINAH,bandung,Kecantikan,Vacuum Cleaner,5394491,2,10788982.0,Card,Delivered,SportMax
TRX-14392,2025/06/13,ANDI SAPUTRA,Yogyakarta,Kecantican,Kaos Polos,6722121,100,672212100.0,E-Wallet,Pending,TrendShop
TRX-14393,22/05/2025,dewi lestari,Meden,Rumah Tangga,Laptop Asus,1266953,2,2533906.0,COD,pending,HomeEssence
TRX-14394,2025/06/13,andi saputra,medan,rumah tangga,Laptop Asus,1578474,100,157847400.0,Kartu Kredit,Canceled,TechZone
TRX-14395,2025/06/24,rudi hartono,makassar,Fashions,Sepatu Nike,7315584,100,731558400.0,Transfer,pending,SportMax
TRX-14396,2025-07-27,Ahmad Fauzi,Denpasar,Olahraga,Sepatu Nike,4723024,3,14169072.0,E-Wallet,delivered,PowerCell
TRX-14397,2025-05-31,siti aminah,,fashion,Powerbank 10K,4035977,5,20179885.0,Card,,TechZone
TRX-14398,2025-05-20,Nanda Pratama,Mekesser,Aksesoris,Vacuum Cleaner,3506979,15,52604685.0,E-Wallet,delivered,SportMax
TRX-14399,2025/05/16,MEGA PUTRI,Med,,Powerbank 10K,9848983,2,19697966.0,Transfer,Canceled,BeautyHub
TRX-14400,06/03/2025,AHMAD FAUZI,Med,Elektroniks,Powerbank 10K,86995960,1,4349798.0,COD,Returned,SportMax
TRX-14401,2025-08-05,siti aminah,denpasar,Rumah Tangga,Lipstik Wardah,3247526,3,9742578.0,Transfer,Delivered,HomeEssence
TRX-14402,2025-03-11,ahmad fauzi,Yogyekerte,Fashion,Kaos Polos,866460,3,2599380.0,Card,Returned,GadgetMart
TRX-14403,22-04-2025,ANDI SAPUTRA,Mak,Electronic,Vacuum Cleaner,7381426,5,36907130.0,Transfer,Pending,TrendShop
TRX-14404,05-04-2025,Dewi Lestari,Den,Acsesoris,Laptop Asus,5261536,3,15784608.0,COD,Delivered,GadgetMart
TRX-14405,2025/06/10,DEWI LESTARI,yogyakarta,Fashions,Kaos Polos,8108630,10,81086300.0,COD,Canceled,SportMax
TRX-14406,2025-03-30,rudi hartono,Jak,Fashion,Laptop Asus,7872789,100,787278900.0,Transfer,delivered,TechZone
TRX-14407,2025/05/05,MEGA PUTRI,Bandung,Olahraga,Laptop Asus,6701469,15,100522035.0,Transfer,pending,TrendShop
TRX-14408,21/05/2025,Ahmad Fauzi,Yogyekerte,Kecantikans,Lipstik Wardah,5685499,100,568549900.0,Kartu Kredit,Delivered,GadgetMart
TRX-14409,18-07-2025,mega putri,surabaya,Olahragas,Laptop Asus,2935201,15,65278777.497399494,Card,Delivered,GadgetMart
TRX-14410,2025-04-17,ANDI SAPUTRA,Jakarta,elektronik,Lipstik Wardah,9673991,10,96739910.0,E-Wallet,delivered,SportMax
TRX-14411,2025-06-15,ahmad fauzi,Mak,Fashion,Kaos Polos,5742183,1,5742183.0,Kartu Kredit,Canceled,HomeEssence
TRX-14412,2025-06-16,andi saputra,Surabaya,Aksesoris,Headphone JBL,9549892,0,0.0,Card,Pending,HomeEssence
TRX-14413,2025-03-23,DEWI LESTARI,Bandung,kecantikan,Headphone JBL,3845788,3,11537364.0,Kartu Kredit,Canceled,TechZone
TRX-14414,2025/04/22,Budi Santoso,Jakarta,Makanan,Lipstik Wardah,2643103,0,0.0,COD,Delivered,TechZone
TRX-14415,2025/06/10,Ahmad Fauzi,Bandung,Kecantikans,Sepatu Nike,2238409,5,10243588.853233065,Kartu Kredit,Returned,SportMax
TRX-14416,2025/05/29,budi santoso,Jak,,Sepatu Nike,72873,0,0.0,E-Wallet,Returned,TechZone
TRX-14417,2025/08/07,budi santoso,yogyakarta,Makanans,Headphone JBL,5941732,1,5941732.0,Transfer,Canceled,SportMax
TRX-14418,29/04/2025,Mega Putri,Jak,Elektronik,Kaos Polos,7939785,10,79397850.0,,Pending,SportMax
TRX-14419,30-03-2025,budi santoso,Ban,,Lipstik Wardah,5251774,15,78776610.0,Kartu Kredit,Delivered,HomeEssence
TRX-14420,19-04-2025,Ahmad Fauzi,Yog,Rumah Tanggas,Powerbank 10K,9428829,3,28286487.0,E-Wallet,Pending,TechZone
TRX-14421,2025-05-15,Nanda Pratama,Medan,fashion,Headphone JBL,7164070,3,21492210.0,E-Wallet,pending,TechZone
TRX-14422,2025/04/27,AHMAD FAUZI,yogyakarta,Kecantikan,Vacuum Cleaner,6220205,15,93303075.0,Transfer,pending,BeautyHub
TRX-14423,11-08-2025,siti aminah,denpasar,aksesoris,Vacuum Cleaner,4404657,10,51629314.40229469,Ewallet,,HomeEssence
TRX-14424,17/05/2025,BUDI SANTOSO,Jak,Aksesoris,Headphone JBL,7100585,10,71005850.0,Ewallet,pending,BeautyHub
TRX-14425,2025-03-14,SITI AMINAH,Denpeser,Rumah Tangga,Powerbank 10K,526015,1,526015.0,Card,Pending,BeautyHub
TRX-14426,24-04-2025,DEWI LESTARI,Jak,Rumah Tangga,Powerbank 10K,6125770,10,61257700.0,E-Wallet,pending,TrendShop
TRX-14427,2025/07/31,Ahmad Fauzi,Bendung,Macanan,Powerbank 10K,8258891,15,123883365.0,Ewallet,pending,GadgetMart
TRX-14428,09-07-2025,mega putri,Makassar,Elektronik,Sepatu Nike,6631060,3,25183517.980987225,Ewallet,pending,HomeEssence
TRX-14429,26/06/2025,Nanda Pratama,Den,Fashion,Vacuum Cleaner,8425065,10,84250650.0,Kartu Kredit,delivered,BeautyHub
TRX-14430,07/04/2025,mega putri,Medan,Elektroniks,Headphone JBL,2022645,1,2022645.0,COD,Canceled,TechZone
TRX-14431,07/03/2025,Ahmad Fauzi,yogyakarta,Fashion,Sepatu Nike,5311789,10,53117890.0,,Delivered,BeautyHub
TRX-14432,25/07/2025,rudi hartono,Medan,Aksesoriss,Powerbank 10K,2765366,1,2616635.391020979,COD,delivered,SportMax
TRX-14433,2025/08/08,BUDI SANTOSO,Bendung,Rumah Tanggas,Headphone JBL,9245168,3,27735504.0,Ewallet,Returned,BeautyHub
TRX-14434,16-07-2025,Budi Santoso,Denpasar,Olahraga,Headphone JBL,9225480,1,9225480.0,Ewallet,Delivered,HomeEssence
TRX-14435,07/04/2025,nanda pratama,medan,Aksesoriss,Headphone JBL,3693003,2,7386006.0,Kartu Kredit,Pending,SportMax
TRX-14436,31/05/2025,RUDI HARTONO,Mak,Elektroniks,Vacuum Cleaner,7995982,0,0.0,Card,Returned,GadgetMart
TRX-14437,2025-03-06,ahmad fauzi,Jakarta,Rumah Tangga,Sepatu Nike,9968059,1,9968059.0,Transfer,pending,BeautyHub
TRX-14438,2025-04-12,Rudi Hartono,,Kecantikan,Headphone JBL,5688702,1,5688702.0,E-Wallet,Returned,PowerCell
TRX-14439,2025/03/14,BUDI SANTOSO,Mak,Aksesoris,Powerbank 10K,9690129,1,9690129.0,Kartu Kredit,Delivered,GadgetMart
TRX-14440,2025-08-01,Ahmad Fauzi,yogyakarta,Olahraga,Smartwatch,4312911,100,431291100.0,Ewallet,Delivered,SportMax
TRX-14441,2025-06-20,DEWI LESTARI,,,Lipstik Wardah,3612709,15,54190635.0,COD,Pending,SportMax
TRX-14442,2025-08-18,nanda pratama,Surabaya,Elektroniks,Vacuum Cleaner,4328639,2,8657278.0,E-Wallet,Delivered,HomeEssence
TRX-14443,2025-05-24,Dewi Lestari,Denpeser,kecantikan,Kaos Polos,4122660,5,20613300.0,Kartu Kredit,Canceled,HomeEssence
TRX-14444,05/03/2025,SITI AMINAH,Surabaya,,Vacuum Cleaner,4545590,15,47580793.35737254,Ewallet,Delivered,TrendShop
TRX-14445,25-06-2025,nanda pratama,Mekesser,Macanan,Vacuum Cleaner,8083681,2,16167362.0,E-Wallet,Pending,SportMax
TRX-14446,2025/05/11,budi santoso,Ban,,Lipstik Wardah,1875779,1,1875779.0,COD,Returned,TechZone
TRX-14447,2025-05-13,Siti Aminah,Medan,Aksesoris,Laptop Asus,4379266,15,65688990.0,Transfer,Delivered,TechZone
TRX-14448,2025-03-24,RUDI HARTONO,Bandung,olahraga,Laptop Asus,6285111,10,62851110.0,Transfer,Returned,TechZone
TRX-14449,2025-04-07,nanda pratama,Med,Elektroniks,Vacuum Cleaner,5933947,15,46149163.59984951,Kartu Kredit,Canceled,PowerCell
TRX-14450,2025/08/09,andi saputra,Ban,Rumah Tanggas,Kaos Polos,3802778,1,3802778.0,Card,Pending,TrendShop
TRX-14451,23/03/2025,NANDA PRATAMA,Denpeser,Fashions,Kaos Polos,6212043,3,14323120.73084811,,Delivered,TrendShop
TRX-14452,12-04-2025,ANDI SAPUTRA,denpasar,Olahraga,Vacuum Cleaner,3501345,10,35013450.0,E-Wallet,delivered,TrendShop
TRX-14453,2025-04-16,ahmad fauzi,Mekesser,kecantikan,Laptop Asus,7406072,5,37030360.0,Kartu Kredit,Canceled,PowerCell
TRX-14454,20/03/2025,BUDI SANTOSO,jakarta,Fashion,Smartwatch,4880668,0,0.0,Card,Canceled,PowerCell
TRX-14455,2025/05/07,RUDI HARTONO,yogyakarta,Rumah Tanggas,Laptop Asus,2145383,1,2145383.0,Card,pending,TechZone
TRX-14456,2025-04-05,ahmad fauzi,surabaya,Aksesoriss,Lipstik Wardah,917481,5,4587405.0,COD,Delivered,BeautyHub
TRX-14457,11/08/2025,Dewi Lestari,Yogyakarta,elektronik,Lipstik Wardah,3091370,3,9274110.0,COD,pending,GadgetMart
TRX-14458,2025/08/10,Siti Aminah,Surebeye,Rumah Tangga,Sepatu Nike,5628086,3,24929622.725280132,COD,Delivered,SportMax
TRX-14459,10-08-2025,nanda pratama,Yogyakarta,Aksesoriss,Headphone JBL,9269892,15,122097604.43685454,,Canceled,BeautyHub
TRX-14460,07-04-2025,SITI AMINAH,surabaya,Rumah Tangga,Vacuum Cleaner,2767370,5,13836850.0,COD,delivered,TrendShop
TRX-14461,2025/06/22,DEWI LESTARI,Yogyakarta,Rumah Tangga,Lipstik Wardah,6013523,2,12027046.0,Transfer,pending,TrendShop
TRX-14462,07-05-2025,RUDI HARTONO,Ban,Makanans,Headphone JBL,1796659,15,26949885.0,E-Wallet,Canceled,BeautyHub
TRX-14463,11-03-2025,Andi Saputra,Mekesser,Acsesoris,Laptop Asus,7348716,1,7348716.0,Ewallet,pending,TrendShop
TRX-14464,2025-07-20,AHMAD FAUZI,Bandung,Makanan,Smartwatch,8622823,5,43114115.0,Transfer,delivered,TechZone
TRX-14465,2025/03/26,NANDA PRATAMA,Medan,,Headphone JBL,2962166,100,296216600.0,Card,Pending,TrendShop
TRX-14466,2025/04/28,Ahmad Fauzi,bandung,Olahraga,Sepatu Nike,6155183,3,18465549.0,Transfer,delivered,TrendShop
TRX-14467,06/06/2025,NANDA PRATAMA,Makassar,Kecantikans,Lipstik Wardah,7233671,10,72336710.0,E-Wallet,Delivered,GadgetMart
TRX-14468,2025/06/02,RUDI HARTONO,denpasar,elektronik,Sepatu Nike,5417578,5,27087890.0,Transfer,pending,HomeEssence
TRX-14469,2025-08-02,NANDA PRATAMA,Meden,Macanan,Sepatu Nike,1109288,10,14168950.942586904,COD,pending,PowerCell
TRX-14470,21-08-2025,MEGA PUTRI,jakarta,Makanans,Laptop Asus,6049566,15,90743490.0,Kartu Kredit,Delivered,PowerCell
TRX-14471,25/05/2025,dewi lestari,Surabaya,Kecantikan,Vacuum Cleaner,7102710,15,106540650.0,COD,delivered,PowerCell
TRX-14472,10-03-2025,MEGA PUTRI,Jak,olahraga,Lipstik Wardah,8292909,100,829290900.0,,Canceled,BeautyHub
TRX-14473,2025/05/16,budi santoso,makassar,Rumah Tanggas,Sepatu Nike,1431173,3,4293519.0,Kartu Kredit,Pending,TechZone
TRX-14474,16-08-2025,budi santoso,Denpeser,Elektronik,Smartwatch,1101628,15,16524420.0,Transfer,delivered,GadgetMart
TRX-14475,2025/08/12,ANDI SAPUTRA,Jakarta,aksesoris,Sepatu Nike,7836637,2,15673274.0,Ewallet,,SportMax
TRX-14476,2025/05/12,Mega Putri,medan,Rumah Tanggas,Smartwatch,5127831,5,25639155.0,E-Wallet,Canceled,TechZone
TRX-14477,15/08/2025,rudi hartono,Medan,Kecantican,Kaos Polos,6735237,1,6735237.0,Kartu Kredit,Canceled,HomeEssence
TRX-14478,2025-06-19,SITI AMINAH,yogyakarta,Macanan,Vacuum Cleaner,5023216,5,25116080.0,COD,delivered,TrendShop
TRX-14479,19-03-2025,nanda pratama,,Macanan,Lipstik Wardah,2627697,1,2627697.0,E-Wallet,Delivered,TrendShop
TRX-14480,2025/08/22,RUDI HARTONO,Med,Olahraga,Sepatu Nike,3097725,10,30977250.0,Card,Canceled,HomeEssence
TRX-14481,22/05/2025,SITI AMINAH,Jak,Makanan,Sepatu Nike,5760333,1,5760333.0,,Returned,SportMax
TRX-14482,23-04-2025,AHMAD FAUZI,yogyakarta,Olahraga,Kaos Polos,7962954,100,796295400.0,Card,pending,GadgetMart
TRX-14483,20-05-2025,siti aminah,Jak,aksesoris,Sepatu Nike,6638847,1,6638847.0,COD,delivered,GadgetMart
TRX-14484,2025-07-25,AHMAD FAUZI,makassar,Kecantican,Laptop Asus,7122224,1,9422484.38549176,,pending,HomeEssence
TRX-14485,07-03-2025,RUDI HARTONO,,kecantikan,Lipstik Wardah,2779974,2,6200958.1346419435,E-Wallet,delivered,SportMax
TRX-14486,2025-06-02,DEWI LESTARI,Meden,Rumah Tangga,Smartwatch,4590272,10,45902720.0,,pending,TrendShop
TRX-14487,14-07-2025,siti aminah,Meden,Elektronik,Sepatu Nike,8870939,100,887093900.0,Kartu Kredit,Pending,GadgetMart
TRX-14488,2025-03-13,ahmad fauzi,Jekerte,Fashion,Smartwatch,6639081,1,6639081.0,Kartu Kredit,Delivered,TrendShop
TRX-14489,11-04-2025,Rudi Hartono,Surabaya,rumah tangga,Kaos Polos,9247618,1,9247618.0,Transfer,Returned,GadgetMart
TRX-14490,21-06-2025,budi santoso,Ban,Rumah Tanggas,Vacuum Cleaner,4759075,2,9518150.0,Kartu Kredit,Pending,HomeEssence
TRX-14491,2025-03-03,Siti Aminah,Surebeye,olahraga,Powerbank 10K,7223625,1,7223625.0,Kartu Kredit,pending,BeautyHub
TRX-14492,20-08-2025,Nanda Pratama,Yogyekerte,Elektroniks,Smartwatch,7032805,10,53988743.71411014,Card,delivered,PowerCell
TRX-14493,23-03-2025,siti aminah,Med,rumah tangga,Laptop Asus,2909453,0,0.0,COD,delivered,BeautyHub
TRX-14494,2025-05-07,ANDI SAPUTRA,Ban,Aksesoris,Laptop Asus,3672456,15,55086840.0,COD,Canceled,PowerCell
TRX-14495,2025/07/29,siti aminah,,Electronic,Sepatu Nike,4054168,10,40541680.0,COD,Pending,TechZone
TRX-14496,2025-04-24,Ahmad Fauzi,Medan,Aksesoris,Smartwatch,9043487,10,90434870.0,Kartu Kredit,Returned,GadgetMart
TRX-14497,24-04-2025,Rudi Hartono,Bandung,Aksesoriss,Lipstik Wardah,5933417,0,0.0,Ewallet,,TrendShop
TRX-14498,02-05-2025,Dewi Lestari,Sur,elektronik,Sepatu Nike,4710296,5,23551480.0,Card,pending,HomeEssence
TRX-14499,04/05/2025,Budi Santoso,jakarta,Kecantican,Vacuum Cleaner,8575380,10,85753800.0,,Delivered,PowerCell
TRX-14500,2025/03/09,nanda pratama,jakarta,Elektroniks,Headphone JBL,5338171,3,16014513.0,Ewallet,pending,HomeEssence
TRX-14501,03/08/2025,AHMAD FAUZI,bandung,Elektronik,Lipstik Wardah,5418492,100,541849200.0,COD,Canceled,PowerCell
TRX-14502,2025/03/28,Mega Putri,Denpeser,Aksesoriss,Laptop Asus,6331102,3,18993306.0,Kartu Kredit,Pending,GadgetMart
TRX-14503,2025/03/27,DEWI LESTARI,Surabaya,Elektroniks,Laptop Asus,6759332,1,6759332.0,Kartu Kredit,Returned,SportMax
TRX-14504,07/06/2025,SITI AMINAH,Jekerte,Aksesoris,Lipstik Wardah,2294482,2,4588964.0,Ewallet,Canceled,TrendShop
TRX-14505,30/03/2025,Budi Santoso,makassar,Kecantikans,Lipstik Wardah,733045,2,1466090.0,Card,pending,PowerCell
TRX-14506,2025-04-29,MEGA PUTRI,Yogyekerte,olahraga,Headphone JBL,4266101,10,42661010.0,Card,Pending,BeautyHub
TRX-14507,21-07-2025,Siti Aminah,jakarta,elektronik,Powerbank 10K,6932076,3,20796228.0,Ewallet,delivered,TrendShop
TRX-14508,2025-03-21,budi santoso,Jak,Olahraga,Lipstik Wardah,2089282,1,2089282.0,Kartu Kredit,Delivered,GadgetMart
TRX-14509,2025-06-27,MEGA PUTRI,jakarta,Electronic,Headphone JBL,4700635,1,6921312.00791147,Card,pending,PowerCell
TRX-14510,21-06-2025,Andi Saputra,denpasar,Electronic,Laptop Asus,7150883,15,107263245.0,Kartu Kredit,Delivered,PowerCell
TRX-14511,07-07-2025,Dewi Lestari,Bandung,Rumah Tangga,Kaos Polos,1711241,1,1711241.0,E-Wallet,Canceled,BeautyHub
TRX-14512,2025/07/27,SITI AMINAH,Jekerte,Olahraga,Vacuum Cleaner,9276262,15,139143930.0,Ewallet,pending,TechZone
TRX-14513,2025-05-22,rudi hartono,Surabaya,Makanans,Sepatu Nike,7762254,1,7762254.0,Ewallet,Pending,TechZone
TRX-14514,2025/07/25,DEWI LESTARI,yogyakarta,Aksesoriss,Headphone JBL,6494861,5,32474305.0,Transfer,Delivered,GadgetMart
TRX-14515,2025-08-14,Budi Santoso,surabaya,Rumah Tanggas,Headphone JBL,8972571,5,44862855.0,E-Wallet,Pending,BeautyHub
TRX-14516,2025/03/27,AHMAD FAUZI,denpasar,Rumah Tangga,Smartwatch,2164336,1,2164336.0,Transfer,Delivered,SportMax
TRX-14517,26-07-2025,Andi Saputra,surabaya,kecantikan,Headphone JBL,4428023,1,4428023.0,COD,Canceled,GadgetMart
TRX-14518,03/06/2025,DEWI LESTARI,Makassar,Acsesoris,Smartwatch,5066761,3,13859636.146624643,Ewallet,pending,PowerCell
TRX-14519,2025/08/20,Ahmad Fauzi,Yogyekerte,olahraga,Powerbank 10K,4918136,15,73772040.0,Transfer,Canceled,SportMax
TRX-14520,15-07-2025,Dewi Lestari,jakarta,kecantikan,Kaos Polos,4206094,3,12618282.0,COD,,HomeEssence
TRX-14521,2025-03-16,mega putri,Meden,Rumah Tangga,Sepatu Nike,6688111,1,6688111.0,Ewallet,Canceled,HomeEssence
TRX-14522,20-07-2025,andi saputra,yogyakarta,Olahraga,Powerbank 10K,2565553,10,25655530.0,Transfer,delivered,HomeEssence
TRX-14523,21/03/2025,AHMAD FAUZI,Den,makanan,Headphone JBL,8697991,10,86979910.0,Transfer,Pending,GadgetMart
TRX-14524,15-04-2025,Rudi Hartono,Bandung,Kecantikans,Lipstik Wardah,2959419,3,8878257.0,COD,pending,TechZone
TRX-14525,23-05-2025,DEWI LESTARI,Medan,aksesoris,Lipstik Wardah,628078,0,0.0,Card,delivered,PowerCell
TRX-14526,2025-08-19,Dewi Lestari,Surabaya,Rumah Tangga,Kaos Polos,8847057,0,0.0,Card,Returned,TechZone
TRX-14527,21-04-2025,Andi Saputra,Jak,Olahraga,Lipstik Wardah,2616436,100,261643600.0,Transfer,pending,SportMax
TRX-14528,13/04/2025,RUDI HARTONO,Surabaya,Electronic,Sepatu Nike,3500320,2,7000640.0,E-Wallet,Pending,HomeEssence
TRX-14529,07-04-2025,siti aminah,Den,Makanan,Lipstik Wardah,9901746,5,49508730.0,COD,pending,HomeEssence
TRX-14530,06-03-2025,Andi Saputra,Denpasar,olahraga,Powerbank 10K,2602387,1,2602387.0,COD,delivered,PowerCell
TRX-14531,2025-06-09,nanda pratama,Jakarta,Electronic,Laptop Asus,543496,15,8152440.0,Card,Delivered,BeautyHub
TRX-14532,12-07-2025,Ahmad Fauzi,Yogyekerte,Aksesoris,Powerbank 10K,9707356,3,29122068.0,Kartu Kredit,pending,BeautyHub
TRX-14533,2025/03/30,BUDI SANTOSO,Denpasar,Elektronik,Kaos Polos,881219,1,881219.0,COD,,HomeEssence
TRX-14534,2025-03-02,budi santoso,Meden,Kecantican,Vacuum Cleaner,8713609,1,8713609.0,COD,Pending,TrendShop
TRX-14535,11/05/2025,MEGA PUTRI,Surabaya,kecantikan,Lipstik Wardah,9902844,100,990284400.0,COD,Pending,SportMax
TRX-14536,2025-07-15,nanda pratama,Yogyakarta,kecantikan,Headphone JBL,4979405,0,0.0,Ewallet,Canceled,TechZone
TRX-14537,2025/05/16,SITI AMINAH,Yogyakarta,makanan,Vacuum Cleaner,4355457,1,4355457.0,Kartu Kredit,Returned,TrendShop
TRX-14538,2025-04-12,ANDI SAPUTRA,Mekesser,Fashions,Lipstik Wardah,1379020,3,4137060.0,Transfer,Delivered,SportMax
TRX-14539,2025/04/16,budi santoso,Yogyekerte,Aksesoris,Sepatu Nike,7167069,5,35835345.0,Transfer,delivered,PowerCell
TRX-14540,2025/08/04,Ahmad Fauzi,Mekesser,kecantikan,Sepatu Nike,1046270,1,1046270.0,Transfer,,TrendShop
TRX-14541,30/05/2025,Dewi Lestari,Surebeye,rumah tangga,Headphone JBL,3443416,2,6886832.0,Transfer,Pending,BeautyHub
TRX-14542,2025-04-06,Nanda Pratama,Med,,Laptop Asus,1024939,1,1024939.0,COD,Delivered,PowerCell
TRX-14543,2025/03/28,NANDA PRATAMA,Denpasar,,Lipstik Wardah,4684995,1,4684995.0,Kartu Kredit,Pending,HomeEssence
TRX-14544,2025/05/28,Rudi Hartono,Bandung,Fashion,Kaos Polos,6412530,1,6412530.0,Transfer,Delivered,TechZone
TRX-14545,17/05/2025,budi santoso,Med,Acsesoris,Powerbank 10K,7271414,100,544144682.2687827,Card,Returned,BeautyHub
TRX-14546,2025-03-08,ahmad fauzi,yogyakarta,rumah tangga,Smartwatch,1906719,1,1906719.0,Transfer,pending,TrendShop
TRX-14547,15-03-2025,ANDI SAPUTRA,Surebeye,Makanans,Smartwatch,5458249,0,0.0,E-Wallet,Returned,HomeEssence
TRX-14548,25-05-2025,Dewi Lestari,jakarta,Kecantikan,Smartwatch,7629349,3,22888047.0,E-Wallet,delivered,BeautyHub
TRX-14549,03-05-2025,Nanda Pratama,Yogyekerte,Rumah Tanggas,Laptop Asus,1982811,1,1982811.0,Kartu Kredit,,TechZone
TRX-14550,2025-04-25,Nanda Pratama,Jak,Macanan,Headphone JBL,1746941,2,3493882.0,E-Wallet,pending,TrendShop
TRX-14551,16/03/2025,Andi Saputra,jakarta,Aksesoriss,Headphone JBL,4872724,1,4872724.0,COD,Pending,HomeEssence
TRX-14552,2025/07/06,Rudi Hartono,yogyakarta,Fashion,Lipstik Wardah,9547848,15,143217720.0,Transfer,Returned,TechZone
TRX-14553,02-08-2025,MEGA PUTRI,Denpeser,Kecantican,Vacuum Cleaner,3534840,1,3534840.0,Transfer,Returned,TechZone
TRX-14554,2025-04-16,Ahmad Fauzi,Denpasar,Electronic,Smartwatch,6738064,1,6738064.0,Kartu Kredit,Pending,TrendShop
TRX-14555,2025-03-01,rudi hartono,Jak,Rumah Tangga,Vacuum Cleaner,5187273,3,14042106.322058447,COD,Pending,GadgetMart
TRX-14556,21/05/2025,dewi lestari,Den,Rumah Tanggas,Laptop Asus,58981,15,884715.0,E-Wallet,Returned,HomeEssence
TRX-14557,15-05-2025,Ahmad Fauzi,Makassar,Kecantikans,Kaos Polos,157154,15,3476808.86236551,Kartu Kredit,delivered,PowerCell
TRX-14558,2025/08/25,Dewi Lestari,jakarta,Rumah Tanggas,Lipstik Wardah,7866186,1,7866186.0,Ewallet,Canceled,TrendShop
TRX-14559,2025/08/14,Dewi Lestari,medan,Makanans,Vacuum Cleaner,9490841,15,142362615.0,E-Wallet,Canceled,BeautyHub
TRX-14560,07-03-2025,Nanda Pratama,Jakarta,Makanan,Powerbank 10K,2756171,2,5512342.0,Card,Returned,HomeEssence
TRX-14561,19/06/2025,dewi lestari,Med,Olahragas,Smartwatch,4191747,1,4191747.0,Card,Canceled,PowerCell
TRX-14562,24/03/2025,Nanda Pratama,yogyakarta,Rumah Tangga,Kaos Polos,3493737,100,349373700.0,Kartu Kredit,Canceled,SportMax
TRX-14563,2025/05/29,Budi Santoso,Den,Kecantican,Sepatu Nike,4742489,0,0.0,Ewallet,Returned,HomeEssence
TRX-14564,2025-03-02,NANDA PRATAMA,Denpasar,Makanans,Headphone JBL,5120447,15,76806705.0,Card,pending,PowerCell
TRX-14565,2025/05/10,Rudi Hartono,Jakarta,,Kaos Polos,5318681,10,53186810.0,E-Wallet,Delivered,TrendShop
TRX-14566,26-06-2025,siti aminah,makassar,elektronik,Sepatu Nike,6325080,3,18975240.0,Card,Pending,PowerCell
TRX-14567,2025-03-23,ahmad fauzi,surabaya,Kecantikan,Smartwatch,3660566,15,54908490.0,Card,delivered,PowerCell
TRX-14568,27-03-2025,Ahmad Fauzi,Yogyekerte,kecantikan,Lipstik Wardah,4976423,0,0.0,E-Wallet,Pending,BeautyHub
TRX-14569,23/05/2025,Siti Aminah,bandung,Electronic,Kaos Polos,445462,10,3530600.1390005224,Ewallet,Returned,TechZone
TRX-14570,07-03-2025,siti aminah,surabaya,Rumah Tangga,Kaos Polos,198306,1,198306.0,Ewallet,Returned,GadgetMart
TRX-14571,2025-04-13,mega putri,Bendung,Fashion,Headphone JBL,3056374,10,22575087.952679228,COD,Delivered,HomeEssence
TRX-14572,2025/07/13,MEGA PUTRI,denpasar,aksesoris,Headphone JBL,649493,15,9742395.0,Transfer,,HomeEssence
TRX-14573,2025/04/28,andi saputra,Mekesser,Rumah Tangga,Sepatu Nike,5697244,5,28486220.0,Ewallet,Canceled,PowerCell
TRX-14574,2025/05/25,Siti Aminah,Med,Olahraga,Kaos Polos,8417568,3,25252704.0,Card,Delivered,SportMax
TRX-14575,2025-06-06,Siti Aminah,Mekesser,Makanans,Headphone JBL,3890624,1,3890624.0,Kartu Kredit,Pending,TrendShop
TRX-14576,29/04/2025,budi santoso,Jekerte,Kecantikan,Vacuum Cleaner,8391353,1,8391353.0,COD,delivered,GadgetMart
TRX-14577,2025-05-30,AHMAD FAUZI,Med,Fashion,Lipstik Wardah,6959453,5,34797265.0,COD,Canceled,TrendShop
TRX-14578,25/04/2025,andi saputra,Denpasar,kecantikan,Kaos Polos,5247535,5,26237675.0,Transfer,Returned,GadgetMart
TRX-14579,03/08/2025,Siti Aminah,Mekesser,Kecantican,Laptop Asus,2367165,15,35507475.0,Kartu Kredit,Canceled,TrendShop
TRX-14580,04-03-2025,Andi Saputra,Meden,Rumah Tanggas,Smartwatch,3376425,1,3376425.0,Ewallet,delivered,TechZone
TRX-14581,2025-08-25,Budi Santoso,denpasar,Electronic,Powerbank 10K,7293520,0,0.0,Ewallet,Pending,TrendShop
TRX-14582,01/05/2025,Ahmad Fauzi,bandung,Makanans,Sepatu Nike,7315341,2,11507375.498213844,Ewallet,Delivered,GadgetMart
TRX-14583,25/07/2025,siti aminah,Surebeye,Olahraga,Vacuum Cleaner,6337206,1,8518713.537284087,Card,Pending,GadgetMart
TRX-14584,2025-08-24,MEGA PUTRI,Yog,Kecantican,Powerbank 10K,737055,10,7370550.0,COD,Pending,HomeEssence
TRX-14585,22-08-2025,Andi Saputra,Jak,Rumah Tanggas,Kaos Polos,1514294,15,22714410.0,Ewallet,pending,SportMax
TRX-14586,2025-06-22,dewi lestari,Yogyekerte,Elektronik,Powerbank 10K,1565697,15,23485455.0,Kartu Kredit,pending,SportMax
TRX-14587,2025/08/01,dewi lestari,Jakarta,Acsesoris,Laptop Asus,1723783,15,25856745.0,,Pending,BeautyHub
TRX-14588,10-07-2025,Nanda Pratama,Surabaya,Fashion,Vacuum Cleaner,643695,1,643695.0,COD,Pending,GadgetMart
TRX-14589,17/05/2025,dewi lestari,Yog,Acsesoris,Vacuum Cleaner,4140617,0,0.0,E-Wallet,Delivered,TechZone
TRX-14590,2025-06-14,mega putri,Denpeser,rumah tangga,Powerbank 10K,5165068,1,5165068.0,Card,Returned,GadgetMart
TRX-14591,2025-05-13,Budi Santoso,Denpeser,Olahraga,Kaos Polos,9584473,10,95844730.0,Ewallet,pending,TrendShop
TRX-14592,03-04-2025,SITI AMINAH,Jekerte,Olahraga,Powerbank 10K,6399244,10,63992440.0,COD,delivered,TrendShop
TRX-14593,2025/07/05,RUDI HARTONO,Surabaya,Olahragas,Sepatu Nike,1930352,1,1930352.0,Kartu Kredit,Returned,TechZone
TRX-14594,10-05-2025,mega putri,,fashion,Lipstik Wardah,3793368,2,7586736.0,E-Wallet,delivered,SportMax
TRX-14595,06/06/2025,mega putri,Jekerte,olahraga,Laptop Asus,3422438,1,3422438.0,E-Wallet,Delivered,BeautyHub
TRX-14596,28/05/2025,rudi hartono,makassar,Makanan,Sepatu Nike,4772104,1,4772104.0,Ewallet,Pending,SportMax
TRX-14597,13-03-2025,MEGA PUTRI,Meden,Rumah Tangga,Headphone JBL,8517351,1,8517351.0,,Returned,PowerCell
TRX-14598,17/03/2025,Andi Saputra,jakarta,aksesoris,Smartwatch,5798413,1,5798413.0,Transfer,delivered,TrendShop
TRX-14599,05-06-2025,andi saputra,Medan,olahraga,Headphone JBL,9167535,10,91675350.0,COD,Returned,SportMax
TRX-14600,2025-04-25,Dewi Lestari,Yogyakarta,Fashions,Lipstik Wardah,1001399,1,1001399.0,COD,,SportMax
TRX-14601,13/04/2025,SITI AMINAH,Bendung,Rumah Tangga,Sepatu Nike,2454710,15,36820650.0,Kartu Kredit,Returned,HomeEssence
TRX-14602,27/07/2025,RUDI HARTONO,yogyakarta,makanan,Powerbank 10K,2895653,100,289565300.0,Transfer,pending,GadgetMart
TRX-14603,04/08/2025,BUDI SANTOSO,Den,Olahraga,Vacuum Cleaner,7488784,0,0.0,Card,delivered,TechZone
TRX-14604,2025-03-30,andi saputra,,Fashions,Powerbank 10K,8903372,1,8903372.0,,Canceled,PowerCell
TRX-14605,22/04/2025,siti aminah,Sur,Fashions,Smartwatch,9030052,0,0.0,COD,pending,HomeEssence
TRX-14606,21-08-2025,Siti Aminah,Bandung,Acsesoris,Sepatu Nike,4304567,2,8609134.0,E-Wallet,Delivered,SportMax
TRX-14607,2025-06-13,MEGA PUTRI,denpasar,aksesoris,Smartwatch,8251319,0,0.0,Transfer,Delivered,HomeEssence
TRX-14608,25-07-2025,AHMAD FAUZI,,Makanan,Vacuum Cleaner,8096534,0,0.0,E-Wallet,delivered,SportMax
TRX-14609,2025/04/06,Budi Santoso,Bendung,Makanan,Sepatu Nike,8581320,3,25743960.0,E-Wallet,Pending,HomeEssence
TRX-14610,01-08-2025,MEGA PUTRI,Surebeye,Elektronik,Kaos Polos,9312721,15,139690815.0,COD,pending,TechZone
TRX-14611,26-06-2025,Siti Aminah,,Olahraga,Lipstik Wardah,8205012,2,16410024.0,E-Wallet,Canceled,SportMax
TRX-14612,2025-03-31,Mega Putri,Med,Aksesoris,Vacuum Cleaner,8758706,3,26276118.0,Card,Returned,HomeEssence
TRX-14613,2025/03/15,AHMAD FAUZI,Makassar,Olahragas,Vacuum Cleaner,807902,1,807902.0,Kartu Kredit,Delivered,HomeEssence
TRX-14614,16/05/2025,Siti Aminah,Med,Kecantican,Kaos Polos,4788347,100,478834700.0,COD,Returned,HomeEssence
TRX-14615,2025-04-15,Dewi Lestari,Yog,Fashion,Kaos Polos,8694702,1,8694702.0,COD,Returned,TrendShop
TRX-14616,2025-05-03,nanda pratama,Med,Rumah Tangga,Powerbank 10K,5577964,1,5577964.0,Transfer,Pending,HomeEssence
TRX-14617,2025/03/09,SITI AMINAH,Jekerte,Fashion,Headphone JBL,5945882,15,89188230.0,E-Wallet,Returned,TrendShop
TRX-14618,2025-04-11,nanda pratama,Jakarta,rumah tangga,Sepatu Nike,107612100,15,80709075.0,Card,delivered,PowerCell
TRX-14619,2025-05-23,Rudi Hartono,Bendung,Elektronik,Lipstik Wardah,5564260,100,556426000.0,Card,Canceled,TechZone
TRX-14620,28/07/2025,AHMAD FAUZI,medan,Rumah Tangga,Laptop Asus,5508076,15,77622222.16004017,Transfer,delivered,HomeEssence
TRX-14621,2025-04-30,Mega Putri,,Acsesoris,Lipstik Wardah,8021391,2,16042782.0,Transfer,pending,PowerCell
TRX-14622,2025/08/15,Rudi Hartono,yogyakarta,Kecantican,Kaos Polos,7746586,0,0.0,Kartu Kredit,delivered,BeautyHub
TRX-14623,14/06/2025,Siti Aminah,medan,Olahraga,Sepatu Nike,4485776,100,448577600.0,Card,Delivered,TrendShop
TRX-14624,2025/05/01,ahmad fauzi,Jekerte,Olahraga,Kaos Polos,4544950,2,9089900.0,COD,Canceled,PowerCell
TRX-14625,21/06/2025,budi santoso,surabaya,Rumah Tanggas,Sepatu Nike,1176805,100,84375126.29669167,Ewallet,Returned,TechZone
TRX-14626,09/05/2025,mega putri,Yog,Aksesoriss,Kaos Polos,9707503,100,970750300.0,Kartu Kredit,Delivered,PowerCell
TRX-14627,2025/08/14,Rudi Hartono,Medan,makanan,Vacuum Cleaner,7067718,1,7067718.0,COD,Returned,HomeEssence
TRX-14628,2025/03/31,Nanda Pratama,Med,Fashion,Powerbank 10K,9541979,1,9541979.0,Ewallet,delivered,PowerCell
TRX-14629,2025-06-16,MEGA PUTRI,Denpeser,Fashions,Smartwatch,784543,3,2353629.0,Transfer,Canceled,TechZone
TRX-14630,06-05-2025,SITI AMINAH,,Olahraga,Vacuum Cleaner,9399313,1,9399313.0,Ewallet,pending,GadgetMart
TRX-14631,2025/07/11,MEGA PUTRI,Surebeye,Kecantikan,Kaos Polos,4037338,100,403733800.0,COD,pending,PowerCell
TRX-14632,2025/03/25,Rudi Hartono,Med,Kecantikan,Lipstik Wardah,3449458,1,3449458.0,Transfer,Returned,TechZone
TRX-14633,2025/03/22,RUDI HARTONO,Den,elektronik,Smartwatch,3069684,3,9209052.0,Kartu Kredit,Returned,PowerCell
TRX-14634,2025/06/04,ahmad fauzi,Medan,Olahraga,Kaos Polos,4721212,2,9442424.0,E-Wallet,pending,SportMax
TRX-14635,2025-03-20,ahmad fauzi,Bendung,Rumah Tangga,Laptop Asus,8018737,1,8018737.0,Card,Canceled,TrendShop
TRX-14636,18/03/2025,Rudi Hartono,bandung,Olahragas,Smartwatch,7529602,1,7529602.0,E-Wallet,Pending,PowerCell
TRX-14637,2025/03/20,BUDI SANTOSO,,makanan,Sepatu Nike,970200,100,97020000.0,Kartu Kredit,pending,SportMax
TRX-14638,10/06/2025,siti aminah,Yog,Fashions,Vacuum Cleaner,9476371,15,142145565.0,Kartu Kredit,Pending,BeautyHub
TRX-14639,28-04-2025,Budi Santoso,Medan,Aksesoriss,Sepatu Nike,2866300,15,42994500.0,Card,Canceled,BeautyHub
TRX-14640,2025/04/07,Ahmad Fauzi,Mak,Kecantikan,Vacuum Cleaner,3573700,1,3573700.0,Ewallet,delivered,PowerCell
TRX-14641,14/03/2025,DEWI LESTARI,medan,Aksesoris,Smartwatch,1896398,2,3792796.0,Ewallet,Canceled,PowerCell
TRX-14642,2025/07/21,budi santoso,makassar,Rumah Tangga,Laptop Asus,527698,2,1474489.0633133138,Card,Delivered,PowerCell
TRX-14643,25/06/2025,budi santoso,Sur,Rumah Tangga,Vacuum Cleaner,8969537,15,134543055.0,Kartu Kredit,Pending,PowerCell
TRX-14644,07/03/2025,ahmad fauzi,,Kecantikan,Sepatu Nike,9492143,100,949214300.0,Card,pending,GadgetMart
TRX-14645,23-06-2025,Andi Saputra,Sur,,Vacuum Cleaner,6396502,5,31982510.0,COD,Delivered,GadgetMart
TRX-14646,19-04-2025,nanda pratama,Jakarta,Olahraga,Vacuum Cleaner,29106260,1,1455313.0,E-Wallet,Delivered,BeautyHub
TRX-14647,2025/04/10,andi saputra,,Kecantikans,Kaos Polos,8034653,2,16069306.0,Transfer,Canceled,TechZone
TRX-14648,2025-03-05,Nanda Pratama,makassar,olahraga,Powerbank 10K,8437484,2,10859675.434709854,E-Wallet,Delivered,SportMax
TRX-14649,21/06/2025,Andi Saputra,Ban,Elektronik,Kaos Polos,7709381,1,7709381.0,E-Wallet,pending,SportMax
TRX-14650,18-05-2025,SITI AMINAH,Makassar,Rumah Tangga,Sepatu Nike,8988770,3,26966310.0,COD,,BeautyHub
TRX-14651,09/08/2025,andi saputra,Mekesser,Kecantikans,Lipstik Wardah,4528903,0,0.0,Ewallet,Canceled,PowerCell
TRX-14652,24/07/2025,Mega Putri,bandung,aksesoris,Lipstik Wardah,5325615,10,53256150.0,Kartu Kredit,Canceled,TechZone
TRX-14653,2025-05-19,RUDI HARTONO,surabaya,Aksesoris,Powerbank 10K,1730913,0,0.0,COD,Delivered,TechZone
TRX-14654,13-07-2025,andi saputra,Yog,Rumah Tangga,Headphone JBL,9281329,100,928132900.0,Card,,BeautyHub
TRX-14655,08/05/2025,Dewi Lestari,Meden,,Laptop Asus,6600402,1,6600402.0,Card,pending,TrendShop
TRX-14656,2025-06-17,Nanda Pratama,makassar,Aksesoris,Powerbank 10K,3458939,1,3053917.6697752415,Transfer,,HomeEssence
TRX-14657,20/07/2025,Siti Aminah,Jekerte,Makanan,Kaos Polos,9699169,1,9699169.0,Transfer,delivered,SportMax
TRX-14658,2025-08-27,Siti Aminah,makassar,Makanans,Headphone JBL,8356135,1,8356135.0,COD,pending,SportMax
TRX-14659,2025/08/19,NANDA PRATAMA,surabaya,Acsesoris,Vacuum Cleaner,8690050,1,8690050.0,Card,Delivered,TechZone
TRX-14660,28/06/2025,ahmad fauzi,Denpeser,rumah tangga,Vacuum Cleaner,367152,1,367152.0,Ewallet,pending,GadgetMart
TRX-14661,19/07/2025,Dewi Lestari,yogyakarta,Fashion,Powerbank 10K,7646477,100,436092656.190598,Card,Canceled,BeautyHub
TRX-14662,2025-08-05,dewi lestari,Jakarta,Olahraga,Laptop Asus,6120517,10,61205170.0,E-Wallet,Returned,TrendShop
TRX-14663,23-08-2025,RUDI HARTONO,surabaya,Olahraga,Headphone JBL,659003,0,0.0,Card,Returned,TrendShop
TRX-14664,13/06/2025,RUDI HARTONO,Bendung,Macanan,Laptop Asus,4750671,1,4750671.0,E-Wallet,,HomeEssence
TRX-14665,2025-03-19,SITI AMINAH,Surebeye,makanan,Laptop Asus,68510,15,1027650.0,,delivered,PowerCell
TRX-14666,2025/04/11,Siti Aminah,Jakarta,Rumah Tangga,Sepatu Nike,3510054,1,3510054.0,E-Wallet,Canceled,BeautyHub
TRX-14667,2025/06/24,NANDA PRATAMA,Bandung,Macanan,Headphone JBL,140653200,15,105489900.0,Card,pending,BeautyHub
TRX-14668,16-06-2025,Andi Saputra,yogyakarta,Fashion,Smartwatch,2018487,2,4036974.0,,delivered,TechZone
TRX-14669,09/06/2025,ahmad fauzi,yogyakarta,Olahraga,Headphone JBL,5525260,5,27626300.0,COD,Pending,TechZone
TRX-14670,2025/05/14,BUDI SANTOSO,jakarta,Rumah Tanggas,Powerbank 10K,102748,10,1027480.0,Transfer,Delivered,TrendShop
TRX-14671,25-03-2025,SITI AMINAH,Surebeye,Kecantican,Kaos Polos,78669,1,78669.0,COD,Returned,TechZone
TRX-14672,2025-06-23,NANDA PRATAMA,medan,Fashion,Powerbank 10K,2019387,1,2019387.0,Transfer,Returned,GadgetMart
TRX-14673,10-03-2025,MEGA PUTRI,makassar,elektronik,Smartwatch,6367197,1,6367197.0,COD,Delivered,SportMax
TRX-14674,05/08/2025,rudi hartono,Sur,olahraga,Sepatu Nike,2650017,1,2650017.0,E-Wallet,Returned,TrendShop
TRX-14675,2025-08-24,SITI AMINAH,,Aksesoris,Lipstik Wardah,5397697,1,5397697.0,Transfer,Canceled,GadgetMart
TRX-14676,2025/03/23,rudi hartono,medan,Aksesoriss,Powerbank 10K,1440688,3,4322064.0,Kartu Kredit,Canceled,SportMax
TRX-14677,2025/06/23,mega putri,Meden,Macanan,Sepatu Nike,8959923,1,8959923.0,Kartu Kredit,pending,TechZone
TRX-14678,2025/04/24,BUDI SANTOSO,Med,Aksesoris,Vacuum Cleaner,8028503,10,80285030.0,Card,delivered,GadgetMart
TRX-14679,2025/04/28,Ahmad Fauzi,Jak,Olahraga,Sepatu Nike,2220972,5,11104860.0,E-Wallet,,BeautyHub
TRX-14680,02-03-2025,andi saputra,denpasar,Macanan,Vacuum Cleaner,8990372,3,26971116.0,Kartu Kredit,delivered,PowerCell
TRX-14681,2025-06-14,andi saputra,Yogyekerte,Makanan,Vacuum Cleaner,1218931,100,121893100.0,Card,Pending,BeautyHub
TRX-14682,2025/04/22,ANDI SAPUTRA,Surabaya,makanan,Smartwatch,6573245,15,98598675.0,Card,pending,TrendShop
TRX-14683,2025-05-26,Siti Aminah,surabaya,elektronik,Laptop Asus,6995098,0,0.0,COD,delivered,SportMax
TRX-14684,2025/07/08,DEWI LESTARI,Denpeser,aksesoris,Smartwatch,2073106,1,2073106.0,E-Wallet,pending,TechZone
TRX-14685,2025/08/10,nanda pratama,Mekesser,Rumah Tangga,Sepatu Nike,5271610,15,79074150.0,COD,pending,BeautyHub
TRX-14686,2025/05/31,dewi lestari,denpasar,Rumah Tangga,Laptop Asus,5952232,1,5952232.0,COD,Canceled,BeautyHub
TRX-14687,2025/05/31,budi santoso,Mak,Fashion,Sepatu Nike,5318410,2,10636820.0,Ewallet,pending,GadgetMart
TRX-14688,2025/04/11,Budi Santoso,Jakarta,Elektronik,Smartwatch,6035507,1,6035507.0,Ewallet,Returned,TrendShop
TRX-14689,2025-03-18,Budi Santoso,Surebeye,fashion,Vacuum Cleaner,1150620,1,1150620.0,,delivered,BeautyHub
TRX-14690,2025-07-11,andi saputra,Yogyakarta,Kecantican,Vacuum Cleaner,4333667,1,4333667.0,Transfer,delivered,HomeEssence
TRX-14691,05-07-2025,Dewi Lestari,Jak,Olahragas,Sepatu Nike,1669530,100,166953000.0,COD,Canceled,HomeEssence
TRX-14692,2025/08/25,AHMAD FAUZI,,Fashion,Headphone JBL,5393926,100,539392600.0,COD,Delivered,HomeEssence
TRX-14693,2025/05/20,BUDI SANTOSO,Bendung,Kecantican,Headphone JBL,5424485,1,5424485.0,Ewallet,Returned,TrendShop
TRX-14694,2025/08/11,Ahmad Fauzi,Yog,Kecantikan,Sepatu Nike,8073647,100,807364700.0,Transfer,delivered,TechZone
TRX-14695,01/07/2025,nanda pratama,Denpeser,Aksesoriss,Headphone JBL,9849987,1,9849987.0,Kartu Kredit,delivered,GadgetMart
TRX-14696,2025-08-03,Mega Putri,Yogyekerte,Olahraga,Kaos Polos,5029021,100,502902100.0,E-Wallet,Delivered,TrendShop
TRX-14697,2025/08/11,rudi hartono,Den,Acsesoris,Sepatu Nike,5234837,15,78522555.0,COD,Returned,GadgetMart
TRX-14698,2025-03-21,MEGA PUTRI,makassar,Fashions,Kaos Polos,6148492,100,614849200.0,Kartu Kredit,,HomeEssence
TRX-14699,2025/06/03,andi saputra,jakarta,Makanans,Kaos Polos,7868014,100,526928297.16759676,COD,Canceled,SportMax
TRX-14700,2025-07-31,Siti Aminah,Mak,Kecantikans,Kaos Polos,2588309,2,5176618.0,Kartu Kredit,Pending,HomeEssence
TRX-14701,2025/06/23,Dewi Lestari,Mak,Rumah Tanggas,Laptop Asus,5897898,10,58978980.0,E-Wallet,delivered,SportMax
TRX-14702,2025/03/09,Budi Santoso,Yogyekerte,Rumah Tanggas,Headphone JBL,350767,10,3507670.0,Ewallet,Delivered,HomeEssence
TRX-14703,2025-06-23,BUDI SANTOSO,bandung,Aksesoriss,Sepatu Nike,9586164,1,9586164.0,COD,Pending,TrendShop
TRX-14704,2025-04-08,Dewi Lestari,Ban,Elektroniks,Headphone JBL,6857173,1,6857173.0,Transfer,Pending,GadgetMart
TRX-14705,26-04-2025,Mega Putri,Bendung,Aksesoris,Kaos Polos,5118379,0,0.0,,,HomeEssence
TRX-14706,2025-07-25,Siti Aminah,Jak,Kecantican,Laptop Asus,9866702,100,986670200.0,Transfer,delivered,GadgetMart
TRX-14707,2025-06-15,mega putri,Mak,Makanan,Headphone JBL,8291730,1,8291730.0,COD,pending,SportMax
TRX-14708,2025/07/24,Andi Saputra,yogyakarta,Olahraga,Powerbank 10K,6556648,1,6556648.0,,Returned,TechZone
TRX-14709,2025-06-01,RUDI HARTONO,Denpasar,Fashions,Smartwatch,9321125,1,9321125.0,COD,Canceled,TechZone
TRX-14710,29/06/2025,andi saputra,Yogyekerte,olahraga,Sepatu Nike,6317366,100,631736600.0,Card,Delivered,GadgetMart
TRX-14711,27/07/2025,Rudi Hartono,Surabaya,Fashions,Powerbank 10K,9510982,1,9510982.0,Transfer,Delivered,HomeEssence
TRX-14712,2025/03/29,SITI AMINAH,Yogyekerte,Olahragas,Sepatu Nike,6832303,100,683230300.0,Kartu Kredit,Pending,TechZone
TRX-14713,2025-03-13,mega putri,Jakarta,makanan,Headphone JBL,3765222,1,3765222.0,Transfer,Pending,PowerCell
TRX-14714,2025-07-10,NANDA PRATAMA,Meden,Kecantican,Laptop Asus,2725059,0,0.0,Ewallet,Pending,TechZone
TRX-14715,24/05/2025,Ahmad Fauzi,Yogyakarta,elektronik,Lipstik Wardah,309201,1,309201.0,Ewallet,Returned,BeautyHub
TRX-14716,2025/05/18,ANDI SAPUTRA,Bandung,Acsesoris,Lipstik Wardah,1836936,0,0.0,,,BeautyHub
TRX-14717,2025/07/13,Nanda Pratama,Sur,makanan,Headphone JBL,4383227,0,0.0,E-Wallet,Canceled,TrendShop
TRX-14718,2025-04-08,nanda pratama,medan,Olahraga,Headphone JBL,253474,100,25347400.0,Kartu Kredit,Canceled,TechZone
TRX-14719,2025/08/19,dewi lestari,Surebeye,Rumah Tangga,Smartwatch,8196837,3,24590511.0,Transfer,Canceled,HomeEssence
TRX-14720,2025/03/30,siti aminah,Bendung,Kecantikans,Sepatu Nike,3145039,1,3145039.0,Ewallet,delivered,TrendShop
TRX-14721,2025-08-13,Dewi Lestari,Jekerte,Olahraga,Powerbank 10K,950794,100,136831905.02646402,Transfer,Pending,SportMax
TRX-14722,21-04-2025,nanda pratama,surabaya,olahraga,Smartwatch,6118735,10,61187350.0,COD,pending,SportMax
TRX-14723,13-06-2025,budi santoso,surabaya,Fashion,Kaos Polos,5148145,5,25740725.0,E-Wallet,Delivered,HomeEssence
TRX-14724,10/04/2025,rudi hartono,Denpasar,Fashion,Smartwatch,5271227,2,10542454.0,COD,Returned,TrendShop
TRX-14725,2025-05-04,nanda pratama,Jekerte,kecantikan,Smartwatch,363678,10,4272452.976029508,Kartu Kredit,Pending,TrendShop
TRX-14726,05/06/2025,nanda pratama,bandung,kecantikan,Kaos Polos,2492716,0,0.0,Ewallet,Canceled,BeautyHub
TRX-14727,05/03/2025,nanda pratama,surabaya,makanan,Powerbank 10K,6524961,100,652496100.0,Ewallet,delivered,PowerCell
TRX-14728,2025/05/13,BUDI SANTOSO,Jak,Aksesoris,Kaos Polos,583885,1,583885.0,Ewallet,delivered,PowerCell
TRX-14729,29/07/2025,budi santoso,denpasar,kecantikan,Headphone JBL,5143409,10,51434090.0,COD,Pending,HomeEssence
TRX-14730,2025/07/23,Ahmad Fauzi,Den,fashion,Lipstik Wardah,4656302,5,23281510.0,Kartu Kredit,pending,TechZone
TRX-14731,31-05-2025,SITI AMINAH,Jak,elektronik,Powerbank 10K,8100405,3,24301215.0,E-Wallet,Pending,SportMax
TRX-14732,2025-03-15,ANDI SAPUTRA,Yogyakarta,Rumah Tanggas,Laptop Asus,9297076,1,9297076.0,COD,Pending,TrendShop
TRX-14733,2025/07/31,Rudi Hartono,Yogyekerte,aksesoris,Lipstik Wardah,156998,3,470994.0,Ewallet,,SportMax
TRX-14734,2025-06-21,Nanda Pratama,Bandung,Fashion,Smartwatch,8819311,2,17638622.0,Ewallet,delivered,GadgetMart
TRX-14735,2025-08-19,Andi Saputra,Surabaya,olahraga,Smartwatch,4668322,1,4668322.0,E-Wallet,Canceled,HomeEssence
TRX-14736,2025/03/14,Siti Aminah,Meden,Olahraga,Sepatu Nike,9149790,1,9149790.0,Ewallet,Pending,TechZone
TRX-14737,2025-04-03,nanda pratama,Mak,Elektroniks,Vacuum Cleaner,8518899,1,8518899.0,Transfer,Delivered,BeautyHub
TRX-14738,2025-03-09,andi saputra,Sur,elektronik,Smartwatch,4824598,1,4824598.0,Transfer,Delivered,HomeEssence
TRX-14739,19/07/2025,Rudi Hartono,medan,Kecantikans,Sepatu Nike,1947678,10,28882417.03770374,Transfer,Pending,GadgetMart
TRX-14740,09-03-2025,ahmad fauzi,Den,Fashions,Laptop Asus,8549180,5,42745900.0,,pending,SportMax
TRX-14741,2025-04-05,dewi lestari,Makassar,Aksesoriss,Laptop Asus,6427844,10,64278440.0,COD,Delivered,TrendShop
TRX-14742,2025-03-03,Siti Aminah,medan,,Powerbank 10K,6106929,1,6106929.0,Transfer,Delivered,TrendShop
TRX-14743,2025-08-03,RUDI HARTONO,Jakarta,Fashions,Powerbank 10K,9247671,0,0.0,Transfer,Canceled,TechZone
TRX-14744,13-07-2025,NANDA PRATAMA,surabaya,Rumah Tangga,Powerbank 10K,6851256,1,6851256.0,COD,delivered,TrendShop
TRX-14745,2025/03/15,dewi lestari,Sur,Makanans,Laptop Asus,8715394,10,87153940.0,,delivered,TechZone
TRX-14746,2025/06/18,ahmad fauzi,Makassar,Fashions,Sepatu Nike,8856407,2,17712814.0,Card,Canceled,TrendShop
TRX-14747,26/08/2025,Nanda Pratama,Surebeye,Makanans,Vacuum Cleaner,4568462,1,4568462.0,COD,Pending,GadgetMart
TRX-14748,22-07-2025,Mega Putri,Med,Rumah Tanggas,Headphone JBL,4334933,5,21674665.0,E-Wallet,Canceled,TrendShop
TRX-14749,26/04/2025,DEWI LESTARI,denpasar,,Sepatu Nike,2486126,3,7458378.0,Kartu Kredit,Canceled,TrendShop
TRX-14750,2025/08/04,DEWI LESTARI,Medan,Macanan,Laptop Asus,1213842,1,1213842.0,Ewallet,pending,GadgetMart
TRX-14751,2025-08-03,rudi hartono,Denpeser,Fashion,Kaos Polos,4323487,100,432348700.0,Transfer,Canceled,GadgetMart
TRX-14752,2025/04/02,RUDI HARTONO,Mak,Fashion,Kaos Polos,173844,15,2607660.0,Card,pending,HomeEssence
TRX-14753,2025/04/13,Dewi Lestari,,Electronic,Headphone JBL,6944604,10,69446040.0,E-Wallet,Pending,SportMax
TRX-14754,19-08-2025,ANDI SAPUTRA,Mekesser,Aksesoris,Laptop Asus,3987080,2,7974160.0,Card,pending,PowerCell
TRX-14755,2025/06/28,rudi hartono,Sur,Kecantikans,Sepatu Nike,7250622,1,7250622.0,Kartu Kredit,delivered,BeautyHub
TRX-14756,21-03-2025,Dewi Lestari,Sur,,Lipstik Wardah,6129547,1,6129547.0,,,SportMax
TRX-14757,21-03-2025,ahmad fauzi,Mak,Olahragas,Sepatu Nike,9350842,2,22307036.20421376,Kartu Kredit,delivered,SportMax
TRX-14758,12-07-2025,Nanda Pratama,Den,Fashion,Kaos Polos,3074320,100,307432000.0,Transfer,delivered,SportMax
TRX-14759,17-05-2025,NANDA PRATAMA,Yog,Kecantikan,Kaos Polos,1597840,3,4793520.0,Ewallet,Pending,HomeEssence
TRX-14760,03/04/2025,dewi lestari,Medan,rumah tangga,Smartwatch,1050778,1,1050778.0,COD,Returned,TechZone
TRX-14761,2025-08-17,ANDI SAPUTRA,Ban,Aksesoriss,Laptop Asus,3048277,1,3048277.0,Ewallet,Returned,PowerCell
TRX-14762,27-07-2025,andi saputra,bandung,,Vacuum Cleaner,5788753,100,685390894.1481571,Transfer,Delivered,PowerCell
TRX-14763,2025/05/29,mega putri,Denpasar,Olahragas,Powerbank 10K,2946695,100,294669500.0,Card,Canceled,TechZone
TRX-14764,2025-05-26,rudi hartono,Med,Olahraga,Vacuum Cleaner,6009417,3,18028251.0,Card,Pending,TrendShop
TRX-14765,2025/07/29,Andi Saputra,Jekerte,elektronik,Headphone JBL,5825984,2,11651968.0,,Returned,TechZone
TRX-14766,24-04-2025,BUDI SANTOSO,Surebeye,Aksesoriss,Headphone JBL,2336113,15,35041695.0,Kartu Kredit,pending,TrendShop
TRX-14767,19-08-2025,RUDI HARTONO,Jekerte,aksesoris,Smartwatch,3657838,5,18289190.0,COD,Returned,PowerCell
TRX-14768,13-06-2025,Andi Saputra,Jakarta,Makanans,Smartwatch,8065119,1,8065119.0,Transfer,delivered,HomeEssence
TRX-14769,12-04-2025,Andi Saputra,makassar,Fashion,Vacuum Cleaner,2819067,1,2819067.0,Transfer,delivered,TechZone
TRX-14770,19-03-2025,Budi Santoso,Mak,aksesoris,Smartwatch,90751,2,181434.34745608625,Transfer,Delivered,TechZone
TRX-14771,17/07/2025,Siti Aminah,Yogyakarta,Fashions,Laptop Asus,3229249,1,3229249.0,Ewallet,Delivered,PowerCell
TRX-14772,2025-08-11,Andi Saputra,Denpasar,Aksesoris,Vacuum Cleaner,9478143,5,47390715.0,E-Wallet,pending,BeautyHub
TRX-14773,2025-03-15,andi saputra,Meden,Olahragas,Kaos Polos,847634,100,125511945.30516928,E-Wallet,delivered,PowerCell
TRX-14774,2025-08-15,budi santoso,bandung,olahraga,Powerbank 10K,9529821,0,0.0,Ewallet,Returned,PowerCell
TRX-14775,20/04/2025,AHMAD FAUZI,Yogyekerte,Elektroniks,Smartwatch,6258623,100,625862300.0,Transfer,Returned,TechZone
TRX-14776,15/03/2025,ahmad fauzi,Den,Aksesoriss,Sepatu Nike,6027664,10,60276640.0,COD,pending,PowerCell
TRX-14777,15/05/2025,BUDI SANTOSO,yogyakarta,Kecantican,Headphone JBL,8900441,100,890044100.0,Kartu Kredit,Canceled,BeautyHub
TRX-14778,2025/04/11,Andi Saputra,surabaya,kecantikan,Vacuum Cleaner,5294412,3,15883236.0,E-Wallet,Pending,TrendShop
TRX-14779,2025-07-22,NANDA PRATAMA,Sur,Olahragas,Smartwatch,6510284,15,97654260.0,Card,Pending,TrendShop
TRX-14780,2025-05-17,Siti Aminah,Medan,rumah tangga,Powerbank 10K,4974306,15,45206496.43431898,Ewallet,Returned,GadgetMart
TRX-14781,29-05-2025,nanda pratama,surabaya,Fashions,Headphone JBL,6970343,10,69703430.0,COD,delivered,TechZone
TRX-14782,2025-06-19,DEWI LESTARI,medan,Elektroniks,Vacuum Cleaner,1347327,100,134732700.0,Kartu Kredit,Returned,TrendShop
TRX-14783,25-05-2025,ANDI SAPUTRA,Bendung,Rumah Tangga,Kaos Polos,9109382,15,136640730.0,,Delivered,PowerCell
TRX-14784,30-06-2025,budi santoso,Sur,,Sepatu Nike,9304905,1,9304905.0,E-Wallet,pending,PowerCell
TRX-14785,12-08-2025,ahmad fauzi,Medan,Fashions,Kaos Polos,6342359,0,0.0,E-Wallet,Pending,GadgetMart
TRX-14786,16/04/2025,SITI AMINAH,Denpeser,aksesoris,Powerbank 10K,5328452,2,10656904.0,COD,,SportMax
TRX-14787,25-08-2025,mega putri,Sur,Fashions,Lipstik Wardah,4593511,1,4593511.0,E-Wallet,Returned,HomeEssence
TRX-14788,2025/05/23,AHMAD FAUZI,Surabaya,Fashion,Headphone JBL,4297837,0,0.0,Transfer,Canceled,TrendShop
TRX-14789,25-05-2025,mega putri,Den,kecantikan,Powerbank 10K,1218964,3,3656892.0,COD,Pending,TrendShop
TRX-14790,2025/05/30,AHMAD FAUZI,bandung,Kecantikans,Vacuum Cleaner,9233671,15,138505065.0,COD,Pending,SportMax
TRX-14791,01-06-2025,ahmad fauzi,Yog,kecantikan,Headphone JBL,5941966,3,17825898.0,COD,pending,BeautyHub
TRX-14792,2025-07-18,Budi Santoso,Bendung,Rumah Tanggas,Kaos Polos,4234737,5,21173685.0,Transfer,,HomeEssence
TRX-14793,29-07-2025,Nanda Pratama,Jak,Elektronik,Kaos Polos,4007100,0,0.0,Ewallet,Delivered,HomeEssence
TRX-14794,17-03-2025,Siti Aminah,Jak,Fashion,Powerbank 10K,7398399,2,14796798.0,Transfer,Canceled,BeautyHub
TRX-14795,25-08-2025,mega putri,Jakarta,makanan,Smartwatch,9233613,1,9233613.0,E-Wallet,Delivered,PowerCell
TRX-14796,17-03-2025,Siti Aminah,Den,Elektronik,Kaos Polos,5961740,1,6822988.4886977365,E-Wallet,Canceled,TrendShop
TRX-14797,2025-06-30,Andi Saputra,Meden,fashion,Headphone JBL,5999782,3,17999346.0,E-Wallet,Returned,BeautyHub
TRX-14798,2025/08/03,siti aminah,Yogyekerte,rumah tangga,Headphone JBL,7004038,100,700403800.0,Ewallet,Pending,GadgetMart
TRX-14799,20/08/2025,siti aminah,,makanan,Kaos Polos,9203735,1,6870441.096771437,Card,Delivered,GadgetMart
TRX-14800,2025/06/10,RUDI HARTONO,Mekesser,Electronic,Kaos Polos,6217324,5,31086620.0,COD,Returned,HomeEssence
TRX-14801,2025/06/19,SITI AMINAH,Bandung,Aksesoriss,Lipstik Wardah,6516138,0,0.0,Transfer,Canceled,TrendShop
TRX-14802,29/03/2025,budi santoso,Med,rumah tangga,Sepatu Nike,2041524,3,6124572.0,Transfer,Canceled,BeautyHub
TRX-14803,2025/05/21,nanda pratama,Ban,Macanan,Powerbank 10K,9063730,3,27191190.0,Ewallet,Returned,SportMax
TRX-14804,06/05/2025,dewi lestari,,olahraga,Powerbank 10K,8694157,2,17388314.0,E-Wallet,Canceled,PowerCell
TRX-14805,2025/07/15,ANDI SAPUTRA,Yog,Fashion,Headphone JBL,424994,3,1020249.1618799393,Ewallet,delivered,GadgetMart
TRX-14806,2025-04-12,budi santoso,Med,Acsesoris,Sepatu Nike,7857604,2,15715208.0,Card,pending,TechZone
TRX-14807,2025/04/15,NANDA PRATAMA,Mekesser,makanan,Vacuum Cleaner,2849045,3,8547135.0,COD,Pending,BeautyHub
TRX-14808,2025/04/18,RUDI HARTONO,Denpasar,elektronik,Sepatu Nike,9607706,15,144115590.0,COD,delivered,PowerCell
TRX-14809,08/04/2025,ahmad fauzi,yogyakarta,Makanans,Laptop Asus,1699478,2,3398956.0,E-Wallet,Pending,PowerCell
TRX-14810,2025/03/01,Nanda Pratama,jakarta,Elektronik,Kaos Polos,7933679,15,119005185.0,Transfer,Returned,TrendShop
TRX-14811,14/07/2025,AHMAD FAUZI,Bendung,Fashion,Powerbank 10K,5201300,1,5201300.0,Transfer,Canceled,GadgetMart
TRX-14812,2025/03/08,Dewi Lestari,Mekesser,Olahragas,Kaos Polos,7957184,1,7957184.0,Transfer,Pending,PowerCell
TRX-14813,28/04/2025,AHMAD FAUZI,Yogyakarta,Electronic,Lipstik Wardah,72535160,1,3626758.0,,Canceled,GadgetMart
TRX-14814,24/04/2025,Nanda Pratama,Mekesser,Acsesoris,Laptop Asus,4423547,2,8847094.0,,Delivered,GadgetMart
TRX-14815,2025-08-23,Siti Aminah,yogyakarta,Olahragas,Smartwatch,7095158,100,709515800.0,COD,pending,HomeEssence
TRX-14816,22-07-2025,nanda pratama,Jak,Fashions,Smartwatch,3845627,5,19228135.0,Transfer,pending,BeautyHub
TRX-14817,20-06-2025,Ahmad Fauzi,Denpeser,Makanan,Powerbank 10K,8885318,5,44426590.0,Ewallet,Canceled,SportMax
TRX-14818,04-04-2025,AHMAD FAUZI,Den,Kecantikan,Vacuum Cleaner,1506098,5,7530490.0,Ewallet,Pending,TrendShop
TRX-14819,2025-06-18,Budi Santoso,Surebeye,Acsesoris,Lipstik Wardah,4120675,3,12362025.0,COD,Returned,HomeEssence
TRX-14820,12/06/2025,BUDI SANTOSO,Jekerte,Rumah Tangga,Laptop Asus,2239465,100,223946500.0,Kartu Kredit,Pending,TrendShop
TRX-14821,14/08/2025,AHMAD FAUZI,Jak,aksesoris,Powerbank 10K,7975651,1,7975651.0,Transfer,Returned,SportMax
TRX-14822,2025/04/19,Mega Putri,Bandung,Aksesoriss,Laptop Asus,433829,1,433829.0,Ewallet,Returned,TechZone
TRX-14823,2025/07/28,DEWI LESTARI,Sur,kecantikan,Headphone JBL,9981316,2,22871818.456617575,E-Wallet,pending,SportMax
TRX-14824,05-05-2025,nanda pratama,Surabaya,Rumah Tangga,Vacuum Cleaner,5556932,1,5556932.0,Card,Canceled,SportMax
TRX-14825,2025-07-29,Rudi Hartono,,fashion,Sepatu Nike,604700,15,9070500.0,COD,pending,GadgetMart
TRX-14826,15/07/2025,andi saputra,Med,Makanans,Vacuum Cleaner,901590,15,13523850.0,Kartu Kredit,Delivered,TrendShop
TRX-14827,2025/04/23,andi saputra,Yogyekerte,Makanans,Headphone JBL,90449,1,90449.0,Ewallet,pending,HomeEssence
TRX-14828,2025/05/17,ANDI SAPUTRA,surabaya,Makanan,Headphone JBL,6958801,10,69588010.0,Ewallet,Returned,PowerCell
TRX-14829,2025/07/20,Rudi Hartono,Med,Macanan,Kaos Polos,1554915,15,23323725.0,E-Wallet,Delivered,TrendShop
TRX-14830,2025/04/18,ANDI SAPUTRA,Den,Fashions,Lipstik Wardah,7184855,2,14369710.0,COD,Canceled,BeautyHub
TRX-14831,26-05-2025,Andi Saputra,,olahraga,Headphone JBL,9975127,2,19950254.0,,Delivered,GadgetMart
TRX-14832,16/03/2025,BUDI SANTOSO,bandung,Makanan,Kaos Polos,8344682,10,83446820.0,Ewallet,Pending,BeautyHub
TRX-14833,2025-06-13,NANDA PRATAMA,Bandung,Macanan,Headphone JBL,9777633,1,10019460.202053698,Transfer,Returned,HomeEssence
TRX-14834,2025/06/21,nanda pratama,Yogyakarta,Elektronik,Vacuum Cleaner,1219715,2,2439430.0,Card,Canceled,HomeEssence
TRX-14835,30/05/2025,siti aminah,Ban,Olahraga,Sepatu Nike,7673760,10,76737600.0,Ewallet,delivered,TrendShop
TRX-14836,05/05/2025,budi santoso,Denpeser,Kecantikan,Smartwatch,5318848,1,5318848.0,COD,Delivered,TrendShop
TRX-14837,2025-03-31,nanda pratama,makassar,elektronik,Sepatu Nike,6201996,2,12403992.0,Card,Returned,HomeEssence
TRX-14838,13-06-2025,siti aminah,surabaya,Makanans,Sepatu Nike,5355377,1,7290632.23573702,COD,Canceled,GadgetMart
TRX-14839,28-04-2025,Ahmad Fauzi,medan,Olahraga,Smartwatch,5885522,0,0.0,Transfer,Canceled,PowerCell
TRX-14840,17/05/2025,Mega Putri,Makassar,aksesoris,Lipstik Wardah,8388125,3,25164375.0,E-Wallet,Delivered,TrendShop
TRX-14841,04/04/2025,dewi lestari,Jekerte,Kecantikans,Smartwatch,954064,1,954064.0,E-Wallet,,HomeEssence
TRX-14842,2025/04/30,MEGA PUTRI,Sur,Rumah Tangga,Powerbank 10K,2660320,1,2660320.0,Kartu Kredit,Pending,BeautyHub
TRX-14843,29/05/2025,Budi Santoso,Sur,Olahragas,Smartwatch,721367,1,721367.0,Transfer,Canceled,TechZone
TRX-14844,28/04/2025,budi santoso,jakarta,Kecantikans,Sepatu Nike,2061153,100,248291405.34096393,Kartu Kredit,Canceled,HomeEssence
TRX-14845,10-03-2025,MEGA PUTRI,yogyakarta,Olahragas,Lipstik Wardah,8287415,3,24862245.0,Kartu Kredit,Delivered,TrendShop
TRX-14846,2025/03/16,Budi Santoso,surabaya,rumah tangga,Lipstik Wardah,2296667,1,2296667.0,Transfer,Delivered,GadgetMart
TRX-14847,2025/08/26,Nanda Pratama,Mekesser,Makanans,Sepatu Nike,9268330,1,9268330.0,COD,pending,SportMax
TRX-14848,2025-03-12,mega putri,Yogyakarta,aksesoris,Laptop Asus,1628013,15,24420195.0,Kartu Kredit,Returned,SportMax
TRX-14849,22-04-2025,nanda pratama,Surabaya,Electronic,Laptop Asus,7790068,0,0.0,Transfer,pending,SportMax
TRX-14850,2025-08-17,SITI AMINAH,Jakarta,Fashion,Headphone JBL,2058880,1,2058880.0,COD,Canceled,HomeEssence
TRX-14851,18/05/2025,NANDA PRATAMA,Yogyakarta,makanan,Powerbank 10K,5598122,10,55981220.0,Transfer,Pending,TechZone
TRX-14852,2025-05-18,mega putri,Med,Macanan,Kaos Polos,3418410,5,17092050.0,Ewallet,Canceled,GadgetMart
TRX-14853,19-06-2025,NANDA PRATAMA,Mak,Kecantikans,Sepatu Nike,8745097,5,43725485.0,Ewallet,Returned,TechZone
TRX-14854,2025-05-21,DEWI LESTARI,Jekerte,Olahraga,Vacuum Cleaner,7966163,3,32681863.277245022,Transfer,,BeautyHub
TRX-14855,09/07/2025,RUDI HARTONO,Yog,Elektronik,Laptop Asus,8240798,1,8240798.0,Kartu Kredit,pending,BeautyHub
TRX-14856,22-08-2025,MEGA PUTRI,Denpeser,,Powerbank 10K,6542197,0,0.0,,Canceled,TechZone
TRX-14857,23/08/2025,andi saputra,Ban,Elektronik,Lipstik Wardah,7905220,0,0.0,Transfer,pending,GadgetMart
TRX-14858,26-03-2025,Ahmad Fauzi,denpasar,Fashion,Powerbank 10K,1038807,1,1038807.0,E-Wallet,delivered,PowerCell
TRX-14859,07-04-2025,Mega Putri,Bendung,Aksesoris,Headphone JBL,5831801,2,11663602.0,Card,pending,BeautyHub
TRX-14860,01/08/2025,Nanda Pratama,Sur,,Smartwatch,3939200,1,3939200.0,,,SportMax
TRX-14861,29-03-2025,mega putri,medan,elektronik,Sepatu Nike,4259419,1,4259419.0,E-Wallet,Returned,SportMax
TRX-14862,2025-05-21,DEWI LESTARI,,kecantikan,Laptop Asus,614267,1,614267.0,E-Wallet,delivered,SportMax
TRX-14863,2025/03/02,Rudi Hartono,Bandung,Electronic,Headphone JBL,3972874,0,0.0,Transfer,Pending,PowerCell
TRX-14864,2025-07-16,Nanda Pratama,Bendung,Rumah Tangga,Powerbank 10K,4900258,100,490025800.0,Kartu Kredit,pending,TrendShop
TRX-14865,22/04/2025,Budi Santoso,surabaya,Kecantikan,Lipstik Wardah,9139024,10,91390240.0,Kartu Kredit,Delivered,SportMax
TRX-14866,30-04-2025,Mega Putri,Denpasar,Aksesoriss,Smartwatch,6176819,15,92652285.0,Card,pending,HomeEssence
TRX-14867,2025/08/06,SITI AMINAH,makassar,Elektronik,Kaos Polos,1658990,1,1658990.0,,,BeautyHub
TRX-14868,25/07/2025,BUDI SANTOSO,Surabaya,Macanan,Headphone JBL,2689668,100,268966800.0,Kartu Kredit,pending,BeautyHub
TRX-14869,03-06-2025,Rudi Hartono,bandung,Kecantikan,Lipstik Wardah,9987388,3,29962164.0,Transfer,delivered,GadgetMart
TRX-14870,2025/03/23,BUDI SANTOSO,Meden,Fashions,Kaos Polos,7444518,100,744451800.0,Kartu Kredit,Delivered,GadgetMart
TRX-14871,2025/07/09,MEGA PUTRI,medan,aksesoris,Smartwatch,1426807,15,21402105.0,Card,Returned,GadgetMart
TRX-14872,2025-04-08,Nanda Pratama,Bandung,olahraga,Kaos Polos,9890145,15,148352175.0,Card,pending,GadgetMart
TRX-14873,2025-08-02,NANDA PRATAMA,Jakarta,fashion,Smartwatch,1809268,100,180926800.0,Kartu Kredit,Pending,HomeEssence
TRX-14874,2025/03/05,dewi lestari,Bendung,Olahraga,Laptop Asus,1874998,15,41325518.625050135,COD,delivered,BeautyHub
TRX-14875,13-07-2025,andi saputra,,Macanan,Lipstik Wardah,6867064,1,6867064.0,Transfer,pending,SportMax
TRX-14876,10-03-2025,DEWI LESTARI,Yogyekerte,Rumah Tangga,Laptop Asus,7929909,10,79299090.0,Transfer,Pending,HomeEssence
TRX-14877,17/05/2025,siti aminah,Mekesser,,Headphone JBL,4829432,0,0.0,COD,Returned,PowerCell
TRX-14878,2025/07/23,NANDA PRATAMA,Sur,Kecantikans,Vacuum Cleaner,8334268,10,83342680.0,COD,Delivered,BeautyHub
TRX-14879,02/08/2025,DEWI LESTARI,Med,Fashion,Kaos Polos,3081402,1,3081402.0,COD,Pending,PowerCell
TRX-14880,30-06-2025,Ahmad Fauzi,Surabaya,fashion,Vacuum Cleaner,7787099,2,15574198.0,COD,pending,SportMax
TRX-14881,2025/03/03,ANDI SAPUTRA,Sur,Kecantikans,Laptop Asus,4176030,2,10607910.66162625,COD,pending,GadgetMart
TRX-14882,10-03-2025,Siti Aminah,Den,Makanans,Vacuum Cleaner,2191997,1,3244263.8243951956,COD,pending,BeautyHub
TRX-14883,2025-03-06,Nanda Pratama,Jakarta,Fashion,Sepatu Nike,6454892,5,32274460.0,Card,delivered,HomeEssence
TRX-14884,15-08-2025,Dewi Lestari,Yogyekerte,rumah tangga,Vacuum Cleaner,7938323,1,7938323.0,Ewallet,Pending,HomeEssence
TRX-14885,04/08/2025,Rudi Hartono,makassar,rumah tangga,Smartwatch,6044299,1,6044299.0,Ewallet,delivered,TrendShop
TRX-14886,10-04-2025,siti aminah,Makassar,,Vacuum Cleaner,7370812,1,7370812.0,Transfer,Returned,PowerCell
TRX-14887,21/06/2025,Siti Aminah,Surabaya,makanan,Smartwatch,4740136,0,0.0,Kartu Kredit,Pending,HomeEssence
TRX-14888,2025/05/18,Siti Aminah,Makassar,Macanan,Vacuum Cleaner,1983630,1,1382531.5624186767,COD,Canceled,TrendShop
TRX-14889,2025/08/23,ANDI SAPUTRA,Meden,fashion,Vacuum Cleaner,9878213,2,19756426.0,Kartu Kredit,Pending,BeautyHub
TRX-14890,2025-05-03,andi saputra,Meden,Makanans,Vacuum Cleaner,8810306,2,17620612.0,Card,pending,TrendShop
TRX-14891,03-04-2025,BUDI SANTOSO,Jakarta,Kecantikans,Lipstik Wardah,1149984,10,11499840.0,Ewallet,delivered,BeautyHub
TRX-14892,30/07/2025,Rudi Hartono,surabaya,Rumah Tanggas,Lipstik Wardah,9633490,5,44529180.60678667,E-Wallet,Pending,GadgetMart
TRX-14893,2025-05-28,ANDI SAPUTRA,bandung,Fashion,Smartwatch,1171015,1,1171015.0,Kartu Kredit,Canceled,TechZone
TRX-14894,2025/05/18,BUDI SANTOSO,,Aksesoriss,Kaos Polos,9260289,100,926028900.0,Ewallet,Canceled,TechZone
TRX-14895,01-04-2025,rudi hartono,medan,Kecantikans,Vacuum Cleaner,921510,5,4607550.0,Ewallet,delivered,PowerCell
TRX-14896,15-07-2025,siti aminah,Yog,Elektronik,Smartwatch,4641204,1,4641204.0,Card,pending,PowerCell
TRX-14897,20/07/2025,AHMAD FAUZI,Denpasar,Elektroniks,Vacuum Cleaner,4385807,1,4385807.0,Card,delivered,TrendShop
TRX-14898,2025/03/28,AHMAD FAUZI,Jak,Electronic,Headphone JBL,4596475,1,4596475.0,Kartu Kredit,pending,TrendShop
TRX-14899,2025/05/16,nanda pratama,surabaya,,Sepatu Nike,9295406,0,0.0,Kartu Kredit,Canceled,BeautyHub
TRX-14900,24-06-2025,BUDI SANTOSO,Jekerte,Makanans,Smartwatch,8773622,15,131604330.0,COD,Pending,HomeEssence
TRX-14901,01-04-2025,dewi lestari,Yogyakarta,Acsesoris,Laptop Asus,1902040,100,190204000.0,Transfer,Delivered,TrendShop
TRX-14902,03-06-2025,Andi Saputra,Med,Rumah Tangga,Smartwatch,3785568,2,7571136.0,Ewallet,Returned,SportMax
TRX-14903,16-05-2025,RUDI HARTONO,Yogyakarta,Kecantikan,Lipstik Wardah,2197849,3,6593547.0,Ewallet,Returned,HomeEssence
TRX-14904,2025-08-23,budi santoso,Makassar,Fashion,Smartwatch,7920579,1,7920579.0,Transfer,Delivered,TechZone
TRX-14905,16-08-2025,budi santoso,Sur,olahraga,Powerbank 10K,5340299,100,534029900.0,E-Wallet,Canceled,PowerCell
TRX-14906,2025/06/24,mega putri,bandung,fashion,Kaos Polos,3878471,0,0.0,Ewallet,delivered,PowerCell
TRX-14907,2025/05/10,Budi Santoso,Mak,Rumah Tangga,Smartwatch,9954283,3,29862849.0,Ewallet,Pending,TrendShop
TRX-14908,2025-03-13,RUDI HARTONO,Jak,Macanan,Headphone JBL,3366219,0,0.0,E-Wallet,,HomeEssence
TRX-14909,15-03-2025,AHMAD FAUZI,Jakarta,Aksesoriss,Laptop Asus,5774174,2,11548348.0,Transfer,pending,SportMax
TRX-14910,2025-05-14,SITI AMINAH,Denpeser,Kecantikan,Kaos Polos,127511960,1,8463239.073118035,Transfer,pending,GadgetMart
TRX-14911,21/04/2025,Siti Aminah,Sur,Fashions,Vacuum Cleaner,7901347,100,790134700.0,Ewallet,Pending,TechZone
TRX-14912,22/04/2025,Dewi Lestari,surabaya,Electronic,Headphone JBL,8527852,5,42639260.0,Transfer,delivered,TrendShop
TRX-14913,2025-08-25,Budi Santoso,Yogyekerte,Electronic,Sepatu Nike,8632676,100,863267600.0,Ewallet,delivered,GadgetMart
TRX-14914,2025/05/15,DEWI LESTARI,Makassar,,Lipstik Wardah,1325421,1,1325421.0,Ewallet,Pending,BeautyHub
TRX-14915,08-08-2025,ahmad fauzi,Medan,olahraga,Smartwatch,9767137,3,29301411.0,Transfer,pending,PowerCell
TRX-14916,2025/05/03,nanda pratama,Mekesser,Electronic,Vacuum Cleaner,7268708,0,0.0,COD,Delivered,SportMax
TRX-14917,2025-06-15,ahmad fauzi,Jak,Kecantikans,Kaos Polos,1993419,1,1993419.0,Transfer,Pending,SportMax
TRX-14918,16/04/2025,Ahmad Fauzi,Meden,Rumah Tangga,Vacuum Cleaner,2479365,3,7438095.0,Transfer,Canceled,TechZone
TRX-14919,2025/04/01,ANDI SAPUTRA,Den,Rumah Tangga,Smartwatch,2437117,3,7311351.0,Kartu Kredit,delivered,BeautyHub
TRX-14920,08/08/2025,NANDA PRATAMA,yogyakarta,Olahraga,Lipstik Wardah,735305,15,11029575.0,COD,Returned,TrendShop
TRX-14921,2025-08-14,rudi hartono,denpasar,Elektroniks,Headphone JBL,506982,5,2534910.0,Transfer,Pending,GadgetMart
TRX-14922,02-03-2025,dewi lestari,Jak,Fashion,Laptop Asus,6250513,3,18751539.0,Transfer,Delivered,SportMax
TRX-14923,2025-08-04,siti aminah,Yogyekerte,aksesoris,Laptop Asus,7586371,1,7586371.0,,pending,BeautyHub
TRX-14924,2025-05-10,Rudi Hartono,jakarta,Electronic,Sepatu Nike,1917427,5,9587135.0,COD,Returned,BeautyHub
TRX-14925,2025-08-12,rudi hartono,medan,aksesoris,Powerbank 10K,3854153,1,3854153.0,E-Wallet,pending,TrendShop
TRX-14926,2025/04/14,mega putri,Meden,Makanan,Sepatu Nike,6016319,1,6016319.0,Transfer,Delivered,TechZone
TRX-14927,2025/04/19,AHMAD FAUZI,denpasar,Olahraga,Sepatu Nike,366096,1,366096.0,E-Wallet,Delivered,TechZone
TRX-14928,2025/06/30,Dewi Lestari,Yog,Makanan,Headphone JBL,3212557,10,32125570.0,Kartu Kredit,delivered,HomeEssence
TRX-14929,2025/08/18,budi santoso,Makassar,Kecantikan,Lipstik Wardah,9915719,0,0.0,Kartu Kredit,Delivered,BeautyHub
TRX-14930,2025/08/19,Dewi Lestari,Medan,Elektronik,Vacuum Cleaner,6503001,1,6503001.0,Kartu Kredit,Pending,GadgetMart
TRX-14931,09-05-2025,MEGA PUTRI,Mak,Kecantican,Sepatu Nike,7990012,1,7990012.0,Card,pending,GadgetMart
TRX-14932,26/08/2025,nanda pratama,Meden,Kecantican,Headphone JBL,5554489,1,5554489.0,COD,Canceled,PowerCell
TRX-14933,16/06/2025,RUDI HARTONO,Jekerte,,Vacuum Cleaner,1573155,10,15731550.0,E-Wallet,delivered,SportMax
TRX-14934,2025/04/24,BUDI SANTOSO,Yogyekerte,Electronic,Vacuum Cleaner,3174249,15,47613735.0,Ewallet,delivered,TrendShop
TRX-14935,05-04-2025,RUDI HARTONO,Surabaya,Rumah Tangga,Laptop Asus,1793174,100,179317400.0,Card,Canceled,TechZone
TRX-14936,12/03/2025,BUDI SANTOSO,Ban,Makanan,Kaos Polos,6083024,1,6083024.0,Transfer,Pending,GadgetMart
TRX-14937,2025/08/25,Nanda Pratama,Sur,makanan,Smartwatch,6059039,2,12118078.0,,Pending,SportMax
TRX-14938,2025-05-22,nanda pratama,Jekerte,olahraga,Powerbank 10K,2938899,3,8816697.0,Ewallet,Canceled,HomeEssence
TRX-14939,2025/03/26,Rudi Hartono,,Rumah Tanggas,Lipstik Wardah,275648,5,1305782.6502446297,Kartu Kredit,Canceled,TechZone
TRX-14940,28-06-2025,RUDI HARTONO,,Olahragas,Kaos Polos,4847622,5,24238110.0,E-Wallet,Returned,PowerCell
TRX-14941,09-03-2025,NANDA PRATAMA,Makassar,Makanan,Laptop Asus,6292870,15,94393050.0,E-Wallet,Pending,PowerCell
TRX-14942,2025-03-15,BUDI SANTOSO,Jak,Kecantican,Sepatu Nike,447348,1,625348.4523918352,Card,Pending,PowerCell
TRX-14943,2025-07-05,Ahmad Fauzi,Mekesser,Fashion,Lipstik Wardah,5779908,1,8454853.423338974,,pending,GadgetMart
TRX-14944,2025-05-11,mega putri,Makassar,Kecantican,Sepatu Nike,2108591,2,4217182.0,COD,Returned,HomeEssence
TRX-14945,2025/06/13,Siti Aminah,Jak,Makanan,Lipstik Wardah,7549996,100,754999600.0,Card,Delivered,GadgetMart
TRX-14946,2025/06/03,budi santoso,medan,Fashions,Vacuum Cleaner,6841466,100,684146600.0,Ewallet,Canceled,TechZone
TRX-14947,2025-03-03,rudi hartono,Jekerte,Olahraga,Headphone JBL,573136,5,2865680.0,Kartu Kredit,Delivered,BeautyHub
TRX-14948,2025/03/15,NANDA PRATAMA,Jak,,Lipstik Wardah,5590910,2,11181820.0,Transfer,Canceled,BeautyHub
TRX-14949,2025/08/21,AHMAD FAUZI,denpasar,Olahragas,Laptop Asus,4327214,5,21636070.0,Transfer,Returned,TrendShop
TRX-14950,08-04-2025,MEGA PUTRI,Jakarta,Olahraga,Laptop Asus,7014475,1,7014475.0,,Delivered,GadgetMart
TRX-14951,2025/08/05,siti aminah,yogyakarta,Fashion,Headphone JBL,6793485,1,6793485.0,Transfer,Canceled,HomeEssence
TRX-14952,26-06-2025,dewi lestari,Surabaya,Fashion,Headphone JBL,7049993,100,704999300.0,Transfer,Canceled,PowerCell
TRX-14953,2025-07-13,ANDI SAPUTRA,Jekerte,fashion,Headphone JBL,1174702,2,2332912.690853254,Kartu Kredit,Pending,HomeEssence
TRX-14954,10/08/2025,Nanda Pratama,bandung,Aksesoriss,Laptop Asus,9742401,1,9742401.0,Ewallet,Canceled,TechZone
TRX-14955,2025/07/20,Rudi Hartono,Yogyekerte,Electronic,Headphone JBL,6869902,1,6869902.0,COD,Canceled,TrendShop
TRX-14956,2025/05/30,Siti Aminah,Med,kecantikan,Headphone JBL,4380919,2,8761838.0,E-Wallet,Pending,BeautyHub
TRX-14957,17-06-2025,rudi hartono,Den,elektronik,Sepatu Nike,2493413,10,24934130.0,Ewallet,Returned,PowerCell
TRX-14958,15/03/2025,Mega Putri,Yogyekerte,Aksesoris,Headphone JBL,5861056,2,11722112.0,,pending,GadgetMart
TRX-14959,24/06/2025,nanda pratama,,Electronic,Laptop Asus,4773391,1,4773391.0,Kartu Kredit,Canceled,TechZone
TRX-14960,2025-05-14,BUDI SANTOSO,Bendung,,Lipstik Wardah,7903296,3,23709888.0,Card,Pending,HomeEssence
TRX-14961,2025/03/16,Dewi Lestari,Medan,Elektroniks,Powerbank 10K,1516478,10,15164780.0,,delivered,HomeEssence
TRX-14962,15/06/2025,Siti Aminah,Mak,Fashion,Smartwatch,478410,1,478410.0,Ewallet,Pending,BeautyHub
TRX-14963,2025/03/27,dewi lestari,makassar,Fashion,Kaos Polos,2788659,15,41829885.0,E-Wallet,Returned,PowerCell
TRX-14964,25/05/2025,DEWI LESTARI,Meden,Kecantikans,Sepatu Nike,9254994,2,18509988.0,COD,delivered,SportMax
TRX-14965,2025/06/07,Mega Putri,makassar,Makanans,Vacuum Cleaner,5270741,100,527074100.0,Kartu Kredit,Delivered,TrendShop
TRX-14966,2025-08-07,Andi Saputra,bandung,Rumah Tangga,Laptop Asus,6778546,3,20335638.0,Card,delivered,GadgetMart
TRX-14967,2025/08/14,RUDI HARTONO,Den,Fashion,Lipstik Wardah,4591759,3,13775277.0,Ewallet,Pending,SportMax
TRX-14968,2025/08/05,DEWI LESTARI,Den,Aksesoriss,Lipstik Wardah,1511215,5,7556075.0,Ewallet,,HomeEssence
TRX-14969,09/04/2025,MEGA PUTRI,bandung,,Sepatu Nike,2698766,15,40481490.0,COD,Delivered,BeautyHub
TRX-14970,11/08/2025,AHMAD FAUZI,Ban,,Sepatu Nike,9156071,100,636981544.5984173,E-Wallet,Returned,GadgetMart
TRX-14971,2025-08-14,MEGA PUTRI,yogyakarta,Rumah Tangga,Smartwatch,4579100,100,457910000.0,E-Wallet,Returned,SportMax
TRX-14972,2025/04/01,Mega Putri,Jakarta,Rumah Tangga,Headphone JBL,3527915,1,3527915.0,Transfer,Pending,TrendShop
TRX-14973,2025-07-14,Siti Aminah,Mak,Kecantikan,Powerbank 10K,2607929,5,17122805.120267853,Ewallet,delivered,TrendShop
TRX-14974,14/05/2025,Rudi Hartono,Mak,Kecantikan,Lipstik Wardah,9512140,15,142682100.0,COD,Returned,SportMax
TRX-14975,07/04/2025,siti aminah,yogyakarta,Electronic,Lipstik Wardah,5337468,100,533746800.0,Kartu Kredit,Delivered,PowerCell
TRX-14976,2025-05-20,dewi lestari,Jekerte,Makanans,Smartwatch,6993616,10,69936160.0,Transfer,Delivered,HomeEssence
TRX-14977,2025-06-26,AHMAD FAUZI,,Fashions,Lipstik Wardah,3211895,10,32118950.0,COD,pending,HomeEssence
TRX-14978,13-05-2025,rudi hartono,Sur,Makanan,Laptop Asus,276406,5,1382030.0,Kartu Kredit,pending,BeautyHub
TRX-14979,13/05/2025,Budi Santoso,Den,Makanan,Smartwatch,2751731,15,41275965.0,COD,pending,BeautyHub
TRX-14980,2025-06-22,ahmad fauzi,Sur,Fashions,Smartwatch,9894090,15,148411350.0,COD,pending,GadgetMart
TRX-14981,2025-05-13,Siti Aminah,Surebeye,Kecantikan,Laptop Asus,9899069,1,11007348.182982882,Ewallet,,GadgetMart
TRX-14982,2025-06-01,Ahmad Fauzi,Meden,Makanans,Laptop Asus,4625454,0,0.0,Transfer,delivered,HomeEssence
TRX-14983,2025-03-10,DEWI LESTARI,Denpeser,Kecantikans,Kaos Polos,3341508,15,50122620.0,Card,Delivered,BeautyHub
TRX-14984,2025-07-21,Andi Saputra,Surabaya,Kecantican,Kaos Polos,7734923,2,15469846.0,E-Wallet,delivered,SportMax
TRX-14985,29-04-2025,rudi hartono,Ban,fashion,Powerbank 10K,3206730,100,320673000.0,Transfer,,BeautyHub
TRX-14986,16-08-2025,mega putri,Mekesser,Acsesoris,Lipstik Wardah,4049661,100,404966100.0,Transfer,Returned,TrendShop
TRX-14987,2025-06-10,ANDI SAPUTRA,Yogyekerte,Kecantikan,Lipstik Wardah,271746,1,271746.0,E-Wallet,Returned,TrendShop
TRX-14988,21-04-2025,AHMAD FAUZI,Den,rumah tangga,Kaos Polos,8182304,1,6984959.508888848,Kartu Kredit,Delivered,HomeEssence
TRX-14989,2025-07-09,RUDI HARTONO,jakarta,Macanan,Vacuum Cleaner,7061836,0,0.0,Ewallet,delivered,SportMax
TRX-14990,2025/03/01,MEGA PUTRI,,Kecantican,Laptop Asus,312328,0,0.0,COD,Pending,TechZone
TRX-14991,2025/08/25,dewi lestari,Bandung,Fashion,Vacuum Cleaner,8590129,3,16465916.068727087,Transfer,delivered,BeautyHub
TRX-14992,2025-05-20,ANDI SAPUTRA,Surabaya,Rumah Tangga,Sepatu Nike,2596946,1,2596946.0,E-Wallet,pending,TechZone
TRX-14993,2025/04/09,andi saputra,Denpasar,Olahraga,Headphone JBL,9462220,1,9462220.0,Card,Pending,HomeEssence
TRX-14994,2025/08/09,NANDA PRATAMA,surabaya,Olahragas,Laptop Asus,7121827,2,14243654.0,E-Wallet,Delivered,TrendShop
TRX-14995,25/03/2025,mega putri,medan,Kecantican,Laptop Asus,5244085,100,524408500.0,Card,Pending,PowerCell
TRX-14996,2025/08/19,RUDI HARTONO,Yogyekerte,Electronic,Powerbank 10K,2036952,5,10184760.0,Ewallet,Delivered,GadgetMart
TRX-14997,2025/08/01,Dewi Lestari,,Olahragas,Sepatu Nike,9716360,2,19432720.0,COD,Returned,SportMax
TRX-14998,16-03-2025,Siti Aminah,Makassar,Olahraga,Powerbank 10K,2234996,10,22349960.0,Kartu Kredit,Returned,TechZone
TRX-14999,2025/03/26,SITI AMINAH,Jekerte,elektronik,Headphone JBL,9957731,15,149365965.0,Kartu Kredit,delivered,HomeEssence
TRX-15000,2025-06-11,MEGA PUTRI,Ban,Aksesoris,Sepatu Nike,573292,1,573292.0,Transfer,Returned,PowerCell
