customer_id,age,balance,job_type,marital_status,education_level,contact_type,num_transactions,avg_transaction_value,churn
1,56,2020,blue_collar,single,secondary,phone,15,46.22,1
2,69,7917,entrepreneur,single,secondary,email,35,209.5,0
3,46,11783,white_collar,single,tertiary,email,7,175.29,1
4,32,11436,blue_collar,divorced,tertiary,email,29,394.74,0
5,60,15696,blue_collar,divorced,secondary,sms,44,211.04,0
6,25,2193,blue_collar,divorced,tertiary,phone,22,345.45,0
7,38,13005,student,married,tertiary,phone,23,305.19,0
8,56,8467,entrepreneur,married,secondary,phone,24,488.06,0
9,36,5385,blue_collar,single,primary,email,35,469.51,0
10,40,10996,student,divorced,tertiary,phone,10,219.57,0
11,28,5037,student,single,tertiary,sms,8,364.55,1
12,28,16853,blue_collar,divorced,primary,sms,48,416.44,0
13,41,18302,blue_collar,single,primary,phone,48,450.45,0
14,53,18585,white_collar,married,primary,email,12,43.39,0
15,57,13077,blue_collar,divorced,secondary,sms,29,158.02,0
16,41,19974,white_collar,married,primary,sms,29,166.91,0
17,20,18263,blue_collar,divorced,secondary,email,23,222.88,0
18,39,7774,blue_collar,single,primary,email,26,92.94,0
19,19,17848,entrepreneur,divorced,primary,phone,37,253.14,0
20,41,3776,blue_collar,married,secondary,sms,32,334.98,0
21,61,2526,blue_collar,divorced,secondary,sms,38,253.71,0
22,47,3062,white_collar,single,primary,phone,6,336.24,1
23,55,959,white_collar,divorced,primary,phone,8,42.56,1
24,19,12148,entrepreneur,married,primary,sms,17,439.23,0
25,38,4238,blue_collar,single,tertiary,sms,12,470.14,1
26,50,2524,blue_collar,married,primary,email,22,312.77,0
27,29,10509,white_collar,divorced,secondary,email,14,441.88,0
28,39,4117,student,married,tertiary,sms,34,74.41,0
29,61,10551,student,divorced,secondary,sms,19,400.75,0
30,42,10378,student,single,tertiary,email,6,68.38,1
31,66,11096,white_collar,married,tertiary,phone,18,209.93,0
32,44,1234,white_collar,married,secondary,phone,36,168.67,0
33,59,5219,student,divorced,tertiary,sms,37,296.94,0
34,45,5794,student,married,secondary,sms,38,157.74,0
35,33,4264,blue_collar,married,primary,email,15,322.28,0
36,32,18830,white_collar,single,tertiary,sms,38,190.02,0
37,64,5139,white_collar,divorced,secondary,phone,40,431.79,0
38,68,14731,student,divorced,tertiary,email,9,320.6,0
39,61,10542,student,single,secondary,email,6,115.5,1
40,69,8352,entrepreneur,single,primary,phone,2,174.7,1
41,20,17821,white_collar,divorced,primary,phone,16,425.24,0
42,54,17668,entrepreneur,single,tertiary,email,1,199.38,1
43,68,1651,blue_collar,single,tertiary,sms,30,272.54,1
44,24,12725,entrepreneur,single,secondary,phone,48,327.98,0
45,38,1729,student,divorced,secondary,email,33,180.43,0
46,26,18010,white_collar,single,tertiary,sms,1,154.05,1
47,56,1461,white_collar,married,secondary,sms,39,242.87,0
48,35,4470,entrepreneur,married,secondary,email,16,115.29,0
49,21,5383,entrepreneur,divorced,secondary,phone,17,149.26,0
50,42,7710,blue_collar,single,tertiary,sms,48,40.42,0
51,31,10658,blue_collar,married,primary,phone,48,158.95,0
52,67,15024,student,divorced,primary,email,38,167.15,0
53,26,14939,student,married,secondary,phone,18,481.3,0
54,43,12049,student,single,tertiary,sms,22,298.97,0
55,19,10726,entrepreneur,divorced,secondary,email,22,395.82,0
56,37,2093,entrepreneur,married,primary,sms,35,32.23,0
57,45,969,white_collar,divorced,secondary,sms,31,62.2,0
58,64,1114,student,married,primary,email,40,409.12,0
59,24,10203,entrepreneur,married,tertiary,email,27,315.54,0
60,61,17086,white_collar,single,secondary,phone,36,103.58,0
61,25,12113,student,single,tertiary,email,4,208.35,1
62,64,790,blue_collar,married,secondary,phone,49,273.95,0
63,52,16973,blue_collar,divorced,secondary,email,5,423.37,0
64,31,10848,entrepreneur,divorced,secondary,sms,25,39.6,0
65,34,8124,white_collar,single,secondary,phone,31,302.39,0
66,53,16778,blue_collar,married,secondary,email,14,361.35,0
67,67,5588,white_collar,single,tertiary,phone,30,489.17,0
68,57,11135,white_collar,married,tertiary,phone,47,405.51,0
69,21,19396,blue_collar,married,primary,phone,12,145.35,0
70,19,18357,white_collar,single,secondary,sms,27,357.69,0
71,23,12955,blue_collar,divorced,primary,email,45,384.01,0
72,59,19742,entrepreneur,single,tertiary,email,24,367.57,0
73,21,2917,student,married,primary,phone,30,411.87,0
74,46,4558,student,single,tertiary,email,18,452.83,1
75,35,5407,entrepreneur,divorced,secondary,sms,14,58.23,0
76,43,9033,blue_collar,divorced,primary,phone,19,61.33,0
77,61,18525,blue_collar,married,primary,sms,22,400.24,0
78,51,17163,blue_collar,single,primary,sms,26,133.66,0
79,27,10759,blue_collar,divorced,primary,email,7,38.69,0
80,53,5838,entrepreneur,single,secondary,email,28,206.6,0
81,31,5768,student,divorced,tertiary,phone,38,411.74,0
82,48,14527,white_collar,married,tertiary,sms,5,72.02,0
83,65,7797,white_collar,married,secondary,email,36,339.2,0
84,32,16546,student,single,tertiary,phone,18,11.77,0
85,25,7929,entrepreneur,married,primary,phone,14,63.77,0
86,31,10851,white_collar,divorced,secondary,email,48,181.92,0
87,40,13550,student,married,tertiary,sms,23,50.97,0
88,57,7452,entrepreneur,divorced,secondary,phone,14,424.49,0
89,38,13616,white_collar,divorced,secondary,email,32,433.39,0
90,33,8426,blue_collar,married,tertiary,phone,5,380.23,0
91,62,3744,blue_collar,divorced,tertiary,email,22,128.82,0
92,35,8103,entrepreneur,divorced,secondary,phone,28,266.39,0
93,64,3378,blue_collar,single,secondary,sms,43,100.25,1
94,41,7396,entrepreneur,single,tertiary,phone,12,147.83,0
95,43,3174,student,single,secondary,email,18,262.84,1
96,42,13361,student,married,tertiary,email,36,370.16,0
97,62,11273,white_collar,single,secondary,email,31,56.38,0
98,58,8412,entrepreneur,divorced,secondary,sms,13,155.38,0
99,46,1737,white_collar,married,secondary,email,20,464.04,0
100,32,13752,white_collar,married,tertiary,email,45,220.27,0
101,62,5203,student,married,primary,sms,36,470.05,0
102,18,17128,white_collar,married,tertiary,email,7,495.79,0
103,42,2132,blue_collar,divorced,secondary,email,23,268.06,0
104,24,2861,white_collar,divorced,primary,sms,34,151.14,0
105,26,15295,entrepreneur,single,primary,phone,32,397.48,0
106,41,18552,blue_collar,married,secondary,email,21,88.06,0
107,18,16725,student,single,tertiary,phone,6,133.5,1
108,61,2768,entrepreneur,divorced,primary,sms,16,394.59,0
109,25,14738,blue_collar,married,primary,email,35,222.49,0
110,41,16054,entrepreneur,divorced,tertiary,email,47,108.75,0
111,28,17286,blue_collar,single,tertiary,sms,20,329.05,0
112,68,12456,entrepreneur,divorced,primary,email,42,369.05,0
113,34,295,entrepreneur,married,tertiary,phone,41,71.28,0
114,25,2287,blue_collar,married,primary,phone,11,145.72,0
115,52,11807,student,single,secondary,sms,32,118.43,0
116,52,2430,student,married,tertiary,email,14,196.13,0
117,50,3706,entrepreneur,divorced,primary,email,24,384.09,0
118,22,160,entrepreneur,divorced,tertiary,sms,44,359.72,0
119,59,14487,student,divorced,tertiary,phone,39,334.64,0
120,56,4027,student,divorced,primary,phone,43,13.08,0
121,58,6396,white_collar,single,secondary,sms,31,79.65,0
122,45,13722,student,divorced,primary,email,17,119.42,0
123,24,14225,entrepreneur,single,tertiary,phone,25,143.26,0
124,26,2691,blue_collar,divorced,primary,email,9,81.75,1
125,25,12227,student,single,tertiary,phone,22,211.05,0
126,29,15848,white_collar,divorced,primary,email,45,46.84,0
127,51,6221,white_collar,divorced,secondary,phone,48,377.51,0
128,50,1300,white_collar,single,secondary,email,35,395.98,1
129,65,15821,blue_collar,married,secondary,sms,37,291.39,0
130,40,19338,student,married,secondary,phone,17,53.96,0
131,41,11187,student,married,primary,sms,28,446.14,0
132,54,7072,student,single,secondary,phone,1,483.16,1
133,52,236,blue_collar,married,primary,phone,9,109.16,1
134,61,17513,blue_collar,married,tertiary,phone,49,355.27,0
135,57,15446,entrepreneur,single,tertiary,email,13,422.55,0
136,39,19078,white_collar,married,tertiary,phone,47,274.52,0
137,44,761,white_collar,married,secondary,sms,32,168.43,0
138,52,2572,student,married,secondary,email,28,244.49,0
139,18,186,blue_collar,single,secondary,email,31,261.01,1
140,52,10804,blue_collar,single,tertiary,phone,8,206.31,1
141,54,6319,student,married,tertiary,email,8,465.62,0
142,64,16422,student,married,tertiary,phone,34,374.5,0
143,31,14849,entrepreneur,single,tertiary,sms,23,128.24,0
144,20,7068,white_collar,married,primary,email,10,296.92,0
145,18,19257,white_collar,single,primary,email,37,347.46,0
146,22,13696,white_collar,married,secondary,sms,48,78.68,0
147,43,1800,entrepreneur,single,secondary,sms,25,185.63,1
148,31,2800,student,divorced,tertiary,phone,33,453.72,0
149,56,11921,student,divorced,primary,email,45,287.91,0
150,44,18131,white_collar,single,primary,sms,4,116.33,1
151,26,5620,white_collar,divorced,secondary,email,7,70.16,0
152,32,11610,entrepreneur,married,primary,sms,33,263.93,0
153,32,3787,blue_collar,single,secondary,email,2,278.37,1
154,43,17080,blue_collar,single,tertiary,sms,48,173.86,0
155,59,8937,white_collar,married,tertiary,email,46,318.9,0
156,30,15055,entrepreneur,married,secondary,phone,32,43.66,0
157,68,11381,white_collar,single,tertiary,email,5,81.12,1
158,49,14017,blue_collar,married,tertiary,phone,46,277.67,0
159,56,4857,white_collar,single,primary,phone,17,40.29,1
160,66,13145,blue_collar,married,primary,phone,12,441.65,0
161,69,9012,blue_collar,single,primary,email,12,79.65,0
162,49,4833,blue_collar,married,primary,email,35,340.22,0
163,21,7181,student,married,primary,phone,21,201.69,0
164,47,8790,student,divorced,secondary,sms,21,205.9,0
165,54,1773,white_collar,divorced,secondary,email,2,384.8,1
166,40,14418,blue_collar,divorced,primary,email,21,254.74,0
167,56,11271,student,married,tertiary,email,15,365.57,0
168,62,13645,white_collar,single,tertiary,email,11,257.54,0
169,32,11903,white_collar,married,secondary,phone,10,300.52,0
170,60,2394,white_collar,divorced,secondary,sms,18,382.75,0
171,46,3730,white_collar,married,secondary,sms,23,307.58,0
172,53,15193,white_collar,divorced,tertiary,sms,31,311.65,0
173,30,16630,entrepreneur,divorced,secondary,sms,26,396.72,0
174,49,14553,blue_collar,single,tertiary,phone,2,475.05,1
175,24,12274,white_collar,single,secondary,email,39,194.59,0
176,68,3553,entrepreneur,divorced,tertiary,email,7,292.79,1
177,39,4607,blue_collar,divorced,secondary,phone,24,52.27,0
178,45,10702,student,married,secondary,email,39,185.81,0
179,19,5728,white_collar,divorced,tertiary,phone,32,211.9,0
180,59,8428,entrepreneur,married,secondary,sms,26,419.27,0
181,62,15634,student,divorced,primary,phone,23,261.56,0
182,23,19844,entrepreneur,single,tertiary,email,14,368.22,0
183,45,19489,blue_collar,single,secondary,email,29,19.31,0
184,45,3652,blue_collar,divorced,tertiary,email,25,237.6,0
185,61,16502,student,married,secondary,sms,31,451.65,0
186,61,2342,entrepreneur,married,primary,phone,2,119.91,1
187,37,14765,white_collar,married,secondary,phone,2,25.45,0
188,47,5197,white_collar,divorced,secondary,email,23,222.37,0
189,28,8740,student,divorced,primary,phone,47,355.17,0
190,45,2048,student,single,tertiary,email,11,232.69,1
191,42,5718,student,single,secondary,phone,29,235.39,0
192,56,4336,entrepreneur,divorced,secondary,sms,42,338.2,0
193,50,2020,white_collar,single,primary,sms,35,134.65,1
194,18,11269,white_collar,married,tertiary,phone,49,378.43,0
195,44,4288,white_collar,married,tertiary,sms,9,85.03,1
196,69,12307,student,divorced,primary,sms,32,203.92,0
197,30,338,white_collar,married,primary,sms,30,331.44,0
198,58,304,blue_collar,divorced,secondary,email,15,415.9,0
199,20,10899,student,married,primary,phone,14,397.85,0
200,56,5652,white_collar,divorced,primary,phone,17,363.63,0
201,23,5027,entrepreneur,married,primary,email,22,185.96,0
202,25,11264,student,married,tertiary,email,30,69.93,0
203,44,4490,blue_collar,single,primary,sms,17,116.25,1
204,26,19171,blue_collar,single,secondary,phone,16,433.77,0
205,54,15741,entrepreneur,single,secondary,email,8,430.09,1
206,50,6260,entrepreneur,single,secondary,sms,39,476.26,0
207,68,15910,student,single,primary,phone,31,47.23,0
208,59,5226,student,single,tertiary,sms,12,273.04,0
209,61,916,blue_collar,divorced,primary,phone,33,327.85,0
210,41,13514,entrepreneur,divorced,primary,sms,12,358.22,0
211,32,292,student,single,secondary,phone,25,325.49,1
212,49,18260,blue_collar,divorced,primary,phone,38,387.31,0
213,49,3745,entrepreneur,single,tertiary,phone,48,186.14,1
214,41,12916,blue_collar,divorced,secondary,phone,18,97.92,0
215,58,6414,white_collar,married,tertiary,sms,19,110.25,0
216,69,18272,entrepreneur,divorced,tertiary,email,3,15.87,0
217,66,7474,student,divorced,tertiary,phone,35,181.66,0
218,66,3800,student,divorced,primary,phone,5,54.95,1
219,69,10755,white_collar,married,primary,phone,35,167.53,0
220,29,15229,entrepreneur,single,primary,phone,27,317.82,0
221,56,9459,blue_collar,divorced,primary,sms,37,448.29,0
222,19,3993,student,divorced,secondary,email,46,421.41,0
223,20,6911,white_collar,married,primary,email,21,133.81,0
224,66,9388,white_collar,single,secondary,email,16,75.7,0
225,54,19163,entrepreneur,divorced,tertiary,sms,28,104.61,0
226,66,604,entrepreneur,married,secondary,email,25,485.78,0
227,34,9913,student,single,primary,sms,33,279.24,0
228,66,14771,white_collar,single,secondary,sms,17,99.43,0
229,19,10838,blue_collar,divorced,primary,phone,43,421.97,0
230,19,11286,white_collar,divorced,primary,sms,30,203.64,0
231,45,6873,blue_collar,divorced,secondary,email,41,450.62,0
232,40,3916,blue_collar,divorced,secondary,email,4,137.73,1
233,54,817,student,married,tertiary,email,2,202.68,1
234,49,11776,white_collar,married,tertiary,phone,9,257.42,0
235,50,4534,blue_collar,divorced,tertiary,phone,31,447.38,0
236,18,17142,entrepreneur,single,tertiary,phone,25,435.69,0
237,36,5157,blue_collar,divorced,tertiary,sms,37,291.43,0
238,19,5094,entrepreneur,single,secondary,email,36,118.67,0
239,61,4334,entrepreneur,single,tertiary,sms,5,207.64,1
240,43,3864,white_collar,single,secondary,sms,24,488.06,1
241,49,11281,entrepreneur,married,tertiary,email,24,307.81,0
242,23,4737,blue_collar,single,primary,phone,29,392.74,1
243,49,2204,entrepreneur,single,tertiary,email,45,230.43,1
244,21,9547,white_collar,married,primary,sms,31,270.68,0
245,28,10774,student,single,secondary,sms,37,220.19,0
246,34,19091,blue_collar,single,tertiary,phone,19,354.43,0
247,55,8485,blue_collar,divorced,secondary,sms,23,427.22,0
248,41,12099,white_collar,single,tertiary,sms,35,258.61,0
249,22,3819,white_collar,single,secondary,email,6,245.63,1
250,69,2681,white_collar,single,tertiary,phone,6,176.74,1
251,51,19049,white_collar,single,tertiary,email,37,96.78,0
252,23,2863,blue_collar,single,primary,email,30,470.23,1
253,39,6091,student,married,secondary,email,1,164.88,0
254,28,10631,entrepreneur,single,secondary,sms,8,402.34,1
255,65,19890,entrepreneur,single,secondary,sms,28,360.52,0
256,33,11164,student,married,secondary,phone,25,397.55,0
257,50,11412,student,married,secondary,sms,33,469.02,0
258,26,4880,student,single,primary,phone,38,315.45,1
259,23,4277,white_collar,single,tertiary,email,14,450.0,1
260,33,15269,blue_collar,single,primary,email,11,92.17,0
261,46,6576,blue_collar,divorced,secondary,sms,2,317.09,0
262,20,19088,blue_collar,divorced,secondary,sms,30,388.42,0
263,37,2482,white_collar,single,tertiary,phone,30,143.1,1
264,53,17015,blue_collar,married,primary,sms,4,372.97,0
265,36,12608,white_collar,single,tertiary,sms,13,391.45,0
266,43,734,blue_collar,married,tertiary,sms,7,417.28,1
267,20,12096,student,married,primary,email,38,163.31,0
268,36,14262,entrepreneur,married,tertiary,sms,3,343.99,0
269,37,16486,entrepreneur,single,primary,sms,9,159.08,1
270,49,14105,white_collar,single,primary,email,14,372.13,0
271,24,8497,blue_collar,married,secondary,email,11,236.86,0
272,69,12427,entrepreneur,divorced,tertiary,email,37,302.8,0
273,58,14494,student,divorced,secondary,email,14,213.76,0
274,50,2990,student,divorced,tertiary,sms,19,89.37,0
275,57,10958,student,married,tertiary,sms,8,97.23,0
276,56,8126,white_collar,single,secondary,sms,7,48.01,1
277,35,3406,white_collar,married,secondary,phone,7,312.86,1
278,57,997,blue_collar,divorced,secondary,email,3,425.83,1
279,18,9377,student,single,primary,sms,3,20.21,1
280,28,9571,blue_collar,married,tertiary,sms,18,42.46,0
281,45,14996,blue_collar,married,primary,sms,45,234.16,0
282,42,15340,student,divorced,tertiary,email,33,371.48,0
283,67,14783,blue_collar,married,tertiary,email,37,87.28,0
284,40,770,entrepreneur,single,primary,email,28,143.11,1
285,48,17989,white_collar,divorced,primary,sms,36,123.68,0
286,47,11867,blue_collar,divorced,tertiary,email,16,205.54,0
287,59,13106,student,single,secondary,sms,15,120.25,0
288,52,15868,white_collar,divorced,secondary,phone,29,182.77,0
289,24,16733,white_collar,married,secondary,email,18,366.99,0
290,33,1992,blue_collar,married,secondary,email,49,309.39,0
291,43,3539,entrepreneur,divorced,tertiary,sms,46,49.78,0
292,65,2954,blue_collar,single,secondary,email,46,322.5,1
293,69,11677,entrepreneur,married,secondary,email,19,243.77,0
294,66,11863,white_collar,single,secondary,sms,29,467.94,0
295,19,11718,blue_collar,married,tertiary,sms,6,151.76,0
296,18,8335,student,married,primary,sms,45,365.82,0
297,65,2718,blue_collar,divorced,secondary,phone,47,368.12,0
298,29,3263,entrepreneur,divorced,tertiary,sms,27,118.54,0
299,22,3042,entrepreneur,single,tertiary,email,7,452.58,1
300,54,2025,blue_collar,divorced,secondary,phone,27,250.68,0
301,49,3072,entrepreneur,married,primary,sms,19,342.65,0
302,26,11805,white_collar,married,primary,phone,17,81.47,0
303,58,10740,blue_collar,single,primary,phone,41,136.32,0
304,52,11066,entrepreneur,single,tertiary,email,11,297.19,0
305,36,17474,blue_collar,married,secondary,phone,5,166.32,0
306,65,11238,blue_collar,divorced,secondary,sms,2,254.85,0
307,33,18296,student,divorced,tertiary,phone,47,193.26,0
308,20,16035,blue_collar,single,secondary,phone,12,323.87,0
309,37,13245,student,single,secondary,email,42,248.7,0
310,41,589,entrepreneur,married,primary,email,42,12.26,0
311,50,11848,student,married,secondary,sms,11,328.34,0
312,41,19375,student,single,secondary,email,10,216.84,0
313,69,3616,student,married,tertiary,sms,28,177.43,0
314,28,19824,white_collar,single,tertiary,sms,7,56.13,1
315,66,6510,student,single,primary,email,14,117.98,0
316,25,153,blue_collar,divorced,tertiary,phone,13,119.65,0
317,53,19059,student,single,primary,email,5,468.33,1
318,55,17099,blue_collar,married,primary,phone,42,221.93,0
319,57,6044,student,divorced,secondary,phone,8,30.61,0
320,37,7504,white_collar,divorced,primary,sms,1,78.02,0
321,52,1054,entrepreneur,married,secondary,sms,5,48.73,1
322,65,10725,student,married,primary,email,11,298.55,0
323,42,1729,student,married,tertiary,phone,43,101.44,0
324,52,11073,white_collar,single,tertiary,email,48,254.29,0
325,42,6959,student,divorced,tertiary,sms,10,191.33,0
326,46,8941,blue_collar,single,primary,phone,15,403.9,0
327,35,10639,student,single,primary,email,39,167.04,0
328,63,12782,student,single,secondary,email,47,234.55,0
329,35,3378,entrepreneur,single,secondary,sms,29,363.43,1
330,19,19045,entrepreneur,divorced,secondary,sms,25,222.34,0
331,52,6639,student,divorced,secondary,sms,48,398.68,0
332,33,16854,white_collar,single,primary,sms,6,334.23,1
333,58,957,entrepreneur,married,primary,email,11,211.16,0
334,53,4986,student,divorced,secondary,sms,17,256.95,0
335,50,13045,entrepreneur,single,primary,sms,15,483.93,0
336,21,7585,student,married,primary,email,16,334.19,0
337,50,13780,entrepreneur,married,primary,email,2,453.45,0
338,31,16867,entrepreneur,single,primary,phone,36,97.59,0
339,38,14497,blue_collar,divorced,secondary,email,19,246.79,0
340,65,10844,student,married,secondary,phone,38,455.24,0
341,37,4434,student,divorced,primary,sms,21,168.08,0
342,25,19209,student,divorced,tertiary,phone,11,484.16,0
343,24,12326,student,married,secondary,phone,41,57.57,0
344,20,13540,entrepreneur,single,secondary,sms,3,452.31,1
345,34,15120,blue_collar,married,tertiary,sms,34,228.15,0
346,50,4351,blue_collar,married,secondary,sms,18,46.13,0
347,65,12280,white_collar,divorced,tertiary,phone,15,440.97,0
348,29,16240,student,single,tertiary,email,25,133.45,0
349,68,1022,white_collar,divorced,primary,email,15,20.9,0
350,39,19399,entrepreneur,married,secondary,email,30,76.55,0
351,39,8057,white_collar,single,tertiary,sms,17,332.97,0
352,63,19530,student,single,primary,sms,18,489.13,0
353,47,15896,blue_collar,single,secondary,email,31,64.62,0
354,55,1330,blue_collar,single,primary,sms,43,236.35,1
355,55,10727,student,single,primary,phone,18,98.51,0
356,62,10106,entrepreneur,married,tertiary,phone,35,375.07,0
357,68,5033,student,married,secondary,sms,13,67.85,0
358,25,14395,entrepreneur,married,primary,email,14,127.52,0
359,44,16477,blue_collar,divorced,tertiary,email,36,106.24,0
360,44,303,entrepreneur,single,tertiary,phone,18,280.73,1
361,51,16644,student,single,primary,sms,5,437.86,1
362,38,15999,student,married,primary,email,14,260.43,0
363,47,3848,student,single,tertiary,email,25,38.54,1
364,50,6818,entrepreneur,divorced,primary,sms,44,286.06,0
365,45,19065,entrepreneur,single,primary,sms,39,400.79,0
366,64,1193,entrepreneur,single,secondary,email,12,74.76,1
367,50,15328,blue_collar,divorced,tertiary,sms,40,45.63,0
368,22,16134,white_collar,married,primary,sms,28,102.03,0
369,65,5810,white_collar,married,tertiary,sms,35,375.58,0
370,36,9832,student,single,secondary,email,1,299.92,1
371,21,19359,blue_collar,divorced,tertiary,phone,3,274.89,0
372,52,3291,entrepreneur,married,tertiary,sms,43,132.25,0
373,66,18321,student,married,tertiary,email,7,172.8,0
374,34,789,blue_collar,married,secondary,phone,9,483.28,1
375,61,2203,student,single,secondary,email,36,127.91,1
376,45,465,blue_collar,divorced,tertiary,email,23,451.81,0
377,47,14110,blue_collar,single,tertiary,email,24,294.46,0
378,46,11867,white_collar,married,secondary,phone,10,70.42,0
379,63,16203,student,divorced,primary,email,48,238.98,0
380,23,12842,entrepreneur,single,secondary,phone,12,474.79,0
381,52,12491,white_collar,married,tertiary,sms,19,215.1,0
382,58,4272,white_collar,married,primary,phone,32,433.06,0
383,54,15723,entrepreneur,single,primary,email,24,135.65,0
384,41,2478,blue_collar,married,primary,phone,22,289.75,0
385,46,17689,entrepreneur,married,secondary,email,3,423.49,0
386,66,12131,student,divorced,secondary,sms,40,461.14,0
387,63,5769,entrepreneur,married,secondary,phone,27,248.05,0
388,48,2835,blue_collar,single,secondary,sms,19,323.45,1
389,52,9967,entrepreneur,divorced,tertiary,phone,9,11.46,0
390,50,8590,blue_collar,single,primary,email,49,134.08,0
391,69,1056,blue_collar,married,tertiary,phone,13,146.57,0
392,38,9406,student,divorced,secondary,sms,2,55.81,0
393,49,6723,entrepreneur,divorced,secondary,phone,36,147.05,0
394,40,15008,entrepreneur,divorced,tertiary,sms,29,167.35,0
395,50,17958,student,divorced,primary,sms,11,484.7,0
396,20,4560,blue_collar,single,primary,email,34,337.62,1
397,35,14086,entrepreneur,married,secondary,phone,4,218.74,0
398,42,12738,student,married,secondary,sms,4,494.15,0
399,59,19312,blue_collar,divorced,secondary,email,1,85.08,0
400,48,2950,student,married,secondary,email,25,243.27,0
401,20,13399,entrepreneur,single,primary,email,26,327.06,0
402,57,10798,student,married,tertiary,sms,11,37.23,0
403,63,19448,white_collar,single,primary,phone,23,361.33,0
404,41,4694,blue_collar,single,tertiary,sms,2,58.94,1
405,67,14382,white_collar,married,secondary,email,19,78.74,0
406,49,16385,white_collar,single,secondary,sms,29,88.25,0
407,64,14434,blue_collar,single,tertiary,sms,40,465.16,0
408,39,6744,blue_collar,single,secondary,email,4,344.79,1
409,40,2950,student,single,primary,phone,16,331.16,1
410,19,15033,blue_collar,divorced,secondary,email,47,282.19,0
411,44,265,white_collar,married,secondary,email,37,153.47,0
412,59,10801,white_collar,divorced,secondary,sms,27,314.24,0
413,19,1019,entrepreneur,single,secondary,email,5,210.97,1
414,43,8405,blue_collar,married,primary,sms,15,81.25,0
415,34,19988,white_collar,single,tertiary,email,23,347.9,0
416,57,17475,entrepreneur,married,secondary,email,49,73.5,0
417,50,15815,entrepreneur,divorced,secondary,phone,3,103.43,0
418,26,3939,student,married,primary,email,18,410.67,0
419,60,17742,white_collar,single,primary,phone,43,333.46,0
420,65,11718,student,married,primary,email,26,319.19,0
421,56,13619,white_collar,married,secondary,email,6,214.92,0
422,46,10876,student,divorced,tertiary,email,44,204.18,0
423,59,167,student,single,primary,phone,17,348.23,1
424,43,9888,blue_collar,married,primary,sms,46,372.6,0
425,52,5760,student,divorced,primary,phone,38,260.0,0
426,67,4578,blue_collar,married,tertiary,email,42,484.94,0
427,42,8310,entrepreneur,single,secondary,sms,48,478.29,0
428,41,11022,white_collar,married,secondary,email,27,212.09,0
429,30,3621,entrepreneur,married,secondary,phone,20,412.1,0
430,24,672,white_collar,married,primary,phone,6,276.2,1
431,53,7182,entrepreneur,married,secondary,sms,35,260.76,0
432,62,5495,white_collar,single,primary,phone,12,36.93,0
433,37,15507,student,divorced,tertiary,email,48,291.25,0
434,18,18742,white_collar,divorced,tertiary,sms,3,451.28,0
435,25,11194,white_collar,married,secondary,email,48,392.27,0
436,63,750,entrepreneur,single,primary,sms,4,395.3,1
437,33,5841,entrepreneur,single,primary,sms,45,88.37,0
438,31,13381,entrepreneur,single,secondary,email,4,185.64,1
439,29,6938,blue_collar,single,tertiary,phone,4,124.27,1
440,68,19071,blue_collar,single,tertiary,email,39,164.8,0
441,40,3362,white_collar,single,tertiary,phone,21,293.97,1
442,32,17822,white_collar,married,tertiary,phone,44,188.74,0
443,45,5096,student,divorced,tertiary,email,2,284.74,0
444,51,11926,student,divorced,secondary,sms,16,224.87,0
445,19,2927,white_collar,married,secondary,email,7,150.44,1
446,49,14311,blue_collar,divorced,secondary,sms,19,56.75,0
447,40,5332,white_collar,single,tertiary,phone,43,447.0,0
448,39,2317,student,single,tertiary,sms,33,15.57,1
449,68,14332,blue_collar,divorced,secondary,email,9,10.81,0
450,42,14126,blue_collar,single,secondary,sms,37,415.13,0
451,39,19445,student,single,tertiary,phone,17,498.44,0
452,39,19710,white_collar,divorced,primary,phone,27,366.28,0
453,66,13978,entrepreneur,married,secondary,sms,33,17.48,0
454,69,6937,white_collar,divorced,tertiary,phone,49,121.08,0
455,59,7131,white_collar,divorced,tertiary,phone,12,486.19,0
456,23,14906,student,divorced,secondary,sms,45,406.22,0
457,32,3816,blue_collar,divorced,primary,phone,11,287.73,0
458,60,3514,student,married,tertiary,sms,13,126.06,0
459,54,17932,white_collar,married,secondary,sms,31,17.04,0
460,50,670,entrepreneur,single,tertiary,phone,13,20.22,1
461,25,19388,entrepreneur,single,tertiary,sms,38,309.87,0
462,61,13388,entrepreneur,divorced,tertiary,phone,26,20.7,0
463,61,18989,student,single,tertiary,phone,31,496.88,0
464,22,1017,blue_collar,married,primary,phone,22,99.86,0
465,56,10166,student,single,secondary,email,6,358.25,1
466,21,7082,entrepreneur,single,secondary,phone,20,85.98,0
467,23,6436,white_collar,single,secondary,sms,21,274.65,0
468,62,18162,blue_collar,divorced,secondary,sms,10,49.5,0
469,49,17099,student,single,secondary,sms,19,385.72,0
470,69,10041,student,married,primary,email,35,296.61,0
471,47,12480,blue_collar,married,tertiary,email,26,52.22,0
472,64,19989,blue_collar,married,tertiary,sms,7,425.81,0
473,52,11767,white_collar,married,secondary,sms,37,278.04,0
474,57,4629,blue_collar,single,tertiary,email,8,461.58,1
475,69,17619,white_collar,divorced,tertiary,sms,5,459.15,0
476,33,12292,entrepreneur,married,tertiary,phone,44,461.05,0
477,30,8666,entrepreneur,married,secondary,phone,36,48.11,0
478,67,7326,student,divorced,secondary,sms,28,69.27,0
479,59,5262,entrepreneur,divorced,primary,phone,3,493.98,0
480,47,16690,entrepreneur,married,secondary,sms,39,248.92,0
481,36,1419,white_collar,married,primary,email,8,126.72,1
482,34,1241,student,divorced,secondary,sms,15,387.14,0
483,36,4727,blue_collar,married,tertiary,email,27,139.5,0
484,45,14601,student,married,primary,phone,49,366.34,0
485,43,2790,entrepreneur,single,primary,phone,36,420.27,1
486,54,7423,blue_collar,divorced,primary,phone,16,394.29,0
487,43,3355,student,single,secondary,sms,26,144.28,1
488,40,5313,student,single,primary,email,45,206.79,0
489,26,4208,student,divorced,secondary,email,44,212.49,0
490,29,19504,student,single,primary,phone,4,250.72,1
491,18,18341,white_collar,married,secondary,phone,12,92.01,0
492,18,19273,student,single,primary,email,17,231.71,0
493,64,9902,entrepreneur,divorced,tertiary,sms,41,260.28,0
494,51,11513,entrepreneur,married,tertiary,phone,44,270.54,0
495,49,15095,white_collar,married,primary,sms,26,411.75,0
496,65,12683,blue_collar,married,secondary,phone,31,263.49,0
497,42,5121,blue_collar,married,secondary,phone,15,123.08,0
498,57,18871,entrepreneur,single,secondary,sms,34,334.93,0
499,62,6682,entrepreneur,single,tertiary,sms,29,400.68,0
500,18,13555,white_collar,married,tertiary,sms,9,166.49,0
501,33,13217,blue_collar,divorced,tertiary,sms,14,326.2,0
502,56,19050,blue_collar,married,secondary,email,36,82.0,0
503,22,17459,student,single,secondary,email,4,177.54,1
504,39,1362,student,married,secondary,phone,38,455.52,0
505,46,7482,student,single,primary,phone,37,456.54,0
506,20,3427,white_collar,married,primary,phone,24,291.91,0
507,29,18743,entrepreneur,divorced,primary,email,17,354.15,0
508,43,10120,white_collar,married,tertiary,sms,13,428.47,0
509,33,17741,blue_collar,divorced,tertiary,phone,20,479.69,0
510,68,16948,entrepreneur,divorced,secondary,email,17,250.04,0
511,54,14162,student,married,primary,phone,27,285.17,0
512,39,19778,white_collar,divorced,secondary,email,33,213.66,0
513,46,6874,white_collar,divorced,primary,sms,21,45.27,0
514,31,15260,student,single,primary,email,17,217.17,0
515,45,1330,white_collar,single,secondary,sms,22,397.41,1
516,22,9176,student,divorced,secondary,phone,25,404.39,0
517,64,3905,blue_collar,married,primary,sms,3,447.26,1
518,66,14815,entrepreneur,divorced,primary,email,27,35.22,0
519,47,5850,blue_collar,married,tertiary,phone,27,268.31,0
520,63,15727,blue_collar,single,secondary,phone,46,62.64,0
521,69,13332,student,married,secondary,email,12,108.36,0
522,22,3235,white_collar,divorced,secondary,sms,15,451.11,0
523,29,7053,blue_collar,divorced,secondary,email,38,253.43,0
524,33,1646,blue_collar,divorced,primary,sms,20,381.69,0
525,43,15557,blue_collar,divorced,tertiary,sms,22,41.55,0
526,43,17578,white_collar,divorced,secondary,phone,2,214.24,0
527,65,2511,white_collar,married,primary,sms,4,340.38,1
528,38,19101,student,divorced,primary,phone,45,75.37,0
529,56,14213,blue_collar,single,primary,email,13,169.65,0
530,53,4245,entrepreneur,divorced,primary,email,32,41.63,0
531,50,2875,white_collar,married,primary,phone,22,329.16,0
532,47,13293,student,divorced,secondary,phone,25,485.74,0
533,54,12951,blue_collar,divorced,secondary,sms,27,415.25,0
534,40,13170,entrepreneur,married,tertiary,phone,17,487.57,0
535,27,19639,white_collar,divorced,secondary,email,6,424.35,0
536,22,4070,entrepreneur,married,primary,phone,43,429.05,0
537,53,14219,white_collar,divorced,tertiary,phone,16,292.82,0
538,51,4431,student,single,primary,phone,8,263.94,1
539,69,10395,entrepreneur,divorced,primary,sms,33,209.06,0
540,48,2042,blue_collar,married,secondary,phone,10,410.87,0
541,27,16675,blue_collar,single,primary,sms,34,99.21,0
542,36,13504,white_collar,married,secondary,sms,19,37.55,0
543,49,961,blue_collar,divorced,primary,phone,14,474.47,0
544,18,9375,entrepreneur,single,tertiary,sms,3,11.85,1
545,22,17133,student,married,primary,phone,41,488.65,0
546,62,4234,white_collar,single,secondary,email,23,367.14,1
547,21,11903,entrepreneur,single,primary,email,40,170.96,0
548,33,15508,white_collar,married,secondary,sms,11,351.93,0
549,41,17520,student,single,secondary,email,47,410.76,0
550,33,16451,white_collar,married,tertiary,phone,6,130.23,0
551,19,4231,blue_collar,single,secondary,sms,34,387.74,1
552,66,18632,blue_collar,single,tertiary,phone,1,404.14,1
553,45,12157,white_collar,single,tertiary,sms,35,132.18,0
554,49,11449,student,divorced,primary,sms,25,30.54,0
555,44,11586,student,divorced,tertiary,sms,29,110.02,0
556,37,5557,blue_collar,married,secondary,sms,23,108.32,0
557,41,6179,student,single,secondary,email,18,41.97,0
558,29,12553,white_collar,married,tertiary,email,14,365.74,0
559,67,18914,entrepreneur,divorced,primary,email,17,196.19,0
560,52,18363,white_collar,divorced,tertiary,sms,2,443.35,0
561,50,12258,blue_collar,divorced,tertiary,email,31,133.56,0
562,50,15835,blue_collar,divorced,secondary,sms,19,232.08,0
563,68,15930,blue_collar,married,primary,email,32,323.12,0
564,60,15225,student,single,primary,sms,28,439.96,0
565,54,12005,white_collar,married,primary,email,41,267.06,0
566,29,12398,entrepreneur,single,primary,email,8,193.03,1
567,20,2111,white_collar,divorced,secondary,email,42,434.84,0
568,18,3473,entrepreneur,single,primary,sms,41,162.02,1
569,50,10435,white_collar,divorced,primary,sms,40,48.92,0
570,57,10792,blue_collar,married,primary,email,39,228.07,0
571,27,14627,entrepreneur,single,secondary,sms,22,394.7,0
572,60,12873,white_collar,married,secondary,phone,24,25.08,0
573,61,1389,student,divorced,primary,email,38,297.08,0
574,46,1547,student,married,secondary,email,2,301.29,1
575,30,19683,white_collar,divorced,tertiary,phone,41,464.99,0
576,29,19667,blue_collar,divorced,primary,sms,41,150.37,0
577,48,14239,entrepreneur,divorced,secondary,sms,19,146.63,0
578,63,13857,white_collar,married,primary,sms,41,225.84,0
579,19,5562,student,married,primary,email,2,184.89,0
580,68,19700,entrepreneur,single,secondary,email,28,370.81,0
581,67,19620,student,single,tertiary,email,32,324.46,0
582,52,19802,student,married,primary,email,19,381.87,0
583,40,19266,white_collar,married,tertiary,email,16,411.82,0
584,34,7757,student,married,secondary,sms,30,462.26,0
585,43,5020,entrepreneur,married,primary,phone,22,221.16,0
586,25,10445,blue_collar,divorced,secondary,sms,14,492.5,0
587,46,8517,white_collar,divorced,secondary,sms,1,115.67,0
588,43,17260,entrepreneur,divorced,secondary,email,45,360.04,0
589,27,5308,white_collar,married,secondary,phone,2,271.66,0
590,43,787,student,divorced,primary,phone,22,410.28,0
591,51,17013,student,divorced,tertiary,sms,46,243.62,0
592,68,13323,entrepreneur,single,tertiary,phone,33,394.13,0
593,58,8180,entrepreneur,single,primary,sms,15,465.78,0
594,24,18637,blue_collar,divorced,primary,sms,41,368.82,0
595,21,9586,entrepreneur,divorced,tertiary,sms,22,390.29,0
596,67,6194,entrepreneur,divorced,tertiary,sms,40,42.92,0
597,62,7792,white_collar,married,primary,email,39,110.43,0
598,28,11188,student,single,secondary,phone,41,487.41,0
599,46,3203,entrepreneur,single,primary,email,41,349.66,1
600,53,2540,blue_collar,single,tertiary,email,11,285.11,1
601,42,7224,entrepreneur,divorced,secondary,email,4,189.82,0
602,38,17328,student,married,tertiary,sms,7,31.75,0
603,53,14131,entrepreneur,single,secondary,sms,21,190.88,0
604,27,14636,white_collar,single,tertiary,email,7,254.47,1
605,54,546,student,married,secondary,email,4,113.62,1
606,26,4015,entrepreneur,divorced,primary,phone,12,94.84,0
607,41,15887,white_collar,divorced,primary,email,27,259.12,0
608,52,19593,student,single,secondary,sms,17,297.09,0
609,66,17718,entrepreneur,single,secondary,email,20,127.56,0
610,52,6687,white_collar,married,primary,phone,31,297.82,0
611,65,326,blue_collar,single,primary,phone,26,451.17,1
612,53,11251,white_collar,married,secondary,email,31,241.85,0
613,35,5658,blue_collar,single,secondary,phone,35,430.12,0
614,66,12071,entrepreneur,single,primary,phone,9,464.36,1
615,56,286,white_collar,single,tertiary,sms,5,55.27,1
616,49,14780,blue_collar,divorced,primary,phone,48,56.95,0
617,41,14659,student,married,secondary,phone,8,243.26,0
618,40,11169,white_collar,married,secondary,email,21,298.17,0
619,49,2635,entrepreneur,divorced,tertiary,sms,16,218.68,0
620,54,2032,student,divorced,primary,phone,16,169.96,0
621,29,2132,blue_collar,divorced,secondary,email,18,324.09,0
622,66,1352,white_collar,married,primary,email,47,11.02,0
623,30,5609,white_collar,single,secondary,email,28,484.36,0
624,40,5174,entrepreneur,divorced,tertiary,email,18,123.72,0
625,42,14000,student,divorced,primary,email,14,459.38,0
626,52,14623,white_collar,divorced,primary,email,48,63.42,0
627,58,1981,white_collar,single,tertiary,phone,37,126.66,1
628,47,369,student,single,secondary,sms,40,125.09,1
629,34,1730,white_collar,divorced,secondary,sms,16,498.11,0
630,66,18058,student,single,primary,email,21,12.25,0
631,37,13483,student,divorced,tertiary,email,1,323.42,0
632,65,16252,student,single,primary,sms,11,436.15,0
633,42,11184,entrepreneur,married,primary,phone,11,339.41,0
634,39,1795,student,married,secondary,email,2,187.74,1
635,30,19742,student,single,secondary,sms,32,479.57,0
636,36,14921,blue_collar,married,secondary,sms,19,447.83,0
637,66,3362,blue_collar,married,secondary,email,5,222.64,1
638,53,1545,entrepreneur,married,secondary,sms,3,290.93,1
639,29,16536,student,divorced,tertiary,phone,28,484.08,0
640,58,10049,blue_collar,single,primary,sms,26,491.45,0
641,36,18150,blue_collar,single,tertiary,email,23,230.41,0
642,29,7001,white_collar,single,primary,email,30,425.2,0
643,26,19269,student,married,secondary,sms,8,157.97,0
644,24,819,blue_collar,divorced,tertiary,sms,36,192.19,0
645,45,8697,entrepreneur,single,primary,email,29,90.76,0
646,31,6955,white_collar,married,secondary,phone,13,112.5,0
647,48,18778,white_collar,divorced,secondary,sms,25,331.87,0
648,69,8363,student,divorced,tertiary,phone,22,260.28,0
649,36,14620,student,single,tertiary,phone,46,123.25,0
650,64,11974,white_collar,single,tertiary,email,33,207.43,0
651,33,14179,entrepreneur,married,secondary,email,37,192.86,0
652,22,17182,student,single,primary,email,7,493.81,1
653,52,7343,student,married,primary,phone,23,428.25,0
654,29,9118,white_collar,divorced,tertiary,email,6,200.1,0
655,42,16832,white_collar,divorced,primary,email,15,457.82,0
656,69,12200,student,divorced,secondary,phone,15,177.89,0
657,38,16791,blue_collar,divorced,primary,phone,40,337.27,0
658,53,19900,student,single,secondary,phone,34,483.66,0
659,40,4920,blue_collar,single,tertiary,phone,14,201.24,1
660,33,11101,white_collar,married,primary,sms,29,343.14,0
661,56,14007,blue_collar,married,secondary,email,16,155.0,0
662,62,11769,entrepreneur,married,tertiary,sms,29,140.49,0
663,59,16016,white_collar,married,tertiary,phone,23,291.34,0
664,56,10978,student,married,tertiary,phone,10,489.84,0
665,31,3085,student,divorced,tertiary,phone,47,232.04,0
666,48,8212,white_collar,divorced,primary,phone,4,469.44,0
667,22,8567,white_collar,divorced,secondary,phone,12,458.04,0
668,52,19031,entrepreneur,married,primary,email,42,134.34,0
669,40,436,white_collar,divorced,secondary,sms,34,206.89,0
670,46,10265,student,divorced,tertiary,sms,4,325.22,0
671,60,19463,entrepreneur,divorced,primary,email,20,263.84,0
672,28,12868,student,divorced,tertiary,email,28,57.02,0
673,35,4068,blue_collar,single,secondary,email,28,496.91,1
674,64,1010,white_collar,married,tertiary,sms,6,378.8,1
675,29,18480,blue_collar,married,primary,sms,14,224.47,0
676,26,15732,student,single,primary,phone,35,312.9,0
677,27,16379,blue_collar,divorced,secondary,sms,47,52.91,0
678,61,3229,blue_collar,divorced,secondary,sms,1,252.7,1
679,34,5547,student,divorced,primary,email,19,466.11,0
680,55,6229,student,married,primary,sms,1,449.33,0
681,24,5950,white_collar,married,primary,phone,13,175.32,0
682,63,7546,blue_collar,married,primary,sms,8,270.37,0
683,30,12049,entrepreneur,married,secondary,email,18,351.72,0
684,57,8619,entrepreneur,married,primary,email,35,176.6,0
685,59,414,student,single,secondary,phone,23,41.79,1
686,26,11837,student,married,primary,phone,26,257.67,0
687,67,1234,blue_collar,divorced,primary,sms,41,304.8,0
688,44,11038,student,married,tertiary,phone,38,12.86,0
689,19,15688,entrepreneur,single,tertiary,phone,20,56.83,0
690,22,8447,white_collar,divorced,primary,email,2,111.57,0
691,46,5692,white_collar,single,secondary,email,26,180.55,0
692,54,18208,blue_collar,divorced,primary,sms,36,275.12,0
693,55,19827,white_collar,married,tertiary,sms,25,153.98,0
694,36,17370,student,single,primary,sms,30,145.33,0
695,25,11097,student,divorced,tertiary,sms,18,435.98,0
696,65,821,student,married,primary,email,7,81.07,1
697,62,9204,student,divorced,primary,sms,27,252.78,0
698,18,19841,blue_collar,single,secondary,sms,11,476.88,0
699,39,970,white_collar,single,tertiary,phone,37,316.26,1
700,69,6851,entrepreneur,single,tertiary,sms,8,361.43,1
701,34,16981,white_collar,single,tertiary,phone,11,221.31,0
702,24,1856,student,married,secondary,email,24,19.77,0
703,42,1217,entrepreneur,divorced,primary,sms,30,326.6,0
704,62,11701,blue_collar,married,secondary,phone,30,319.64,0
705,21,2928,student,single,primary,sms,15,64.11,1
706,53,15096,student,divorced,secondary,phone,35,236.46,0
707,23,18131,entrepreneur,single,secondary,sms,39,458.51,0
708,48,13978,blue_collar,married,tertiary,email,24,110.49,0
709,36,7092,entrepreneur,married,secondary,email,8,235.94,0
710,61,13878,blue_collar,married,primary,phone,43,235.94,0
711,56,6871,student,divorced,secondary,phone,42,407.27,0
712,44,16626,white_collar,divorced,secondary,email,20,414.04,0
713,27,19245,student,single,primary,sms,41,382.04,0
714,43,3535,white_collar,divorced,tertiary,phone,47,189.07,0
715,36,6722,white_collar,divorced,primary,email,26,45.3,0
716,56,12952,blue_collar,married,primary,phone,24,181.25,0
717,20,14906,entrepreneur,single,primary,email,22,343.1,0
718,62,10723,blue_collar,married,secondary,email,5,354.35,0
719,30,1948,student,single,secondary,phone,15,482.85,1
720,67,2796,entrepreneur,single,primary,phone,36,232.28,1
721,45,1817,white_collar,divorced,primary,email,37,319.89,0
722,37,19556,white_collar,married,tertiary,sms,29,274.2,0
723,45,9359,student,divorced,secondary,email,15,83.8,0
724,25,2886,entrepreneur,divorced,secondary,sms,27,235.99,0
725,58,14254,student,divorced,secondary,sms,49,276.97,0
726,56,13509,student,single,secondary,sms,8,475.87,1
727,18,3891,blue_collar,married,primary,phone,29,189.6,0
728,20,3971,student,married,primary,email,19,490.25,0
729,30,1906,entrepreneur,divorced,tertiary,email,31,275.73,0
730,45,17988,student,single,secondary,sms,9,128.81,1
731,66,19792,entrepreneur,married,secondary,sms,10,103.92,0
732,42,13404,white_collar,married,primary,sms,37,79.43,0
733,50,18174,student,divorced,tertiary,email,10,231.94,0
734,55,15649,entrepreneur,single,primary,sms,33,20.74,0
735,23,3403,white_collar,divorced,secondary,email,25,228.07,0
736,61,19597,entrepreneur,married,secondary,email,4,494.32,0
737,62,16161,white_collar,single,tertiary,phone,5,338.35,1
738,49,15298,blue_collar,divorced,primary,sms,23,382.3,0
739,62,17988,student,married,secondary,sms,39,68.31,0
740,64,10755,student,divorced,secondary,sms,5,241.82,0
741,38,9024,white_collar,divorced,tertiary,phone,8,150.25,0
742,33,10040,blue_collar,divorced,secondary,sms,17,448.11,0
743,38,4024,entrepreneur,single,secondary,email,1,98.83,1
744,28,9883,blue_collar,married,primary,sms,12,234.78,0
745,54,4585,entrepreneur,married,tertiary,email,35,298.14,0
746,53,12729,entrepreneur,married,tertiary,email,14,261.88,0
747,52,13333,student,married,tertiary,email,48,416.82,0
748,36,13001,white_collar,single,primary,email,18,123.41,0
749,37,291,student,divorced,tertiary,sms,10,194.92,0
750,35,5017,student,married,secondary,phone,15,398.12,0
751,64,5931,student,single,tertiary,phone,42,268.75,0
752,58,10260,entrepreneur,divorced,secondary,email,33,207.04,0
753,66,13782,student,single,tertiary,sms,19,24.43,0
754,31,12491,entrepreneur,single,tertiary,phone,34,379.16,0
755,32,1974,white_collar,married,primary,sms,45,486.37,0
756,48,9162,entrepreneur,married,tertiary,phone,25,313.94,0
757,18,4863,entrepreneur,divorced,tertiary,email,16,429.71,0
758,20,10334,blue_collar,divorced,primary,email,8,263.27,0
759,33,9321,student,married,secondary,email,35,123.52,0
760,40,11510,student,single,tertiary,phone,21,17.08,0
761,28,14619,student,married,tertiary,sms,19,330.17,0
762,29,1151,student,divorced,secondary,email,46,251.62,0
763,27,12325,blue_collar,single,primary,sms,11,393.23,0
764,49,9865,blue_collar,single,tertiary,sms,44,350.39,0
765,33,11482,blue_collar,single,primary,email,11,494.1,0
766,25,12680,blue_collar,married,secondary,phone,11,260.05,0
767,55,12089,student,married,secondary,email,22,219.32,0
768,29,12039,entrepreneur,divorced,primary,email,21,150.5,0
769,41,18589,white_collar,single,secondary,phone,27,243.66,0
770,45,407,blue_collar,single,secondary,sms,18,437.71,1
771,25,3459,entrepreneur,married,tertiary,phone,42,30.8,0
772,45,3276,blue_collar,divorced,primary,phone,48,489.17,0
773,53,1351,student,divorced,tertiary,email,40,496.72,0
774,43,5466,student,single,primary,phone,38,302.93,0
775,25,18001,entrepreneur,married,tertiary,phone,30,172.46,0
776,67,6326,entrepreneur,single,secondary,phone,45,119.29,0
777,45,14430,entrepreneur,married,primary,sms,47,145.48,0
778,45,4991,student,divorced,primary,sms,45,34.55,0
779,54,5092,student,single,primary,email,33,242.8,0
780,58,2061,white_collar,single,primary,email,21,38.09,1
781,53,12597,entrepreneur,single,secondary,sms,2,362.05,1
782,44,19347,white_collar,divorced,secondary,phone,13,192.25,0
783,34,10948,blue_collar,single,secondary,email,2,107.69,1
784,26,13355,white_collar,divorced,tertiary,email,43,276.98,0
785,50,4667,blue_collar,married,secondary,phone,45,487.14,0
786,37,16179,blue_collar,divorced,tertiary,phone,31,350.61,0
787,30,6613,white_collar,married,tertiary,phone,10,250.96,0
788,45,15335,entrepreneur,divorced,secondary,phone,23,390.69,0
789,65,11855,blue_collar,divorced,secondary,phone,22,371.36,0
790,46,11251,entrepreneur,single,secondary,sms,47,446.95,0
791,30,16667,student,divorced,tertiary,phone,29,110.29,0
792,63,3458,blue_collar,single,primary,email,33,430.85,1
793,52,9690,student,married,secondary,sms,31,157.5,0
794,23,11088,white_collar,married,tertiary,email,14,471.09,0
795,35,7778,entrepreneur,single,tertiary,phone,10,147.72,0
796,68,5798,white_collar,married,secondary,email,18,464.16,0
797,22,1373,blue_collar,divorced,tertiary,phone,11,482.26,0
798,64,11341,student,single,secondary,email,39,81.29,0
799,42,17580,blue_collar,single,tertiary,email,47,487.5,0
800,19,9597,white_collar,single,primary,phone,3,52.0,1
801,27,9207,entrepreneur,married,tertiary,email,2,117.1,0
802,47,11373,entrepreneur,married,secondary,sms,8,227.64,0
803,67,8102,blue_collar,divorced,primary,email,31,496.86,0
804,62,4347,blue_collar,divorced,secondary,sms,8,249.4,1
805,22,9320,student,single,tertiary,sms,43,279.7,0
806,50,19838,white_collar,divorced,primary,email,48,350.27,0
807,18,10803,blue_collar,married,primary,sms,2,484.46,0
808,35,15572,student,divorced,tertiary,sms,22,393.84,0
809,49,16754,blue_collar,married,primary,email,5,119.84,0
810,64,17670,entrepreneur,divorced,primary,phone,7,158.47,0
811,66,12492,student,married,primary,phone,20,57.84,0
812,28,12056,student,married,secondary,sms,28,325.78,0
813,38,15741,blue_collar,divorced,secondary,sms,13,98.56,0
814,43,14098,white_collar,divorced,primary,phone,2,136.13,0
815,42,6405,entrepreneur,married,tertiary,sms,32,445.18,0
816,39,18882,white_collar,single,tertiary,phone,26,170.11,0
817,44,12821,student,divorced,secondary,email,3,287.66,0
818,66,7095,white_collar,married,tertiary,sms,41,204.81,0
819,30,12527,student,divorced,primary,email,42,46.28,0
820,50,13882,white_collar,divorced,tertiary,phone,13,187.8,0
821,51,2330,blue_collar,divorced,secondary,phone,21,209.95,0
822,58,6611,white_collar,divorced,secondary,email,45,448.89,0
823,52,16612,student,divorced,primary,sms,37,168.98,0
824,18,9561,entrepreneur,single,secondary,email,23,195.83,0
825,38,4865,entrepreneur,single,secondary,email,7,393.62,1
826,65,13372,entrepreneur,single,secondary,sms,17,381.89,0
827,23,5652,student,married,tertiary,phone,28,401.16,0
828,45,727,white_collar,single,secondary,email,47,477.35,1
829,34,12089,entrepreneur,single,tertiary,email,30,399.82,0
830,22,13880,entrepreneur,married,secondary,phone,5,209.73,0
831,48,6689,entrepreneur,single,secondary,email,24,412.54,0
832,22,2144,blue_collar,divorced,tertiary,phone,7,259.25,1
833,55,13271,student,single,tertiary,sms,34,146.08,0
834,20,18825,student,single,primary,phone,42,158.43,0
835,40,5984,student,single,primary,phone,33,119.68,0
836,54,8285,student,divorced,tertiary,email,27,81.05,0
837,54,349,student,divorced,secondary,phone,14,100.4,0
838,27,19409,blue_collar,divorced,primary,phone,19,40.96,0
839,27,17458,white_collar,divorced,tertiary,email,48,445.34,0
840,36,9275,blue_collar,married,tertiary,phone,38,466.19,0
841,34,16360,entrepreneur,divorced,secondary,email,12,297.52,0
842,38,2772,blue_collar,divorced,tertiary,sms,3,421.84,1
843,31,7379,student,divorced,primary,phone,7,99.95,0
844,26,8762,blue_collar,divorced,secondary,sms,35,451.82,0
845,63,2087,student,married,tertiary,phone,25,258.12,0
846,18,16574,blue_collar,single,tertiary,phone,49,42.91,0
847,68,13048,student,single,secondary,sms,15,79.24,0
848,62,13126,entrepreneur,divorced,secondary,sms,19,161.4,0
849,30,2873,student,divorced,secondary,email,19,31.34,0
850,21,13259,blue_collar,divorced,primary,email,23,161.55,0
851,18,9978,entrepreneur,single,primary,sms,11,39.37,0
852,66,10278,blue_collar,single,tertiary,phone,21,125.65,0
853,57,10477,entrepreneur,divorced,tertiary,email,34,140.18,0
854,49,7447,white_collar,single,secondary,phone,39,497.24,0
855,51,1108,white_collar,married,tertiary,email,7,125.42,1
856,45,3883,white_collar,divorced,tertiary,email,42,127.2,0
857,48,4398,blue_collar,divorced,secondary,email,44,346.53,0
858,25,4768,blue_collar,married,primary,sms,27,431.09,0
859,56,2152,entrepreneur,married,primary,phone,23,199.66,0
860,43,1816,entrepreneur,single,primary,sms,38,439.05,1
861,51,410,entrepreneur,married,tertiary,email,20,176.67,0
862,20,14491,entrepreneur,divorced,secondary,sms,27,106.54,0
863,67,1360,student,single,primary,sms,8,171.52,1
864,29,13257,white_collar,married,tertiary,sms,37,308.58,0
865,18,11560,student,single,secondary,phone,3,189.9,1
866,61,17068,student,single,primary,sms,2,339.72,1
867,22,14111,student,single,primary,sms,22,126.1,0
868,47,2966,student,single,secondary,sms,6,353.49,1
869,47,14465,white_collar,married,tertiary,sms,39,180.24,0
870,34,5998,student,divorced,tertiary,sms,40,233.38,0
871,65,18495,entrepreneur,divorced,primary,sms,36,283.3,0
872,64,6351,blue_collar,married,secondary,sms,44,346.25,0
873,40,5039,entrepreneur,divorced,tertiary,email,24,126.97,0
874,32,4106,blue_collar,single,secondary,sms,12,419.61,1
875,54,1725,entrepreneur,single,secondary,sms,17,363.7,1
876,38,11056,entrepreneur,single,primary,phone,22,124.71,0
877,31,17374,blue_collar,married,secondary,email,19,487.74,0
878,19,6178,white_collar,single,secondary,sms,9,335.75,1
879,28,9023,student,single,secondary,phone,12,231.69,0
880,68,4061,entrepreneur,married,tertiary,sms,32,87.19,0
881,56,18988,white_collar,single,primary,sms,31,271.28,0
882,55,8906,student,single,primary,sms,17,90.74,0
883,51,18203,white_collar,divorced,secondary,sms,23,220.45,0
884,55,13658,white_collar,married,secondary,sms,10,210.27,0
885,67,6786,student,single,tertiary,phone,30,362.77,0
886,51,1687,entrepreneur,single,primary,sms,19,104.27,1
887,35,9903,white_collar,single,tertiary,phone,26,412.72,0
888,47,17380,entrepreneur,single,primary,sms,26,169.8,0
889,32,10450,entrepreneur,divorced,tertiary,phone,11,227.55,0
890,44,18916,entrepreneur,divorced,secondary,email,20,388.45,0
891,68,11554,student,divorced,tertiary,sms,45,316.44,0
892,51,15949,blue_collar,divorced,secondary,email,4,160.93,0
893,69,6937,entrepreneur,married,primary,email,47,199.24,0
894,55,1549,blue_collar,single,primary,email,12,159.84,1
895,50,5554,blue_collar,divorced,secondary,sms,25,301.44,0
896,41,9524,white_collar,single,primary,email,10,172.99,0
897,32,4217,entrepreneur,married,tertiary,phone,22,365.59,0
898,47,8969,entrepreneur,single,secondary,sms,7,294.1,1
899,59,10950,entrepreneur,single,primary,email,24,81.4,0
900,68,18512,blue_collar,divorced,tertiary,sms,2,162.03,0
901,34,14443,student,divorced,tertiary,email,32,118.51,0
902,22,6945,blue_collar,married,primary,phone,21,201.25,0
903,46,4724,entrepreneur,single,primary,sms,7,262.83,1
904,21,8948,entrepreneur,divorced,tertiary,sms,8,258.31,0
905,27,16649,entrepreneur,divorced,secondary,email,38,379.72,0
906,34,13236,blue_collar,divorced,primary,phone,21,102.69,0
907,27,689,entrepreneur,married,primary,sms,8,473.77,1
908,34,19305,white_collar,single,secondary,email,25,177.99,0
909,37,6609,entrepreneur,divorced,secondary,phone,28,157.12,0
910,41,7793,student,single,primary,phone,28,345.74,0
911,22,9554,white_collar,married,secondary,phone,31,404.7,0
912,51,16555,entrepreneur,single,tertiary,phone,36,195.45,0
913,23,11808,white_collar,divorced,tertiary,sms,25,375.96,0
914,19,13042,entrepreneur,single,tertiary,sms,41,443.03,0
915,30,16752,student,single,primary,phone,37,385.73,0
916,60,10068,entrepreneur,married,secondary,email,38,26.76,0
917,60,2562,white_collar,married,tertiary,email,12,415.41,0
918,65,9560,student,single,secondary,phone,37,389.5,0
919,28,1115,blue_collar,single,tertiary,phone,37,337.95,1
920,68,9375,student,single,secondary,email,31,382.41,0
921,64,13369,student,married,tertiary,phone,18,489.92,0
922,40,506,student,married,tertiary,phone,26,221.25,0
923,33,7484,white_collar,single,tertiary,sms,6,42.94,1
924,48,11368,student,married,tertiary,sms,9,235.84,0
925,28,17469,entrepreneur,divorced,tertiary,phone,11,32.75,0
926,33,11895,student,married,tertiary,phone,31,154.18,0
927,25,4585,student,married,tertiary,sms,46,297.57,0
928,21,9001,entrepreneur,married,tertiary,phone,2,161.72,0
929,57,2718,entrepreneur,divorced,tertiary,sms,29,345.84,0
930,21,9703,blue_collar,divorced,secondary,sms,46,412.77,0
931,42,7028,student,divorced,secondary,email,42,216.02,0
932,20,5468,white_collar,single,primary,sms,5,451.07,1
933,49,4721,student,single,tertiary,email,23,49.12,1
934,20,14819,student,divorced,secondary,email,36,421.66,0
935,44,11226,entrepreneur,single,secondary,sms,7,416.0,1
936,46,7666,blue_collar,single,secondary,phone,13,167.78,0
937,49,12406,student,single,secondary,sms,42,156.37,0
938,67,15186,white_collar,divorced,secondary,email,10,159.5,0
939,68,17487,student,married,secondary,sms,36,407.58,0
940,36,18950,white_collar,divorced,primary,sms,16,417.51,0
941,38,18423,entrepreneur,divorced,secondary,email,15,171.56,0
942,22,18119,blue_collar,single,primary,sms,43,300.37,0
943,35,9990,student,single,primary,sms,19,78.08,0
944,45,8195,blue_collar,married,tertiary,email,21,239.7,0
945,59,12819,student,married,tertiary,phone,35,499.41,0
946,39,10383,white_collar,married,tertiary,email,15,87.83,0
947,38,18379,blue_collar,married,secondary,email,48,474.31,0
948,23,14331,student,divorced,tertiary,sms,14,413.88,0
949,18,14798,entrepreneur,married,secondary,email,29,486.39,0
950,22,17557,white_collar,divorced,secondary,sms,5,97.99,0
951,58,5284,blue_collar,single,tertiary,sms,49,114.62,0
952,29,2502,student,married,tertiary,sms,18,18.26,0
953,43,4995,blue_collar,single,primary,email,1,365.1,1
954,63,11504,student,single,primary,email,27,325.61,0
955,51,15261,white_collar,divorced,secondary,sms,27,97.25,0
956,66,9443,entrepreneur,married,secondary,phone,25,397.66,0
957,31,10737,white_collar,divorced,tertiary,phone,41,156.61,0
958,43,2056,blue_collar,single,tertiary,email,21,76.15,1
959,62,7123,blue_collar,married,primary,sms,14,217.06,0
960,44,14162,student,single,tertiary,sms,20,54.58,0
961,26,14433,white_collar,single,secondary,email,28,138.99,0
962,43,4007,student,married,tertiary,phone,21,191.95,0
963,64,907,white_collar,married,primary,email,23,427.41,0
964,39,14131,blue_collar,married,secondary,email,11,398.35,0
965,64,4927,student,divorced,primary,sms,2,226.95,1
966,47,13799,student,divorced,primary,email,20,365.04,0
967,60,4624,white_collar,single,secondary,phone,24,288.64,1
968,65,15293,entrepreneur,married,primary,email,25,177.01,0
969,34,16323,white_collar,single,tertiary,sms,37,365.68,0
970,43,18768,entrepreneur,single,tertiary,phone,22,344.91,0
971,53,5413,white_collar,single,primary,sms,24,313.36,0
972,18,13698,blue_collar,single,tertiary,email,15,312.8,0
973,25,13158,student,single,primary,email,12,344.66,0
974,66,17241,white_collar,married,tertiary,email,46,198.43,0
975,52,4987,blue_collar,divorced,primary,sms,31,435.85,0
976,69,3954,white_collar,married,tertiary,email,43,89.53,0
977,32,12558,student,married,secondary,phone,31,443.1,0
978,64,14636,white_collar,married,secondary,phone,30,177.72,0
979,39,3658,entrepreneur,divorced,tertiary,sms,41,71.27,0
980,31,9872,student,divorced,primary,sms,20,304.01,0
981,43,17445,entrepreneur,divorced,tertiary,sms,8,194.23,0
982,45,3675,blue_collar,married,primary,email,44,409.59,0
983,40,2518,blue_collar,divorced,tertiary,phone,30,221.08,0
984,31,4298,white_collar,single,tertiary,phone,35,337.6,1
985,41,1101,entrepreneur,divorced,secondary,phone,21,161.05,0
986,19,7219,entrepreneur,married,primary,sms,47,112.63,0
987,62,19329,student,married,primary,sms,40,200.14,0
988,43,9773,entrepreneur,single,primary,email,28,307.34,0
989,31,5416,entrepreneur,divorced,primary,sms,39,331.9,0
990,68,16344,student,divorced,primary,phone,17,293.32,0
991,24,16906,student,single,secondary,email,12,494.15,0
992,20,11973,entrepreneur,married,tertiary,sms,18,348.63,0
993,64,4366,white_collar,married,primary,sms,47,466.44,0
994,40,7649,student,divorced,primary,phone,28,67.79,0
995,63,19194,student,divorced,tertiary,email,3,40.07,0
996,60,10689,entrepreneur,divorced,secondary,sms,15,162.39,0
997,64,1757,entrepreneur,divorced,secondary,sms,16,76.93,0
998,62,19025,student,divorced,secondary,email,22,267.68,0
999,35,6863,entrepreneur,married,tertiary,email,49,264.3,0
1000,55,19559,student,married,tertiary,sms,31,291.77,0
1001,52,3264,white_collar,married,secondary,sms,31,375.16,0
1002,68,18537,white_collar,married,secondary,phone,1,485.95,0
1003,32,8579,student,single,tertiary,email,11,440.35,0
1004,42,5837,student,married,secondary,sms,6,68.0,0
1005,54,19701,blue_collar,single,primary,sms,23,175.87,0
1006,45,17931,blue_collar,married,tertiary,sms,9,135.35,0
1007,27,6109,entrepreneur,divorced,secondary,sms,16,96.64,0
1008,56,17091,entrepreneur,divorced,primary,phone,38,276.92,0
1009,34,4652,student,divorced,tertiary,email,44,281.1,0
1010,56,18248,student,single,tertiary,sms,19,121.35,0
1011,39,9517,blue_collar,married,primary,email,45,358.83,0
1012,43,9321,blue_collar,married,tertiary,email,13,369.13,0
1013,61,2771,student,single,secondary,sms,32,20.28,1
1014,42,6619,white_collar,single,tertiary,sms,36,203.92,0
1015,34,4062,white_collar,single,secondary,sms,9,446.17,1
1016,30,12834,entrepreneur,single,primary,phone,46,264.96,0
1017,37,13222,student,single,primary,sms,46,180.34,0
1018,42,19661,student,divorced,tertiary,email,49,134.3,0
1019,21,3822,entrepreneur,married,primary,email,37,129.24,0
1020,27,5006,blue_collar,single,primary,phone,31,58.89,0
1021,20,7363,blue_collar,divorced,tertiary,sms,31,410.44,0
1022,58,13799,white_collar,single,secondary,sms,19,52.46,0
1023,62,11188,student,divorced,tertiary,phone,2,153.22,0
1024,35,908,blue_collar,single,tertiary,phone,45,32.38,1
1025,64,9270,white_collar,married,secondary,sms,32,392.88,0
1026,53,16360,white_collar,single,secondary,sms,43,29.25,0
1027,64,17209,white_collar,single,secondary,email,34,161.07,0
1028,39,10793,blue_collar,married,tertiary,sms,1,290.92,0
1029,51,7801,blue_collar,married,secondary,sms,21,210.69,0
1030,64,17700,student,single,primary,email,3,148.31,1
1031,25,18681,student,married,secondary,email,27,144.84,0
1032,57,14291,white_collar,married,primary,email,44,400.92,0
1033,66,19290,white_collar,divorced,secondary,email,7,487.25,0
1034,61,17456,blue_collar,married,primary,phone,33,180.54,0
1035,36,13804,blue_collar,married,primary,email,9,29.18,0
1036,59,2223,student,single,primary,phone,30,27.92,1
1037,58,11633,student,single,primary,email,18,382.01,0
1038,54,16708,entrepreneur,divorced,primary,email,26,280.66,0
1039,23,14548,student,single,secondary,email,20,393.96,0
1040,69,14686,blue_collar,married,tertiary,sms,38,351.77,0
1041,43,1914,white_collar,married,tertiary,phone,41,454.68,0
1042,51,13101,entrepreneur,married,tertiary,email,31,444.05,0
1043,62,17590,student,single,tertiary,sms,8,396.28,1
1044,23,16608,student,married,tertiary,phone,23,242.84,0
1045,54,19730,blue_collar,married,primary,phone,25,160.98,0
1046,50,13480,entrepreneur,divorced,secondary,sms,47,258.44,0
1047,39,15506,student,divorced,primary,phone,1,256.02,0
1048,38,3031,white_collar,divorced,secondary,sms,46,309.04,0
1049,23,13667,blue_collar,single,secondary,email,18,101.19,0
1050,23,14138,entrepreneur,married,secondary,sms,19,331.25,0
1051,65,12417,student,married,secondary,phone,42,233.73,0
1052,21,3071,student,married,tertiary,phone,6,313.9,1
1053,47,2117,entrepreneur,divorced,secondary,email,17,127.41,0
1054,28,2515,blue_collar,married,secondary,sms,46,222.85,0
1055,47,19580,entrepreneur,married,tertiary,email,45,113.0,0
1056,48,1709,entrepreneur,married,primary,sms,8,438.9,1
1057,41,817,blue_collar,married,primary,sms,42,249.1,0
1058,26,12762,student,married,primary,sms,9,120.24,0
1059,20,6882,white_collar,single,primary,email,37,30.19,0
1060,68,1148,blue_collar,married,secondary,email,27,341.11,0
1061,48,11718,white_collar,single,tertiary,phone,36,115.18,0
1062,57,8407,student,married,tertiary,email,6,494.9,0
1063,54,8005,entrepreneur,single,primary,sms,6,271.51,1
1064,53,10093,white_collar,married,tertiary,sms,45,151.6,0
1065,41,10438,student,married,secondary,sms,4,332.26,0
1066,48,5678,student,married,primary,email,22,144.86,0
1067,23,13934,entrepreneur,married,secondary,phone,40,411.93,0
1068,19,18104,entrepreneur,divorced,secondary,email,27,161.04,0
1069,37,6648,student,married,secondary,phone,37,494.24,0
1070,45,7481,student,single,secondary,email,2,306.52,1
1071,28,3041,white_collar,divorced,secondary,sms,9,423.76,1
1072,21,5795,student,divorced,primary,phone,11,45.68,0
1073,32,6501,student,married,secondary,email,20,180.67,0
1074,23,15279,white_collar,single,primary,sms,43,371.37,0
1075,66,14556,blue_collar,single,tertiary,phone,39,330.98,0
1076,47,13197,white_collar,divorced,secondary,phone,14,105.18,0
1077,55,6297,white_collar,single,secondary,sms,26,184.54,0
1078,68,5550,entrepreneur,married,tertiary,sms,38,139.09,0
1079,19,18037,white_collar,married,primary,email,30,310.55,0
1080,32,17496,student,married,secondary,email,36,178.84,0
1081,28,8478,student,married,tertiary,sms,38,161.44,0
1082,25,1981,student,married,tertiary,email,35,111.62,0
1083,43,6899,blue_collar,divorced,secondary,sms,6,210.42,0
1084,68,14697,student,married,primary,sms,3,105.8,0
1085,62,13775,blue_collar,married,primary,email,1,481.66,0
1086,61,4686,student,divorced,secondary,email,18,85.71,0
1087,22,8530,white_collar,divorced,tertiary,phone,23,457.52,0
1088,23,2445,entrepreneur,divorced,secondary,phone,32,219.95,0
1089,43,16559,student,single,primary,email,29,195.15,0
1090,21,9648,blue_collar,single,tertiary,email,23,123.35,0
1091,36,5977,blue_collar,married,secondary,email,36,321.52,0
1092,37,6885,entrepreneur,married,tertiary,phone,6,345.91,0
1093,50,15933,student,married,primary,email,17,239.11,0
1094,37,5022,white_collar,single,primary,phone,18,37.3,0
1095,66,18814,student,married,primary,phone,31,460.07,0
1096,29,4786,student,married,secondary,phone,6,490.36,1
1097,64,14507,entrepreneur,single,tertiary,phone,34,221.21,0
1098,18,18386,student,divorced,secondary,sms,44,310.69,0
1099,43,12305,white_collar,single,secondary,email,44,230.65,0
1100,31,13279,blue_collar,married,secondary,email,27,167.72,0
1101,55,18543,entrepreneur,single,secondary,sms,36,47.89,0
1102,54,16624,white_collar,divorced,tertiary,email,48,233.47,0
1103,28,18273,blue_collar,divorced,tertiary,phone,42,411.01,0
1104,53,116,entrepreneur,divorced,secondary,sms,25,18.35,0
1105,30,13474,entrepreneur,divorced,secondary,phone,10,295.23,0
1106,60,16948,blue_collar,divorced,primary,sms,39,441.58,0
1107,20,18311,blue_collar,divorced,primary,phone,46,116.6,0
1108,50,6056,white_collar,married,tertiary,email,39,99.8,0
1109,23,16573,student,married,primary,email,12,388.42,0
1110,67,4915,student,single,tertiary,email,11,134.99,1
1111,27,19335,student,married,tertiary,sms,49,104.07,0
1112,22,2943,student,divorced,tertiary,email,43,195.21,0
1113,40,16072,student,married,primary,sms,3,202.33,0
1114,27,17453,white_collar,single,primary,phone,22,438.31,0
1115,61,1194,entrepreneur,divorced,tertiary,email,4,313.04,1
1116,19,6224,white_collar,married,tertiary,phone,8,208.92,0
1117,30,19679,white_collar,married,secondary,email,14,271.85,0
1118,57,1504,white_collar,single,tertiary,phone,20,477.44,1
1119,19,4082,entrepreneur,divorced,tertiary,sms,24,65.48,0
1120,37,12615,white_collar,single,secondary,email,14,111.78,0
1121,18,15890,white_collar,divorced,tertiary,sms,28,481.64,0
1122,54,12305,entrepreneur,divorced,tertiary,sms,16,479.09,0
1123,26,12848,white_collar,married,tertiary,phone,32,96.81,0
1124,34,3192,student,single,secondary,email,47,81.1,1
1125,26,14071,blue_collar,single,primary,sms,12,216.33,0
1126,28,14716,white_collar,single,tertiary,phone,16,34.36,0
1127,32,5033,blue_collar,divorced,secondary,phone,19,330.9,0
1128,41,5026,white_collar,single,tertiary,phone,5,47.97,1
1129,55,4069,white_collar,divorced,secondary,email,12,38.43,0
1130,52,3065,student,single,tertiary,email,29,247.74,1
1131,47,4419,entrepreneur,single,secondary,phone,5,479.32,1
1132,48,9075,blue_collar,married,primary,email,42,219.13,0
1133,66,7208,entrepreneur,single,primary,phone,17,184.68,0
1134,22,9241,student,married,primary,email,47,499.0,0
1135,61,16528,student,married,tertiary,email,8,270.66,0
1136,67,1910,blue_collar,divorced,secondary,phone,40,193.87,0
1137,31,10373,entrepreneur,single,tertiary,phone,40,199.07,0
1138,28,9121,student,single,tertiary,email,30,105.53,0
1139,26,18393,white_collar,single,secondary,phone,10,260.99,0
1140,51,6464,white_collar,married,tertiary,phone,20,225.04,0
1141,29,2681,white_collar,single,secondary,phone,45,142.69,1
1142,52,791,entrepreneur,divorced,secondary,phone,16,88.66,0
1143,52,1031,white_collar,divorced,primary,email,41,162.51,0
1144,18,13228,white_collar,single,primary,sms,16,259.25,0
1145,57,14326,student,married,primary,email,42,38.58,0
1146,39,13961,student,divorced,secondary,phone,3,85.33,0
1147,46,15575,white_collar,divorced,primary,phone,23,474.35,0
1148,25,3506,white_collar,married,secondary,email,22,276.0,0
1149,28,8439,student,divorced,tertiary,phone,28,41.09,0
1150,58,17516,blue_collar,married,primary,email,46,349.61,0
1151,54,17795,entrepreneur,divorced,secondary,sms,45,40.28,0
1152,31,8679,entrepreneur,married,secondary,phone,36,372.05,0
1153,47,3221,student,divorced,secondary,sms,4,377.48,1
1154,52,18357,entrepreneur,single,secondary,sms,38,329.03,0
1155,38,16046,student,divorced,primary,phone,24,368.78,0
1156,54,3848,student,divorced,primary,phone,19,53.1,0
1157,22,377,student,single,primary,email,11,366.12,1
1158,36,18343,student,single,secondary,email,40,76.98,0
1159,31,11663,blue_collar,single,tertiary,phone,46,176.36,0
1160,43,6892,white_collar,single,secondary,email,40,471.95,0
1161,21,14018,white_collar,married,tertiary,sms,46,256.41,0
1162,42,10474,blue_collar,married,primary,sms,39,484.04,0
1163,62,4775,entrepreneur,divorced,secondary,phone,18,53.57,0
1164,59,1270,entrepreneur,divorced,secondary,email,12,244.0,0
1165,42,8781,white_collar,divorced,primary,phone,14,40.58,0
1166,35,10817,entrepreneur,married,secondary,sms,47,318.8,0
1167,57,12550,white_collar,divorced,tertiary,phone,18,48.57,0
1168,25,10780,white_collar,divorced,tertiary,phone,44,95.93,0
1169,56,10168,blue_collar,married,tertiary,phone,42,136.83,0
1170,57,2562,entrepreneur,divorced,secondary,phone,12,376.88,0
1171,31,13750,blue_collar,married,secondary,sms,40,90.34,0
1172,49,387,white_collar,married,tertiary,phone,27,424.85,0
1173,68,18391,white_collar,single,secondary,phone,6,74.63,1
1174,55,1261,white_collar,single,tertiary,email,24,27.27,1
1175,50,16613,student,married,primary,phone,33,203.57,0
1176,40,2463,student,married,tertiary,email,45,489.93,0
1177,32,6083,student,single,primary,phone,16,64.07,0
1178,50,16627,blue_collar,divorced,primary,email,12,59.84,0
1179,42,8307,white_collar,divorced,primary,phone,31,378.07,0
1180,34,14858,entrepreneur,divorced,tertiary,email,37,162.96,0
1181,50,344,blue_collar,married,tertiary,phone,13,361.47,0
1182,64,17410,blue_collar,single,secondary,phone,8,108.01,1
1183,19,3278,blue_collar,divorced,secondary,email,38,235.44,0
1184,31,2276,entrepreneur,single,primary,phone,3,139.99,1
1185,57,5102,white_collar,single,tertiary,phone,20,231.25,0
1186,57,986,student,married,secondary,phone,4,386.86,1
1187,68,19882,white_collar,divorced,secondary,phone,44,383.38,0
1188,56,13821,white_collar,single,secondary,sms,45,262.73,0
1189,68,12242,blue_collar,married,tertiary,phone,2,464.9,0
1190,23,2754,blue_collar,married,secondary,sms,36,139.25,0
1191,23,12084,blue_collar,married,primary,sms,23,127.75,0
1192,20,17855,student,divorced,tertiary,phone,45,310.77,0
1193,24,7235,student,divorced,secondary,email,19,314.44,0
1194,68,420,student,married,secondary,email,40,32.8,0
1195,25,4754,white_collar,divorced,tertiary,phone,8,307.81,1
1196,59,16231,blue_collar,divorced,secondary,sms,16,193.47,0
1197,69,10870,entrepreneur,single,secondary,email,43,376.25,0
1198,32,6653,white_collar,married,primary,phone,18,405.97,0
1199,64,11659,student,married,tertiary,phone,36,280.56,0
1200,46,9109,entrepreneur,divorced,secondary,sms,24,10.84,0
1201,50,13582,entrepreneur,married,tertiary,email,1,321.82,0
1202,69,7598,blue_collar,married,tertiary,phone,1,376.95,0
1203,47,6736,entrepreneur,married,primary,email,46,132.0,0
1204,56,7462,student,divorced,primary,phone,36,237.68,0
1205,44,16495,blue_collar,divorced,tertiary,phone,11,483.21,0
1206,53,16678,entrepreneur,divorced,primary,phone,18,156.08,0
1207,46,2637,blue_collar,single,primary,sms,16,119.35,1
1208,55,19326,entrepreneur,married,secondary,sms,17,113.32,0
1209,50,15316,white_collar,single,primary,sms,24,283.81,0
1210,54,18713,white_collar,divorced,primary,email,34,475.4,0
1211,44,3109,student,single,secondary,sms,4,308.26,1
1212,50,14309,white_collar,married,secondary,sms,35,158.63,0
1213,21,15775,white_collar,married,tertiary,email,15,322.9,0
1214,39,15129,white_collar,divorced,primary,email,2,316.17,0
1215,19,2177,entrepreneur,divorced,secondary,email,31,302.49,0
1216,27,14007,entrepreneur,single,primary,email,9,88.12,1
1217,22,3967,blue_collar,divorced,tertiary,sms,10,320.94,0
1218,27,16252,entrepreneur,single,primary,sms,25,220.78,0
1219,50,4973,white_collar,married,primary,email,5,19.11,1
1220,55,8735,entrepreneur,married,primary,sms,14,274.48,0
1221,30,397,student,married,secondary,phone,42,494.74,0
1222,48,13195,blue_collar,married,secondary,sms,48,181.37,0
1223,64,9136,blue_collar,married,tertiary,phone,38,483.12,0
1224,53,1115,entrepreneur,single,primary,email,40,57.14,1
1225,62,1484,white_collar,married,tertiary,email,2,368.9,1
1226,41,8845,blue_collar,single,tertiary,sms,18,66.02,0
1227,69,18834,student,married,secondary,email,29,144.05,0
1228,32,17753,student,single,primary,sms,20,289.71,0
1229,46,1360,blue_collar,single,primary,sms,8,300.46,1
1230,25,7801,white_collar,single,tertiary,sms,37,389.85,0
1231,22,10501,white_collar,divorced,primary,sms,49,311.5,0
1232,46,15619,entrepreneur,single,secondary,phone,48,300.87,0
1233,64,11964,entrepreneur,single,tertiary,phone,26,457.05,0
1234,21,15781,blue_collar,married,tertiary,email,37,231.56,0
1235,29,5643,entrepreneur,single,secondary,phone,49,120.38,0
1236,62,18365,entrepreneur,single,secondary,email,4,89.28,1
1237,19,12588,entrepreneur,divorced,secondary,email,33,206.0,0
1238,44,10179,student,married,secondary,sms,22,359.25,0
1239,48,10844,entrepreneur,divorced,secondary,sms,6,30.85,0
1240,68,3909,blue_collar,divorced,secondary,sms,33,73.24,0
1241,68,7306,white_collar,divorced,tertiary,sms,28,62.0,0
1242,53,13846,entrepreneur,single,primary,sms,24,296.77,0
1243,53,16095,white_collar,divorced,primary,sms,4,129.0,0
1244,43,16135,entrepreneur,divorced,tertiary,phone,2,91.47,0
1245,60,11771,blue_collar,married,primary,email,13,300.46,0
1246,44,13310,student,married,primary,email,46,383.04,0
1247,22,17893,blue_collar,married,tertiary,sms,49,172.76,0
1248,37,5297,student,married,primary,phone,11,293.32,0
1249,28,15653,entrepreneur,divorced,primary,sms,35,58.08,0
1250,27,7552,entrepreneur,married,tertiary,phone,39,468.24,0
1251,57,8818,student,single,primary,phone,10,175.08,0
1252,55,14959,blue_collar,divorced,secondary,email,43,498.78,0
1253,23,2272,blue_collar,married,tertiary,email,10,489.51,0
1254,25,13258,student,divorced,primary,phone,8,391.62,0
1255,40,16763,entrepreneur,married,primary,email,5,19.83,0
1256,64,19153,student,divorced,secondary,phone,23,276.3,0
1257,43,11185,entrepreneur,married,tertiary,phone,34,52.55,0
1258,63,4081,student,single,tertiary,phone,47,448.62,1
1259,60,5347,entrepreneur,married,primary,email,32,396.92,0
1260,29,10653,student,divorced,secondary,sms,16,486.45,0
1261,43,6235,white_collar,divorced,secondary,email,4,308.11,0
1262,30,5673,entrepreneur,single,secondary,sms,28,265.86,0
1263,57,13831,blue_collar,divorced,secondary,email,48,264.3,0
1264,35,7289,student,single,secondary,email,44,199.36,0
1265,42,14641,blue_collar,divorced,secondary,sms,14,239.66,0
1266,50,10978,student,divorced,tertiary,phone,12,321.35,0
1267,64,11187,blue_collar,single,primary,sms,21,467.14,0
1268,57,13767,blue_collar,divorced,primary,phone,48,301.98,0
1269,60,2876,student,divorced,secondary,phone,16,429.99,0
1270,29,9411,student,single,tertiary,email,44,432.76,0
1271,61,7797,blue_collar,married,tertiary,email,2,264.23,0
1272,53,14729,blue_collar,single,secondary,email,23,180.26,0
1273,65,8486,blue_collar,divorced,primary,email,29,323.39,0
1274,21,17146,entrepreneur,married,secondary,email,46,228.48,0
1275,22,8144,entrepreneur,married,tertiary,sms,43,49.91,0
1276,54,9715,white_collar,married,secondary,sms,9,195.13,0
1277,25,15134,entrepreneur,single,primary,sms,7,497.1,1
1278,59,5160,entrepreneur,married,primary,sms,29,33.77,0
1279,66,11000,student,married,tertiary,email,44,351.37,0
1280,45,5681,white_collar,married,secondary,sms,17,422.18,0
1281,48,2114,white_collar,divorced,secondary,sms,9,327.88,1
1282,26,13097,entrepreneur,single,tertiary,phone,6,289.18,1
1283,68,10735,student,single,secondary,email,44,356.7,0
1284,46,13748,student,divorced,tertiary,sms,20,220.38,0
1285,31,7248,white_collar,married,secondary,sms,10,54.77,0
1286,57,18848,student,divorced,primary,sms,9,481.56,0
1287,58,14122,blue_collar,divorced,tertiary,email,12,221.83,0
1288,39,6019,entrepreneur,married,secondary,sms,33,336.04,0
1289,28,15986,blue_collar,married,secondary,phone,32,270.34,0
1290,40,6738,white_collar,single,secondary,email,34,36.79,0
1291,18,4751,white_collar,married,tertiary,phone,19,476.85,0
1292,63,709,student,divorced,primary,email,33,398.34,0
1293,54,8040,student,divorced,secondary,sms,48,83.06,0
1294,38,10448,white_collar,married,tertiary,email,16,491.01,0
1295,43,3966,white_collar,single,secondary,email,23,371.08,1
1296,63,16855,blue_collar,divorced,primary,email,26,241.44,0
1297,53,17099,blue_collar,married,primary,phone,45,309.57,0
1298,40,2353,student,single,primary,email,44,62.3,1
1299,18,5042,blue_collar,single,tertiary,sms,41,284.6,0
1300,68,12430,student,divorced,secondary,email,37,46.09,0
1301,57,964,student,divorced,tertiary,email,9,276.98,1
1302,32,1368,entrepreneur,single,secondary,sms,30,280.82,1
1303,38,7554,student,single,tertiary,sms,13,438.48,0
1304,64,13766,blue_collar,single,secondary,phone,48,365.28,0
1305,26,12470,white_collar,married,tertiary,sms,42,132.28,0
1306,26,5329,white_collar,divorced,secondary,sms,16,445.33,0
1307,27,16409,blue_collar,single,tertiary,sms,46,290.89,0
1308,69,18721,white_collar,divorced,primary,email,2,307.13,0
1309,43,4154,student,divorced,tertiary,phone,31,92.8,0
1310,58,1035,white_collar,divorced,primary,sms,43,430.31,0
1311,52,12272,blue_collar,single,primary,sms,19,466.17,0
1312,69,10630,white_collar,married,secondary,sms,11,389.75,0
1313,42,15660,student,single,primary,email,14,470.97,0
1314,43,16256,student,divorced,primary,email,47,158.13,0
1315,28,16809,blue_collar,single,secondary,phone,25,431.95,0
1316,55,9826,blue_collar,single,tertiary,phone,7,249.56,1
1317,19,7874,blue_collar,divorced,tertiary,email,15,90.32,0
1318,24,2085,entrepreneur,divorced,primary,sms,30,337.71,0
1319,35,14352,entrepreneur,single,tertiary,sms,31,345.22,0
1320,44,4703,student,single,primary,phone,24,150.59,1
1321,51,19262,entrepreneur,single,tertiary,sms,25,23.47,0
1322,44,16060,entrepreneur,single,tertiary,email,8,107.93,1
1323,34,9562,white_collar,married,tertiary,phone,30,205.89,0
1324,60,14266,entrepreneur,single,primary,email,36,92.11,0
1325,61,7854,white_collar,married,secondary,email,14,105.07,0
1326,68,14346,blue_collar,divorced,tertiary,sms,29,201.78,0
1327,41,4178,white_collar,married,tertiary,email,27,481.28,0
1328,42,12953,white_collar,divorced,tertiary,email,36,384.48,0
1329,24,17851,blue_collar,married,primary,sms,34,166.68,0
1330,69,4142,blue_collar,divorced,secondary,email,21,476.29,0
1331,23,16384,student,single,primary,sms,38,326.37,0
1332,41,14489,student,married,tertiary,email,11,233.17,0
1333,50,2675,student,married,primary,sms,33,239.47,0
1334,66,6854,student,divorced,tertiary,sms,15,211.26,0
1335,46,18065,white_collar,divorced,tertiary,phone,12,124.17,0
1336,60,2086,white_collar,married,primary,email,24,199.45,0
1337,39,18724,student,divorced,tertiary,email,37,268.67,0
1338,43,15570,entrepreneur,single,tertiary,phone,11,268.73,0
1339,45,6068,student,married,secondary,sms,19,383.25,0
1340,67,7593,entrepreneur,single,primary,sms,1,185.81,1
1341,38,4203,blue_collar,married,primary,phone,17,361.23,0
1342,66,2176,white_collar,single,tertiary,phone,40,293.27,1
1343,24,3094,white_collar,married,tertiary,sms,16,481.3,0
1344,34,3844,entrepreneur,divorced,primary,sms,26,198.79,0
1345,37,14566,student,married,primary,phone,43,451.6,0
1346,58,14623,white_collar,single,primary,email,43,412.11,0
1347,66,5694,entrepreneur,married,tertiary,sms,15,322.46,0
1348,37,7631,blue_collar,single,secondary,phone,8,330.71,1
1349,39,7471,blue_collar,single,secondary,email,30,51.48,0
1350,45,14647,white_collar,single,tertiary,email,14,475.61,0
1351,57,18128,student,divorced,tertiary,email,33,62.4,0
1352,66,3244,entrepreneur,married,tertiary,email,42,285.98,0
1353,24,14090,white_collar,single,primary,phone,7,171.73,1
1354,18,14183,blue_collar,divorced,tertiary,sms,18,220.63,0
1355,49,16726,student,single,primary,email,12,308.99,0
1356,30,8054,entrepreneur,married,secondary,email,2,455.34,0
1357,47,7369,white_collar,divorced,tertiary,phone,29,234.21,0
1358,40,7230,entrepreneur,single,tertiary,email,21,493.99,0
1359,68,6928,student,single,primary,phone,7,300.48,1
1360,36,8944,student,single,primary,phone,27,88.67,0
1361,49,14320,blue_collar,married,primary,sms,12,103.1,0
1362,47,6431,student,divorced,secondary,email,20,360.89,0
1363,46,19996,white_collar,divorced,secondary,sms,14,34.69,0
1364,66,13497,entrepreneur,divorced,tertiary,phone,10,245.37,0
1365,62,17983,student,single,tertiary,email,41,82.63,0
1366,46,10391,student,divorced,primary,phone,23,222.28,0
1367,47,18642,white_collar,single,secondary,phone,30,377.46,0
1368,33,10264,entrepreneur,married,tertiary,phone,47,234.82,0
1369,57,10550,entrepreneur,divorced,primary,email,31,90.09,0
1370,36,2135,blue_collar,single,primary,phone,10,133.44,1
1371,35,11563,blue_collar,divorced,secondary,phone,19,190.09,0
1372,18,8077,entrepreneur,divorced,secondary,email,19,44.08,0
1373,31,17341,white_collar,married,tertiary,sms,44,296.33,0
1374,68,12282,white_collar,divorced,tertiary,phone,23,307.69,0
1375,64,398,blue_collar,married,primary,sms,44,40.45,0
1376,67,1023,student,divorced,primary,sms,41,207.13,0
1377,19,13431,white_collar,divorced,primary,sms,32,212.86,0
1378,45,19283,student,divorced,tertiary,sms,20,173.57,0
1379,66,6678,white_collar,divorced,secondary,sms,4,283.29,0
1380,67,4975,entrepreneur,divorced,tertiary,sms,33,179.52,0
1381,47,12354,blue_collar,divorced,secondary,email,48,214.04,0
1382,55,18286,student,married,tertiary,email,1,400.79,0
1383,68,11005,student,married,tertiary,sms,13,89.43,0
1384,21,13453,entrepreneur,single,secondary,email,3,313.37,1
1385,18,15982,white_collar,divorced,tertiary,email,12,257.74,0
1386,25,19141,student,married,tertiary,sms,29,159.49,0
1387,46,19830,white_collar,divorced,primary,sms,31,366.49,0
1388,56,9763,entrepreneur,divorced,secondary,phone,41,280.08,0
1389,20,19433,blue_collar,married,secondary,email,36,243.91,0
1390,49,1041,student,divorced,primary,sms,2,337.16,1
1391,27,2007,white_collar,married,secondary,email,22,403.12,0
1392,27,4937,student,married,primary,email,22,486.61,0
1393,36,13780,white_collar,single,secondary,email,41,318.38,0
1394,63,17727,white_collar,single,secondary,phone,31,438.48,0
1395,51,5796,white_collar,single,secondary,sms,45,10.53,0
1396,50,16326,entrepreneur,single,secondary,email,14,269.82,0
1397,40,13643,blue_collar,divorced,primary,sms,29,115.18,0
1398,45,12715,student,divorced,primary,email,35,56.15,0
1399,49,1566,blue_collar,single,secondary,sms,9,270.67,1
1400,67,18450,white_collar,married,tertiary,sms,47,375.94,0
1401,24,475,white_collar,married,primary,sms,32,212.01,0
1402,46,362,blue_collar,married,secondary,email,27,338.35,0
1403,25,11680,blue_collar,married,primary,phone,10,249.96,0
1404,18,10236,student,divorced,tertiary,sms,25,224.17,0
1405,20,7933,white_collar,married,tertiary,phone,49,152.23,0
1406,41,1993,blue_collar,married,tertiary,sms,45,197.47,0
1407,40,8206,entrepreneur,single,secondary,phone,33,181.4,0
1408,25,11926,white_collar,married,secondary,sms,11,326.63,0
1409,64,1752,white_collar,divorced,tertiary,phone,37,66.85,0
1410,54,699,student,married,primary,sms,9,55.39,1
1411,20,18396,entrepreneur,married,primary,sms,7,333.41,0
1412,68,8892,student,divorced,tertiary,phone,7,277.69,0
1413,50,3737,entrepreneur,single,secondary,sms,34,220.8,1
1414,45,10455,student,divorced,primary,email,19,84.7,0
1415,64,16089,entrepreneur,single,primary,sms,20,211.4,0
1416,25,9390,entrepreneur,married,primary,sms,42,396.97,0
1417,51,5699,entrepreneur,single,secondary,email,25,445.91,0
1418,52,14442,blue_collar,single,tertiary,email,5,354.26,1
1419,49,14045,white_collar,single,secondary,email,48,39.36,0
1420,41,10862,entrepreneur,married,primary,phone,29,338.5,0
1421,31,14412,blue_collar,single,tertiary,email,27,128.08,0
1422,49,7482,blue_collar,single,secondary,phone,25,164.47,0
1423,63,9082,student,married,tertiary,email,37,105.98,0
1424,60,7807,white_collar,divorced,primary,phone,15,390.12,0
1425,33,17230,white_collar,divorced,secondary,email,48,327.82,0
1426,21,4733,student,divorced,tertiary,email,4,309.8,1
1427,69,17404,white_collar,married,secondary,sms,14,337.31,0
1428,54,9369,student,married,primary,email,49,126.02,0
1429,38,13878,blue_collar,divorced,tertiary,sms,17,227.88,0
1430,31,7108,blue_collar,single,primary,email,21,320.29,0
1431,48,15623,entrepreneur,divorced,tertiary,email,16,321.93,0
1432,65,18865,student,married,primary,sms,26,398.01,0
1433,35,3718,blue_collar,single,primary,sms,9,150.68,1
1434,24,372,blue_collar,single,secondary,phone,2,387.46,1
1435,27,13107,student,married,primary,sms,43,225.69,0
1436,24,18257,blue_collar,single,secondary,phone,15,338.38,0
1437,50,2647,white_collar,divorced,primary,email,35,233.3,0
1438,40,3264,blue_collar,married,primary,sms,24,474.82,0
1439,38,14514,student,married,primary,sms,48,97.86,0
1440,36,14427,white_collar,married,tertiary,email,38,340.75,0
1441,65,15676,white_collar,married,secondary,email,14,292.5,0
1442,36,1046,blue_collar,single,tertiary,email,37,94.64,1
1443,53,14793,entrepreneur,married,secondary,email,37,42.34,0
1444,46,16990,white_collar,married,primary,sms,6,401.58,0
1445,35,15640,student,single,tertiary,email,18,87.15,0
1446,19,6819,entrepreneur,married,secondary,email,22,101.39,0
1447,18,8535,entrepreneur,single,primary,sms,18,489.43,0
1448,64,11450,white_collar,single,secondary,phone,2,361.46,1
1449,22,3690,blue_collar,married,secondary,sms,32,132.74,0
1450,37,10164,entrepreneur,divorced,primary,phone,17,299.56,0
1451,28,17676,blue_collar,married,tertiary,email,1,271.71,0
1452,59,17948,white_collar,divorced,primary,sms,9,423.79,0
1453,19,490,student,single,tertiary,email,13,367.37,1
1454,20,12768,entrepreneur,divorced,secondary,sms,36,417.54,0
1455,40,11669,student,married,secondary,phone,37,113.64,0
1456,29,13129,blue_collar,married,secondary,sms,30,323.71,0
1457,37,13207,blue_collar,divorced,tertiary,email,31,29.72,0
1458,22,2660,student,married,primary,sms,23,43.78,0
1459,54,5967,white_collar,divorced,tertiary,email,28,359.63,0
1460,55,15384,white_collar,single,secondary,sms,10,21.97,0
1461,47,1311,entrepreneur,divorced,secondary,phone,25,294.08,0
1462,26,9221,entrepreneur,divorced,primary,sms,36,421.8,0
1463,51,1639,white_collar,divorced,tertiary,sms,26,196.17,0
1464,61,17127,white_collar,divorced,secondary,sms,26,31.97,0
1465,52,8793,student,single,tertiary,sms,45,359.79,0
1466,69,9021,blue_collar,single,tertiary,phone,13,465.55,0
1467,39,17767,blue_collar,single,primary,email,17,361.41,0
1468,61,10410,entrepreneur,divorced,primary,sms,40,293.44,0
1469,41,12844,white_collar,single,secondary,sms,4,122.71,1
1470,34,4486,student,married,primary,sms,23,17.53,0
1471,27,17403,entrepreneur,single,tertiary,phone,35,350.39,0
1472,47,12342,student,divorced,primary,email,11,123.2,0
1473,63,18823,white_collar,married,tertiary,email,12,430.5,0
1474,40,14357,white_collar,divorced,secondary,sms,9,238.52,0
1475,49,9047,white_collar,married,tertiary,sms,15,270.01,0
1476,34,14046,blue_collar,divorced,primary,email,45,379.43,0
1477,67,6030,white_collar,divorced,primary,sms,37,391.92,0
1478,68,5502,entrepreneur,married,secondary,sms,5,324.9,0
1479,34,16117,blue_collar,single,primary,sms,19,469.83,0
1480,31,607,student,married,secondary,phone,11,491.33,0
1481,26,1536,entrepreneur,married,secondary,phone,9,473.97,1
1482,57,11718,entrepreneur,married,primary,email,35,413.85,0
1483,19,8850,student,married,tertiary,phone,27,355.76,0
1484,62,16222,blue_collar,married,secondary,phone,13,335.03,0
1485,42,7454,entrepreneur,divorced,tertiary,email,12,60.84,0
1486,56,11394,entrepreneur,divorced,primary,phone,9,143.03,0
1487,26,13940,entrepreneur,single,tertiary,email,42,12.79,0
1488,39,4499,blue_collar,single,tertiary,sms,28,77.33,1
1489,60,5137,blue_collar,married,tertiary,email,13,225.22,0
1490,63,15948,blue_collar,single,tertiary,email,20,81.8,0
1491,21,3815,entrepreneur,single,primary,email,13,451.82,1
1492,43,14977,white_collar,married,primary,sms,27,404.79,0
1493,46,7937,student,divorced,tertiary,sms,26,45.09,0
1494,62,1401,white_collar,divorced,primary,sms,29,131.97,0
1495,51,7470,blue_collar,single,primary,email,29,411.35,0
1496,40,18639,entrepreneur,divorced,secondary,email,22,403.49,0
1497,54,6511,entrepreneur,divorced,primary,email,9,473.27,0
1498,28,6465,white_collar,single,tertiary,email,24,498.8,0
1499,23,15549,white_collar,married,primary,email,42,488.37,0
1500,35,792,student,single,primary,email,19,210.97,1
1501,38,1578,entrepreneur,single,primary,email,38,132.66,1
1502,59,6496,white_collar,single,primary,phone,31,381.62,0
1503,53,8548,student,married,secondary,sms,39,156.64,0
1504,58,10722,blue_collar,married,tertiary,phone,15,405.14,0
1505,55,16925,white_collar,married,tertiary,sms,32,271.64,0
1506,51,10173,blue_collar,married,primary,email,46,399.02,0
1507,34,2746,student,single,primary,phone,48,145.18,1
1508,54,5309,blue_collar,divorced,secondary,email,46,258.93,0
1509,42,6633,entrepreneur,single,primary,phone,29,286.37,0
1510,55,7311,entrepreneur,married,secondary,phone,34,472.12,0
1511,29,10027,blue_collar,divorced,tertiary,email,9,140.63,0
1512,40,12027,entrepreneur,single,tertiary,phone,35,468.98,0
1513,59,19129,student,divorced,secondary,phone,6,404.38,0
1514,39,9416,entrepreneur,married,tertiary,sms,37,368.14,0
1515,38,12277,blue_collar,divorced,primary,email,14,395.57,0
1516,44,10946,blue_collar,divorced,primary,email,47,306.66,0
1517,48,8033,blue_collar,married,secondary,phone,49,129.6,0
1518,23,5576,white_collar,divorced,tertiary,email,9,102.85,0
1519,44,13953,blue_collar,single,tertiary,sms,19,434.51,0
1520,57,8028,student,divorced,secondary,sms,23,365.32,0
1521,51,2180,entrepreneur,single,secondary,email,41,114.47,1
1522,29,6189,entrepreneur,divorced,tertiary,email,28,311.4,0
1523,62,7897,white_collar,divorced,secondary,sms,16,229.3,0
1524,24,17345,white_collar,married,primary,email,26,87.74,0
1525,27,8446,student,married,tertiary,phone,38,270.61,0
1526,62,19978,blue_collar,single,secondary,email,40,147.94,0
1527,34,1004,white_collar,married,secondary,phone,25,57.16,0
1528,43,17753,entrepreneur,married,secondary,sms,35,238.81,0
1529,38,16888,white_collar,married,tertiary,email,5,299.15,0
1530,45,10074,white_collar,married,primary,sms,7,32.98,0
1531,63,1284,blue_collar,married,primary,email,23,207.03,0
1532,19,1825,white_collar,single,tertiary,phone,25,136.25,1
1533,60,11480,student,single,secondary,email,1,25.02,1
1534,18,13157,entrepreneur,married,tertiary,sms,22,71.57,0
1535,68,5706,blue_collar,married,tertiary,phone,4,78.13,0
1536,53,4056,entrepreneur,single,secondary,email,28,99.61,1
1537,68,16655,student,divorced,tertiary,sms,48,403.66,0
1538,43,18790,student,single,primary,sms,14,225.35,0
1539,46,16181,white_collar,divorced,tertiary,email,33,82.07,0
1540,38,521,white_collar,married,secondary,sms,4,59.15,1
1541,28,5640,white_collar,married,tertiary,phone,42,155.99,0
1542,57,16388,entrepreneur,single,primary,email,11,401.03,0
1543,28,16066,student,married,tertiary,phone,39,188.59,0
1544,53,15982,blue_collar,divorced,tertiary,sms,32,88.35,0
1545,66,4775,white_collar,divorced,tertiary,sms,4,208.02,1
1546,56,9182,entrepreneur,single,tertiary,sms,1,282.1,1
1547,57,13109,white_collar,divorced,secondary,phone,26,24.5,0
1548,52,6848,student,single,primary,sms,33,317.54,0
1549,51,6203,blue_collar,single,primary,email,17,203.6,0
1550,64,17957,student,divorced,primary,email,27,14.77,0
1551,41,19727,entrepreneur,divorced,tertiary,sms,42,340.21,0
1552,39,18665,white_collar,divorced,primary,email,5,359.07,0
1553,22,19580,student,divorced,secondary,phone,7,318.13,0
1554,50,11448,entrepreneur,divorced,tertiary,phone,25,177.55,0
1555,53,9882,white_collar,divorced,tertiary,sms,8,269.51,0
1556,64,5982,blue_collar,divorced,primary,email,34,199.71,0
1557,37,5898,student,married,tertiary,email,41,353.3,0
1558,36,9727,white_collar,single,tertiary,sms,4,295.95,1
1559,52,8515,white_collar,single,primary,phone,12,50.08,0
1560,69,12566,white_collar,divorced,secondary,sms,31,325.12,0
1561,60,9946,white_collar,single,secondary,email,11,346.75,0
1562,34,12820,student,divorced,primary,email,37,191.64,0
1563,62,9245,white_collar,married,secondary,sms,44,439.14,0
1564,60,4624,entrepreneur,single,secondary,phone,36,423.08,1
1565,51,6659,student,single,secondary,phone,45,95.83,0
1566,26,7720,white_collar,married,tertiary,sms,22,453.09,0
1567,43,19258,student,married,tertiary,email,1,226.03,0
1568,19,3224,entrepreneur,married,tertiary,phone,4,364.64,1
1569,26,8771,entrepreneur,single,secondary,sms,36,408.91,0
1570,26,11806,student,single,tertiary,email,8,257.51,1
1571,57,17837,white_collar,married,secondary,phone,25,205.56,0
1572,34,12170,white_collar,married,primary,phone,28,458.57,0
1573,18,8234,entrepreneur,married,secondary,sms,38,123.12,0
1574,42,1024,white_collar,married,tertiary,email,36,135.92,0
1575,60,18654,entrepreneur,married,secondary,phone,36,187.19,0
1576,57,5606,white_collar,divorced,tertiary,sms,43,431.14,0
1577,59,13750,entrepreneur,married,tertiary,phone,41,470.01,0
1578,42,2495,blue_collar,divorced,primary,email,46,117.83,0
1579,56,15410,white_collar,single,primary,phone,4,433.3,1
1580,52,8326,white_collar,single,tertiary,email,13,136.52,0
1581,20,11881,white_collar,divorced,secondary,phone,38,485.61,0
1582,67,5615,student,married,primary,phone,45,302.73,0
1583,54,19154,white_collar,single,primary,sms,25,13.47,0
1584,61,3465,student,married,tertiary,phone,3,26.72,1
1585,61,17072,student,married,secondary,email,32,82.27,0
1586,68,11510,entrepreneur,divorced,primary,sms,39,101.91,0
1587,47,19622,student,single,primary,email,1,386.13,1
1588,55,9195,student,single,secondary,email,11,119.16,0
1589,51,10461,blue_collar,divorced,primary,sms,2,484.88,0
1590,29,8631,white_collar,married,secondary,email,5,321.69,0
1591,36,4370,student,married,tertiary,phone,22,349.33,0
1592,54,10006,white_collar,single,primary,sms,46,116.73,0
1593,61,17040,student,divorced,tertiary,phone,13,447.43,0
1594,66,11379,entrepreneur,divorced,secondary,phone,48,337.23,0
1595,34,5552,blue_collar,married,tertiary,email,23,433.56,0
1596,27,6577,student,married,tertiary,email,47,478.68,0
1597,66,17500,white_collar,divorced,tertiary,phone,31,71.56,0
1598,64,6570,entrepreneur,single,secondary,sms,35,57.33,0
1599,29,2162,white_collar,married,secondary,phone,38,403.67,0
1600,33,9130,entrepreneur,divorced,secondary,phone,41,434.4,0
1601,41,19980,blue_collar,divorced,secondary,email,35,296.04,0
1602,36,1913,entrepreneur,divorced,secondary,email,45,189.34,0
1603,25,11771,white_collar,single,primary,phone,13,329.79,0
1604,48,14408,white_collar,married,primary,phone,7,159.78,0
1605,38,2413,student,married,primary,email,5,126.81,1
1606,34,9806,entrepreneur,married,tertiary,phone,29,249.19,0
1607,40,17715,white_collar,single,tertiary,email,8,115.92,1
1608,54,9937,student,married,secondary,phone,8,247.01,0
1609,33,5931,blue_collar,married,secondary,sms,7,478.74,0
1610,23,19483,white_collar,married,primary,sms,19,421.49,0
1611,25,19924,student,married,secondary,phone,39,471.4,0
1612,42,4156,white_collar,single,tertiary,email,23,405.1,1
1613,35,405,entrepreneur,divorced,secondary,phone,36,183.83,0
1614,42,14447,student,divorced,primary,phone,42,407.9,0
1615,29,1789,entrepreneur,married,secondary,email,32,462.23,0
1616,32,4017,blue_collar,married,tertiary,phone,45,474.05,0
1617,43,3036,entrepreneur,married,primary,email,4,344.77,1
1618,58,3962,student,single,secondary,phone,30,113.57,1
1619,62,14606,white_collar,married,tertiary,email,42,29.47,0
1620,43,14418,student,single,primary,phone,39,82.13,0
1621,64,15400,entrepreneur,married,primary,sms,5,483.12,0
1622,49,5749,entrepreneur,married,tertiary,email,3,236.43,0
1623,27,19745,white_collar,divorced,secondary,sms,22,428.94,0
1624,33,18303,blue_collar,married,secondary,email,28,237.87,0
1625,24,15774,student,single,secondary,email,22,333.8,0
1626,34,17826,white_collar,divorced,primary,email,22,21.83,0
1627,40,5660,white_collar,single,primary,email,34,132.43,0
1628,43,15551,white_collar,divorced,secondary,phone,29,223.77,0
1629,38,18710,student,single,primary,phone,43,319.01,0
1630,39,1179,student,divorced,primary,email,42,94.05,0
1631,24,14083,student,single,tertiary,phone,13,384.63,0
1632,31,15427,blue_collar,single,secondary,email,7,188.56,1
1633,32,12855,white_collar,married,secondary,email,10,410.54,0
1634,24,7335,entrepreneur,divorced,secondary,sms,28,58.0,0
1635,26,17297,entrepreneur,divorced,primary,email,4,343.08,0
1636,68,2131,white_collar,married,primary,email,32,153.73,0
1637,65,8614,entrepreneur,single,primary,phone,22,399.74,0
1638,25,9195,blue_collar,single,secondary,email,20,207.06,0
1639,67,14387,blue_collar,divorced,primary,email,48,336.02,0
1640,40,6011,student,single,secondary,sms,20,467.81,0
1641,46,11795,student,divorced,primary,phone,6,20.11,0
1642,35,19137,student,divorced,secondary,phone,9,15.45,0
1643,48,3440,student,single,tertiary,sms,28,387.44,1
1644,47,7976,student,single,primary,email,13,326.73,0
1645,69,15996,entrepreneur,single,secondary,sms,31,153.56,0
1646,56,12535,entrepreneur,married,tertiary,phone,39,252.25,0
1647,52,1241,student,divorced,tertiary,sms,14,30.55,0
1648,35,19381,blue_collar,single,primary,phone,22,104.3,0
1649,59,9381,entrepreneur,married,secondary,sms,37,218.0,0
1650,56,2138,blue_collar,single,primary,email,45,418.68,1
1651,34,4370,blue_collar,divorced,tertiary,email,24,245.04,0
1652,31,10146,white_collar,married,primary,phone,8,297.32,0
1653,48,4783,white_collar,divorced,secondary,sms,15,438.14,0
1654,41,16978,student,single,tertiary,phone,41,161.32,0
1655,52,7216,blue_collar,single,primary,email,6,353.34,1
1656,61,1884,entrepreneur,single,primary,phone,23,432.22,1
1657,62,19994,white_collar,married,primary,email,25,109.28,0
1658,51,3886,white_collar,married,primary,phone,31,184.67,0
1659,20,9290,blue_collar,married,primary,sms,46,490.11,0
1660,54,5528,white_collar,married,tertiary,email,29,491.78,0
1661,60,6781,white_collar,single,tertiary,phone,23,119.38,0
1662,57,6993,entrepreneur,single,secondary,email,10,42.56,0
1663,43,12761,blue_collar,single,primary,sms,9,142.75,1
1664,40,14992,white_collar,married,secondary,email,49,204.89,0
1665,61,9743,blue_collar,married,tertiary,sms,13,226.09,0
1666,56,10043,white_collar,single,primary,email,32,313.22,0
1667,32,10572,entrepreneur,single,secondary,sms,49,450.76,0
1668,66,13092,blue_collar,married,primary,email,45,171.87,0
1669,21,11226,white_collar,divorced,primary,sms,41,426.49,0
1670,46,6969,entrepreneur,single,secondary,phone,1,55.8,1
1671,39,7769,white_collar,single,tertiary,phone,1,30.52,1
1672,42,11638,blue_collar,single,secondary,email,37,256.98,0
1673,30,10165,white_collar,married,secondary,sms,40,39.23,0
1674,35,10271,blue_collar,single,secondary,phone,18,202.32,0
1675,50,17796,blue_collar,single,primary,email,36,449.42,0
1676,33,3062,white_collar,single,tertiary,phone,31,128.33,1
1677,62,13951,entrepreneur,single,tertiary,sms,1,355.93,1
1678,59,19422,student,single,primary,email,47,158.16,0
1679,61,13079,entrepreneur,divorced,tertiary,sms,36,32.01,0
1680,19,19681,entrepreneur,divorced,secondary,sms,9,282.78,0
1681,52,5396,white_collar,single,tertiary,sms,22,419.08,0
1682,59,14845,entrepreneur,single,primary,phone,28,210.64,0
1683,51,5830,entrepreneur,single,tertiary,email,26,312.47,0
1684,47,14021,student,single,primary,sms,10,451.01,0
1685,30,226,entrepreneur,married,secondary,phone,47,396.95,0
1686,30,5702,student,married,primary,sms,3,105.0,0
1687,35,17675,white_collar,married,tertiary,phone,2,369.36,0
1688,49,19123,student,divorced,secondary,email,37,255.93,0
1689,49,12681,blue_collar,single,tertiary,email,31,375.52,0
1690,52,16097,blue_collar,married,primary,email,33,252.31,0
1691,56,17850,student,single,secondary,email,32,72.7,0
1692,63,9311,blue_collar,single,primary,sms,43,289.26,0
1693,69,15097,white_collar,divorced,tertiary,phone,12,251.15,0
1694,46,6771,blue_collar,divorced,primary,email,3,263.78,0
1695,66,12371,student,married,tertiary,sms,48,440.66,0
1696,46,8976,white_collar,married,tertiary,email,26,448.47,0
1697,61,2987,blue_collar,divorced,secondary,email,14,232.23,0
1698,33,9754,white_collar,divorced,secondary,email,12,233.31,0
1699,61,4186,student,single,primary,phone,26,262.44,1
1700,64,18745,blue_collar,single,tertiary,phone,16,264.6,0
1701,27,4280,white_collar,married,tertiary,phone,8,475.69,1
1702,47,2941,white_collar,married,secondary,email,49,328.21,0
1703,42,6140,blue_collar,divorced,secondary,sms,49,145.95,0
1704,56,10404,white_collar,married,secondary,sms,28,270.45,0
1705,37,4858,white_collar,single,secondary,sms,7,317.34,1
1706,22,17110,student,divorced,primary,email,15,323.49,0
1707,18,16334,student,single,primary,phone,41,296.77,0
1708,47,5114,student,divorced,primary,sms,36,97.09,0
1709,66,1475,student,divorced,primary,email,8,26.46,1
1710,20,1281,student,single,secondary,email,10,175.54,1
1711,62,590,student,married,primary,sms,15,219.49,0
1712,31,3829,blue_collar,married,primary,sms,18,40.28,0
1713,47,6074,student,married,primary,email,46,409.33,0
1714,67,19780,white_collar,married,secondary,sms,37,178.6,0
1715,21,18424,blue_collar,single,tertiary,email,41,457.68,0
1716,35,1982,white_collar,divorced,secondary,sms,45,85.66,0
1717,54,3087,student,single,tertiary,phone,43,37.9,1
1718,42,5685,student,married,tertiary,email,44,246.33,0
1719,65,3259,white_collar,married,primary,phone,35,102.67,0
1720,18,4630,white_collar,single,primary,sms,2,469.33,1
1721,63,17165,white_collar,divorced,primary,email,22,15.05,0
1722,32,1173,entrepreneur,single,secondary,sms,15,212.18,1
1723,26,13843,entrepreneur,single,secondary,email,37,464.11,0
1724,32,18871,entrepreneur,single,primary,sms,39,198.36,0
1725,66,2793,entrepreneur,divorced,secondary,phone,36,55.62,0
1726,41,9662,blue_collar,single,secondary,phone,5,158.42,1
1727,21,4440,student,single,tertiary,sms,48,254.03,1
1728,29,2256,white_collar,married,secondary,phone,15,100.72,0
1729,54,16284,student,single,tertiary,phone,27,238.62,0
1730,54,8066,white_collar,married,primary,sms,16,419.81,0
1731,60,2680,student,married,secondary,email,36,437.58,0
1732,23,7357,blue_collar,married,tertiary,sms,38,34.14,0
1733,56,2259,entrepreneur,divorced,secondary,email,18,88.84,0
1734,63,16272,student,married,tertiary,phone,35,144.89,0
1735,41,14000,white_collar,single,tertiary,phone,25,301.48,0
1736,28,11540,student,single,secondary,phone,22,186.89,0
1737,30,14778,blue_collar,married,primary,phone,31,423.58,0
1738,51,14536,blue_collar,married,tertiary,phone,37,361.17,0
1739,42,12121,student,single,primary,email,34,59.22,0
1740,24,6872,entrepreneur,married,secondary,email,23,316.03,0
1741,69,1727,white_collar,divorced,secondary,email,16,65.38,0
1742,21,11764,blue_collar,married,primary,sms,6,134.97,0
1743,25,8319,blue_collar,divorced,secondary,phone,15,97.16,0
1744,37,18469,student,divorced,tertiary,phone,18,94.8,0
1745,46,9813,blue_collar,divorced,primary,phone,38,312.03,0
1746,68,8588,blue_collar,married,secondary,sms,13,286.17,0
1747,62,2281,white_collar,divorced,secondary,sms,24,96.25,0
1748,63,11694,entrepreneur,divorced,primary,sms,13,495.18,0
1749,27,18780,white_collar,married,tertiary,phone,1,216.7,0
1750,60,7264,entrepreneur,divorced,primary,email,48,57.56,0
1751,51,19081,white_collar,married,secondary,sms,36,69.08,0
1752,43,1001,student,single,secondary,sms,49,296.11,1
1753,58,9390,blue_collar,divorced,primary,email,18,489.74,0
1754,66,18161,entrepreneur,married,tertiary,sms,48,290.26,0
1755,20,2981,student,single,tertiary,email,33,475.03,1
1756,23,13158,blue_collar,divorced,tertiary,phone,38,227.63,0
1757,22,5722,blue_collar,divorced,primary,email,43,223.56,0
1758,22,1478,blue_collar,married,tertiary,email,6,255.0,1
1759,64,17732,white_collar,single,tertiary,phone,17,351.74,0
1760,40,5750,student,married,tertiary,sms,4,190.13,0
1761,66,12533,student,divorced,tertiary,phone,14,433.3,0
1762,26,9556,blue_collar,divorced,secondary,sms,30,24.35,0
1763,52,7136,entrepreneur,divorced,primary,sms,46,225.48,0
1764,37,6587,student,divorced,primary,email,20,260.39,0
1765,66,17542,white_collar,single,tertiary,phone,8,307.45,1
1766,59,18532,entrepreneur,single,primary,email,2,145.28,1
1767,52,4348,entrepreneur,married,primary,phone,37,219.47,0
1768,67,18960,entrepreneur,married,secondary,phone,4,247.42,0
1769,35,4703,entrepreneur,married,primary,email,10,346.59,0
1770,34,12732,student,divorced,secondary,sms,20,389.04,0
1771,41,320,blue_collar,married,primary,sms,35,371.54,0
1772,20,14326,entrepreneur,single,secondary,phone,48,177.38,0
1773,49,4918,white_collar,married,secondary,sms,10,499.73,0
1774,52,7449,white_collar,married,primary,email,28,425.85,0
1775,55,5718,blue_collar,single,secondary,email,15,137.41,0
1776,30,9956,student,single,secondary,email,36,105.6,0
1777,64,4676,blue_collar,divorced,primary,phone,1,163.87,1
1778,42,18355,entrepreneur,single,secondary,phone,22,231.65,0
1779,26,15307,student,single,secondary,sms,27,426.89,0
1780,21,1562,student,married,secondary,email,29,391.4,0
1781,31,16005,entrepreneur,single,secondary,email,15,427.11,0
1782,54,16352,white_collar,divorced,secondary,phone,10,143.26,0
1783,51,8336,entrepreneur,married,tertiary,phone,20,300.8,0
1784,28,7913,blue_collar,divorced,secondary,phone,22,148.79,0
1785,58,2168,entrepreneur,single,secondary,email,48,63.42,1
1786,20,5853,white_collar,divorced,secondary,email,9,345.26,0
1787,45,7337,entrepreneur,divorced,secondary,sms,32,80.07,0
1788,46,14275,blue_collar,single,primary,email,17,337.17,0
1789,26,6291,blue_collar,single,tertiary,sms,42,327.5,0
1790,20,17998,white_collar,married,primary,sms,19,407.02,0
1791,42,19082,blue_collar,married,tertiary,email,40,78.38,0
1792,51,14722,blue_collar,married,secondary,sms,27,393.91,0
1793,29,1101,entrepreneur,single,secondary,sms,37,499.65,1
1794,59,17517,student,divorced,tertiary,phone,34,427.01,0
1795,26,14977,blue_collar,divorced,tertiary,email,47,378.39,0
1796,32,10332,blue_collar,married,primary,sms,49,334.46,0
1797,57,4576,white_collar,married,tertiary,sms,10,216.67,0
1798,42,16962,white_collar,single,secondary,sms,30,367.95,0
1799,22,615,entrepreneur,divorced,primary,email,21,364.85,0
1800,28,12578,entrepreneur,married,tertiary,phone,21,319.43,0
1801,51,1291,blue_collar,single,tertiary,phone,34,400.18,1
1802,41,10960,student,married,primary,email,9,229.89,0
1803,32,13548,student,single,tertiary,email,34,69.41,0
1804,55,6397,entrepreneur,divorced,secondary,email,12,283.94,0
1805,25,16755,white_collar,single,primary,email,47,139.87,0
1806,22,8434,blue_collar,married,tertiary,phone,21,198.37,0
1807,65,6108,blue_collar,married,secondary,sms,20,18.53,0
1808,43,8087,student,divorced,tertiary,sms,6,197.57,0
1809,35,3432,entrepreneur,divorced,primary,email,45,406.31,0
1810,23,887,student,married,tertiary,email,36,275.93,0
1811,54,6322,student,married,tertiary,sms,12,14.8,0
1812,65,9973,entrepreneur,married,tertiary,phone,41,240.22,0
1813,30,17106,white_collar,divorced,secondary,email,31,152.81,0
1814,45,3776,blue_collar,married,secondary,email,2,244.0,1
1815,22,2672,white_collar,divorced,tertiary,phone,16,208.3,0
1816,30,7015,entrepreneur,married,tertiary,phone,1,466.67,0
1817,34,5133,entrepreneur,single,primary,phone,4,30.18,1
1818,67,7888,blue_collar,single,tertiary,email,47,344.96,0
1819,57,15789,white_collar,married,primary,phone,1,427.0,0
1820,62,11552,blue_collar,single,secondary,email,47,480.03,0
1821,49,4812,student,divorced,tertiary,email,35,97.04,0
1822,46,166,student,single,primary,phone,13,270.34,1
1823,68,15955,student,single,secondary,sms,45,31.36,0
1824,20,12578,white_collar,divorced,primary,phone,42,254.6,0
1825,57,7633,student,single,secondary,sms,31,71.47,0
1826,51,15203,blue_collar,single,tertiary,phone,20,420.57,0
1827,57,4716,white_collar,married,primary,phone,7,65.8,1
1828,44,13377,blue_collar,divorced,tertiary,email,40,261.51,0
1829,30,17624,entrepreneur,divorced,primary,email,33,265.34,0
1830,62,5830,white_collar,married,secondary,email,28,486.11,0
1831,50,10824,blue_collar,married,primary,email,44,330.94,0
1832,23,11872,blue_collar,single,primary,email,44,151.04,0
1833,41,16368,white_collar,single,tertiary,email,20,127.99,0
1834,36,13040,entrepreneur,single,tertiary,email,32,72.84,0
1835,33,19823,white_collar,married,tertiary,sms,9,380.69,0
1836,57,17032,student,divorced,secondary,sms,34,348.47,0
1837,45,14743,student,single,tertiary,email,14,308.84,0
1838,50,298,entrepreneur,married,primary,sms,4,30.01,1
1839,65,17055,blue_collar,divorced,secondary,phone,29,383.79,0
1840,58,17274,blue_collar,married,tertiary,sms,15,324.52,0
1841,30,9930,blue_collar,single,primary,email,17,482.31,0
1842,60,13898,white_collar,married,primary,sms,19,297.73,0
1843,62,17658,white_collar,married,secondary,phone,38,158.94,0
1844,42,11569,entrepreneur,married,primary,sms,9,196.95,0
1845,59,278,student,married,tertiary,email,27,96.16,0
1846,53,18728,blue_collar,divorced,primary,phone,49,364.23,0
1847,44,17218,student,single,tertiary,phone,15,356.78,0
1848,55,898,white_collar,divorced,tertiary,sms,37,108.32,0
1849,24,7701,white_collar,married,secondary,phone,28,87.66,0
1850,22,2895,white_collar,married,primary,phone,4,47.73,1
1851,60,12596,student,single,secondary,phone,21,456.87,0
1852,62,4688,entrepreneur,single,secondary,email,34,124.2,1
1853,68,7397,entrepreneur,divorced,secondary,phone,19,178.64,0
1854,48,3184,white_collar,divorced,tertiary,sms,37,147.45,0
1855,40,11210,blue_collar,single,tertiary,sms,4,212.68,1
1856,59,831,student,divorced,tertiary,phone,37,359.88,0
1857,27,1229,white_collar,married,tertiary,sms,32,436.59,0
1858,49,1705,student,married,primary,phone,45,99.47,0
1859,60,12070,student,single,primary,sms,48,346.34,0
1860,47,11037,entrepreneur,divorced,tertiary,phone,12,182.76,0
1861,56,11462,white_collar,married,tertiary,phone,41,490.46,0
1862,48,3033,entrepreneur,single,primary,phone,16,156.47,1
1863,35,15287,white_collar,divorced,secondary,email,14,13.52,0
1864,53,5174,student,married,secondary,sms,1,262.66,0
1865,19,14137,entrepreneur,divorced,tertiary,phone,32,83.86,0
1866,31,7199,student,divorced,secondary,email,21,31.8,0
1867,30,17974,white_collar,divorced,tertiary,email,4,352.15,0
1868,46,993,blue_collar,single,tertiary,phone,9,368.81,1
1869,29,1490,entrepreneur,married,tertiary,phone,46,235.74,0
1870,56,19873,entrepreneur,single,primary,phone,22,341.67,0
1871,19,4339,student,married,secondary,phone,12,273.74,0
1872,49,18747,student,married,primary,phone,30,318.6,0
1873,30,3532,blue_collar,single,secondary,sms,30,302.38,1
1874,63,2471,entrepreneur,single,primary,phone,32,336.25,1
1875,44,1615,white_collar,married,primary,phone,36,107.82,0
1876,66,16006,white_collar,married,tertiary,sms,7,141.67,0
1877,58,6426,entrepreneur,married,tertiary,email,17,225.58,0
1878,34,14705,entrepreneur,divorced,primary,sms,1,228.6,0
1879,57,5686,entrepreneur,married,secondary,email,14,389.46,0
1880,48,3017,blue_collar,single,secondary,email,47,190.02,1
1881,51,16001,white_collar,single,tertiary,sms,44,89.63,0
1882,41,17651,white_collar,single,tertiary,phone,44,133.22,0
1883,62,3893,student,married,secondary,email,38,115.22,0
1884,52,10047,student,married,secondary,phone,26,368.51,0
1885,65,15959,entrepreneur,divorced,secondary,sms,27,240.47,0
1886,23,1677,student,divorced,tertiary,email,45,357.23,0
1887,36,9588,blue_collar,single,secondary,phone,16,213.95,0
1888,47,18704,white_collar,divorced,tertiary,email,46,445.97,0
1889,24,9264,white_collar,divorced,primary,email,7,491.92,0
1890,27,1130,student,single,primary,sms,32,338.22,1
1891,58,15981,entrepreneur,married,primary,phone,25,433.27,0
1892,49,10885,student,divorced,secondary,phone,31,258.89,0
1893,51,6791,entrepreneur,married,tertiary,email,16,467.96,0
1894,45,17397,blue_collar,single,secondary,phone,41,417.48,0
1895,32,6458,white_collar,single,tertiary,email,14,495.97,0
1896,47,18665,blue_collar,divorced,secondary,sms,25,315.32,0
1897,54,19681,white_collar,single,primary,sms,30,391.81,0
1898,46,1562,blue_collar,single,tertiary,phone,7,276.01,1
1899,39,15611,student,single,secondary,sms,12,136.97,0
1900,21,10670,blue_collar,divorced,tertiary,sms,3,183.83,0
1901,37,15997,blue_collar,divorced,tertiary,phone,27,448.06,0
1902,49,11746,student,divorced,secondary,email,46,37.41,0
1903,53,15574,white_collar,single,secondary,sms,19,299.83,0
1904,67,7137,white_collar,married,tertiary,phone,43,192.52,0
1905,21,9599,student,single,tertiary,phone,37,199.48,0
1906,44,13486,blue_collar,divorced,primary,phone,45,443.44,0
1907,34,6321,blue_collar,married,tertiary,sms,42,428.37,0
1908,29,7869,blue_collar,married,primary,sms,7,303.43,0
1909,39,17171,entrepreneur,divorced,primary,email,49,143.73,0
1910,34,14456,white_collar,married,primary,email,16,242.97,0
1911,27,18378,blue_collar,married,tertiary,email,32,210.06,0
1912,18,7489,white_collar,divorced,primary,email,8,183.27,0
1913,39,5022,blue_collar,married,tertiary,email,49,60.36,0
1914,43,13739,student,married,tertiary,email,13,276.13,0
1915,35,10103,student,divorced,secondary,phone,11,157.9,0
1916,67,19667,white_collar,married,tertiary,email,20,333.8,0
1917,31,5278,white_collar,married,tertiary,sms,18,166.41,0
1918,64,15340,student,married,primary,email,37,221.27,0
1919,46,4068,entrepreneur,married,tertiary,sms,6,35.66,1
1920,29,2816,student,divorced,tertiary,email,20,496.34,0
1921,53,16674,blue_collar,single,secondary,phone,32,258.73,0
1922,52,13611,entrepreneur,single,secondary,phone,46,21.88,0
1923,69,17819,student,married,primary,sms,44,275.2,0
1924,29,8281,entrepreneur,divorced,primary,email,29,436.47,0
1925,24,13095,entrepreneur,divorced,secondary,phone,4,388.55,0
1926,46,11398,entrepreneur,married,secondary,phone,7,353.44,0
1927,28,16862,white_collar,single,tertiary,email,43,78.34,0
1928,50,6480,student,married,primary,sms,20,332.29,0
1929,23,715,white_collar,divorced,primary,sms,34,385.49,0
1930,64,18814,white_collar,divorced,tertiary,sms,36,290.49,0
1931,32,18238,blue_collar,single,tertiary,phone,7,447.45,1
1932,49,563,blue_collar,divorced,primary,email,33,145.72,0
1933,68,9258,entrepreneur,divorced,secondary,phone,15,128.65,0
1934,28,3258,entrepreneur,divorced,secondary,phone,32,436.09,0
1935,40,13534,blue_collar,single,tertiary,phone,22,316.45,0
1936,43,5038,blue_collar,divorced,primary,phone,40,10.71,0
1937,51,5517,student,married,tertiary,email,29,183.03,0
1938,63,8981,entrepreneur,single,secondary,phone,25,430.35,0
1939,51,5703,entrepreneur,married,secondary,phone,5,23.39,0
1940,46,2312,blue_collar,married,tertiary,sms,14,11.59,0
1941,21,16866,student,single,secondary,phone,35,147.82,0
1942,34,18740,blue_collar,married,primary,email,2,457.86,0
1943,52,11795,blue_collar,single,tertiary,phone,25,451.72,0
1944,30,17896,white_collar,married,tertiary,email,16,264.19,0
1945,58,9875,entrepreneur,single,tertiary,email,46,281.09,0
1946,56,14659,student,divorced,secondary,email,16,172.68,0
1947,32,6246,white_collar,divorced,primary,sms,11,129.43,0
1948,46,471,entrepreneur,married,tertiary,sms,49,409.46,0
1949,46,5665,blue_collar,divorced,tertiary,phone,35,62.08,0
1950,28,8902,student,single,secondary,phone,23,248.8,0
1951,69,8407,entrepreneur,married,primary,phone,5,320.85,0
1952,49,7537,blue_collar,divorced,tertiary,email,35,60.8,0
1953,19,546,white_collar,divorced,secondary,email,29,264.61,0
1954,64,1491,student,married,tertiary,email,47,292.99,0
1955,31,11616,entrepreneur,divorced,secondary,phone,5,373.82,0
1956,37,17824,white_collar,divorced,primary,phone,3,125.07,0
1957,39,15554,blue_collar,married,secondary,phone,6,153.73,0
1958,28,19423,blue_collar,divorced,tertiary,phone,23,289.07,0
1959,44,11991,entrepreneur,divorced,tertiary,sms,46,491.73,0
1960,20,15098,blue_collar,divorced,secondary,sms,2,116.57,0
1961,34,6069,student,divorced,primary,sms,18,493.09,0
1962,61,9365,entrepreneur,married,primary,phone,30,360.03,0
1963,45,15961,white_collar,single,tertiary,sms,38,414.78,0
1964,46,5554,entrepreneur,single,tertiary,sms,5,53.92,1
1965,38,3250,entrepreneur,divorced,secondary,phone,46,157.21,0
1966,64,15486,white_collar,divorced,secondary,sms,49,38.29,0
1967,33,6514,blue_collar,single,secondary,phone,11,192.06,0
1968,54,4757,white_collar,divorced,primary,phone,1,490.83,1
1969,37,10586,student,single,primary,phone,10,61.58,0
1970,23,14994,blue_collar,married,tertiary,email,41,285.56,0
1971,36,5580,entrepreneur,married,tertiary,phone,44,12.97,0
1972,22,8133,blue_collar,married,tertiary,sms,26,359.21,0
1973,20,1083,blue_collar,married,secondary,sms,33,106.62,0
1974,18,8643,student,married,primary,phone,27,73.5,0
1975,55,10016,blue_collar,married,tertiary,email,12,175.14,0
1976,32,10243,blue_collar,single,tertiary,email,2,387.81,1
1977,51,15681,blue_collar,divorced,tertiary,email,1,62.24,0
1978,52,2007,entrepreneur,single,tertiary,sms,1,122.62,1
1979,66,9316,blue_collar,married,tertiary,email,33,14.15,0
1980,42,8837,white_collar,divorced,tertiary,email,22,484.52,0
1981,41,13857,blue_collar,divorced,primary,phone,12,300.15,0
1982,29,4274,student,married,tertiary,email,39,362.75,0
1983,35,15808,blue_collar,married,primary,email,36,329.18,0
1984,32,9397,blue_collar,married,secondary,email,21,80.74,0
1985,61,2090,entrepreneur,married,primary,phone,20,301.52,0
1986,33,5696,white_collar,married,secondary,phone,36,74.39,0
1987,44,16474,blue_collar,married,primary,email,26,206.61,0
1988,25,3875,white_collar,divorced,primary,sms,47,288.79,0
1989,63,18545,student,married,tertiary,sms,31,283.85,0
1990,42,15806,entrepreneur,married,primary,phone,1,68.35,0
1991,34,14745,white_collar,divorced,primary,email,38,26.87,0
1992,46,13768,entrepreneur,single,tertiary,sms,14,401.13,0
1993,25,16060,blue_collar,married,secondary,email,26,365.7,0
1994,32,11457,student,divorced,tertiary,phone,46,50.09,0
1995,44,4535,entrepreneur,divorced,tertiary,sms,42,72.43,0
1996,63,19128,blue_collar,single,tertiary,phone,7,447.37,1
1997,67,15904,white_collar,married,secondary,email,12,386.87,0
1998,69,17529,student,married,primary,phone,24,498.12,0
1999,24,14726,student,married,primary,phone,19,134.45,0
2000,20,8051,white_collar,divorced,tertiary,phone,9,249.02,0
2001,46,6549,white_collar,married,tertiary,phone,35,125.87,0
2002,61,19165,student,married,primary,sms,4,315.17,0
2003,41,3299,entrepreneur,married,primary,email,45,66.55,0
2004,20,6868,student,married,primary,sms,42,72.35,0
2005,37,9230,white_collar,single,secondary,email,32,45.23,0
2006,63,8733,entrepreneur,single,secondary,email,46,349.86,0
2007,32,19034,blue_collar,single,tertiary,email,6,252.1,1
2008,42,4325,student,married,secondary,email,28,312.69,0
2009,47,17080,white_collar,married,tertiary,email,28,440.86,0
2010,31,6154,blue_collar,divorced,primary,sms,40,372.76,0
2011,24,1605,student,divorced,primary,email,29,236.24,0
2012,34,9153,student,divorced,tertiary,phone,42,492.33,0
2013,61,15849,entrepreneur,married,primary,sms,5,233.57,0
2014,37,10932,white_collar,single,tertiary,sms,5,65.1,1
2015,53,16444,blue_collar,single,tertiary,email,37,496.4,0
2016,26,14883,student,single,tertiary,phone,41,21.18,0
2017,55,1651,entrepreneur,married,secondary,phone,28,279.44,0
2018,65,15254,blue_collar,single,tertiary,email,41,161.46,0
2019,39,13899,blue_collar,divorced,tertiary,email,47,256.74,0
2020,19,6952,student,divorced,tertiary,phone,9,283.77,0
2021,41,1549,blue_collar,single,secondary,sms,29,127.65,1
2022,25,2759,student,divorced,primary,sms,14,282.86,0
2023,28,7609,entrepreneur,single,secondary,email,38,380.47,0
2024,30,2821,entrepreneur,single,tertiary,sms,40,140.59,1
2025,34,12544,blue_collar,divorced,secondary,sms,34,197.88,0
2026,25,9737,student,divorced,primary,phone,37,141.44,0
2027,38,10590,white_collar,divorced,primary,sms,49,412.07,0
2028,35,3025,entrepreneur,divorced,tertiary,phone,42,365.24,0
2029,47,9924,student,single,primary,email,14,436.89,0
2030,35,6340,student,divorced,secondary,email,18,93.32,0
2031,63,16996,student,divorced,secondary,phone,33,46.05,0
2032,64,315,blue_collar,married,primary,phone,34,68.5,0
2033,48,7399,white_collar,divorced,tertiary,email,28,88.9,0
2034,55,11623,blue_collar,divorced,tertiary,phone,36,271.21,0
2035,49,10464,entrepreneur,single,secondary,email,45,485.75,0
2036,28,3253,blue_collar,single,primary,email,48,185.05,1
2037,62,1806,student,married,secondary,email,37,479.67,0
2038,42,10398,blue_collar,divorced,secondary,email,23,28.72,0
2039,50,1667,student,divorced,secondary,email,42,464.17,0
2040,55,10500,white_collar,divorced,tertiary,email,17,98.76,0
2041,58,10445,blue_collar,divorced,primary,sms,11,457.11,0
2042,25,1228,blue_collar,divorced,primary,sms,32,37.55,0
2043,28,19994,blue_collar,divorced,tertiary,email,37,474.63,0
2044,39,7967,student,married,secondary,sms,15,108.39,0
2045,68,18849,student,divorced,secondary,phone,4,158.33,0
2046,41,5683,blue_collar,divorced,tertiary,phone,39,250.56,0
2047,58,4997,blue_collar,divorced,primary,email,30,196.55,0
2048,34,6101,white_collar,married,tertiary,sms,10,337.09,0
2049,29,11213,white_collar,divorced,primary,phone,23,487.66,0
2050,63,4667,entrepreneur,married,primary,phone,24,307.15,0
2051,49,9371,white_collar,single,primary,phone,36,363.53,0
2052,32,14448,white_collar,divorced,secondary,phone,5,53.12,0
2053,33,11803,white_collar,married,secondary,sms,37,317.63,0
2054,39,13429,student,single,tertiary,phone,43,232.39,0
2055,45,2841,white_collar,married,tertiary,phone,19,444.03,0
2056,37,19504,white_collar,married,secondary,phone,37,200.22,0
2057,50,6356,blue_collar,single,tertiary,email,8,342.93,1
2058,27,328,student,divorced,secondary,phone,7,121.8,1
2059,57,16778,entrepreneur,divorced,secondary,phone,40,137.09,0
2060,49,4384,entrepreneur,married,primary,sms,13,194.3,0
2061,67,13364,white_collar,single,primary,phone,37,158.99,0
2062,50,13490,entrepreneur,divorced,secondary,phone,27,134.4,0
2063,19,1018,entrepreneur,married,primary,phone,18,34.34,0
2064,50,11545,entrepreneur,single,secondary,email,24,420.01,0
2065,50,598,white_collar,married,primary,sms,41,41.51,0
2066,58,2909,entrepreneur,single,tertiary,sms,2,444.81,1
2067,30,5061,white_collar,divorced,tertiary,email,16,71.48,0
2068,47,9117,blue_collar,divorced,secondary,email,14,41.98,0
2069,50,3879,blue_collar,married,secondary,sms,17,285.87,0
2070,30,10150,entrepreneur,divorced,primary,phone,6,256.2,0
2071,69,2218,blue_collar,divorced,primary,sms,35,250.7,0
2072,43,6491,white_collar,single,secondary,email,17,291.51,0
2073,39,245,blue_collar,divorced,tertiary,phone,45,150.66,0
2074,56,14029,entrepreneur,single,tertiary,sms,38,334.85,0
2075,19,15017,white_collar,single,secondary,phone,40,256.18,0
2076,55,4665,student,married,tertiary,phone,6,174.02,1
2077,56,16676,white_collar,single,secondary,email,48,414.99,0
2078,43,6737,blue_collar,divorced,primary,sms,38,366.58,0
2079,63,8343,student,single,tertiary,email,49,202.87,0
2080,67,2510,white_collar,single,tertiary,sms,21,425.33,1
2081,32,1920,student,married,primary,sms,35,460.93,0
2082,51,19448,student,divorced,primary,phone,23,273.06,0
2083,59,2621,student,divorced,tertiary,phone,12,115.33,0
2084,61,19052,white_collar,divorced,tertiary,phone,29,458.74,0
2085,66,5982,blue_collar,single,secondary,email,27,102.85,0
2086,57,1967,white_collar,divorced,secondary,phone,6,33.73,1
2087,28,7565,blue_collar,divorced,tertiary,email,21,170.47,0
2088,20,11561,white_collar,single,secondary,phone,7,366.21,1
2089,23,19683,white_collar,married,primary,email,43,462.4,0
2090,26,6203,white_collar,married,secondary,sms,41,322.27,0
2091,23,12297,blue_collar,single,secondary,email,16,476.4,0
2092,26,15524,white_collar,married,tertiary,email,5,55.26,0
2093,56,16153,student,married,secondary,email,15,39.77,0
2094,48,340,white_collar,married,tertiary,sms,21,306.05,0
2095,49,19924,student,divorced,tertiary,email,4,483.4,0
2096,58,4731,entrepreneur,married,tertiary,sms,5,256.33,1
2097,67,9699,entrepreneur,divorced,primary,phone,7,35.24,0
2098,29,11794,blue_collar,married,secondary,phone,35,118.4,0
2099,25,5177,blue_collar,divorced,secondary,sms,36,129.95,0
2100,25,3868,entrepreneur,single,secondary,email,15,175.55,1
2101,67,9242,white_collar,single,tertiary,phone,28,31.37,0
2102,45,8095,white_collar,married,primary,email,2,453.4,0
2103,37,13376,white_collar,divorced,tertiary,email,5,262.63,0
2104,64,12846,entrepreneur,single,secondary,sms,7,338.76,1
2105,24,11575,student,single,tertiary,phone,22,42.91,0
2106,28,18657,blue_collar,single,tertiary,sms,49,36.52,0
2107,37,6668,student,single,secondary,sms,31,297.37,0
2108,33,2701,entrepreneur,married,tertiary,sms,32,444.78,0
2109,21,19141,student,divorced,tertiary,sms,8,268.96,0
2110,23,6180,white_collar,single,primary,email,41,440.13,0
2111,39,13954,white_collar,married,tertiary,phone,42,407.39,0
2112,43,2259,student,single,primary,phone,11,47.17,1
2113,20,8413,entrepreneur,single,secondary,phone,1,108.96,1
2114,58,4468,student,single,primary,email,47,332.28,1
2115,59,1417,white_collar,single,tertiary,email,40,227.32,1
2116,31,13372,white_collar,married,secondary,sms,19,152.44,0
2117,28,1330,entrepreneur,divorced,tertiary,sms,44,215.13,0
2118,35,17617,student,married,tertiary,sms,38,228.15,0
2119,29,1401,white_collar,married,primary,sms,42,456.17,0
2120,40,16027,white_collar,married,tertiary,phone,37,60.69,0
2121,29,2010,student,single,primary,sms,7,147.07,1
2122,30,15004,student,divorced,secondary,email,39,273.41,0
2123,42,8207,blue_collar,single,secondary,email,25,352.16,0
2124,62,18400,entrepreneur,married,tertiary,email,22,319.01,0
2125,68,2857,entrepreneur,single,primary,sms,27,471.4,1
2126,36,6564,student,divorced,tertiary,phone,41,399.85,0
2127,63,16662,entrepreneur,divorced,tertiary,phone,47,282.97,0
2128,53,9188,white_collar,single,tertiary,sms,38,115.19,0
2129,62,15224,student,married,tertiary,sms,48,230.93,0
2130,25,14360,student,single,primary,email,39,349.76,0
2131,46,9843,student,married,tertiary,email,15,420.6,0
2132,49,8783,blue_collar,divorced,secondary,phone,2,480.27,0
2133,68,160,entrepreneur,single,primary,email,8,306.67,1
2134,61,9369,blue_collar,divorced,tertiary,email,44,268.19,0
2135,35,2995,white_collar,married,primary,sms,43,18.67,0
2136,23,15423,entrepreneur,married,tertiary,phone,6,45.33,0
2137,35,12452,blue_collar,single,secondary,sms,20,86.49,0
2138,36,11975,student,single,secondary,phone,27,36.83,0
2139,39,17069,blue_collar,single,secondary,sms,45,206.42,0
2140,54,5923,student,divorced,primary,phone,23,175.07,0
2141,49,12062,blue_collar,married,secondary,email,48,322.3,0
2142,58,634,blue_collar,married,tertiary,phone,40,272.48,0
2143,20,19946,blue_collar,divorced,tertiary,phone,17,302.03,0
2144,45,4111,student,single,tertiary,sms,13,241.27,1
2145,27,19882,blue_collar,single,primary,phone,4,146.09,1
2146,68,2255,entrepreneur,divorced,primary,phone,20,476.88,0
2147,52,7057,entrepreneur,married,secondary,phone,42,52.34,0
2148,46,9296,entrepreneur,married,primary,sms,25,470.06,0
2149,32,10791,student,married,tertiary,phone,22,162.51,0
2150,50,13427,student,married,tertiary,sms,48,261.2,0
2151,24,2806,entrepreneur,divorced,tertiary,email,17,63.33,0
2152,29,101,entrepreneur,married,primary,sms,40,44.76,0
2153,66,9325,entrepreneur,divorced,tertiary,phone,11,220.48,0
2154,47,17588,white_collar,single,secondary,email,25,373.43,0
2155,38,14920,entrepreneur,divorced,primary,phone,5,141.99,0
2156,48,10991,blue_collar,married,tertiary,sms,21,285.55,0
2157,41,1961,white_collar,single,tertiary,email,26,146.54,1
2158,37,5369,white_collar,divorced,primary,email,16,200.42,0
2159,54,11212,student,divorced,primary,email,40,454.16,0
2160,21,15799,blue_collar,divorced,secondary,phone,21,429.36,0
2161,45,8420,student,single,primary,email,48,262.85,0
2162,61,16921,student,divorced,tertiary,email,32,126.67,0
2163,37,10840,blue_collar,married,secondary,email,4,104.66,0
2164,41,3229,student,single,tertiary,email,38,477.5,1
2165,67,17385,blue_collar,single,tertiary,sms,8,109.33,1
2166,66,14480,blue_collar,divorced,tertiary,phone,9,406.0,0
2167,68,11460,student,married,primary,phone,45,190.8,0
2168,49,5498,entrepreneur,single,primary,email,17,492.97,0
2169,58,5629,student,divorced,tertiary,sms,41,190.4,0
2170,53,4018,white_collar,married,primary,email,13,182.24,0
2171,51,17551,student,divorced,tertiary,phone,9,322.36,0
2172,53,16510,blue_collar,divorced,primary,phone,6,481.14,0
2173,19,7037,white_collar,single,primary,phone,27,488.34,0
2174,32,7218,blue_collar,single,primary,email,42,356.53,0
2175,51,17031,entrepreneur,divorced,secondary,email,37,379.76,0
2176,53,10960,entrepreneur,single,primary,sms,39,286.07,0
2177,23,5438,white_collar,single,secondary,sms,43,380.33,0
2178,56,12572,entrepreneur,married,secondary,phone,24,431.29,0
2179,59,3240,entrepreneur,married,secondary,phone,9,248.19,1
2180,68,8096,student,divorced,tertiary,sms,42,313.73,0
2181,68,15589,student,divorced,primary,phone,11,273.29,0
2182,29,18074,entrepreneur,divorced,tertiary,sms,35,285.61,0
2183,20,14301,entrepreneur,divorced,secondary,email,29,446.12,0
2184,62,7876,student,married,primary,phone,8,184.25,0
2185,35,5043,entrepreneur,single,tertiary,phone,17,112.01,0
2186,57,12986,entrepreneur,married,secondary,sms,7,233.58,0
2187,38,9097,blue_collar,divorced,tertiary,email,12,111.96,0
2188,32,7898,entrepreneur,divorced,tertiary,phone,48,254.22,0
2189,50,17841,white_collar,married,primary,phone,15,452.72,0
2190,52,8192,blue_collar,married,primary,sms,29,312.54,0
2191,43,3325,white_collar,divorced,tertiary,email,45,429.16,0
2192,25,11910,entrepreneur,single,primary,sms,24,91.43,0
2193,53,15014,student,divorced,primary,email,37,451.43,0
2194,65,2560,blue_collar,married,tertiary,email,14,304.88,0
2195,47,8837,student,divorced,primary,sms,11,25.56,0
2196,40,14020,blue_collar,divorced,primary,sms,35,320.23,0
2197,59,19212,student,single,secondary,email,17,476.18,0
2198,61,10854,blue_collar,divorced,primary,sms,27,48.79,0
2199,31,10933,blue_collar,divorced,secondary,phone,44,295.4,0
2200,31,3214,white_collar,divorced,tertiary,phone,3,458.58,1
2201,19,17100,student,married,secondary,phone,2,14.75,0
2202,54,15460,white_collar,married,tertiary,phone,4,319.15,0
2203,22,17687,white_collar,single,primary,phone,18,242.7,0
2204,55,10051,student,divorced,primary,sms,20,180.02,0
2205,62,2665,blue_collar,married,secondary,email,21,317.49,0
2206,58,3274,white_collar,single,tertiary,sms,14,35.82,1
2207,64,19565,student,divorced,primary,phone,8,379.0,0
2208,31,2730,blue_collar,single,secondary,phone,2,12.19,1
2209,56,3261,white_collar,single,secondary,sms,26,160.4,1
2210,42,4421,white_collar,single,secondary,sms,19,256.94,1
2211,37,13304,white_collar,single,primary,email,42,194.74,0
2212,19,7199,blue_collar,single,tertiary,phone,28,160.66,0
2213,56,11460,white_collar,single,primary,sms,29,417.11,0
2214,23,10413,blue_collar,single,primary,email,5,468.07,1
2215,34,13602,entrepreneur,divorced,tertiary,phone,43,438.12,0
2216,42,5901,white_collar,divorced,secondary,phone,28,265.99,0
2217,45,14230,entrepreneur,single,primary,phone,41,443.24,0
2218,19,14371,student,divorced,secondary,sms,48,461.22,0
2219,52,16175,white_collar,single,secondary,phone,26,210.53,0
2220,54,4251,student,divorced,tertiary,phone,5,148.89,1
2221,22,9011,student,married,tertiary,email,15,58.15,0
2222,18,19084,student,single,tertiary,sms,46,244.76,0
2223,57,12961,entrepreneur,married,secondary,email,9,473.69,0
2224,29,766,blue_collar,single,secondary,sms,32,284.84,1
2225,53,16767,entrepreneur,single,primary,phone,26,337.11,0
2226,62,5940,entrepreneur,married,secondary,email,37,65.31,0
2227,40,3665,student,married,tertiary,sms,15,80.32,0
2228,64,10526,white_collar,married,tertiary,sms,41,237.59,0
2229,48,17949,blue_collar,single,tertiary,phone,4,476.12,1
2230,28,7466,student,married,tertiary,phone,36,186.78,0
2231,27,15730,blue_collar,married,secondary,email,20,439.97,0
2232,20,7482,entrepreneur,divorced,tertiary,email,27,68.94,0
2233,31,16249,blue_collar,divorced,primary,sms,21,312.34,0
2234,33,15971,blue_collar,married,secondary,email,22,304.3,0
2235,27,13373,white_collar,married,tertiary,phone,7,431.34,0
2236,46,1092,student,married,primary,email,47,11.63,0
2237,27,6958,blue_collar,married,tertiary,email,31,103.07,0
2238,29,2221,blue_collar,divorced,secondary,sms,17,117.65,0
2239,47,12488,entrepreneur,single,secondary,phone,7,475.48,1
2240,58,18707,entrepreneur,married,primary,sms,19,85.31,0
2241,18,19672,blue_collar,married,secondary,phone,28,28.11,0
2242,22,19721,student,divorced,primary,phone,10,271.89,0
2243,37,4236,blue_collar,married,tertiary,sms,27,268.99,0
2244,25,16827,blue_collar,married,secondary,email,13,423.58,0
2245,60,12753,white_collar,divorced,tertiary,sms,2,474.94,0
2246,29,15579,student,married,tertiary,email,22,273.89,0
2247,18,4923,white_collar,married,secondary,sms,20,465.7,0
2248,37,5020,student,divorced,tertiary,sms,43,365.33,0
2249,45,19685,student,single,primary,email,5,139.63,1
2250,60,5571,student,married,primary,email,6,464.93,0
2251,54,17372,white_collar,married,primary,email,35,337.05,0
2252,64,9633,white_collar,single,secondary,sms,1,212.91,1
2253,54,7227,white_collar,divorced,tertiary,email,35,343.32,0
2254,29,3820,entrepreneur,single,tertiary,email,3,206.64,1
2255,54,19367,white_collar,married,tertiary,email,36,65.95,0
2256,66,15796,entrepreneur,single,tertiary,phone,7,362.3,1
2257,66,18899,entrepreneur,divorced,primary,email,29,413.8,0
2258,61,19485,entrepreneur,married,secondary,email,15,367.12,0
2259,45,18222,blue_collar,divorced,primary,email,11,122.27,0
2260,64,1464,blue_collar,divorced,primary,phone,18,478.75,0
2261,32,2808,blue_collar,single,secondary,phone,44,22.37,1
2262,23,13082,entrepreneur,single,secondary,email,4,173.02,1
2263,61,17408,entrepreneur,divorced,primary,email,24,137.45,0
2264,37,251,student,divorced,tertiary,email,11,33.58,0
2265,67,17396,entrepreneur,married,secondary,email,6,208.81,0
2266,31,2421,blue_collar,divorced,secondary,phone,18,315.33,0
2267,19,13965,entrepreneur,divorced,primary,email,15,442.45,0
2268,26,595,entrepreneur,single,tertiary,phone,3,494.95,1
2269,54,12087,student,divorced,secondary,sms,17,405.96,0
2270,37,2248,entrepreneur,divorced,primary,phone,33,239.65,0
2271,43,656,white_collar,single,secondary,sms,34,364.62,1
2272,46,13493,student,married,tertiary,phone,30,423.38,0
2273,18,1652,entrepreneur,single,primary,phone,19,238.0,1
2274,52,18604,entrepreneur,single,primary,phone,9,394.68,1
2275,23,3185,student,divorced,tertiary,email,40,246.5,0
2276,54,19988,entrepreneur,divorced,primary,phone,44,199.38,0
2277,22,256,blue_collar,married,tertiary,email,31,267.78,0
2278,50,9026,white_collar,divorced,primary,phone,27,341.17,0
2279,66,7262,white_collar,married,tertiary,phone,47,366.17,0
2280,68,8155,blue_collar,married,secondary,sms,25,184.8,0
2281,31,4754,entrepreneur,married,secondary,phone,7,289.95,1
2282,29,11568,entrepreneur,married,secondary,email,48,455.84,0
2283,59,254,white_collar,divorced,primary,sms,7,488.39,1
2284,37,8050,entrepreneur,single,tertiary,sms,20,121.35,0
2285,67,15423,white_collar,single,tertiary,phone,44,104.49,0
2286,41,17480,white_collar,divorced,secondary,phone,49,341.58,0
2287,60,4726,blue_collar,divorced,secondary,sms,43,213.2,0
2288,51,19389,white_collar,married,secondary,email,36,21.87,0
2289,42,14359,entrepreneur,divorced,tertiary,phone,19,179.96,0
2290,67,14973,entrepreneur,single,secondary,sms,2,405.3,1
2291,46,13116,student,divorced,primary,email,34,400.74,0
2292,56,9469,entrepreneur,divorced,secondary,phone,17,252.4,0
2293,48,253,student,married,secondary,sms,24,241.56,0
2294,64,7953,white_collar,married,tertiary,sms,9,293.96,0
2295,60,12479,entrepreneur,married,primary,phone,1,117.5,0
2296,67,15892,blue_collar,married,tertiary,email,42,267.76,0
2297,40,5699,blue_collar,single,primary,email,28,15.41,0
2298,61,18200,blue_collar,divorced,primary,sms,15,243.02,0
2299,55,14885,white_collar,divorced,secondary,email,21,174.67,0
2300,37,11149,white_collar,married,secondary,sms,15,340.69,0
2301,40,886,student,single,tertiary,phone,23,322.79,1
2302,62,4468,blue_collar,single,tertiary,email,2,196.61,1
2303,69,15023,student,divorced,tertiary,phone,46,13.56,0
2304,33,4372,student,married,primary,sms,36,133.61,0
2305,67,6094,entrepreneur,divorced,tertiary,phone,9,320.34,0
2306,59,19910,entrepreneur,divorced,primary,email,2,45.46,0
2307,25,7111,blue_collar,single,primary,phone,2,62.74,1
2308,67,14186,white_collar,single,primary,email,18,327.05,0
2309,38,9361,entrepreneur,divorced,primary,email,17,380.33,0
2310,18,18833,white_collar,married,primary,email,41,167.56,0
2311,25,7111,student,married,secondary,email,8,249.94,0
2312,46,1312,student,divorced,primary,email,34,473.4,0
2313,49,14241,student,divorced,primary,sms,34,473.32,0
2314,55,9444,student,married,secondary,phone,5,160.68,0
2315,22,6804,blue_collar,married,secondary,sms,44,406.89,0
2316,64,15996,student,married,secondary,phone,29,301.03,0
2317,39,18995,entrepreneur,divorced,tertiary,phone,28,487.99,0
2318,64,243,student,single,tertiary,phone,16,244.03,1
2319,51,10781,white_collar,married,primary,sms,14,389.61,0
2320,18,7467,entrepreneur,married,primary,email,2,386.39,0
2321,43,3328,white_collar,married,primary,email,40,253.74,0
2322,60,4682,white_collar,divorced,primary,sms,4,399.86,1
2323,27,13247,blue_collar,single,secondary,email,41,137.91,0
2324,47,11497,blue_collar,single,tertiary,phone,31,69.9,0
2325,67,6131,white_collar,married,secondary,email,26,218.33,0
2326,35,4343,white_collar,divorced,tertiary,email,27,472.38,0
2327,34,13747,student,single,secondary,email,34,255.36,0
2328,43,11596,entrepreneur,divorced,primary,phone,31,321.28,0
2329,25,9649,student,single,tertiary,email,48,315.84,0
2330,64,15246,blue_collar,married,primary,email,11,74.96,0
2331,57,19197,blue_collar,divorced,tertiary,email,8,201.25,0
2332,66,4285,student,married,tertiary,sms,12,356.4,0
2333,29,12586,entrepreneur,single,primary,sms,35,486.28,0
2334,44,7428,white_collar,single,primary,email,45,92.33,0
2335,25,19676,student,married,primary,sms,34,211.12,0
2336,42,16784,blue_collar,single,secondary,sms,13,56.6,0
2337,63,17207,entrepreneur,married,tertiary,phone,27,128.76,0
2338,21,3110,blue_collar,married,tertiary,sms,8,194.61,1
2339,50,5655,entrepreneur,married,tertiary,sms,47,274.92,0
2340,18,167,entrepreneur,single,primary,email,21,122.98,1
2341,36,12285,entrepreneur,divorced,tertiary,phone,41,121.51,0
2342,48,18990,student,married,tertiary,phone,11,391.14,0
2343,33,1637,student,divorced,primary,phone,22,481.69,0
2344,31,16881,student,single,primary,sms,21,168.57,0
2345,65,11649,entrepreneur,single,tertiary,email,28,347.12,0
2346,22,5780,entrepreneur,divorced,secondary,phone,3,136.46,0
2347,58,8847,blue_collar,married,primary,phone,7,464.7,0
2348,43,15216,white_collar,single,secondary,sms,14,339.72,0
2349,45,3041,student,married,secondary,phone,15,403.31,0
2350,19,10949,entrepreneur,married,secondary,email,9,34.18,0
2351,67,7167,blue_collar,divorced,secondary,phone,43,303.27,0
2352,23,10251,blue_collar,single,primary,email,7,268.53,1
2353,26,18085,blue_collar,divorced,tertiary,email,12,153.57,0
2354,50,17964,student,single,tertiary,email,19,138.59,0
2355,58,19760,student,divorced,primary,sms,27,294.21,0
2356,42,15226,white_collar,single,primary,sms,18,356.18,0
2357,65,15713,blue_collar,single,secondary,email,13,26.25,0
2358,30,6547,student,single,secondary,email,43,288.03,0
2359,26,5599,blue_collar,married,primary,phone,1,93.53,0
2360,30,6373,entrepreneur,married,tertiary,phone,38,78.78,0
2361,48,1399,blue_collar,divorced,secondary,phone,21,315.33,0
2362,58,6801,white_collar,divorced,primary,sms,34,162.33,0
2363,28,5094,student,single,primary,phone,13,226.03,0
2364,21,15727,entrepreneur,single,primary,email,45,186.4,0
2365,51,7589,student,married,secondary,email,41,327.68,0
2366,55,8369,entrepreneur,married,primary,sms,23,240.36,0
2367,63,2931,blue_collar,married,tertiary,sms,1,482.09,1
2368,21,11702,blue_collar,divorced,primary,phone,23,182.67,0
2369,55,19205,white_collar,married,secondary,sms,28,372.74,0
2370,36,11919,white_collar,divorced,tertiary,email,32,136.07,0
2371,23,18016,entrepreneur,married,tertiary,email,8,259.29,0
2372,51,2096,white_collar,married,primary,sms,26,280.76,0
2373,35,11719,white_collar,single,primary,email,14,171.26,0
2374,30,16761,white_collar,divorced,tertiary,sms,24,241.17,0
2375,58,3189,white_collar,married,primary,email,48,146.85,0
2376,40,623,blue_collar,single,secondary,phone,29,12.94,1
2377,36,12510,white_collar,divorced,tertiary,sms,4,115.67,0
2378,62,15832,blue_collar,divorced,primary,sms,18,353.03,0
2379,28,19606,blue_collar,married,tertiary,sms,14,387.77,0
2380,18,8267,student,divorced,primary,email,27,147.3,0
2381,41,5290,blue_collar,single,primary,phone,41,209.94,0
2382,24,4675,blue_collar,single,secondary,sms,47,28.31,1
2383,42,7827,white_collar,divorced,primary,email,3,126.16,0
2384,38,15478,blue_collar,single,primary,sms,30,391.82,0
2385,32,1897,entrepreneur,divorced,primary,email,36,306.93,0
2386,18,2231,white_collar,single,secondary,phone,23,110.83,1
2387,29,15000,white_collar,divorced,primary,email,18,136.15,0
2388,24,17299,white_collar,divorced,primary,email,46,410.23,0
2389,32,11432,student,divorced,primary,sms,47,112.45,0
2390,38,6766,white_collar,single,tertiary,email,40,173.74,0
2391,36,16626,blue_collar,divorced,secondary,sms,10,335.54,0
2392,46,12579,entrepreneur,divorced,tertiary,email,12,284.95,0
2393,42,1510,white_collar,married,secondary,phone,41,235.83,0
2394,50,12765,white_collar,married,secondary,email,8,450.87,0
2395,66,634,entrepreneur,divorced,tertiary,sms,32,117.66,0
2396,49,3464,white_collar,married,secondary,email,17,373.3,0
2397,66,17516,student,divorced,secondary,email,41,87.94,0
2398,52,3442,blue_collar,married,tertiary,phone,45,311.71,0
2399,61,13565,entrepreneur,single,primary,sms,14,436.61,0
2400,55,4600,entrepreneur,single,secondary,phone,37,234.37,1
2401,43,1272,student,divorced,tertiary,email,9,364.9,1
2402,28,8107,blue_collar,divorced,secondary,phone,26,411.99,0
2403,52,1741,student,single,tertiary,email,48,76.65,1
2404,25,16955,blue_collar,single,primary,email,24,355.86,0
2405,63,19424,student,married,secondary,phone,23,460.72,0
2406,31,8838,white_collar,divorced,primary,phone,31,292.42,0
2407,27,4826,student,single,primary,email,39,101.2,1
2408,19,11889,entrepreneur,single,tertiary,phone,44,72.2,0
2409,63,11117,entrepreneur,divorced,secondary,phone,2,137.27,0
2410,26,463,entrepreneur,married,secondary,email,18,60.72,0
2411,20,10458,student,married,secondary,sms,16,261.56,0
2412,38,3409,entrepreneur,married,secondary,phone,29,44.16,0
2413,43,17029,entrepreneur,married,secondary,phone,11,119.47,0
2414,25,3340,white_collar,single,tertiary,sms,2,225.56,1
2415,65,6765,white_collar,divorced,secondary,phone,14,242.22,0
2416,19,13021,blue_collar,divorced,primary,email,4,287.05,0
2417,23,2036,blue_collar,single,primary,phone,39,355.75,1
2418,45,14068,blue_collar,single,secondary,email,34,33.14,0
2419,46,11297,student,single,tertiary,sms,46,49.5,0
2420,43,12098,blue_collar,divorced,tertiary,sms,39,39.82,0
2421,42,982,student,divorced,secondary,sms,9,217.34,1
2422,29,7023,student,divorced,primary,phone,40,30.51,0
2423,22,13808,blue_collar,married,secondary,sms,41,375.58,0
2424,51,5304,blue_collar,single,secondary,phone,7,119.27,1
2425,65,7388,student,single,secondary,phone,17,470.21,0
2426,54,3303,white_collar,single,tertiary,phone,23,248.34,1
2427,32,2344,entrepreneur,divorced,tertiary,sms,45,228.7,0
2428,61,118,entrepreneur,single,primary,sms,11,392.46,1
2429,53,17125,entrepreneur,single,primary,phone,22,359.45,0
2430,32,3183,white_collar,married,secondary,sms,18,307.58,0
2431,60,8621,student,divorced,primary,phone,49,468.22,0
2432,65,17349,blue_collar,single,secondary,sms,28,216.91,0
2433,40,873,student,divorced,primary,email,16,406.18,0
2434,23,4832,student,divorced,secondary,sms,42,196.25,0
2435,63,6895,blue_collar,divorced,tertiary,sms,4,420.79,0
2436,67,7084,white_collar,married,secondary,sms,36,137.14,0
2437,61,2667,entrepreneur,divorced,tertiary,phone,22,151.74,0
2438,60,16221,entrepreneur,divorced,tertiary,phone,11,342.16,0
2439,62,1774,student,divorced,primary,email,21,114.23,0
2440,38,10975,white_collar,single,primary,email,40,122.29,0
2441,40,11672,entrepreneur,married,tertiary,email,41,159.58,0
2442,60,839,white_collar,single,secondary,phone,16,342.68,1
2443,33,1645,blue_collar,married,secondary,email,42,445.8,0
2444,64,9427,student,married,primary,email,9,340.54,0
2445,32,5227,student,divorced,secondary,sms,35,415.63,0
2446,42,9165,white_collar,divorced,secondary,email,34,276.34,0
2447,53,10592,entrepreneur,single,secondary,sms,9,43.77,1
2448,28,13849,white_collar,married,tertiary,phone,13,59.23,0
2449,68,9145,blue_collar,divorced,tertiary,phone,6,281.65,0
2450,32,18767,entrepreneur,divorced,secondary,sms,4,170.62,0
2451,21,9621,entrepreneur,divorced,primary,email,46,118.08,0
2452,38,8769,white_collar,divorced,secondary,phone,28,238.47,0
2453,30,11383,blue_collar,single,primary,sms,11,336.58,0
2454,39,7098,entrepreneur,single,tertiary,phone,34,198.65,0
2455,36,13540,student,divorced,secondary,phone,35,403.25,0
2456,51,12797,blue_collar,divorced,secondary,email,5,371.88,0
2457,31,13833,entrepreneur,divorced,primary,phone,39,370.11,0
2458,21,1369,white_collar,divorced,primary,sms,11,492.74,0
2459,65,7968,entrepreneur,divorced,secondary,email,12,154.66,0
2460,69,12473,student,married,secondary,sms,43,325.92,0
2461,63,19087,blue_collar,married,primary,sms,19,429.18,0
2462,44,6061,entrepreneur,married,tertiary,sms,13,293.97,0
2463,46,15834,student,married,primary,email,4,396.86,0
2464,64,9761,entrepreneur,divorced,secondary,phone,14,213.08,0
2465,45,8669,entrepreneur,married,tertiary,sms,44,299.34,0
2466,52,7657,blue_collar,married,tertiary,phone,2,37.28,0
2467,25,18164,white_collar,single,tertiary,phone,8,493.03,1
2468,33,8533,white_collar,married,tertiary,sms,22,402.01,0
2469,59,15753,student,married,secondary,phone,13,435.72,0
2470,53,9211,student,divorced,tertiary,email,21,350.2,0
2471,47,5782,student,married,primary,email,21,101.16,0
2472,35,15579,blue_collar,married,primary,phone,28,25.2,0
2473,19,15147,white_collar,divorced,primary,phone,33,433.68,0
2474,66,8184,student,married,secondary,email,29,204.2,0
2475,30,16553,student,divorced,tertiary,phone,37,139.29,0
2476,21,6300,entrepreneur,married,primary,phone,22,285.22,0
2477,43,10378,entrepreneur,single,primary,phone,26,216.24,0
2478,42,2107,student,single,primary,phone,11,329.32,1
2479,47,15902,entrepreneur,married,tertiary,sms,11,247.06,0
2480,28,13429,entrepreneur,single,primary,phone,45,351.64,0
2481,24,2879,entrepreneur,divorced,tertiary,email,34,428.18,0
2482,48,855,blue_collar,married,tertiary,sms,19,105.82,0
2483,61,6595,student,divorced,tertiary,sms,48,171.42,0
2484,27,10287,student,single,secondary,email,37,224.04,0
2485,56,9613,entrepreneur,divorced,secondary,phone,14,481.41,0
2486,30,18814,blue_collar,single,tertiary,sms,29,189.01,0
2487,48,17500,entrepreneur,single,tertiary,sms,19,196.74,0
2488,24,7447,blue_collar,single,secondary,phone,37,330.2,0
2489,66,14349,student,divorced,secondary,phone,21,215.41,0
2490,59,14979,entrepreneur,single,tertiary,email,24,476.1,0
2491,59,14157,student,married,secondary,sms,26,448.29,0
2492,53,12157,blue_collar,single,primary,phone,41,261.57,0
2493,37,5038,white_collar,married,tertiary,phone,12,325.94,0
2494,21,19322,blue_collar,married,tertiary,email,48,38.43,0
2495,24,837,white_collar,married,secondary,sms,19,350.91,0
2496,18,6300,student,married,primary,phone,47,356.53,0
2497,61,8471,student,divorced,secondary,email,49,186.01,0
2498,62,16715,entrepreneur,married,primary,sms,30,117.64,0
2499,59,18401,white_collar,single,primary,sms,15,458.39,0
2500,64,8634,blue_collar,married,tertiary,sms,3,219.09,0
2501,30,2723,student,single,primary,sms,49,330.32,1
2502,39,8746,white_collar,divorced,tertiary,email,13,26.33,0
2503,38,13643,blue_collar,married,primary,phone,9,212.89,0
2504,39,12917,white_collar,single,tertiary,sms,13,410.46,0
2505,45,18760,blue_collar,divorced,primary,sms,16,199.91,0
2506,26,4597,blue_collar,divorced,secondary,phone,14,305.55,0
2507,43,8033,blue_collar,single,primary,sms,8,112.83,1
2508,26,18619,blue_collar,married,secondary,sms,19,214.1,0
2509,32,6827,white_collar,divorced,primary,phone,32,464.54,0
2510,27,12256,white_collar,single,primary,phone,35,287.56,0
2511,41,18049,entrepreneur,married,tertiary,sms,23,451.95,0
2512,59,16792,white_collar,divorced,primary,phone,21,451.99,0
2513,25,8727,white_collar,single,primary,email,18,472.63,0
2514,41,8468,entrepreneur,divorced,primary,email,48,448.74,0
2515,33,16622,white_collar,divorced,secondary,sms,14,11.61,0
2516,66,16677,blue_collar,single,tertiary,sms,16,467.67,0
2517,43,19741,student,divorced,tertiary,phone,24,77.36,0
2518,44,15677,student,single,primary,phone,49,29.56,0
2519,54,19719,entrepreneur,married,primary,sms,32,37.14,0
2520,21,13572,white_collar,single,secondary,sms,11,180.97,0
2521,67,1042,white_collar,married,primary,email,45,314.19,0
2522,41,4720,entrepreneur,divorced,tertiary,phone,11,207.13,0
2523,36,16295,student,single,tertiary,sms,4,22.52,1
2524,53,11254,blue_collar,single,secondary,sms,26,243.48,0
2525,56,6453,white_collar,single,secondary,phone,46,226.64,0
2526,27,9245,entrepreneur,single,tertiary,phone,5,380.86,1
2527,42,9594,blue_collar,married,secondary,sms,36,147.01,0
2528,35,13662,entrepreneur,married,primary,sms,33,116.59,0
2529,36,19865,entrepreneur,divorced,primary,sms,14,135.41,0
2530,53,2980,entrepreneur,divorced,secondary,phone,32,158.83,0
2531,27,645,student,divorced,tertiary,sms,7,303.59,1
2532,50,14232,student,divorced,secondary,sms,10,241.05,0
2533,67,13404,entrepreneur,single,tertiary,sms,2,175.08,1
2534,22,2027,white_collar,married,secondary,email,10,193.41,0
2535,64,16488,blue_collar,married,secondary,email,35,191.75,0
2536,66,11773,white_collar,married,secondary,phone,21,486.48,0
2537,52,15472,student,married,primary,sms,40,124.17,0
2538,61,2763,blue_collar,divorced,primary,sms,42,410.85,0
2539,51,15133,entrepreneur,single,tertiary,phone,8,357.02,1
2540,50,9565,white_collar,married,secondary,phone,46,12.73,0
2541,38,3426,white_collar,single,primary,phone,18,496.66,1
2542,34,3759,entrepreneur,single,secondary,sms,9,380.66,1
2543,39,17615,white_collar,single,tertiary,email,41,344.4,0
2544,65,4863,student,single,primary,phone,30,208.61,1
2545,54,10928,entrepreneur,married,tertiary,sms,4,282.05,0
2546,32,14920,white_collar,married,primary,phone,35,134.1,0
2547,52,11321,entrepreneur,married,secondary,sms,14,27.39,0
2548,45,11311,blue_collar,divorced,tertiary,phone,14,419.65,0
2549,24,13669,entrepreneur,married,primary,sms,48,449.28,0
2550,49,5192,white_collar,divorced,primary,phone,37,89.61,0
2551,28,6122,student,divorced,secondary,email,20,395.66,0
2552,27,12669,entrepreneur,divorced,tertiary,phone,29,373.16,0
2553,26,19643,entrepreneur,married,tertiary,phone,23,97.4,0
2554,31,13615,white_collar,married,tertiary,email,47,216.7,0
2555,30,6259,student,married,secondary,phone,21,217.15,0
2556,42,13323,student,divorced,primary,email,31,382.38,0
2557,19,8545,blue_collar,divorced,primary,sms,32,420.45,0
2558,52,11122,blue_collar,single,tertiary,email,41,56.44,0
2559,24,3144,white_collar,divorced,primary,email,7,285.85,1
2560,38,9712,student,divorced,tertiary,sms,13,383.26,0
2561,35,5736,student,married,secondary,email,23,395.23,0
2562,20,11693,blue_collar,single,secondary,email,8,82.52,1
2563,59,16279,blue_collar,single,secondary,sms,12,267.5,0
2564,56,2992,white_collar,single,tertiary,phone,36,430.2,1
2565,58,5912,student,married,primary,phone,16,166.07,0
2566,66,754,entrepreneur,single,secondary,email,26,218.31,1
2567,28,17243,blue_collar,single,tertiary,phone,29,404.14,0
2568,56,1898,white_collar,married,tertiary,phone,29,53.77,0
2569,41,5259,student,single,secondary,email,6,431.15,1
2570,63,11718,student,divorced,secondary,sms,37,162.47,0
2571,36,8546,blue_collar,divorced,secondary,phone,33,10.71,0
2572,21,3923,white_collar,divorced,primary,email,31,124.74,0
2573,43,16199,entrepreneur,divorced,primary,sms,46,53.86,0
2574,55,18360,blue_collar,divorced,tertiary,phone,41,55.27,0
2575,59,7887,white_collar,divorced,secondary,sms,18,349.49,0
2576,49,11296,student,divorced,secondary,email,38,114.85,0
2577,56,6480,entrepreneur,divorced,primary,sms,47,468.02,0
2578,62,17492,white_collar,divorced,secondary,sms,31,263.06,0
2579,63,9802,entrepreneur,married,tertiary,email,16,235.45,0
2580,53,18992,white_collar,married,secondary,phone,40,222.8,0
2581,57,2782,white_collar,divorced,primary,phone,37,349.37,0
2582,54,1089,white_collar,married,tertiary,sms,14,231.61,0
2583,50,12576,white_collar,married,tertiary,sms,39,73.01,0
2584,53,8546,entrepreneur,divorced,secondary,sms,4,441.28,0
2585,20,4811,blue_collar,divorced,tertiary,sms,30,219.91,0
2586,26,6579,entrepreneur,married,secondary,phone,33,46.26,0
2587,25,13261,white_collar,divorced,secondary,email,36,269.39,0
2588,50,14735,entrepreneur,divorced,primary,email,30,327.2,0
2589,23,8175,entrepreneur,divorced,tertiary,email,14,145.04,0
2590,58,1107,entrepreneur,divorced,secondary,sms,23,402.17,0
2591,56,7788,white_collar,married,secondary,sms,48,338.19,0
2592,21,10863,entrepreneur,single,secondary,email,28,328.67,0
2593,30,4008,student,married,tertiary,phone,7,216.2,1
2594,66,19287,white_collar,single,tertiary,email,42,481.34,0
2595,19,12057,entrepreneur,single,tertiary,phone,10,144.35,0
2596,22,4479,student,single,secondary,sms,4,293.08,1
2597,61,16582,entrepreneur,married,tertiary,email,44,161.44,0
2598,44,977,blue_collar,married,secondary,email,38,374.95,0
2599,49,15685,entrepreneur,married,tertiary,sms,13,33.42,0
2600,38,18352,entrepreneur,married,tertiary,phone,21,32.49,0
2601,25,19149,blue_collar,married,secondary,email,33,407.32,0
2602,55,17872,white_collar,single,tertiary,email,40,222.79,0
2603,25,18899,blue_collar,married,secondary,phone,28,177.18,0
2604,67,2737,white_collar,single,tertiary,email,23,307.69,1
2605,20,7342,blue_collar,married,tertiary,email,32,353.93,0
2606,61,9357,entrepreneur,married,tertiary,sms,48,108.59,0
2607,20,8713,entrepreneur,divorced,tertiary,phone,5,100.86,0
2608,39,2983,white_collar,single,primary,email,26,479.49,1
2609,23,1304,white_collar,married,secondary,email,39,298.94,0
2610,19,17028,student,married,primary,sms,26,201.16,0
2611,40,11931,student,married,tertiary,email,3,402.71,0
2612,61,15564,entrepreneur,divorced,tertiary,sms,24,267.33,0
2613,19,17707,entrepreneur,single,secondary,email,34,128.41,0
2614,55,19656,student,married,secondary,sms,34,111.3,0
2615,34,14094,student,married,secondary,phone,20,204.46,0
2616,52,6620,white_collar,married,secondary,phone,30,431.35,0
2617,51,754,blue_collar,divorced,tertiary,email,42,40.11,0
2618,40,18930,white_collar,married,secondary,email,20,117.08,0
2619,47,8512,student,single,primary,sms,41,447.64,0
2620,69,3766,entrepreneur,single,secondary,sms,18,69.65,1
2621,25,4377,student,single,secondary,phone,38,318.52,1
2622,39,19053,entrepreneur,single,primary,email,20,114.62,0
2623,61,5615,entrepreneur,married,primary,sms,6,306.87,0
2624,53,9305,entrepreneur,divorced,primary,phone,42,197.72,0
2625,22,15298,entrepreneur,divorced,primary,phone,25,59.82,0
2626,30,4085,blue_collar,divorced,secondary,sms,41,295.41,0
2627,46,13235,student,married,primary,email,41,344.69,0
2628,48,8267,white_collar,divorced,tertiary,phone,3,343.33,0
2629,64,7548,entrepreneur,single,secondary,sms,44,322.15,0
2630,33,19503,entrepreneur,married,tertiary,phone,43,255.11,0
2631,59,3781,white_collar,divorced,secondary,email,46,264.54,0
2632,47,17056,white_collar,single,secondary,sms,19,321.46,0
2633,33,9624,entrepreneur,single,tertiary,email,10,348.23,0
2634,29,4853,white_collar,married,primary,email,5,330.89,1
2635,34,7182,white_collar,married,primary,phone,22,297.6,0
2636,33,4102,blue_collar,divorced,tertiary,email,9,86.36,1
2637,29,5729,white_collar,divorced,primary,phone,33,113.2,0
2638,25,12378,student,divorced,secondary,sms,15,137.51,0
2639,37,8517,student,married,secondary,sms,24,460.63,0
2640,20,2097,student,divorced,secondary,phone,30,382.1,0
2641,33,9063,entrepreneur,divorced,primary,phone,36,280.9,0
2642,47,15884,student,single,primary,phone,39,133.51,0
2643,62,4624,blue_collar,single,tertiary,email,6,64.34,1
2644,40,3507,student,single,secondary,sms,15,450.39,1
2645,45,6831,entrepreneur,divorced,tertiary,sms,38,447.41,0
2646,68,7895,blue_collar,married,primary,email,39,64.24,0
2647,57,11432,student,single,tertiary,phone,22,400.64,0
2648,22,19277,blue_collar,married,primary,sms,3,228.86,0
2649,37,3011,blue_collar,divorced,secondary,email,29,168.74,0
2650,57,18899,entrepreneur,divorced,secondary,phone,29,372.16,0
2651,61,16734,entrepreneur,single,primary,sms,31,311.02,0
2652,18,15294,blue_collar,married,primary,phone,45,392.21,0
2653,47,5051,student,single,primary,email,2,46.42,1
2654,38,8198,entrepreneur,divorced,secondary,sms,35,166.11,0
2655,37,16217,blue_collar,married,primary,phone,45,166.47,0
2656,23,8202,white_collar,single,secondary,phone,9,171.58,1
2657,39,5665,white_collar,divorced,tertiary,phone,22,256.22,0
2658,35,1273,entrepreneur,single,secondary,email,19,148.68,1
2659,25,8724,student,married,tertiary,phone,37,227.75,0
2660,56,14494,white_collar,married,secondary,sms,10,190.21,0
2661,49,13356,white_collar,married,secondary,sms,46,370.3,0
2662,50,935,white_collar,married,primary,phone,21,305.72,0
2663,33,18746,student,married,secondary,email,17,330.28,0
2664,29,11924,student,single,primary,sms,3,113.19,1
2665,55,4667,entrepreneur,single,primary,sms,7,169.5,1
2666,69,3915,entrepreneur,single,primary,sms,41,20.37,1
2667,51,16730,white_collar,single,secondary,phone,37,63.1,0
2668,31,2529,student,divorced,primary,sms,36,139.88,0
2669,53,9282,blue_collar,divorced,tertiary,phone,3,42.08,0
2670,50,9218,white_collar,single,tertiary,phone,13,305.29,0
2671,40,11730,entrepreneur,divorced,secondary,phone,41,499.08,0
2672,67,2707,student,divorced,primary,phone,30,59.4,0
2673,62,6030,entrepreneur,married,tertiary,phone,23,412.4,0
2674,19,4122,entrepreneur,single,secondary,sms,7,68.22,1
2675,58,12091,student,divorced,secondary,phone,30,338.26,0
2676,38,6717,white_collar,divorced,secondary,phone,29,325.15,0
2677,19,3251,student,single,secondary,phone,8,452.33,1
2678,44,5680,white_collar,married,secondary,phone,10,65.83,0
2679,26,7154,entrepreneur,single,primary,phone,33,164.57,0
2680,18,7719,student,married,primary,phone,20,54.48,0
2681,28,15923,blue_collar,divorced,primary,sms,29,209.62,0
2682,20,13347,white_collar,married,primary,phone,29,456.68,0
2683,69,4673,blue_collar,married,secondary,phone,21,392.95,0
2684,40,15439,white_collar,single,secondary,sms,1,364.22,1
2685,43,3591,student,divorced,tertiary,sms,34,271.18,0
2686,21,806,blue_collar,single,tertiary,email,44,442.91,1
2687,35,15828,student,single,primary,sms,32,230.23,0
2688,23,7097,white_collar,divorced,secondary,sms,45,83.35,0
2689,52,5333,white_collar,single,tertiary,phone,14,420.42,0
2690,39,5855,white_collar,single,tertiary,email,37,147.02,0
2691,60,17818,white_collar,married,tertiary,phone,35,36.28,0
2692,32,18331,entrepreneur,single,tertiary,email,24,71.76,0
2693,39,6951,white_collar,divorced,primary,phone,49,308.44,0
2694,54,12226,blue_collar,single,secondary,sms,1,307.47,1
2695,69,7965,white_collar,married,primary,sms,46,137.49,0
2696,59,12218,student,single,tertiary,email,6,366.32,1
2697,29,3417,entrepreneur,single,tertiary,phone,49,389.08,1
2698,64,12312,blue_collar,single,secondary,phone,4,461.05,1
2699,66,11447,entrepreneur,married,secondary,sms,38,296.62,0
2700,59,10490,entrepreneur,divorced,primary,sms,1,391.92,0
2701,55,14963,entrepreneur,divorced,secondary,email,41,379.02,0
2702,35,16648,student,married,primary,sms,31,136.33,0
2703,62,7160,entrepreneur,married,primary,email,36,162.01,0
2704,52,15604,entrepreneur,single,tertiary,email,9,244.46,1
2705,47,3157,white_collar,divorced,primary,email,41,19.33,0
2706,41,4528,student,married,tertiary,email,45,155.72,0
2707,59,502,blue_collar,divorced,primary,sms,23,242.2,0
2708,47,8705,blue_collar,single,primary,email,31,62.95,0
2709,31,15861,blue_collar,married,secondary,sms,29,71.88,0
2710,23,967,student,divorced,secondary,email,49,236.99,0
2711,20,13879,blue_collar,divorced,tertiary,sms,21,368.17,0
2712,33,15255,student,single,secondary,email,3,418.54,1
2713,24,8310,white_collar,married,primary,sms,26,277.69,0
2714,69,464,white_collar,divorced,tertiary,phone,6,242.63,1
2715,31,15466,student,single,tertiary,email,20,198.3,0
2716,26,6671,blue_collar,divorced,tertiary,email,47,104.55,0
2717,32,17063,student,single,primary,phone,46,81.82,0
2718,38,14117,student,divorced,secondary,phone,13,398.03,0
2719,52,6568,entrepreneur,divorced,tertiary,email,41,237.85,0
2720,19,4250,student,single,primary,sms,23,397.26,1
2721,44,13165,entrepreneur,married,secondary,email,15,355.0,0
2722,19,19523,white_collar,single,secondary,sms,46,105.01,0
2723,52,4237,entrepreneur,married,tertiary,phone,31,260.05,0
2724,35,12336,student,divorced,primary,sms,4,227.57,0
2725,31,16936,white_collar,divorced,secondary,email,11,217.7,0
2726,37,12253,entrepreneur,single,primary,phone,2,275.86,1
2727,35,13933,student,single,secondary,phone,16,491.22,0
2728,27,1481,white_collar,married,tertiary,email,31,408.32,0
2729,42,8254,entrepreneur,married,tertiary,email,48,452.82,0
2730,19,1567,student,married,secondary,phone,39,24.52,0
2731,42,13539,student,single,primary,sms,43,78.76,0
2732,50,19222,blue_collar,divorced,secondary,sms,44,51.53,0
2733,53,17364,blue_collar,single,primary,sms,4,138.98,1
2734,48,12106,entrepreneur,divorced,secondary,email,48,226.53,0
2735,31,3249,entrepreneur,single,tertiary,phone,28,324.61,1
2736,18,7992,entrepreneur,single,primary,sms,16,255.41,0
2737,63,16236,student,married,tertiary,phone,39,452.56,0
2738,33,1268,entrepreneur,divorced,primary,sms,25,470.53,0
2739,63,12456,student,single,secondary,phone,13,90.13,0
2740,69,3229,entrepreneur,single,tertiary,email,5,427.93,1
2741,20,15132,student,divorced,tertiary,email,30,246.04,0
2742,52,2626,student,single,primary,email,1,232.13,1
2743,58,11159,blue_collar,divorced,primary,sms,5,394.62,0
2744,23,3616,white_collar,married,primary,email,14,55.64,0
2745,42,19851,student,married,tertiary,email,11,442.42,0
2746,30,10486,entrepreneur,divorced,secondary,email,34,338.72,0
2747,51,3655,blue_collar,married,primary,phone,29,438.88,0
2748,25,16112,entrepreneur,divorced,secondary,phone,18,497.29,0
2749,38,14257,entrepreneur,single,primary,phone,15,263.82,0
2750,51,5211,student,single,secondary,phone,46,55.7,0
2751,21,6852,student,divorced,primary,phone,25,91.6,0
2752,42,16929,white_collar,single,secondary,phone,30,168.57,0
2753,32,6464,student,married,tertiary,phone,45,60.74,0
2754,21,3726,student,single,primary,email,2,409.52,1
2755,62,3975,white_collar,single,primary,email,40,155.47,1
2756,29,5597,entrepreneur,divorced,tertiary,sms,27,488.18,0
2757,49,16079,white_collar,married,primary,email,49,354.27,0
2758,49,11629,white_collar,single,primary,phone,15,94.98,0
2759,45,16745,white_collar,single,tertiary,phone,32,243.26,0
2760,30,13482,blue_collar,divorced,tertiary,sms,20,238.77,0
2761,48,4125,entrepreneur,divorced,secondary,email,14,251.33,0
2762,31,10558,blue_collar,married,tertiary,email,27,272.49,0
2763,37,13944,blue_collar,single,tertiary,sms,3,25.27,1
2764,35,4275,student,divorced,primary,phone,49,346.29,0
2765,46,9274,white_collar,divorced,tertiary,phone,3,248.72,0
2766,23,3543,white_collar,divorced,primary,phone,13,397.57,0
2767,49,10825,blue_collar,married,tertiary,phone,25,409.52,0
2768,46,793,student,divorced,tertiary,sms,18,122.96,0
2769,60,8447,student,married,secondary,email,1,33.73,0
2770,19,11880,student,married,tertiary,phone,39,354.58,0
2771,40,18296,entrepreneur,single,tertiary,email,5,489.1,1
2772,36,13941,blue_collar,single,primary,email,2,228.86,1
2773,48,14354,entrepreneur,married,primary,phone,30,137.21,0
2774,68,14121,student,single,secondary,phone,17,86.77,0
2775,22,13468,student,single,tertiary,phone,29,150.85,0
2776,36,5824,student,divorced,primary,email,42,170.68,0
2777,51,1507,white_collar,single,tertiary,sms,4,217.7,1
2778,27,8132,blue_collar,married,secondary,phone,9,331.15,0
2779,42,14672,white_collar,single,primary,email,21,143.85,0
2780,19,17894,entrepreneur,divorced,primary,email,43,34.98,0
2781,28,19981,white_collar,married,secondary,phone,12,192.91,0
2782,67,7494,blue_collar,single,tertiary,sms,12,429.26,0
2783,48,17035,white_collar,married,primary,phone,4,254.19,0
2784,32,11686,student,single,primary,phone,28,482.74,0
2785,26,13026,entrepreneur,divorced,secondary,sms,9,256.77,0
2786,40,1097,entrepreneur,single,secondary,phone,40,145.19,1
2787,36,14490,student,married,secondary,phone,32,104.72,0
2788,26,6199,student,married,tertiary,sms,13,350.32,0
2789,52,13609,student,married,tertiary,email,34,272.83,0
2790,38,5590,blue_collar,single,tertiary,email,19,305.96,0
2791,26,5716,white_collar,single,secondary,email,14,380.01,0
2792,45,16058,entrepreneur,single,primary,email,5,365.69,1
2793,63,2348,white_collar,divorced,tertiary,email,27,31.25,0
2794,68,17332,student,divorced,secondary,phone,28,403.26,0
2795,24,10848,student,divorced,tertiary,sms,26,271.02,0
2796,33,10614,white_collar,married,primary,email,10,201.94,0
2797,33,8795,entrepreneur,married,primary,sms,24,273.38,0
2798,50,8170,blue_collar,married,secondary,email,17,310.1,0
2799,21,8994,white_collar,married,primary,phone,16,83.26,0
2800,21,16798,student,married,secondary,email,17,214.53,0
2801,56,15223,student,single,secondary,email,1,174.44,1
2802,57,2476,blue_collar,married,secondary,sms,21,181.7,0
2803,34,4478,white_collar,single,secondary,sms,47,54.75,1
2804,54,11282,blue_collar,divorced,primary,phone,49,88.32,0
2805,56,674,blue_collar,divorced,primary,sms,43,89.3,0
2806,69,13430,entrepreneur,divorced,primary,sms,22,192.88,0
2807,46,9049,entrepreneur,divorced,primary,sms,5,448.3,0
2808,69,19294,student,divorced,secondary,phone,36,110.95,0
2809,53,5770,white_collar,married,secondary,phone,21,213.93,0
2810,55,6667,entrepreneur,married,primary,phone,9,162.69,0
2811,56,12816,student,married,tertiary,sms,27,395.82,0
2812,67,19943,white_collar,divorced,tertiary,sms,48,34.56,0
2813,54,6217,student,divorced,tertiary,phone,12,106.31,0
2814,69,7937,entrepreneur,single,primary,sms,18,113.21,0
2815,52,16687,student,married,secondary,sms,35,496.55,0
2816,24,14631,white_collar,divorced,secondary,email,15,289.68,0
2817,44,19259,white_collar,divorced,tertiary,phone,44,78.09,0
2818,45,18476,student,divorced,tertiary,phone,30,143.38,0
2819,39,18727,white_collar,single,secondary,sms,45,92.23,0
2820,31,8598,student,divorced,tertiary,sms,33,71.06,0
2821,24,18171,white_collar,single,tertiary,email,36,400.62,0
2822,54,4209,student,single,secondary,phone,40,252.92,1
2823,39,18344,student,married,tertiary,phone,30,319.29,0
2824,22,17206,student,divorced,tertiary,sms,26,172.31,0
2825,19,13621,blue_collar,single,primary,phone,21,281.31,0
2826,44,8820,white_collar,divorced,tertiary,sms,37,136.21,0
2827,38,4993,entrepreneur,married,primary,email,43,160.94,0
2828,55,16827,student,married,secondary,sms,31,329.6,0
2829,32,8500,blue_collar,single,primary,email,17,83.67,0
2830,38,19890,entrepreneur,married,secondary,sms,17,312.44,0
2831,27,14706,student,married,primary,email,34,427.6,0
2832,40,10239,entrepreneur,married,primary,email,24,69.01,0
2833,56,17403,blue_collar,divorced,primary,phone,33,449.76,0
2834,22,2144,entrepreneur,divorced,tertiary,sms,4,48.93,1
2835,18,16902,student,single,tertiary,phone,9,180.97,1
2836,30,18233,entrepreneur,single,tertiary,phone,2,309.15,1
2837,38,17583,entrepreneur,married,tertiary,sms,35,284.11,0
2838,43,3492,student,married,tertiary,phone,38,57.23,0
2839,67,19256,blue_collar,single,primary,phone,45,401.47,0
2840,62,10772,blue_collar,married,tertiary,phone,15,486.85,0
2841,38,14544,entrepreneur,single,secondary,sms,43,98.8,0
2842,35,6884,white_collar,divorced,primary,phone,42,448.61,0
2843,54,18029,entrepreneur,married,primary,phone,3,282.84,0
2844,62,1170,white_collar,married,secondary,phone,31,468.61,0
2845,49,1950,entrepreneur,married,tertiary,sms,41,96.28,0
2846,53,12490,blue_collar,divorced,secondary,email,42,398.09,0
2847,34,3039,entrepreneur,divorced,primary,email,23,39.29,0
2848,52,10195,entrepreneur,married,primary,email,12,442.77,0
2849,66,16401,white_collar,single,primary,email,8,340.34,1
2850,28,7294,blue_collar,divorced,secondary,phone,21,191.42,0
2851,38,5951,white_collar,married,tertiary,sms,21,103.33,0
2852,69,16478,entrepreneur,married,primary,phone,32,410.1,0
2853,43,778,student,divorced,tertiary,sms,17,305.59,0
2854,21,1088,entrepreneur,single,primary,phone,37,186.6,1
2855,51,1602,entrepreneur,married,tertiary,email,24,227.48,0
2856,69,18273,white_collar,single,secondary,email,8,415.01,1
2857,65,16298,student,single,primary,sms,18,176.07,0
2858,35,17909,student,divorced,primary,phone,11,53.92,0
2859,57,15967,white_collar,married,primary,email,10,456.53,0
2860,52,14366,blue_collar,married,secondary,sms,26,199.8,0
2861,58,6754,student,single,secondary,phone,47,180.71,0
2862,46,2540,student,divorced,tertiary,sms,6,110.16,1
2863,69,10334,white_collar,divorced,secondary,phone,17,449.74,0
2864,46,7467,blue_collar,divorced,primary,phone,23,116.58,0
2865,55,13590,blue_collar,single,tertiary,phone,42,321.97,0
2866,59,2694,entrepreneur,single,secondary,sms,37,441.57,1
2867,38,18920,entrepreneur,married,tertiary,sms,28,27.11,0
2868,59,5617,white_collar,divorced,tertiary,phone,16,416.11,0
2869,30,9319,blue_collar,single,tertiary,email,12,211.19,0
2870,66,6410,white_collar,divorced,primary,phone,21,332.41,0
2871,58,3639,entrepreneur,single,primary,sms,24,192.48,1
2872,34,14844,white_collar,married,secondary,phone,28,350.8,0
2873,26,19967,white_collar,divorced,primary,sms,37,134.6,0
2874,58,18725,student,single,tertiary,phone,21,20.75,0
2875,18,6478,student,divorced,tertiary,phone,33,474.42,0
2876,19,19249,student,single,primary,email,2,18.02,1
2877,65,9465,entrepreneur,single,tertiary,email,37,413.81,0
2878,46,11522,white_collar,single,primary,sms,19,92.88,0
2879,50,5011,student,divorced,tertiary,phone,28,202.19,0
2880,27,503,student,single,secondary,sms,15,413.02,1
2881,67,13280,student,married,secondary,phone,1,110.91,0
2882,57,19866,entrepreneur,divorced,primary,phone,43,434.2,0
2883,38,4263,entrepreneur,married,primary,phone,28,253.9,0
2884,45,16571,white_collar,married,primary,email,35,189.42,0
2885,28,14436,white_collar,divorced,primary,sms,32,334.59,0
2886,51,5570,white_collar,single,primary,phone,28,177.28,0
2887,25,15053,student,married,tertiary,phone,9,180.17,0
2888,39,6376,blue_collar,divorced,secondary,sms,24,369.43,0
2889,25,5839,entrepreneur,single,tertiary,sms,4,161.82,1
2890,66,6623,student,divorced,secondary,phone,45,108.38,0
2891,32,15093,student,divorced,tertiary,email,41,405.75,0
2892,34,12973,white_collar,divorced,tertiary,email,3,404.63,0
2893,40,13519,white_collar,single,tertiary,phone,48,253.82,0
2894,41,14557,student,married,primary,email,22,268.06,0
2895,62,2164,entrepreneur,married,secondary,sms,40,351.08,0
2896,36,5415,entrepreneur,divorced,primary,email,39,259.54,0
2897,22,10666,student,divorced,primary,sms,49,214.35,0
2898,49,417,blue_collar,single,tertiary,sms,25,497.5,1
2899,61,17986,blue_collar,divorced,secondary,sms,48,82.34,0
2900,18,6230,entrepreneur,divorced,secondary,sms,22,300.44,0
2901,40,7519,white_collar,divorced,secondary,email,48,444.07,0
2902,54,2142,blue_collar,married,secondary,sms,47,346.74,0
2903,25,4698,blue_collar,divorced,primary,phone,34,441.65,0
2904,30,10314,white_collar,married,primary,sms,20,174.8,0
2905,25,218,blue_collar,single,secondary,phone,36,143.28,1
2906,40,809,student,single,primary,sms,37,427.12,1
2907,60,15957,blue_collar,married,secondary,sms,39,203.12,0
2908,18,12701,white_collar,married,primary,email,27,357.74,0
2909,62,3350,student,married,tertiary,sms,47,82.4,0
2910,68,8161,blue_collar,married,tertiary,sms,49,380.36,0
2911,41,8709,entrepreneur,divorced,secondary,email,32,279.0,0
2912,52,2703,student,married,secondary,email,42,141.62,0
2913,41,12146,student,married,primary,phone,29,252.31,0
2914,34,17585,entrepreneur,married,secondary,email,41,351.5,0
2915,22,7957,entrepreneur,divorced,secondary,phone,48,15.82,0
2916,37,11720,blue_collar,divorced,primary,sms,32,322.36,0
2917,38,8277,blue_collar,divorced,secondary,phone,24,275.38,0
2918,57,18745,white_collar,single,secondary,email,3,117.94,1
2919,48,11926,white_collar,divorced,tertiary,sms,27,378.96,0
2920,63,13990,student,married,tertiary,phone,9,158.7,0
2921,53,16992,entrepreneur,divorced,tertiary,phone,40,145.66,0
2922,28,18863,entrepreneur,divorced,secondary,phone,23,240.9,0
2923,69,13930,white_collar,married,primary,sms,7,341.31,0
2924,32,9584,student,divorced,tertiary,phone,17,465.13,0
2925,36,5595,student,single,secondary,phone,37,79.27,0
2926,24,11367,white_collar,divorced,tertiary,email,7,204.27,0
2927,68,19693,white_collar,single,primary,phone,30,42.82,0
2928,45,7498,white_collar,single,primary,sms,13,381.69,0
2929,68,6843,blue_collar,single,primary,email,18,229.39,0
2930,60,5271,student,married,primary,sms,31,356.4,0
2931,22,16105,student,divorced,primary,email,22,167.88,0
2932,22,16808,student,single,primary,email,14,423.72,0
2933,47,13104,white_collar,single,secondary,phone,18,272.07,0
2934,49,11062,white_collar,divorced,tertiary,sms,35,472.37,0
2935,25,10875,white_collar,married,primary,phone,17,48.62,0
2936,27,3657,white_collar,married,tertiary,email,19,262.0,0
2937,55,3687,entrepreneur,single,tertiary,phone,31,385.56,1
2938,64,16635,white_collar,married,secondary,email,39,304.07,0
2939,49,1054,blue_collar,divorced,primary,email,36,21.37,0
2940,65,13894,entrepreneur,married,primary,sms,15,486.45,0
2941,45,787,entrepreneur,divorced,secondary,sms,29,156.15,0
2942,34,8601,white_collar,single,secondary,sms,40,132.15,0
2943,48,15238,student,divorced,secondary,sms,16,247.97,0
2944,25,9794,white_collar,single,secondary,phone,33,275.66,0
2945,57,3227,student,divorced,secondary,sms,25,385.48,0
2946,42,12860,white_collar,divorced,tertiary,sms,16,202.7,0
2947,26,11659,white_collar,married,secondary,sms,30,225.58,0
2948,19,14896,student,divorced,primary,email,34,272.13,0
2949,32,3495,student,single,primary,email,2,203.25,1
2950,67,945,student,divorced,secondary,sms,40,458.13,0
2951,20,1264,student,single,secondary,email,44,427.11,1
2952,66,13054,blue_collar,single,secondary,email,43,232.94,0
2953,53,6004,student,divorced,secondary,phone,38,10.1,0
2954,21,13831,white_collar,married,secondary,email,18,451.46,0
2955,31,454,white_collar,divorced,primary,phone,5,70.92,1
2956,58,18356,blue_collar,divorced,tertiary,email,47,129.81,0
2957,58,18508,student,married,secondary,sms,40,84.66,0
2958,42,2917,white_collar,single,secondary,email,6,98.11,1
2959,67,3932,blue_collar,divorced,secondary,email,12,403.41,0
2960,27,12567,white_collar,married,primary,phone,12,293.96,0
2961,38,8357,blue_collar,married,primary,sms,12,478.49,0
2962,53,13207,blue_collar,single,tertiary,phone,9,123.41,1
2963,29,12558,entrepreneur,married,tertiary,sms,42,247.96,0
2964,44,10813,entrepreneur,single,tertiary,sms,22,488.94,0
2965,57,2681,student,divorced,tertiary,phone,49,414.96,0
2966,19,9682,entrepreneur,married,primary,email,16,367.02,0
2967,30,18970,blue_collar,divorced,tertiary,sms,4,102.6,0
2968,49,8518,white_collar,married,secondary,email,3,387.01,0
2969,48,18927,white_collar,married,primary,phone,16,180.31,0
2970,33,14519,student,divorced,primary,phone,14,269.96,0
2971,49,11914,entrepreneur,married,primary,phone,41,308.49,0
2972,49,1136,student,divorced,secondary,phone,38,308.59,0
2973,51,10124,blue_collar,divorced,primary,sms,4,366.0,0
2974,28,11032,entrepreneur,single,secondary,phone,2,334.23,1
2975,27,7535,student,divorced,tertiary,email,10,43.5,0
2976,32,1648,white_collar,single,primary,email,11,234.1,1
2977,34,5165,white_collar,divorced,secondary,sms,39,335.37,0
2978,57,3507,student,married,primary,phone,26,155.04,0
2979,35,739,student,divorced,tertiary,sms,37,163.4,0
2980,26,272,student,married,primary,sms,26,71.04,0
2981,42,5766,blue_collar,single,tertiary,sms,4,215.12,1
2982,57,4454,blue_collar,married,primary,phone,26,493.55,0
2983,31,10209,white_collar,divorced,secondary,email,38,149.81,0
2984,42,2986,blue_collar,married,tertiary,email,28,270.4,0
2985,67,2264,blue_collar,single,primary,sms,2,374.19,1
2986,39,4045,entrepreneur,married,tertiary,sms,2,16.61,1
2987,69,10501,blue_collar,married,tertiary,email,16,451.22,0
2988,47,7846,entrepreneur,divorced,secondary,email,23,199.41,0
2989,37,12075,blue_collar,divorced,secondary,phone,23,435.87,0
2990,38,19074,white_collar,married,secondary,sms,13,29.08,0
2991,61,7854,student,single,secondary,phone,21,81.38,0
2992,49,15696,white_collar,married,tertiary,email,39,168.04,0
2993,68,5285,blue_collar,single,tertiary,email,25,179.28,0
2994,63,1193,student,single,primary,email,37,425.42,1
2995,66,3980,student,single,primary,email,49,15.49,1
2996,38,10786,student,married,primary,phone,13,324.14,0
2997,52,10871,entrepreneur,single,secondary,email,15,74.34,0
2998,49,10780,white_collar,married,tertiary,sms,28,413.38,0
2999,47,2885,entrepreneur,single,tertiary,email,3,391.5,1
3000,56,14899,student,single,primary,sms,23,254.96,0
3001,66,16380,white_collar,married,primary,email,4,114.22,0
3002,29,6639,white_collar,divorced,tertiary,phone,47,320.9,0
3003,58,18058,blue_collar,divorced,secondary,sms,3,86.57,0
3004,64,16116,entrepreneur,married,primary,phone,39,103.11,0
3005,35,14830,entrepreneur,married,primary,email,8,317.08,0
3006,38,10665,blue_collar,divorced,tertiary,phone,43,495.7,0
3007,30,8160,entrepreneur,divorced,tertiary,email,25,446.62,0
3008,38,4090,student,divorced,primary,phone,41,300.62,0
3009,25,17673,student,married,primary,phone,12,273.88,0
3010,63,19173,entrepreneur,single,secondary,sms,5,499.21,1
3011,57,4195,blue_collar,married,secondary,email,33,278.22,0
3012,63,14649,white_collar,divorced,secondary,phone,46,215.86,0
3013,24,18359,entrepreneur,single,secondary,email,25,455.68,0
3014,40,19890,white_collar,married,primary,sms,25,124.75,0
3015,61,10079,blue_collar,divorced,primary,phone,35,57.79,0
3016,49,5508,white_collar,married,primary,email,15,320.7,0
3017,28,14037,blue_collar,single,secondary,phone,42,56.97,0
3018,39,2933,blue_collar,divorced,primary,phone,26,192.84,0
3019,39,5385,student,married,tertiary,phone,10,217.55,0
3020,60,9689,student,single,secondary,phone,24,278.29,0
3021,42,14808,blue_collar,single,tertiary,sms,35,495.91,0
3022,39,14216,entrepreneur,married,secondary,sms,29,118.28,0
3023,45,7745,student,single,primary,email,38,194.12,0
3024,46,12118,blue_collar,divorced,secondary,email,5,74.8,0
3025,30,10989,white_collar,single,tertiary,phone,24,307.73,0
3026,35,4877,white_collar,married,secondary,phone,19,366.56,0
3027,19,16094,entrepreneur,divorced,tertiary,phone,46,246.22,0
3028,46,2835,white_collar,single,primary,sms,49,130.46,1
3029,38,13711,white_collar,single,tertiary,phone,44,314.24,0
3030,32,6468,blue_collar,divorced,primary,email,9,274.19,0
3031,69,17305,white_collar,divorced,tertiary,phone,26,93.88,0
3032,44,262,white_collar,single,primary,sms,25,208.78,1
3033,67,7877,white_collar,divorced,tertiary,phone,35,223.25,0
3034,48,14949,white_collar,married,primary,sms,36,491.48,0
3035,32,18416,blue_collar,single,primary,sms,14,426.15,0
3036,68,3635,white_collar,married,primary,sms,6,369.84,1
3037,40,19930,entrepreneur,single,tertiary,sms,32,445.5,0
3038,41,13503,student,married,tertiary,email,26,370.39,0
3039,61,14616,entrepreneur,married,primary,sms,15,452.67,0
3040,30,19274,student,divorced,secondary,email,49,36.73,0
3041,39,19191,entrepreneur,single,primary,email,31,233.47,0
3042,60,8059,student,divorced,secondary,phone,37,375.98,0
3043,54,4033,student,divorced,primary,phone,38,295.81,0
3044,50,3485,student,single,tertiary,sms,37,95.83,1
3045,20,1022,student,married,secondary,phone,19,176.84,0
3046,36,10467,blue_collar,single,tertiary,sms,14,165.71,0
3047,40,13837,entrepreneur,single,secondary,phone,36,138.06,0
3048,46,664,student,single,secondary,sms,37,178.14,1
3049,47,19742,entrepreneur,divorced,secondary,phone,11,262.28,0
3050,56,10889,white_collar,single,secondary,phone,27,428.89,0
3051,61,2600,student,single,tertiary,email,2,373.6,1
3052,64,6981,entrepreneur,single,secondary,phone,22,419.27,0
3053,42,3736,blue_collar,married,primary,phone,2,442.97,1
3054,54,323,entrepreneur,married,primary,sms,20,213.91,0
3055,64,6397,student,married,secondary,email,44,179.55,0
3056,25,14995,white_collar,married,tertiary,sms,48,38.24,0
3057,59,450,entrepreneur,divorced,tertiary,phone,17,465.94,0
3058,33,18412,white_collar,divorced,secondary,sms,4,42.25,0
3059,25,4832,blue_collar,single,tertiary,email,14,373.16,1
3060,18,1117,entrepreneur,divorced,tertiary,sms,7,195.27,1
3061,61,18710,entrepreneur,married,tertiary,phone,15,474.9,0
3062,22,15329,blue_collar,single,secondary,sms,30,215.6,0
3063,20,7270,blue_collar,single,primary,phone,16,410.14,0
3064,18,13403,blue_collar,married,primary,email,40,148.5,0
3065,21,6307,student,married,primary,email,2,156.55,0
3066,57,12416,student,married,primary,sms,19,301.8,0
3067,52,2519,entrepreneur,divorced,primary,email,1,499.01,1
3068,49,6340,entrepreneur,single,tertiary,sms,31,263.61,0
3069,59,1993,entrepreneur,married,tertiary,phone,4,468.79,1
3070,51,13853,white_collar,single,tertiary,sms,27,395.26,0
3071,60,5422,blue_collar,single,secondary,phone,25,399.97,0
3072,42,11332,entrepreneur,divorced,tertiary,email,22,223.62,0
3073,27,17609,blue_collar,single,primary,phone,43,199.41,0
3074,38,3217,student,married,tertiary,phone,10,104.04,0
3075,63,4261,blue_collar,married,primary,phone,33,482.33,0
3076,56,15623,white_collar,single,tertiary,phone,49,480.1,0
3077,44,4142,white_collar,single,primary,phone,48,376.06,1
3078,44,4533,blue_collar,divorced,tertiary,sms,44,155.16,0
3079,19,14116,white_collar,married,primary,phone,30,130.14,0
3080,58,2758,white_collar,married,primary,phone,30,494.42,0
3081,65,11010,student,single,secondary,phone,16,42.61,0
3082,30,19967,entrepreneur,single,tertiary,phone,9,423.35,1
3083,26,3044,white_collar,single,primary,phone,17,184.17,1
3084,69,7310,entrepreneur,married,tertiary,phone,35,215.25,0
3085,53,8887,blue_collar,single,primary,email,47,417.67,0
3086,39,2086,blue_collar,divorced,secondary,sms,15,54.4,0
3087,59,11042,white_collar,divorced,secondary,phone,48,183.54,0
3088,43,17558,blue_collar,single,secondary,sms,28,476.49,0
3089,29,12261,student,divorced,secondary,email,20,352.54,0
3090,34,3107,white_collar,divorced,primary,email,33,379.92,0
3091,31,1069,white_collar,divorced,tertiary,phone,33,381.18,0
3092,31,8872,white_collar,divorced,secondary,sms,36,39.68,0
3093,51,2924,blue_collar,divorced,secondary,phone,13,109.57,0
3094,37,1311,blue_collar,married,secondary,email,4,250.72,1
3095,28,329,white_collar,single,tertiary,email,23,190.39,1
3096,33,15874,entrepreneur,divorced,primary,sms,8,211.35,0
3097,68,14445,blue_collar,single,primary,phone,13,392.91,0
3098,48,3285,blue_collar,divorced,primary,sms,24,17.19,0
3099,23,15111,white_collar,married,primary,sms,40,333.64,0
3100,36,16985,entrepreneur,married,tertiary,email,46,10.05,0
3101,54,148,white_collar,divorced,tertiary,sms,30,40.9,0
3102,21,15273,blue_collar,divorced,tertiary,email,30,210.06,0
3103,64,19539,white_collar,divorced,secondary,phone,25,422.06,0
3104,21,16870,white_collar,married,tertiary,sms,33,81.05,0
3105,37,1069,white_collar,married,primary,sms,9,281.76,1
3106,27,14653,entrepreneur,single,tertiary,phone,26,342.47,0
3107,41,5920,white_collar,married,secondary,sms,24,122.47,0
3108,52,14392,blue_collar,divorced,primary,phone,33,261.04,0
3109,43,3152,white_collar,single,tertiary,email,39,456.59,1
3110,54,11709,entrepreneur,married,primary,email,25,260.99,0
3111,55,2402,student,married,primary,sms,45,87.09,0
3112,38,2383,entrepreneur,divorced,tertiary,email,15,317.63,0
3113,57,15485,white_collar,single,tertiary,email,41,300.18,0
3114,56,9899,student,married,secondary,phone,48,23.21,0
3115,38,15720,white_collar,married,tertiary,email,49,54.39,0
3116,27,222,entrepreneur,divorced,tertiary,email,41,86.82,0
3117,55,9572,student,single,tertiary,email,6,76.78,1
3118,63,3827,student,single,primary,phone,20,137.14,1
3119,21,13832,white_collar,single,secondary,sms,44,232.51,0
3120,62,5058,white_collar,single,primary,phone,16,192.14,0
3121,37,624,entrepreneur,divorced,tertiary,sms,21,446.42,0
3122,34,9179,white_collar,married,secondary,sms,15,309.93,0
3123,24,8499,student,married,tertiary,email,39,439.31,0
3124,21,16632,blue_collar,single,primary,email,42,268.25,0
3125,46,16921,blue_collar,single,primary,phone,4,54.04,1
3126,31,10494,entrepreneur,single,tertiary,phone,24,237.01,0
3127,20,3849,white_collar,married,secondary,phone,3,412.8,1
3128,41,11453,entrepreneur,married,primary,email,1,105.11,0
3129,54,14109,blue_collar,single,tertiary,sms,30,54.69,0
3130,33,11537,blue_collar,divorced,tertiary,phone,13,171.42,0
3131,69,5436,white_collar,married,tertiary,sms,18,200.56,0
3132,21,4651,student,married,secondary,email,40,160.07,0
3133,41,2923,white_collar,single,tertiary,email,11,76.27,1
3134,51,13016,blue_collar,divorced,tertiary,email,42,132.91,0
3135,47,15267,student,single,primary,email,29,344.32,0
3136,35,8777,entrepreneur,single,tertiary,sms,4,199.1,1
3137,36,14968,blue_collar,divorced,secondary,sms,25,319.95,0
3138,48,8491,entrepreneur,divorced,tertiary,phone,36,272.79,0
3139,36,12758,student,divorced,secondary,sms,36,279.04,0
3140,66,18466,entrepreneur,married,tertiary,sms,44,131.79,0
3141,63,9763,blue_collar,single,tertiary,sms,40,265.56,0
3142,36,2411,white_collar,married,tertiary,phone,28,21.56,0
3143,39,7325,entrepreneur,divorced,secondary,sms,45,221.55,0
3144,41,11665,blue_collar,married,primary,sms,8,290.59,0
3145,62,10370,blue_collar,divorced,secondary,sms,21,99.18,0
3146,29,13660,student,divorced,primary,email,35,135.71,0
3147,47,17088,blue_collar,single,secondary,sms,44,117.57,0
3148,55,16065,white_collar,single,tertiary,phone,18,44.57,0
3149,48,5885,white_collar,single,tertiary,phone,47,180.45,0
3150,53,12167,entrepreneur,married,primary,phone,25,489.69,0
3151,36,8840,entrepreneur,single,primary,phone,46,183.4,0
3152,65,13753,entrepreneur,divorced,secondary,email,41,235.66,0
3153,62,17322,entrepreneur,single,secondary,phone,5,330.01,1
3154,53,3915,white_collar,married,primary,email,47,327.76,0
3155,47,17331,student,single,primary,email,8,475.45,1
3156,66,4809,entrepreneur,single,secondary,email,23,430.21,1
3157,50,4607,student,single,primary,phone,3,399.04,1
3158,35,6675,blue_collar,married,primary,phone,44,476.3,0
3159,69,4873,blue_collar,divorced,primary,email,37,123.08,0
3160,66,12546,entrepreneur,divorced,primary,email,31,312.36,0
3161,45,10564,blue_collar,divorced,tertiary,phone,29,444.73,0
3162,64,15964,student,single,tertiary,sms,41,315.83,0
3163,28,3420,student,single,primary,sms,20,488.94,1
3164,62,10850,blue_collar,married,secondary,sms,3,59.17,0
3165,50,4798,entrepreneur,divorced,tertiary,phone,23,225.27,0
3166,34,18048,student,single,secondary,phone,40,488.91,0
3167,23,18324,student,single,secondary,email,21,195.99,0
3168,21,6158,white_collar,single,tertiary,phone,13,372.38,0
3169,37,826,entrepreneur,married,secondary,phone,8,24.9,1
3170,65,6797,white_collar,divorced,secondary,phone,5,350.47,0
3171,64,12010,blue_collar,married,primary,email,25,467.97,0
3172,44,9357,blue_collar,divorced,primary,email,39,197.53,0
3173,32,13063,white_collar,divorced,primary,sms,37,20.44,0
3174,23,16766,entrepreneur,single,tertiary,sms,41,23.68,0
3175,64,1181,student,single,primary,phone,5,447.09,1
3176,31,19365,blue_collar,single,secondary,phone,8,364.03,1
3177,28,10876,entrepreneur,single,secondary,email,44,62.28,0
3178,56,14296,entrepreneur,single,secondary,sms,4,36.75,1
3179,26,19454,blue_collar,divorced,secondary,sms,41,404.36,0
3180,43,9444,blue_collar,single,secondary,sms,22,406.83,0
3181,33,16058,entrepreneur,single,tertiary,phone,14,69.06,0
3182,22,11789,student,married,secondary,phone,19,157.74,0
3183,69,17431,white_collar,married,tertiary,phone,13,392.21,0
3184,27,4860,blue_collar,divorced,secondary,email,35,267.45,0
3185,67,13536,white_collar,divorced,tertiary,sms,4,478.73,0
3186,20,166,entrepreneur,married,tertiary,email,33,245.72,0
3187,30,664,white_collar,married,secondary,sms,22,341.71,0
3188,60,13493,student,single,secondary,phone,1,259.79,1
3189,66,3770,entrepreneur,single,secondary,email,11,472.05,1
3190,47,2351,student,divorced,secondary,email,16,205.34,0
3191,62,13049,entrepreneur,married,primary,phone,4,122.6,0
3192,23,904,student,divorced,primary,sms,29,170.05,0
3193,34,9683,entrepreneur,single,tertiary,sms,39,427.86,0
3194,62,17719,student,divorced,tertiary,sms,44,253.99,0
3195,68,12324,entrepreneur,divorced,primary,sms,38,183.58,0
3196,36,6116,student,divorced,tertiary,phone,24,276.69,0
3197,59,13136,entrepreneur,single,secondary,phone,9,75.28,1
3198,52,12492,student,divorced,tertiary,phone,8,12.63,0
3199,63,8038,blue_collar,single,tertiary,phone,14,147.49,0
3200,43,4241,white_collar,married,tertiary,email,15,306.45,0
3201,68,9646,entrepreneur,divorced,primary,email,22,358.72,0
3202,22,5435,student,divorced,primary,email,37,415.04,0
3203,46,5177,blue_collar,single,tertiary,phone,15,464.07,0
3204,54,13347,entrepreneur,divorced,secondary,sms,6,211.94,0
3205,37,5711,entrepreneur,single,tertiary,email,1,372.85,1
3206,66,8189,entrepreneur,divorced,primary,email,20,46.59,0
3207,38,2992,white_collar,married,secondary,phone,41,38.19,0
3208,27,5677,student,married,tertiary,sms,36,71.15,0
3209,22,18043,student,married,primary,sms,2,229.8,0
3210,53,6783,entrepreneur,divorced,secondary,sms,6,113.53,0
3211,23,1607,entrepreneur,divorced,tertiary,phone,2,150.59,1
3212,43,16435,entrepreneur,married,primary,sms,3,327.46,0
3213,21,2163,blue_collar,married,secondary,email,7,185.68,1
3214,56,2100,entrepreneur,single,tertiary,email,20,283.11,1
3215,56,15666,white_collar,single,secondary,email,49,212.08,0
3216,67,1394,student,married,secondary,phone,41,92.79,0
3217,52,15196,white_collar,married,secondary,sms,41,46.27,0
3218,18,4165,entrepreneur,divorced,primary,phone,5,125.75,1
3219,41,14190,blue_collar,married,tertiary,sms,25,38.27,0
3220,53,18087,entrepreneur,single,secondary,phone,38,313.12,0
3221,23,17806,entrepreneur,single,secondary,email,18,399.9,0
3222,58,18925,entrepreneur,single,secondary,phone,1,176.47,1
3223,63,17582,entrepreneur,single,primary,phone,25,199.68,0
3224,61,9418,entrepreneur,single,secondary,phone,17,409.93,0
3225,48,8588,student,single,primary,email,46,119.08,0
3226,37,11341,white_collar,married,primary,phone,15,68.39,0
3227,41,10517,blue_collar,single,secondary,phone,5,255.55,1
3228,42,15674,entrepreneur,single,secondary,email,17,326.63,0
3229,53,15402,blue_collar,single,primary,sms,21,303.83,0
3230,38,14750,student,single,primary,phone,23,359.8,0
3231,47,13450,white_collar,married,secondary,email,43,37.81,0
3232,41,2196,entrepreneur,divorced,primary,phone,10,219.82,0
3233,61,11901,student,divorced,primary,email,17,126.9,0
3234,59,18692,student,divorced,secondary,sms,1,381.97,0
3235,47,16659,white_collar,divorced,secondary,sms,37,437.64,0
3236,39,7269,entrepreneur,single,tertiary,phone,48,147.85,0
3237,45,13388,white_collar,divorced,secondary,email,7,56.66,0
3238,24,10794,white_collar,divorced,secondary,sms,12,134.18,0
3239,52,12291,blue_collar,married,secondary,sms,40,60.96,0
3240,45,18151,blue_collar,married,tertiary,email,1,167.99,0
3241,31,10837,white_collar,married,primary,phone,20,273.72,0
3242,27,18307,blue_collar,single,secondary,sms,44,487.1,0
3243,33,5247,student,single,secondary,sms,31,205.69,0
3244,33,17840,white_collar,single,tertiary,sms,4,117.82,1
3245,48,19556,entrepreneur,married,tertiary,phone,26,91.73,0
3246,59,19743,entrepreneur,divorced,tertiary,sms,12,94.79,0
3247,42,6299,student,married,primary,email,22,104.37,0
3248,30,646,entrepreneur,single,tertiary,phone,1,383.51,1
3249,23,5331,entrepreneur,married,primary,sms,1,39.9,0
3250,61,8065,white_collar,divorced,secondary,email,3,498.73,0
3251,26,18567,student,single,secondary,email,12,266.12,0
3252,62,2140,white_collar,divorced,secondary,phone,21,276.69,0
3253,53,1852,student,divorced,tertiary,email,13,185.21,0
3254,60,1949,white_collar,single,secondary,phone,13,348.23,1
3255,37,2742,white_collar,divorced,tertiary,phone,41,241.01,0
3256,35,1700,blue_collar,married,primary,phone,18,171.24,0
3257,60,14051,entrepreneur,divorced,secondary,email,33,139.92,0
3258,38,11897,student,divorced,primary,phone,6,463.57,0
3259,21,17102,entrepreneur,divorced,tertiary,phone,25,152.58,0
3260,67,1232,blue_collar,married,tertiary,email,23,223.83,0
3261,50,5591,student,divorced,secondary,phone,24,181.67,0
3262,44,5895,blue_collar,divorced,secondary,sms,37,52.23,0
3263,24,10631,entrepreneur,married,tertiary,email,26,101.11,0
3264,23,11031,white_collar,single,secondary,email,4,102.86,1
3265,32,7733,blue_collar,single,secondary,email,38,349.89,0
3266,35,17971,blue_collar,single,primary,sms,35,209.23,0
3267,49,5109,white_collar,divorced,tertiary,phone,49,393.16,0
3268,28,2213,entrepreneur,single,primary,email,11,357.39,1
3269,37,1144,blue_collar,married,secondary,email,36,104.1,0
3270,41,14023,entrepreneur,divorced,primary,email,25,285.83,0
3271,32,2531,white_collar,divorced,tertiary,sms,20,374.03,0
3272,65,14026,student,divorced,primary,sms,1,320.19,0
3273,24,1682,blue_collar,single,primary,sms,30,304.01,1
3274,38,14474,entrepreneur,single,secondary,phone,4,372.41,1
3275,59,1408,white_collar,single,tertiary,phone,23,37.82,1
3276,43,8893,white_collar,divorced,secondary,sms,35,368.4,0
3277,61,1720,blue_collar,married,secondary,phone,42,143.6,0
3278,31,4866,student,divorced,tertiary,sms,22,290.22,0
3279,54,5292,blue_collar,married,primary,phone,31,128.73,0
3280,38,6722,entrepreneur,divorced,secondary,phone,1,421.02,0
3281,35,6193,white_collar,married,primary,sms,4,245.47,0
3282,22,16584,student,divorced,tertiary,email,19,325.04,0
3283,20,337,entrepreneur,divorced,secondary,email,30,399.1,0
3284,40,11210,blue_collar,married,primary,phone,1,448.7,0
3285,43,6173,white_collar,married,primary,phone,48,368.71,0
3286,54,2642,blue_collar,married,secondary,phone,19,82.9,0
3287,41,15382,student,married,tertiary,phone,21,428.72,0
3288,66,10295,student,married,primary,phone,22,313.1,0
3289,36,1637,student,married,tertiary,phone,2,308.63,1
3290,68,17238,student,married,secondary,sms,6,461.46,0
3291,42,11660,student,married,primary,email,21,131.93,0
3292,38,13534,blue_collar,divorced,primary,email,33,127.4,0
3293,29,7496,student,married,primary,sms,19,261.46,0
3294,58,17024,student,married,tertiary,sms,27,377.92,0
3295,50,5231,white_collar,divorced,primary,email,37,229.15,0
3296,67,8797,student,divorced,primary,email,29,320.61,0
3297,21,17613,white_collar,single,secondary,phone,28,231.74,0
3298,59,10371,white_collar,single,primary,email,34,309.09,0
3299,24,3245,white_collar,married,tertiary,phone,1,412.91,1
3300,39,13200,blue_collar,married,secondary,phone,48,98.43,0
3301,50,4167,blue_collar,single,secondary,email,25,350.74,1
3302,34,4295,entrepreneur,single,primary,phone,21,395.84,1
3303,41,9344,entrepreneur,married,secondary,phone,34,229.08,0
3304,51,7381,white_collar,single,primary,sms,26,168.38,0
3305,45,2609,blue_collar,married,secondary,email,36,16.64,0
3306,60,15602,student,divorced,tertiary,sms,35,400.58,0
3307,58,6633,entrepreneur,divorced,primary,phone,23,170.69,0
3308,56,17165,blue_collar,single,tertiary,phone,17,185.08,0
3309,39,14770,student,divorced,primary,sms,47,174.64,0
3310,66,4032,student,divorced,tertiary,sms,42,254.38,0
3311,34,14695,blue_collar,divorced,tertiary,sms,12,354.22,0
3312,51,13141,entrepreneur,divorced,secondary,phone,44,388.21,0
3313,23,5660,blue_collar,married,primary,email,20,202.36,0
3314,63,4116,entrepreneur,married,secondary,phone,39,334.92,0
3315,23,819,white_collar,single,tertiary,sms,27,363.14,1
3316,51,174,blue_collar,divorced,primary,email,42,155.49,0
3317,18,13261,blue_collar,divorced,tertiary,sms,37,57.34,0
3318,27,2249,entrepreneur,divorced,tertiary,phone,20,448.39,0
3319,38,14133,entrepreneur,single,tertiary,email,11,341.79,0
3320,22,4307,blue_collar,married,tertiary,email,28,327.57,0
3321,19,15143,student,divorced,secondary,phone,2,38.86,0
3322,39,9178,student,married,tertiary,sms,24,410.76,0
3323,65,11825,student,single,secondary,sms,16,287.37,0
3324,19,4036,white_collar,married,tertiary,sms,12,425.46,0
3325,27,9407,white_collar,divorced,primary,phone,16,487.53,0
3326,51,17559,entrepreneur,married,tertiary,sms,36,478.98,0
3327,33,4715,white_collar,married,tertiary,email,2,429.48,1
3328,65,7365,student,single,primary,sms,25,15.36,0
3329,68,10216,blue_collar,single,primary,sms,29,444.01,0
3330,56,15833,white_collar,single,tertiary,email,28,46.78,0
3331,39,13992,white_collar,single,tertiary,email,10,427.09,0
3332,29,4752,student,married,secondary,sms,45,147.29,0
3333,41,10573,white_collar,married,primary,email,23,308.93,0
3334,64,9347,entrepreneur,single,primary,phone,32,28.65,0
3335,57,17025,blue_collar,single,secondary,email,31,387.88,0
3336,55,2261,student,divorced,tertiary,phone,19,64.74,0
3337,27,18735,entrepreneur,divorced,tertiary,email,15,211.24,0
3338,52,19228,student,single,primary,phone,33,410.55,0
3339,68,14688,entrepreneur,married,secondary,phone,17,350.72,0
3340,66,12161,blue_collar,single,tertiary,sms,36,12.96,0
3341,49,6141,blue_collar,married,primary,email,20,207.49,0
3342,24,12773,entrepreneur,married,tertiary,email,9,30.54,0
3343,38,1660,entrepreneur,divorced,tertiary,email,38,340.01,0
3344,37,12054,entrepreneur,single,tertiary,phone,3,484.78,1
3345,43,17648,entrepreneur,single,primary,sms,2,331.08,1
3346,21,15178,entrepreneur,married,secondary,email,18,119.94,0
3347,63,5519,entrepreneur,single,secondary,sms,23,184.06,0
3348,69,2822,blue_collar,divorced,tertiary,sms,19,488.56,0
3349,39,10650,entrepreneur,divorced,secondary,phone,7,119.79,0
3350,32,16954,white_collar,single,tertiary,email,35,285.15,0
3351,57,1568,blue_collar,single,primary,sms,20,206.22,1
3352,38,908,student,divorced,primary,email,20,386.47,0
3353,32,6819,blue_collar,single,primary,email,19,435.02,0
3354,39,16463,student,married,tertiary,email,41,177.01,0
3355,69,10691,student,single,secondary,sms,16,333.59,0
3356,45,5173,white_collar,married,primary,phone,38,279.03,0
3357,31,8112,entrepreneur,single,tertiary,phone,21,146.44,0
3358,44,18129,entrepreneur,single,secondary,sms,29,143.25,0
3359,58,13992,blue_collar,divorced,secondary,email,44,273.93,0
3360,57,8349,entrepreneur,married,secondary,email,38,85.46,0
3361,45,17613,white_collar,divorced,tertiary,phone,45,407.3,0
3362,43,15247,blue_collar,single,tertiary,sms,24,43.81,0
3363,66,17837,blue_collar,divorced,tertiary,sms,37,56.34,0
3364,19,867,blue_collar,single,primary,phone,29,177.69,1
3365,42,3995,entrepreneur,single,tertiary,sms,31,67.86,1
3366,20,19938,entrepreneur,single,primary,sms,45,243.09,0
3367,25,10300,entrepreneur,married,primary,phone,39,205.84,0
3368,61,7429,blue_collar,married,primary,phone,12,363.69,0
3369,50,15432,blue_collar,married,tertiary,sms,30,476.97,0
3370,59,14721,student,divorced,primary,sms,4,379.24,0
3371,69,11434,student,single,tertiary,phone,30,97.93,0
3372,52,18274,entrepreneur,divorced,tertiary,phone,5,468.41,0
3373,23,985,blue_collar,divorced,primary,email,16,202.15,0
3374,56,7834,entrepreneur,single,primary,sms,27,242.35,0
3375,69,4006,entrepreneur,divorced,primary,sms,4,216.57,1
3376,40,4592,student,single,tertiary,phone,8,147.47,1
3377,42,9830,white_collar,single,tertiary,phone,48,448.57,0
3378,67,2173,entrepreneur,single,primary,email,8,172.8,1
3379,60,16796,white_collar,single,primary,email,17,293.51,0
3380,36,6369,white_collar,divorced,secondary,phone,46,127.62,0
3381,22,17294,blue_collar,divorced,primary,sms,44,400.71,0
3382,68,6941,blue_collar,divorced,secondary,email,3,389.36,0
3383,28,11055,entrepreneur,married,secondary,phone,27,155.19,0
3384,29,2132,student,divorced,tertiary,phone,34,343.96,0
3385,27,9799,student,divorced,tertiary,phone,45,354.9,0
3386,25,12837,entrepreneur,married,secondary,sms,21,285.63,0
3387,41,10862,entrepreneur,single,secondary,phone,43,304.29,0
3388,45,7229,student,single,primary,phone,24,291.48,0
3389,58,19189,white_collar,single,secondary,sms,44,50.11,0
3390,53,8888,entrepreneur,married,primary,phone,41,338.43,0
3391,54,2247,white_collar,divorced,tertiary,phone,29,240.19,0
3392,38,715,entrepreneur,divorced,primary,email,39,224.84,0
3393,25,1047,entrepreneur,divorced,tertiary,phone,6,431.4,1
3394,26,5777,white_collar,divorced,secondary,sms,14,21.38,0
3395,64,7966,white_collar,married,secondary,email,14,133.14,0
3396,32,2113,student,divorced,secondary,phone,37,69.49,0
3397,65,16974,entrepreneur,single,primary,sms,24,27.32,0
3398,63,18912,blue_collar,married,tertiary,phone,13,145.08,0
3399,57,5087,blue_collar,married,tertiary,email,1,494.35,0
3400,35,8833,entrepreneur,single,tertiary,sms,12,142.41,0
3401,59,9579,entrepreneur,single,tertiary,email,42,335.22,0
3402,37,9925,entrepreneur,divorced,tertiary,sms,24,67.97,0
3403,23,3026,white_collar,single,primary,sms,37,304.91,1
3404,29,7382,blue_collar,married,tertiary,phone,20,492.4,0
3405,19,15735,blue_collar,married,secondary,sms,6,153.0,0
3406,24,15947,blue_collar,married,tertiary,sms,12,425.56,0
3407,33,9590,entrepreneur,divorced,secondary,phone,21,498.81,0
3408,20,7086,white_collar,divorced,primary,sms,3,298.39,0
3409,62,6962,entrepreneur,single,primary,sms,27,161.61,0
3410,20,12259,student,divorced,secondary,sms,46,340.03,0
3411,44,4523,student,divorced,tertiary,sms,36,423.98,0
3412,67,10550,blue_collar,married,primary,phone,17,93.96,0
3413,60,8259,entrepreneur,married,primary,phone,49,231.73,0
3414,57,2173,student,single,primary,email,46,166.4,1
3415,55,17185,student,married,tertiary,sms,15,148.85,0
3416,50,10211,entrepreneur,divorced,secondary,phone,39,431.8,0
3417,45,6925,white_collar,single,secondary,sms,4,216.61,1
3418,18,10752,entrepreneur,single,tertiary,phone,17,176.15,0
3419,25,12554,entrepreneur,married,primary,email,38,305.72,0
3420,54,8068,white_collar,married,tertiary,sms,11,117.51,0
3421,49,12616,blue_collar,married,tertiary,email,12,122.65,0
3422,65,14390,blue_collar,single,secondary,email,47,264.94,0
3423,60,7876,blue_collar,married,tertiary,email,32,210.54,0
3424,54,8658,white_collar,divorced,tertiary,phone,27,154.54,0
3425,21,8819,student,single,primary,sms,44,36.44,0
3426,47,4986,white_collar,married,primary,phone,43,265.18,0
3427,23,4719,entrepreneur,divorced,secondary,phone,27,410.14,0
3428,63,14056,white_collar,divorced,primary,sms,49,427.17,0
3429,36,10445,student,married,tertiary,sms,40,125.37,0
3430,49,6975,student,divorced,tertiary,sms,44,303.82,0
3431,26,10200,entrepreneur,single,tertiary,sms,29,429.38,0
3432,29,7956,blue_collar,single,secondary,phone,9,210.28,1
3433,28,5501,student,divorced,primary,sms,43,466.75,0
3434,63,3122,student,single,tertiary,sms,3,452.46,1
3435,33,11775,student,married,primary,sms,39,111.99,0
3436,18,11012,entrepreneur,divorced,primary,email,29,136.89,0
3437,62,5838,student,single,primary,sms,21,98.42,0
3438,38,15226,blue_collar,married,primary,sms,35,106.07,0
3439,47,1870,entrepreneur,married,secondary,phone,48,454.85,0
3440,30,12405,blue_collar,single,secondary,email,10,466.26,0
3441,51,10069,student,divorced,secondary,phone,23,35.43,0
3442,21,12504,student,married,tertiary,email,39,300.87,0
3443,45,9089,blue_collar,married,tertiary,phone,25,286.47,0
3444,55,3315,entrepreneur,married,tertiary,phone,24,201.37,0
3445,48,12080,entrepreneur,married,secondary,sms,20,319.53,0
3446,44,6794,blue_collar,divorced,primary,sms,15,474.21,0
3447,22,19460,student,single,secondary,email,21,93.42,0
3448,42,17236,white_collar,single,tertiary,email,42,69.0,0
3449,20,10761,blue_collar,single,tertiary,email,12,26.36,0
3450,50,1492,blue_collar,married,primary,sms,18,188.28,0
3451,21,6889,blue_collar,divorced,secondary,phone,23,175.44,0
3452,42,14485,student,single,primary,email,41,221.1,0
3453,37,17161,entrepreneur,divorced,secondary,sms,29,256.62,0
3454,51,205,student,single,tertiary,sms,41,381.33,1
3455,43,11579,blue_collar,married,primary,phone,36,202.14,0
3456,22,2046,student,single,primary,phone,5,172.0,1
3457,52,5644,student,married,secondary,sms,39,415.17,0
3458,45,17579,blue_collar,married,secondary,phone,26,426.4,0
3459,46,13375,student,single,secondary,phone,39,124.06,0
3460,26,7085,white_collar,divorced,tertiary,sms,11,164.19,0
3461,69,1882,student,married,secondary,email,42,414.31,0
3462,55,19741,student,divorced,tertiary,email,11,48.91,0
3463,67,6313,entrepreneur,single,secondary,sms,18,169.66,0
3464,23,14585,entrepreneur,married,secondary,email,12,229.69,0
3465,36,15705,blue_collar,divorced,tertiary,sms,16,101.67,0
3466,61,4969,blue_collar,married,secondary,sms,27,98.16,0
3467,28,18045,entrepreneur,single,tertiary,phone,36,218.18,0
3468,19,9967,white_collar,married,tertiary,email,17,379.72,0
3469,64,4081,student,single,secondary,sms,49,421.71,1
3470,61,9593,white_collar,divorced,secondary,email,21,489.83,0
3471,61,5782,white_collar,married,primary,email,37,46.25,0
3472,26,5882,entrepreneur,divorced,secondary,email,31,116.17,0
3473,38,17427,blue_collar,single,primary,sms,45,380.75,0
3474,41,9237,student,single,secondary,phone,35,274.89,0
3475,51,17084,blue_collar,divorced,tertiary,email,27,170.56,0
3476,39,13112,white_collar,divorced,tertiary,sms,23,110.74,0
3477,20,1624,white_collar,single,primary,email,32,147.43,1
3478,29,16734,blue_collar,divorced,secondary,phone,17,220.35,0
3479,45,178,blue_collar,single,primary,email,11,96.8,1
3480,47,3223,entrepreneur,divorced,secondary,sms,1,482.47,1
3481,43,7164,blue_collar,single,secondary,email,28,62.72,0
3482,65,13168,blue_collar,single,tertiary,email,18,492.93,0
3483,38,8517,entrepreneur,married,primary,email,49,422.53,0
3484,45,13462,blue_collar,single,tertiary,phone,41,217.34,0
3485,43,1309,white_collar,single,tertiary,email,20,372.51,1
3486,50,5253,blue_collar,married,tertiary,sms,7,339.04,0
3487,38,4998,student,married,primary,email,37,114.51,0
3488,52,18662,white_collar,divorced,secondary,email,16,176.14,0
3489,69,10971,entrepreneur,divorced,secondary,email,39,261.43,0
3490,51,7710,white_collar,single,primary,phone,45,322.54,0
3491,58,11177,entrepreneur,divorced,secondary,sms,45,276.02,0
3492,68,15891,student,divorced,primary,email,47,241.76,0
3493,64,2644,student,single,primary,sms,23,227.14,1
3494,35,5622,white_collar,married,secondary,sms,32,254.15,0
3495,28,2470,blue_collar,married,tertiary,phone,49,222.83,0
3496,40,19765,white_collar,single,primary,sms,17,275.25,0
3497,65,4810,white_collar,single,primary,email,19,445.11,1
3498,39,428,student,single,primary,phone,42,320.09,1
3499,34,13783,entrepreneur,single,primary,phone,34,364.08,0
3500,22,5679,white_collar,single,secondary,sms,14,302.77,0
3501,61,13222,blue_collar,single,secondary,phone,3,325.08,1
3502,28,6894,student,divorced,primary,sms,39,293.39,0
3503,47,220,white_collar,divorced,tertiary,sms,25,23.16,0
3504,32,6849,white_collar,divorced,secondary,phone,11,499.8,0
3505,44,13863,blue_collar,married,tertiary,email,49,26.47,0
3506,52,17448,white_collar,single,tertiary,sms,15,203.62,0
3507,50,15550,white_collar,single,primary,phone,19,61.51,0
3508,37,3775,white_collar,divorced,secondary,phone,43,57.49,0
3509,33,18560,white_collar,married,primary,sms,15,398.83,0
3510,51,5743,blue_collar,divorced,primary,sms,15,218.7,0
3511,19,11660,white_collar,single,tertiary,sms,38,402.56,0
3512,52,17800,white_collar,single,tertiary,sms,15,143.67,0
3513,57,17680,white_collar,divorced,tertiary,email,9,135.67,0
3514,45,15483,student,divorced,primary,email,5,133.1,0
3515,64,3270,blue_collar,single,primary,email,19,311.91,1
3516,56,455,student,divorced,primary,email,24,409.35,0
3517,23,9818,student,single,primary,phone,29,231.61,0
3518,26,128,blue_collar,divorced,primary,sms,5,195.83,1
3519,37,14931,student,married,primary,phone,22,487.05,0
3520,18,17497,student,single,primary,phone,13,67.21,0
3521,25,10994,student,married,primary,email,49,248.45,0
3522,40,9119,blue_collar,divorced,secondary,phone,47,210.16,0
3523,20,12738,white_collar,married,secondary,email,46,58.08,0
3524,21,14989,entrepreneur,divorced,secondary,sms,29,141.42,0
3525,42,2124,entrepreneur,married,secondary,email,16,23.94,0
3526,64,5939,blue_collar,married,primary,sms,36,439.71,0
3527,55,13603,entrepreneur,married,primary,email,17,307.85,0
3528,32,10403,blue_collar,single,tertiary,phone,20,409.36,0
3529,38,17238,blue_collar,married,tertiary,phone,14,265.56,0
3530,52,17722,entrepreneur,divorced,secondary,email,6,303.76,0
3531,63,2006,student,divorced,tertiary,sms,22,353.42,0
3532,69,7499,white_collar,single,secondary,sms,40,454.93,0
3533,31,8061,entrepreneur,single,primary,email,9,54.96,1
3534,53,12131,entrepreneur,divorced,primary,phone,32,172.16,0
3535,29,15228,entrepreneur,married,tertiary,sms,24,357.42,0
3536,34,15763,entrepreneur,divorced,primary,email,33,479.59,0
3537,56,1560,blue_collar,single,primary,sms,13,490.6,1
3538,26,15782,blue_collar,single,secondary,phone,35,322.67,0
3539,52,15293,white_collar,divorced,tertiary,sms,6,104.86,0
3540,30,17900,white_collar,married,primary,email,49,68.41,0
3541,32,11145,entrepreneur,married,tertiary,sms,40,473.56,0
3542,35,7866,entrepreneur,single,primary,sms,30,222.62,0
3543,68,17912,entrepreneur,divorced,secondary,phone,38,105.46,0
3544,50,4478,white_collar,divorced,primary,phone,16,467.61,0
3545,23,7629,entrepreneur,single,tertiary,phone,1,61.22,1
3546,44,3171,student,divorced,tertiary,phone,42,367.49,0
3547,40,17039,white_collar,single,secondary,email,18,316.38,0
3548,44,18047,student,married,primary,sms,22,52.99,0
3549,51,11792,entrepreneur,married,secondary,sms,26,175.99,0
3550,63,1140,blue_collar,divorced,tertiary,sms,14,83.47,0
3551,55,2786,student,married,secondary,sms,37,306.2,0
3552,31,12766,white_collar,married,primary,email,49,243.79,0
3553,53,2653,student,single,primary,phone,14,12.09,1
3554,25,1879,white_collar,single,secondary,sms,26,488.1,1
3555,52,13286,entrepreneur,divorced,tertiary,sms,36,181.3,0
3556,36,16559,student,single,tertiary,phone,23,136.52,0
3557,47,5157,blue_collar,divorced,secondary,phone,2,119.0,0
3558,31,18833,student,divorced,primary,sms,39,87.82,0
3559,37,19257,blue_collar,single,primary,phone,7,499.58,1
3560,66,2362,white_collar,married,primary,sms,39,154.6,0
3561,42,19713,entrepreneur,married,primary,sms,45,208.7,0
3562,57,10408,entrepreneur,married,tertiary,sms,22,436.96,0
3563,41,16876,blue_collar,married,primary,sms,28,324.52,0
3564,31,17592,white_collar,divorced,secondary,sms,38,190.66,0
3565,43,5288,entrepreneur,married,secondary,sms,20,450.18,0
3566,55,8902,white_collar,divorced,secondary,phone,49,377.36,0
3567,40,5157,blue_collar,single,secondary,email,18,121.67,0
3568,39,4098,blue_collar,single,primary,email,24,325.43,1
3569,65,8964,student,divorced,tertiary,sms,33,461.98,0
3570,36,3777,entrepreneur,married,primary,phone,45,253.27,0
3571,63,5896,entrepreneur,divorced,tertiary,sms,26,369.47,0
3572,68,14550,student,married,primary,phone,19,485.84,0
3573,20,6463,blue_collar,married,tertiary,sms,48,348.3,0
3574,59,8223,blue_collar,divorced,secondary,sms,42,60.19,0
3575,36,8322,blue_collar,divorced,secondary,email,13,129.83,0
3576,26,13754,blue_collar,married,tertiary,phone,10,301.6,0
3577,45,17884,white_collar,divorced,tertiary,phone,14,145.02,0
3578,37,4171,entrepreneur,married,tertiary,email,9,479.2,1
3579,62,8908,entrepreneur,divorced,secondary,email,11,208.62,0
3580,24,2886,blue_collar,single,secondary,email,3,234.04,1
3581,31,970,blue_collar,married,primary,email,40,353.79,0
3582,26,4296,blue_collar,single,tertiary,phone,12,266.88,1
3583,36,11896,entrepreneur,divorced,tertiary,phone,35,197.25,0
3584,64,2839,entrepreneur,single,tertiary,email,39,47.55,1
3585,69,1040,blue_collar,divorced,secondary,sms,46,302.26,0
3586,31,440,white_collar,married,tertiary,sms,39,435.11,0
3587,55,4233,student,divorced,tertiary,sms,32,346.02,0
3588,53,17143,student,divorced,secondary,sms,39,196.93,0
3589,57,10325,student,married,tertiary,phone,14,72.59,0
3590,34,9852,entrepreneur,divorced,primary,phone,44,410.01,0
3591,47,3557,entrepreneur,married,secondary,phone,1,471.46,1
3592,26,9948,student,divorced,secondary,sms,27,200.25,0
3593,50,19459,student,married,secondary,email,37,367.03,0
3594,69,9341,white_collar,single,primary,sms,43,211.27,0
3595,42,553,entrepreneur,divorced,secondary,phone,1,256.11,1
3596,31,9996,entrepreneur,divorced,secondary,sms,45,419.87,0
3597,28,11076,student,divorced,secondary,email,29,50.88,0
3598,52,15972,white_collar,married,secondary,email,24,269.86,0
3599,58,918,white_collar,divorced,primary,sms,17,115.16,0
3600,31,4968,student,married,tertiary,phone,35,176.5,0
3601,47,16496,student,divorced,tertiary,phone,31,325.77,0
3602,58,12271,entrepreneur,single,secondary,phone,42,23.34,0
3603,21,1020,student,divorced,primary,sms,32,300.97,0
3604,21,18902,blue_collar,single,secondary,phone,19,148.89,0
3605,45,9606,white_collar,married,tertiary,sms,31,338.05,0
3606,25,6575,student,single,tertiary,phone,39,79.37,0
3607,19,2117,blue_collar,divorced,primary,email,20,370.55,0
3608,58,8057,white_collar,divorced,tertiary,email,28,326.36,0
3609,63,16330,blue_collar,married,secondary,phone,3,485.91,0
3610,39,9520,blue_collar,divorced,primary,sms,32,456.51,0
3611,58,4892,student,divorced,tertiary,phone,22,148.82,0
3612,33,13337,white_collar,married,secondary,sms,44,23.39,0
3613,46,18918,blue_collar,married,primary,email,42,331.13,0
3614,66,16351,entrepreneur,single,secondary,sms,44,305.41,0
3615,65,19352,white_collar,married,tertiary,phone,15,23.44,0
3616,47,10807,entrepreneur,divorced,secondary,email,38,70.11,0
3617,29,1538,student,married,primary,sms,19,296.5,0
3618,52,3643,entrepreneur,divorced,secondary,sms,31,456.8,0
3619,28,11467,white_collar,single,tertiary,email,26,454.19,0
3620,63,18265,blue_collar,married,primary,phone,5,84.23,0
3621,67,15620,blue_collar,divorced,primary,email,20,198.44,0
3622,38,6443,white_collar,married,tertiary,phone,2,31.17,0
3623,38,2363,blue_collar,married,secondary,phone,21,239.94,0
3624,22,10261,entrepreneur,married,secondary,sms,36,379.01,0
3625,65,311,blue_collar,married,tertiary,phone,28,397.09,0
3626,37,13909,blue_collar,single,primary,phone,20,254.5,0
3627,54,7127,entrepreneur,divorced,tertiary,email,37,56.98,0
3628,20,431,entrepreneur,married,primary,email,39,196.87,0
3629,61,8269,entrepreneur,divorced,primary,phone,36,466.73,0
3630,50,9233,student,single,secondary,sms,11,122.51,0
3631,26,14691,entrepreneur,divorced,tertiary,email,3,166.68,0
3632,26,16225,entrepreneur,divorced,primary,sms,37,375.95,0
3633,21,827,student,single,secondary,email,20,369.45,1
3634,52,11154,blue_collar,married,tertiary,email,32,456.98,0
3635,34,3343,entrepreneur,divorced,tertiary,phone,47,200.18,0
3636,51,17132,white_collar,divorced,primary,email,25,262.15,0
3637,41,5195,entrepreneur,married,primary,email,21,239.02,0
3638,49,13909,entrepreneur,married,primary,sms,16,464.6,0
3639,18,11029,student,divorced,tertiary,email,48,386.97,0
3640,25,14942,white_collar,single,primary,email,42,417.41,0
3641,62,17493,blue_collar,married,tertiary,sms,1,75.22,0
3642,40,1650,blue_collar,married,secondary,phone,23,398.0,0
3643,64,9095,white_collar,single,tertiary,phone,43,222.16,0
3644,57,15266,entrepreneur,divorced,primary,email,49,21.44,0
3645,29,7592,student,married,tertiary,email,24,39.44,0
3646,29,12601,white_collar,divorced,primary,sms,47,342.17,0
3647,63,15667,white_collar,divorced,secondary,phone,25,192.29,0
3648,64,19885,blue_collar,divorced,primary,phone,7,435.38,0
3649,32,13365,student,single,primary,phone,38,369.79,0
3650,58,5524,white_collar,divorced,primary,sms,47,20.62,0
3651,36,14186,student,divorced,primary,sms,47,346.58,0
3652,43,3261,entrepreneur,married,primary,sms,39,104.25,0
3653,69,9315,blue_collar,married,primary,email,35,217.07,0
3654,46,6717,entrepreneur,single,secondary,phone,14,316.12,0
3655,39,12026,student,single,secondary,email,9,437.63,1
3656,57,15192,entrepreneur,married,tertiary,email,3,233.49,0
3657,38,16260,blue_collar,married,primary,sms,38,406.16,0
3658,68,17660,student,single,tertiary,phone,20,393.65,0
3659,55,15738,white_collar,divorced,secondary,email,41,213.12,0
3660,37,2333,entrepreneur,single,secondary,phone,33,255.48,1
3661,46,4800,blue_collar,divorced,primary,email,41,353.24,0
3662,68,11127,white_collar,married,primary,sms,44,25.26,0
3663,21,7960,blue_collar,married,tertiary,email,32,446.5,0
3664,24,7626,student,married,secondary,sms,36,387.21,0
3665,45,5659,student,divorced,tertiary,phone,26,132.21,0
3666,45,6832,entrepreneur,single,tertiary,email,48,490.78,0
3667,21,2613,blue_collar,divorced,tertiary,email,5,97.9,1
3668,39,7930,blue_collar,single,primary,sms,49,457.9,0
3669,29,14881,blue_collar,single,secondary,sms,30,168.99,0
3670,62,8010,student,single,tertiary,phone,17,383.94,0
3671,20,15947,entrepreneur,married,secondary,sms,6,233.62,0
3672,39,5749,blue_collar,single,secondary,phone,15,370.87,0
3673,61,17580,blue_collar,married,tertiary,email,1,86.33,0
3674,19,9220,white_collar,single,tertiary,phone,13,142.06,0
3675,41,2051,blue_collar,single,primary,phone,48,58.93,1
3676,51,10265,entrepreneur,married,secondary,phone,34,433.92,0
3677,44,14452,white_collar,married,tertiary,email,30,155.18,0
3678,58,9846,white_collar,divorced,tertiary,email,19,350.29,0
3679,18,11070,white_collar,single,secondary,sms,2,411.91,1
3680,25,9286,student,married,tertiary,phone,44,451.69,0
3681,40,8904,white_collar,divorced,secondary,email,12,62.09,0
3682,55,695,blue_collar,divorced,tertiary,phone,40,447.58,0
3683,23,7975,student,married,secondary,phone,44,106.65,0
3684,39,6072,student,single,tertiary,phone,24,371.08,0
3685,42,15982,student,divorced,tertiary,email,11,367.14,0
3686,35,958,student,single,primary,phone,2,14.17,1
3687,34,5619,student,single,secondary,phone,1,118.11,1
3688,29,10080,student,divorced,primary,sms,28,251.04,0
3689,23,4417,student,married,tertiary,phone,4,215.82,1
3690,43,19938,white_collar,single,secondary,sms,41,460.1,0
3691,44,12244,entrepreneur,married,secondary,phone,30,186.27,0
3692,25,12979,blue_collar,divorced,tertiary,sms,7,469.12,0
3693,36,1130,blue_collar,single,tertiary,email,22,235.12,1
3694,59,9587,white_collar,married,tertiary,email,26,482.53,0
3695,18,13405,white_collar,married,tertiary,phone,29,371.3,0
3696,46,10355,student,single,secondary,sms,25,416.37,0
3697,62,1547,entrepreneur,married,primary,email,10,61.39,0
3698,66,10337,student,married,secondary,phone,20,297.21,0
3699,52,2950,white_collar,divorced,secondary,phone,14,79.92,0
3700,57,12053,student,divorced,secondary,sms,33,155.83,0
3701,31,8206,blue_collar,married,secondary,sms,5,315.55,0
3702,52,10100,blue_collar,married,tertiary,phone,45,365.85,0
3703,65,9603,student,single,primary,sms,6,29.2,1
3704,62,15593,entrepreneur,divorced,secondary,sms,22,270.16,0
3705,37,4155,student,single,secondary,email,17,287.0,1
3706,66,5502,student,married,primary,sms,15,48.63,0
3707,30,9381,entrepreneur,single,tertiary,phone,39,255.34,0
3708,55,1772,entrepreneur,married,secondary,sms,40,359.78,0
3709,66,4632,entrepreneur,divorced,tertiary,phone,28,36.08,0
3710,63,5024,blue_collar,divorced,secondary,phone,2,382.53,0
3711,66,15369,student,married,secondary,sms,18,292.45,0
3712,25,12646,white_collar,divorced,primary,sms,27,418.28,0
3713,60,6185,entrepreneur,married,primary,sms,21,116.85,0
3714,37,12490,entrepreneur,single,tertiary,email,23,418.3,0
3715,50,13380,student,married,secondary,email,7,56.33,0
3716,43,4964,white_collar,single,tertiary,sms,48,207.88,1
3717,56,9416,student,married,primary,phone,19,107.75,0
3718,38,1321,student,divorced,primary,sms,9,439.25,1
3719,66,2960,entrepreneur,married,primary,email,12,355.41,0
3720,59,10802,entrepreneur,married,primary,email,46,22.43,0
3721,60,8528,blue_collar,married,primary,sms,30,14.67,0
3722,58,15485,white_collar,divorced,tertiary,phone,7,152.71,0
3723,26,9436,white_collar,married,tertiary,phone,2,80.21,0
3724,41,3353,entrepreneur,divorced,primary,email,17,318.85,0
3725,54,3882,entrepreneur,married,secondary,email,11,335.26,0
3726,66,17250,entrepreneur,single,secondary,email,12,471.56,0
3727,58,19165,white_collar,married,secondary,phone,3,476.5,0
3728,34,16443,blue_collar,single,secondary,email,21,332.86,0
3729,41,19149,white_collar,divorced,secondary,email,14,12.78,0
3730,38,10051,entrepreneur,divorced,primary,phone,15,185.91,0
3731,68,16369,entrepreneur,married,tertiary,email,42,261.44,0
3732,56,14667,blue_collar,divorced,primary,email,41,254.6,0
3733,58,11783,student,married,secondary,sms,10,305.64,0
3734,56,3613,student,divorced,secondary,email,36,480.67,0
3735,30,16979,white_collar,single,tertiary,sms,10,443.74,0
3736,28,13435,student,divorced,primary,email,17,63.36,0
3737,63,11472,student,single,tertiary,email,44,140.33,0
3738,36,5922,white_collar,married,secondary,sms,25,418.22,0
3739,28,14937,entrepreneur,married,secondary,email,27,413.91,0
3740,30,12222,student,married,tertiary,sms,33,144.93,0
3741,63,2172,entrepreneur,single,secondary,email,11,367.99,1
3742,62,8629,white_collar,married,primary,sms,13,339.3,0
3743,18,19039,entrepreneur,married,secondary,sms,1,242.03,0
3744,57,6059,entrepreneur,single,secondary,email,31,108.71,0
3745,61,9207,white_collar,divorced,primary,email,33,445.44,0
3746,36,6093,entrepreneur,married,secondary,sms,21,342.15,0
3747,29,5121,student,divorced,tertiary,phone,16,92.81,0
3748,25,19391,student,divorced,tertiary,email,39,355.35,0
3749,25,19398,student,married,secondary,email,23,373.3,0
3750,62,13646,student,married,primary,phone,10,444.57,0
3751,29,10274,entrepreneur,single,primary,phone,48,119.19,0
3752,65,16238,student,single,tertiary,sms,33,494.49,0
3753,50,11859,entrepreneur,married,secondary,email,22,85.16,0
3754,62,9290,blue_collar,divorced,primary,sms,41,304.34,0
3755,43,12986,entrepreneur,single,primary,email,6,332.02,1
3756,56,16879,student,single,tertiary,phone,47,215.29,0
3757,45,17422,blue_collar,married,tertiary,sms,36,242.77,0
3758,22,9928,white_collar,married,primary,email,47,446.55,0
3759,25,2610,entrepreneur,married,tertiary,email,10,326.18,0
3760,42,18133,student,married,primary,phone,16,253.53,0
3761,44,3535,student,single,secondary,phone,13,72.89,1
3762,63,3301,student,single,tertiary,email,20,13.6,1
3763,40,15253,white_collar,single,tertiary,phone,4,71.23,1
3764,47,19721,blue_collar,divorced,secondary,phone,20,478.53,0
3765,62,158,blue_collar,single,primary,sms,22,384.4,1
3766,64,11222,student,single,primary,email,29,483.89,0
3767,40,3071,entrepreneur,married,tertiary,sms,16,27.5,0
3768,66,9819,student,single,primary,phone,43,343.31,0
3769,64,14117,student,single,primary,email,47,31.7,0
3770,37,8414,entrepreneur,single,secondary,phone,43,393.21,0
3771,35,9728,student,married,secondary,phone,23,196.67,0
3772,35,9454,white_collar,single,secondary,email,30,56.93,0
3773,19,11592,student,single,tertiary,phone,30,288.34,0
3774,21,3445,white_collar,divorced,secondary,sms,43,147.26,0
3775,47,18970,student,divorced,secondary,email,3,333.19,0
3776,50,15457,blue_collar,divorced,primary,phone,24,332.51,0
3777,53,661,entrepreneur,divorced,secondary,phone,49,355.45,0
3778,35,6361,blue_collar,married,tertiary,phone,37,496.31,0
3779,54,1837,student,divorced,secondary,email,13,199.48,0
3780,36,9196,student,single,tertiary,sms,42,238.0,0
3781,64,12782,white_collar,divorced,primary,phone,32,404.26,0
3782,45,11823,student,married,primary,phone,37,293.4,0
3783,57,12198,student,divorced,secondary,phone,12,28.26,0
3784,37,9226,student,divorced,primary,email,8,423.11,0
3785,66,13489,blue_collar,married,secondary,phone,24,35.23,0
3786,50,8366,white_collar,married,primary,phone,44,93.7,0
3787,29,394,blue_collar,married,tertiary,phone,16,60.02,0
3788,68,11534,white_collar,married,primary,email,32,48.18,0
3789,32,5430,blue_collar,married,secondary,sms,34,22.59,0
3790,58,4755,student,married,secondary,email,35,36.96,0
3791,56,17593,blue_collar,single,secondary,sms,32,226.8,0
3792,19,13560,blue_collar,divorced,tertiary,sms,17,133.9,0
3793,46,3871,white_collar,divorced,primary,email,2,72.0,1
3794,58,8663,white_collar,married,secondary,phone,26,332.77,0
3795,27,17658,blue_collar,married,tertiary,sms,44,120.79,0
3796,19,1264,white_collar,single,tertiary,phone,17,19.29,1
3797,68,9575,white_collar,single,tertiary,sms,38,215.03,0
3798,28,12488,white_collar,married,primary,phone,49,162.11,0
3799,30,14069,entrepreneur,single,primary,phone,2,166.12,1
3800,27,8534,white_collar,single,primary,email,8,228.18,1
3801,31,19284,entrepreneur,married,tertiary,phone,46,337.77,0
3802,35,7362,entrepreneur,married,primary,sms,6,312.07,0
3803,68,1641,white_collar,married,secondary,phone,9,469.26,1
3804,26,2865,blue_collar,married,tertiary,phone,1,263.68,1
3805,56,10406,white_collar,divorced,primary,phone,5,241.56,0
3806,45,4591,student,divorced,tertiary,sms,39,114.57,0
3807,20,3183,blue_collar,married,tertiary,sms,9,380.14,1
3808,37,1957,entrepreneur,single,primary,sms,14,78.98,1
3809,23,869,entrepreneur,married,tertiary,phone,27,250.66,0
3810,44,17906,blue_collar,divorced,primary,email,9,216.45,0
3811,19,3072,blue_collar,single,primary,sms,36,332.57,1
3812,46,18356,white_collar,divorced,primary,phone,29,459.63,0
3813,55,5699,entrepreneur,married,tertiary,sms,20,473.83,0
3814,20,18753,student,divorced,tertiary,email,15,92.22,0
3815,33,5375,white_collar,divorced,primary,phone,36,138.29,0
3816,47,6671,blue_collar,divorced,tertiary,sms,3,407.7,0
3817,57,5172,entrepreneur,single,primary,sms,23,263.96,0
3818,19,9731,blue_collar,divorced,secondary,email,46,231.99,0
3819,34,11345,blue_collar,single,tertiary,sms,9,358.21,1
3820,58,14806,blue_collar,married,tertiary,phone,30,304.94,0
3821,29,5563,white_collar,married,secondary,phone,19,485.65,0
3822,52,7550,student,divorced,secondary,email,38,296.15,0
3823,60,11195,student,single,secondary,email,3,238.33,1
3824,18,1413,entrepreneur,married,primary,email,48,275.98,0
3825,62,7947,blue_collar,single,primary,phone,3,406.18,1
3826,32,17554,student,single,secondary,email,34,310.21,0
3827,43,9266,blue_collar,divorced,primary,sms,2,327.05,0
3828,54,10030,entrepreneur,divorced,tertiary,sms,27,486.01,0
3829,38,3385,blue_collar,single,secondary,phone,23,313.01,1
3830,66,3195,student,single,tertiary,sms,42,196.34,1
3831,48,16804,blue_collar,divorced,primary,email,32,348.75,0
3832,42,18805,student,single,secondary,sms,47,333.14,0
3833,40,655,entrepreneur,divorced,primary,email,35,16.79,0
3834,41,5532,blue_collar,single,tertiary,sms,40,238.99,0
3835,55,1486,student,divorced,primary,phone,18,374.02,0
3836,45,11339,entrepreneur,single,tertiary,email,27,254.53,0
3837,38,10719,blue_collar,divorced,primary,sms,11,392.01,0
3838,60,6954,entrepreneur,single,tertiary,phone,39,230.93,0
3839,35,10296,student,married,primary,sms,19,491.83,0
3840,53,16133,blue_collar,married,secondary,phone,25,153.52,0
3841,52,7737,blue_collar,single,secondary,sms,7,55.14,1
3842,62,13062,blue_collar,married,primary,email,31,220.71,0
3843,26,15040,entrepreneur,single,tertiary,email,2,275.44,1
3844,55,10718,entrepreneur,single,primary,email,38,181.06,0
3845,47,3893,student,married,secondary,email,5,128.72,1
3846,61,7473,white_collar,single,tertiary,email,14,339.31,0
3847,51,2613,blue_collar,divorced,primary,sms,18,194.79,0
3848,49,2427,blue_collar,single,primary,sms,36,319.37,1
3849,20,8909,student,single,tertiary,sms,4,391.75,1
3850,20,18649,blue_collar,married,primary,sms,24,382.89,0
3851,45,19792,entrepreneur,divorced,secondary,email,13,193.9,0
3852,61,6552,entrepreneur,single,secondary,phone,21,288.27,0
3853,32,7742,blue_collar,single,tertiary,email,33,230.33,0
3854,58,14535,blue_collar,single,primary,sms,20,436.69,0
3855,40,1092,entrepreneur,single,primary,email,5,440.59,1
3856,57,5524,blue_collar,single,secondary,email,24,178.43,0
3857,28,4481,entrepreneur,single,tertiary,email,35,54.95,1
3858,65,19658,white_collar,divorced,tertiary,phone,30,92.12,0
3859,49,4882,white_collar,divorced,tertiary,email,28,189.83,0
3860,53,7560,blue_collar,single,secondary,email,45,286.48,0
3861,50,19562,blue_collar,single,secondary,phone,7,331.83,1
3862,41,3083,blue_collar,married,tertiary,email,42,172.37,0
3863,56,14282,entrepreneur,divorced,tertiary,email,35,337.07,0
3864,51,2623,white_collar,divorced,primary,email,30,469.49,0
3865,45,9777,white_collar,single,primary,email,34,329.49,0
3866,54,10392,student,divorced,tertiary,email,39,87.7,0
3867,24,15189,student,divorced,secondary,sms,9,294.04,0
3868,21,4681,blue_collar,married,secondary,email,12,275.53,0
3869,54,12007,entrepreneur,married,primary,phone,29,436.64,0
3870,18,5709,blue_collar,divorced,tertiary,email,10,181.65,0
3871,18,18485,white_collar,divorced,secondary,sms,27,217.24,0
3872,64,17871,blue_collar,divorced,secondary,phone,19,303.34,0
3873,37,11475,blue_collar,single,secondary,phone,13,266.97,0
3874,36,17514,white_collar,married,secondary,email,42,362.32,0
3875,46,10057,white_collar,single,primary,sms,37,29.79,0
3876,27,13055,white_collar,married,secondary,email,32,286.12,0
3877,35,1320,white_collar,married,secondary,sms,15,69.62,0
3878,45,13263,student,married,tertiary,sms,21,164.45,0
3879,52,13389,entrepreneur,divorced,tertiary,email,3,334.2,0
3880,60,12637,entrepreneur,married,primary,sms,8,87.13,0
3881,64,9910,white_collar,single,primary,email,6,161.33,1
3882,48,9555,entrepreneur,married,primary,sms,29,354.47,0
3883,44,9163,entrepreneur,single,primary,phone,19,328.89,0
3884,28,934,entrepreneur,married,secondary,email,17,54.61,0
3885,66,1824,entrepreneur,married,tertiary,sms,10,292.86,0
3886,66,2513,white_collar,divorced,secondary,phone,33,82.15,0
3887,55,9605,blue_collar,single,secondary,phone,13,133.61,0
3888,22,4598,blue_collar,married,secondary,phone,27,235.01,0
3889,25,2205,blue_collar,married,tertiary,phone,42,63.58,0
3890,51,2668,student,single,primary,email,12,496.89,1
3891,65,9430,entrepreneur,married,primary,sms,2,91.03,0
3892,69,16693,white_collar,divorced,tertiary,phone,10,392.84,0
3893,29,5011,white_collar,single,tertiary,sms,21,416.62,0
3894,55,18704,student,divorced,primary,sms,23,497.29,0
3895,18,16717,white_collar,single,secondary,sms,1,220.04,1
3896,48,892,blue_collar,single,primary,email,33,438.31,1
3897,21,14295,student,single,tertiary,email,26,479.19,0
3898,66,14001,white_collar,married,primary,phone,15,94.72,0
3899,62,15862,student,single,primary,sms,22,244.92,0
3900,67,19594,student,single,primary,email,25,39.41,0
3901,22,18650,white_collar,single,tertiary,email,1,314.15,1
3902,47,8626,blue_collar,divorced,tertiary,email,26,294.89,0
3903,41,15998,white_collar,single,primary,phone,21,110.02,0
3904,20,1314,entrepreneur,married,primary,email,41,400.97,0
3905,28,15446,entrepreneur,single,secondary,sms,24,28.26,0
3906,62,312,white_collar,single,secondary,email,39,405.05,1
3907,21,1758,blue_collar,divorced,primary,email,16,23.06,0
3908,43,12370,entrepreneur,married,tertiary,phone,32,331.85,0
3909,44,14129,entrepreneur,married,secondary,sms,16,48.6,0
3910,63,5124,white_collar,married,primary,email,13,133.1,0
3911,60,13139,white_collar,single,secondary,sms,42,363.74,0
3912,44,5241,white_collar,single,secondary,sms,32,147.4,0
3913,59,18278,student,married,secondary,email,41,260.48,0
3914,68,6088,student,married,tertiary,phone,44,458.47,0
3915,67,13877,student,divorced,primary,sms,24,34.32,0
3916,23,5678,white_collar,married,tertiary,email,13,407.43,0
3917,32,15151,blue_collar,single,tertiary,sms,11,41.98,0
3918,47,3945,entrepreneur,single,secondary,sms,15,72.13,1
3919,59,11982,student,single,primary,sms,10,68.47,0
3920,54,14347,blue_collar,divorced,secondary,email,42,497.11,0
3921,54,11584,white_collar,married,tertiary,sms,41,98.29,0
3922,59,478,student,single,tertiary,sms,3,449.41,1
3923,54,3393,white_collar,divorced,primary,phone,16,495.56,0
3924,52,19813,blue_collar,divorced,tertiary,email,44,198.05,0
3925,40,11730,student,single,tertiary,email,17,319.21,0
3926,23,13760,student,divorced,primary,sms,25,391.75,0
3927,21,16708,student,divorced,secondary,phone,30,202.4,0
3928,35,837,student,single,primary,sms,47,89.29,1
3929,26,16719,blue_collar,divorced,tertiary,sms,35,222.54,0
3930,66,12570,student,single,primary,email,37,388.22,0
3931,46,17195,entrepreneur,single,secondary,phone,13,392.57,0
3932,30,16217,entrepreneur,divorced,tertiary,sms,24,122.96,0
3933,64,14879,white_collar,single,secondary,email,38,95.73,0
3934,69,18372,student,single,secondary,sms,26,461.07,0
3935,34,17743,entrepreneur,married,primary,sms,9,31.56,0
3936,62,7371,entrepreneur,single,secondary,phone,19,370.02,0
3937,49,17232,entrepreneur,married,primary,phone,28,32.75,0
3938,65,12278,blue_collar,married,primary,phone,7,420.57,0
3939,39,14590,student,married,secondary,sms,45,453.65,0
3940,21,13963,blue_collar,married,primary,phone,22,155.74,0
3941,22,1923,blue_collar,divorced,primary,email,30,46.23,0
3942,54,6952,entrepreneur,divorced,secondary,sms,37,245.54,0
3943,58,13172,entrepreneur,single,tertiary,phone,16,156.25,0
3944,66,11233,white_collar,single,primary,sms,36,214.4,0
3945,30,15211,student,single,primary,sms,5,335.84,1
3946,51,6619,student,divorced,secondary,email,29,112.81,0
3947,62,1877,entrepreneur,married,primary,email,23,184.91,0
3948,39,17706,entrepreneur,divorced,secondary,email,6,393.46,0
3949,40,14872,student,divorced,tertiary,sms,36,325.44,0
3950,68,13721,white_collar,single,tertiary,sms,33,169.87,0
3951,20,11959,entrepreneur,single,secondary,email,49,335.51,0
3952,59,18261,white_collar,single,tertiary,sms,41,385.0,0
3953,51,9596,blue_collar,married,secondary,email,16,300.32,0
3954,49,7590,entrepreneur,married,primary,email,34,127.35,0
3955,62,8993,blue_collar,divorced,tertiary,phone,43,10.12,0
3956,68,3089,entrepreneur,married,primary,email,26,403.4,0
3957,66,8443,blue_collar,single,primary,phone,37,413.09,0
3958,38,17809,entrepreneur,married,secondary,email,13,351.83,0
3959,63,12014,white_collar,married,tertiary,sms,17,47.52,0
3960,61,9098,white_collar,married,tertiary,phone,32,296.76,0
3961,38,2822,white_collar,married,primary,sms,32,412.3,0
3962,61,4756,blue_collar,single,primary,sms,28,200.94,1
3963,28,17809,white_collar,single,secondary,email,29,107.02,0
3964,56,4233,blue_collar,divorced,tertiary,email,25,297.94,0
3965,21,19353,entrepreneur,divorced,secondary,sms,47,414.89,0
3966,68,1342,blue_collar,divorced,secondary,email,22,33.95,0
3967,18,8639,entrepreneur,married,secondary,email,27,302.51,0
3968,45,1931,student,married,tertiary,email,44,325.16,0
3969,41,18053,student,single,secondary,sms,38,305.16,0
3970,52,7346,student,divorced,tertiary,phone,20,328.52,0
3971,30,18402,blue_collar,single,secondary,phone,45,319.37,0
3972,64,3332,student,divorced,primary,sms,24,73.9,0
3973,51,3858,student,divorced,secondary,email,47,125.12,0
3974,28,6097,student,divorced,secondary,email,47,313.31,0
3975,53,18839,entrepreneur,married,tertiary,phone,8,18.67,0
3976,68,11072,white_collar,divorced,primary,sms,14,321.02,0
3977,34,15468,blue_collar,divorced,primary,sms,39,336.04,0
3978,52,1924,student,married,tertiary,email,14,127.2,0
3979,35,10783,entrepreneur,divorced,tertiary,email,5,303.09,0
3980,57,4160,white_collar,married,primary,email,47,271.7,0
3981,39,504,white_collar,married,tertiary,sms,21,137.74,0
3982,41,18205,white_collar,single,primary,phone,15,236.86,0
3983,36,11117,entrepreneur,married,secondary,sms,36,455.72,0
3984,54,3945,student,married,secondary,sms,33,219.04,0
3985,56,11484,white_collar,married,primary,sms,17,318.62,0
3986,38,16548,entrepreneur,divorced,primary,phone,20,27.32,0
3987,25,9591,entrepreneur,single,secondary,email,1,48.12,1
3988,45,13212,blue_collar,divorced,secondary,email,16,49.84,0
3989,22,11885,entrepreneur,married,primary,sms,45,391.34,0
3990,34,1068,white_collar,married,tertiary,sms,18,181.63,0
3991,54,468,white_collar,single,tertiary,phone,10,121.53,1
3992,53,8524,entrepreneur,single,primary,phone,23,376.19,0
3993,36,2342,white_collar,married,tertiary,email,18,93.28,0
3994,44,3183,entrepreneur,married,secondary,sms,49,130.78,0
3995,51,13422,white_collar,divorced,secondary,phone,9,221.16,0
3996,28,1569,blue_collar,married,tertiary,phone,46,172.4,0
3997,62,4825,student,divorced,primary,sms,30,296.84,0
3998,64,4359,blue_collar,single,secondary,sms,13,175.54,1
3999,29,3722,blue_collar,divorced,secondary,sms,31,202.55,0
4000,38,10392,student,married,secondary,sms,46,432.81,0
4001,28,17307,white_collar,divorced,tertiary,sms,43,443.42,0
4002,56,3531,student,divorced,primary,sms,13,415.58,0
4003,45,4251,entrepreneur,single,tertiary,phone,32,433.77,1
4004,22,4313,student,divorced,primary,sms,17,289.17,0
4005,34,15335,blue_collar,married,primary,email,3,326.65,0
4006,37,9089,student,divorced,tertiary,sms,1,283.01,0
4007,58,879,white_collar,divorced,secondary,email,5,394.94,1
4008,63,15451,blue_collar,divorced,primary,email,32,279.99,0
4009,29,11142,entrepreneur,married,tertiary,email,25,64.43,0
4010,23,19376,white_collar,divorced,secondary,sms,45,406.69,0
4011,34,5634,blue_collar,married,primary,sms,5,382.69,0
4012,68,3406,entrepreneur,divorced,primary,email,37,411.95,0
4013,36,3002,white_collar,single,secondary,sms,23,103.31,1
4014,43,13491,entrepreneur,single,primary,phone,12,143.09,0
4015,65,3818,student,single,tertiary,phone,34,154.92,1
4016,61,121,student,married,primary,phone,23,258.96,0
4017,61,1600,entrepreneur,married,primary,phone,16,75.6,0
4018,69,9134,student,married,secondary,sms,49,198.84,0
4019,49,15899,entrepreneur,divorced,tertiary,email,5,99.26,0
4020,23,3741,white_collar,married,secondary,sms,44,139.73,0
4021,53,291,blue_collar,married,tertiary,phone,47,356.13,0
4022,55,13406,entrepreneur,married,secondary,sms,28,428.86,0
4023,28,13514,blue_collar,married,primary,sms,6,21.22,0
4024,50,8687,blue_collar,single,tertiary,phone,13,287.29,0
4025,41,4762,entrepreneur,divorced,tertiary,email,43,27.67,0
4026,40,4426,student,single,primary,sms,30,51.77,1
4027,32,9165,white_collar,divorced,secondary,sms,26,355.49,0
4028,44,10571,blue_collar,divorced,tertiary,phone,17,370.45,0
4029,28,12741,white_collar,single,primary,email,9,408.85,1
4030,68,9296,blue_collar,married,primary,phone,16,242.38,0
4031,67,12826,entrepreneur,single,tertiary,phone,49,431.31,0
4032,34,15751,student,divorced,tertiary,sms,18,91.75,0
4033,68,8636,white_collar,divorced,tertiary,email,13,132.36,0
4034,31,19195,blue_collar,married,primary,phone,29,75.91,0
4035,44,13044,entrepreneur,single,secondary,sms,43,400.79,0
4036,35,6373,entrepreneur,divorced,secondary,phone,45,122.05,0
4037,45,6384,blue_collar,single,tertiary,sms,24,86.2,0
4038,68,8917,blue_collar,married,primary,email,45,315.32,0
4039,64,18162,blue_collar,married,primary,phone,44,47.77,0
4040,64,8514,student,divorced,tertiary,email,46,32.0,0
4041,21,17227,blue_collar,married,primary,email,13,62.29,0
4042,24,16946,blue_collar,divorced,primary,sms,25,10.12,0
4043,62,18052,student,divorced,primary,phone,41,351.53,0
4044,52,11639,entrepreneur,married,tertiary,phone,46,285.5,0
4045,65,14093,blue_collar,married,tertiary,sms,1,112.84,0
4046,26,13551,white_collar,single,tertiary,sms,9,124.17,1
4047,25,14792,entrepreneur,single,secondary,email,4,407.37,1
4048,69,18220,white_collar,divorced,secondary,phone,28,255.89,0
4049,62,13434,blue_collar,single,tertiary,phone,12,352.28,0
4050,34,8003,student,divorced,primary,sms,24,231.85,0
4051,34,15729,student,married,primary,sms,46,126.48,0
4052,66,17840,student,married,tertiary,sms,9,485.5,0
4053,50,1114,blue_collar,single,primary,phone,35,287.17,1
4054,49,10960,blue_collar,divorced,primary,phone,38,74.18,0
4055,25,17538,white_collar,divorced,secondary,email,35,208.98,0
4056,36,1864,student,single,primary,sms,33,171.38,1
4057,55,6109,blue_collar,divorced,primary,email,35,114.9,0
4058,20,9704,entrepreneur,divorced,tertiary,phone,46,467.39,0
4059,22,16112,blue_collar,married,secondary,email,20,441.65,0
4060,30,767,blue_collar,divorced,secondary,email,2,107.58,1
4061,64,3470,entrepreneur,divorced,primary,email,44,182.55,0
4062,63,6076,student,divorced,tertiary,sms,26,383.53,0
4063,48,17878,entrepreneur,single,secondary,phone,42,112.17,0
4064,33,8713,student,single,secondary,sms,13,299.87,0
4065,67,5699,entrepreneur,single,primary,email,30,352.9,0
4066,49,3750,white_collar,divorced,secondary,sms,32,330.45,0
4067,39,12449,student,divorced,tertiary,phone,36,356.14,0
4068,46,9994,blue_collar,single,tertiary,phone,19,356.28,0
4069,39,3290,white_collar,single,secondary,email,22,482.75,1
4070,60,15445,student,divorced,tertiary,email,1,179.78,0
4071,20,8889,student,divorced,tertiary,sms,11,440.51,0
4072,27,491,student,married,primary,phone,26,20.69,0
4073,59,17559,entrepreneur,single,secondary,phone,48,151.22,0
4074,38,2750,student,divorced,secondary,sms,19,33.84,0
4075,33,13700,blue_collar,single,primary,phone,19,329.09,0
4076,29,14417,student,single,primary,email,12,59.39,0
4077,19,18868,blue_collar,single,primary,email,3,424.4,1
4078,58,17293,blue_collar,married,primary,sms,18,326.83,0
4079,41,15663,blue_collar,divorced,tertiary,sms,49,24.12,0
4080,52,6995,white_collar,divorced,tertiary,sms,5,360.24,0
4081,47,17643,blue_collar,single,primary,email,48,432.4,0
4082,47,1631,entrepreneur,divorced,secondary,sms,24,333.95,0
4083,64,5581,student,married,secondary,phone,14,24.96,0
4084,52,10974,entrepreneur,single,secondary,sms,38,430.38,0
4085,36,6263,white_collar,married,primary,phone,3,368.91,0
4086,67,5364,student,married,tertiary,email,6,195.44,0
4087,25,17715,blue_collar,divorced,tertiary,phone,12,171.03,0
4088,43,15990,student,divorced,tertiary,phone,11,245.11,0
4089,66,18907,white_collar,married,tertiary,phone,39,434.88,0
4090,57,11867,white_collar,divorced,secondary,email,26,133.51,0
4091,24,8171,entrepreneur,married,secondary,phone,1,59.47,0
4092,47,15640,student,married,tertiary,phone,16,433.67,0
4093,24,3008,student,single,primary,sms,48,22.88,1
4094,20,4812,student,married,tertiary,sms,49,456.39,0
4095,18,12290,entrepreneur,married,tertiary,sms,47,159.82,0
4096,53,19999,white_collar,divorced,primary,phone,9,259.03,0
4097,42,19887,blue_collar,single,tertiary,phone,5,74.82,1
4098,54,10250,student,divorced,secondary,email,8,452.1,0
4099,18,19219,entrepreneur,single,primary,phone,21,377.42,0
4100,32,4591,entrepreneur,divorced,primary,phone,33,462.84,0
4101,54,14019,blue_collar,married,tertiary,email,39,344.78,0
4102,30,14268,white_collar,single,secondary,phone,43,100.5,0
4103,57,8693,student,single,secondary,email,20,161.05,0
4104,25,17458,student,single,secondary,email,45,248.56,0
4105,22,16707,entrepreneur,single,tertiary,sms,22,307.56,0
4106,26,4713,white_collar,divorced,tertiary,phone,13,463.97,0
4107,18,11526,student,divorced,secondary,sms,39,198.14,0
4108,53,16709,blue_collar,single,tertiary,phone,11,354.51,0
4109,52,8283,white_collar,single,secondary,sms,18,480.89,0
4110,19,17825,white_collar,single,tertiary,email,30,84.66,0
4111,57,8501,entrepreneur,divorced,primary,email,33,432.73,0
4112,40,3827,entrepreneur,single,primary,email,44,216.15,1
4113,26,13803,student,single,tertiary,email,3,368.89,1
4114,51,19287,entrepreneur,single,tertiary,phone,1,153.83,1
4115,63,10318,white_collar,divorced,secondary,phone,36,173.65,0
4116,31,493,student,married,primary,sms,6,23.3,1
4117,21,16092,student,married,secondary,phone,37,485.99,0
4118,47,9135,white_collar,divorced,tertiary,phone,29,408.59,0
4119,48,9816,student,married,secondary,sms,11,56.02,0
4120,55,8895,blue_collar,single,secondary,email,13,499.76,0
4121,28,681,blue_collar,single,tertiary,sms,11,306.46,1
4122,52,14430,student,divorced,primary,sms,38,428.33,0
4123,25,10231,entrepreneur,divorced,secondary,email,25,42.66,0
4124,20,232,blue_collar,married,tertiary,sms,15,200.83,0
4125,31,19322,student,married,secondary,sms,13,338.13,0
4126,30,15084,blue_collar,single,tertiary,sms,42,62.15,0
4127,62,3485,entrepreneur,divorced,tertiary,phone,33,249.56,0
4128,49,3870,white_collar,married,tertiary,email,13,226.91,0
4129,51,2368,student,married,primary,email,38,115.86,0
4130,62,1075,student,single,primary,sms,24,157.13,1
4131,36,7705,student,single,tertiary,phone,20,483.89,0
4132,55,7313,student,single,primary,email,44,151.44,0
4133,33,11555,student,single,secondary,email,17,114.58,0
4134,19,2935,student,married,primary,sms,24,272.74,0
4135,57,2838,entrepreneur,divorced,primary,sms,26,338.77,0
4136,34,9649,white_collar,divorced,secondary,sms,40,365.3,0
4137,51,4234,entrepreneur,single,secondary,email,32,379.58,1
4138,59,6933,entrepreneur,single,secondary,sms,29,28.05,0
4139,33,8453,white_collar,married,tertiary,sms,14,202.94,0
4140,55,15790,entrepreneur,single,secondary,sms,37,389.24,0
4141,19,2009,blue_collar,divorced,secondary,phone,22,453.38,0
4142,19,14596,entrepreneur,single,secondary,sms,34,305.08,0
4143,43,12162,student,divorced,tertiary,email,27,35.63,0
4144,30,9950,blue_collar,single,primary,sms,28,204.36,0
4145,64,2063,blue_collar,single,tertiary,email,22,46.37,1
4146,48,5253,white_collar,divorced,primary,phone,43,376.78,0
4147,51,10581,entrepreneur,married,secondary,phone,3,41.12,0
4148,56,1066,entrepreneur,married,tertiary,sms,22,101.01,0
4149,20,989,blue_collar,single,tertiary,email,48,214.31,1
4150,25,19545,entrepreneur,single,primary,sms,21,236.7,0
4151,40,6561,entrepreneur,divorced,tertiary,sms,16,209.18,0
4152,31,6266,white_collar,divorced,tertiary,email,9,237.06,0
4153,44,16106,blue_collar,single,primary,email,13,359.49,0
4154,46,11481,student,divorced,tertiary,email,10,190.94,0
4155,56,16444,blue_collar,married,tertiary,email,49,278.4,0
4156,56,11040,white_collar,married,secondary,email,21,158.65,0
4157,18,11358,white_collar,divorced,secondary,phone,49,183.28,0
4158,34,7380,white_collar,divorced,secondary,phone,42,310.76,0
4159,58,1167,entrepreneur,divorced,secondary,phone,40,250.34,0
4160,47,11215,blue_collar,married,secondary,email,7,364.29,0
4161,30,9118,entrepreneur,single,tertiary,email,46,284.66,0
4162,38,15853,entrepreneur,divorced,tertiary,email,22,403.75,0
4163,36,14278,blue_collar,divorced,secondary,sms,18,227.27,0
4164,36,15287,white_collar,divorced,primary,phone,21,250.61,0
4165,42,4707,student,single,secondary,phone,14,338.29,1
4166,39,4085,student,divorced,tertiary,sms,10,118.41,0
4167,48,10384,blue_collar,divorced,primary,sms,33,199.11,0
4168,34,19663,blue_collar,married,secondary,phone,9,316.17,0
4169,40,14654,white_collar,divorced,primary,email,18,24.15,0
4170,49,4638,blue_collar,married,secondary,phone,13,224.12,0
4171,27,18846,blue_collar,single,tertiary,email,17,303.44,0
4172,27,18708,white_collar,divorced,secondary,phone,23,484.01,0
4173,53,6471,white_collar,divorced,primary,phone,25,439.74,0
4174,25,1826,entrepreneur,married,tertiary,sms,16,147.56,0
4175,69,5891,blue_collar,single,secondary,sms,24,258.53,0
4176,37,8558,student,single,secondary,email,31,37.64,0
4177,49,17321,blue_collar,married,secondary,email,11,127.97,0
4178,67,15838,student,single,secondary,phone,23,389.68,0
4179,31,17170,student,single,tertiary,sms,41,70.42,0
4180,67,16840,student,single,tertiary,email,39,136.27,0
4181,45,9163,entrepreneur,single,secondary,email,22,472.58,0
4182,63,10265,white_collar,single,tertiary,email,33,413.69,0
4183,69,14639,white_collar,single,primary,phone,41,393.1,0
4184,41,15672,entrepreneur,single,tertiary,email,42,433.63,0
4185,32,4747,white_collar,single,primary,email,48,377.31,1
4186,39,10102,entrepreneur,divorced,primary,sms,18,69.09,0
4187,47,10933,blue_collar,married,tertiary,sms,14,263.12,0
4188,21,10520,entrepreneur,single,secondary,sms,28,227.68,0
4189,30,6742,white_collar,married,tertiary,phone,11,162.46,0
4190,40,19875,white_collar,single,primary,sms,24,418.68,0
4191,25,10642,blue_collar,single,primary,sms,36,237.43,0
4192,35,4457,entrepreneur,divorced,tertiary,sms,19,39.55,0
4193,29,15699,blue_collar,married,primary,sms,13,144.73,0
4194,48,13301,student,married,tertiary,email,33,122.02,0
4195,31,2839,entrepreneur,divorced,tertiary,phone,19,444.86,0
4196,51,13331,blue_collar,divorced,secondary,email,47,327.24,0
4197,35,9610,blue_collar,married,primary,email,32,284.58,0
4198,51,9827,white_collar,single,tertiary,phone,15,258.26,0
4199,28,10735,entrepreneur,single,primary,email,11,328.56,0
4200,58,10064,student,married,tertiary,sms,23,379.89,0
4201,29,17361,student,single,tertiary,phone,5,281.65,1
4202,66,19354,entrepreneur,divorced,secondary,email,22,469.76,0
4203,32,11492,entrepreneur,divorced,tertiary,email,42,488.65,0
4204,48,12436,blue_collar,divorced,secondary,sms,18,497.72,0
4205,66,12039,white_collar,married,primary,email,7,338.0,0
4206,46,16776,white_collar,married,secondary,email,33,466.98,0
4207,43,9943,white_collar,married,secondary,email,3,208.2,0
4208,35,12923,entrepreneur,single,primary,phone,28,431.2,0
4209,49,2786,white_collar,married,secondary,phone,1,455.5,1
4210,39,333,blue_collar,married,secondary,email,49,453.03,0
4211,55,14529,entrepreneur,divorced,tertiary,email,47,417.11,0
4212,34,18858,entrepreneur,single,secondary,sms,37,209.23,0
4213,40,2372,white_collar,single,tertiary,phone,22,87.86,1
4214,41,17450,student,divorced,secondary,phone,48,173.64,0
4215,67,17373,student,single,primary,phone,44,385.97,0
4216,25,3500,blue_collar,married,primary,email,19,124.11,0
4217,58,15471,white_collar,single,secondary,sms,14,244.35,0
4218,23,4642,white_collar,divorced,tertiary,sms,3,287.05,1
4219,22,3623,entrepreneur,single,secondary,email,19,305.89,1
4220,61,18247,entrepreneur,divorced,tertiary,email,33,468.51,0
4221,46,3391,white_collar,married,secondary,sms,21,334.13,0
4222,45,2588,entrepreneur,married,primary,sms,1,395.29,1
4223,28,10992,white_collar,divorced,primary,phone,26,295.12,0
4224,18,1658,blue_collar,married,tertiary,email,10,418.45,0
4225,60,4790,entrepreneur,married,secondary,phone,35,139.2,0
4226,36,6221,white_collar,single,tertiary,sms,13,112.84,0
4227,26,18760,entrepreneur,married,primary,phone,6,463.9,0
4228,44,12298,blue_collar,divorced,tertiary,sms,43,349.81,0
4229,51,4539,entrepreneur,married,secondary,sms,6,339.05,1
4230,61,17587,white_collar,single,tertiary,phone,35,238.97,0
4231,21,7620,entrepreneur,divorced,secondary,email,16,194.58,0
4232,53,5509,entrepreneur,married,secondary,phone,41,282.29,0
4233,35,9770,white_collar,married,primary,phone,8,69.08,0
4234,32,12206,student,married,secondary,email,3,232.81,0
4235,68,12034,entrepreneur,divorced,secondary,email,5,233.13,0
4236,30,7969,entrepreneur,single,secondary,phone,21,273.78,0
4237,36,3056,blue_collar,divorced,tertiary,sms,31,321.0,0
4238,66,10866,student,divorced,primary,phone,14,479.09,0
4239,23,19868,blue_collar,single,tertiary,sms,37,329.56,0
4240,65,10186,white_collar,divorced,tertiary,email,19,443.03,0
4241,29,10535,white_collar,divorced,primary,email,37,282.59,0
4242,68,16512,blue_collar,married,tertiary,sms,20,317.19,0
4243,54,10355,entrepreneur,divorced,tertiary,phone,2,44.22,0
4244,34,9738,student,married,secondary,email,7,75.3,0
4245,40,7856,blue_collar,divorced,tertiary,sms,33,294.04,0
4246,43,11956,blue_collar,married,primary,sms,42,203.9,0
4247,46,15864,white_collar,married,tertiary,phone,6,401.42,0
4248,50,3702,entrepreneur,married,secondary,sms,7,276.16,1
4249,44,5162,student,single,tertiary,sms,44,442.32,0
4250,42,11977,blue_collar,divorced,primary,phone,18,486.44,0
4251,27,7344,student,divorced,secondary,email,43,82.34,0
4252,64,6472,student,divorced,tertiary,email,29,203.47,0
4253,40,7205,blue_collar,single,primary,email,19,335.84,0
4254,38,19246,student,married,primary,sms,25,159.69,0
4255,38,12329,white_collar,divorced,tertiary,sms,4,140.85,0
4256,60,17056,entrepreneur,single,tertiary,phone,13,408.73,0
4257,30,7805,entrepreneur,single,secondary,sms,32,490.39,0
4258,54,13994,entrepreneur,divorced,tertiary,sms,27,389.16,0
4259,50,12380,white_collar,married,secondary,email,34,266.6,0
4260,41,714,white_collar,single,tertiary,sms,28,226.83,1
4261,61,4150,white_collar,divorced,primary,sms,9,274.43,1
4262,28,16809,entrepreneur,married,primary,sms,8,236.79,0
4263,34,15822,student,single,primary,phone,21,256.42,0
4264,21,15310,white_collar,single,primary,sms,46,109.69,0
4265,64,16842,blue_collar,divorced,secondary,phone,30,452.83,0
4266,42,3877,white_collar,divorced,primary,email,29,379.72,0
4267,47,6006,blue_collar,married,secondary,sms,9,343.68,0
4268,26,1821,entrepreneur,divorced,secondary,phone,13,475.46,0
4269,38,17833,blue_collar,divorced,secondary,email,18,149.35,0
4270,37,3996,white_collar,married,tertiary,sms,38,49.77,0
4271,36,7041,white_collar,divorced,secondary,phone,22,414.81,0
4272,36,13564,student,married,tertiary,phone,31,499.22,0
4273,29,5346,entrepreneur,married,secondary,email,35,293.43,0
4274,54,8484,blue_collar,married,tertiary,sms,42,38.82,0
4275,59,19061,entrepreneur,divorced,tertiary,sms,42,392.43,0
4276,34,15469,white_collar,married,primary,sms,10,46.14,0
4277,54,16575,student,divorced,secondary,phone,9,274.61,0
4278,65,13744,white_collar,married,tertiary,sms,31,145.99,0
4279,56,11208,white_collar,divorced,primary,phone,44,458.36,0
4280,45,8228,white_collar,married,secondary,phone,40,231.15,0
4281,58,17559,blue_collar,single,primary,email,24,450.25,0
4282,52,18997,white_collar,single,tertiary,phone,41,156.55,0
4283,64,8268,entrepreneur,single,primary,email,49,199.81,0
4284,65,6961,entrepreneur,married,primary,email,8,474.09,0
4285,35,9090,student,divorced,secondary,sms,20,108.64,0
4286,31,13850,entrepreneur,married,tertiary,email,17,293.47,0
4287,52,17088,white_collar,married,secondary,sms,28,200.37,0
4288,61,3079,white_collar,married,secondary,email,6,389.34,1
4289,58,7165,entrepreneur,married,primary,phone,42,73.36,0
4290,24,5016,student,divorced,tertiary,sms,33,224.24,0
4291,58,697,student,married,secondary,phone,28,352.48,0
4292,30,5722,entrepreneur,single,tertiary,sms,1,209.44,1
4293,35,18361,blue_collar,single,secondary,phone,41,38.68,0
4294,54,12264,blue_collar,single,primary,email,35,355.51,0
4295,30,1799,blue_collar,married,secondary,sms,24,256.57,0
4296,53,17200,blue_collar,divorced,secondary,sms,6,15.54,0
4297,48,13529,entrepreneur,divorced,secondary,sms,7,310.2,0
4298,19,13896,student,divorced,tertiary,email,9,460.74,0
4299,33,4186,white_collar,married,primary,phone,37,64.4,0
4300,26,765,white_collar,divorced,tertiary,email,16,299.43,0
4301,26,14705,entrepreneur,single,secondary,email,34,367.05,0
4302,55,17563,white_collar,divorced,primary,email,35,44.68,0
4303,28,8519,blue_collar,married,tertiary,phone,35,21.08,0
4304,39,15284,student,married,secondary,email,20,237.46,0
4305,50,1169,entrepreneur,divorced,primary,sms,23,397.68,0
4306,53,5363,student,married,primary,email,42,88.75,0
4307,62,16209,entrepreneur,divorced,secondary,phone,35,419.95,0
4308,40,8051,entrepreneur,divorced,primary,sms,47,331.72,0
4309,62,13019,entrepreneur,single,primary,phone,46,172.76,0
4310,62,1463,entrepreneur,married,tertiary,email,23,262.75,0
4311,51,4608,student,single,primary,phone,4,483.13,1
4312,26,1855,white_collar,married,tertiary,sms,10,116.05,0
4313,41,619,entrepreneur,divorced,tertiary,phone,43,254.77,0
4314,25,11836,blue_collar,married,tertiary,sms,11,316.0,0
4315,24,10614,entrepreneur,divorced,tertiary,sms,40,77.63,0
4316,53,14788,student,married,primary,email,9,31.33,0
4317,35,7333,entrepreneur,single,primary,email,40,16.6,0
4318,20,1202,blue_collar,single,tertiary,sms,12,169.1,1
4319,45,697,student,divorced,primary,phone,17,46.23,0
4320,23,14047,entrepreneur,single,tertiary,sms,32,403.85,0
4321,61,19757,blue_collar,divorced,tertiary,email,23,498.69,0
4322,61,12341,student,divorced,tertiary,phone,15,40.04,0
4323,38,5881,entrepreneur,divorced,secondary,sms,28,222.04,0
4324,45,10897,blue_collar,married,primary,email,38,22.61,0
4325,57,6356,student,divorced,primary,sms,5,75.66,0
4326,18,10480,entrepreneur,single,tertiary,sms,40,168.23,0
4327,53,8880,student,married,primary,sms,18,202.91,0
4328,38,6654,blue_collar,single,tertiary,phone,21,470.49,0
4329,60,12764,entrepreneur,divorced,primary,email,15,203.96,0
4330,52,9699,entrepreneur,divorced,tertiary,email,3,253.18,0
4331,30,15611,entrepreneur,single,tertiary,sms,46,130.34,0
4332,66,4946,blue_collar,married,secondary,sms,26,10.06,0
4333,27,6705,white_collar,single,tertiary,sms,15,450.67,0
4334,61,10351,entrepreneur,divorced,secondary,phone,45,50.04,0
4335,64,16143,blue_collar,married,primary,email,20,482.48,0
4336,27,12864,student,divorced,primary,sms,21,74.11,0
4337,63,3086,student,divorced,secondary,email,26,306.39,0
4338,30,500,blue_collar,single,primary,sms,41,499.71,1
4339,54,19339,white_collar,divorced,secondary,email,23,77.85,0
4340,55,10516,blue_collar,single,primary,sms,49,217.73,0
4341,41,3512,student,married,secondary,phone,25,392.41,0
4342,19,16540,student,divorced,secondary,sms,4,25.77,0
4343,39,1975,entrepreneur,divorced,tertiary,sms,10,347.99,0
4344,34,4398,white_collar,married,primary,sms,22,49.38,0
4345,53,3868,blue_collar,single,tertiary,sms,3,125.89,1
4346,31,5852,student,divorced,secondary,sms,19,88.44,0
4347,27,12589,student,married,tertiary,email,31,454.59,0
4348,52,1453,student,divorced,secondary,email,9,98.42,1
4349,42,6697,blue_collar,single,primary,phone,29,29.81,0
4350,20,14791,blue_collar,single,primary,sms,37,297.94,0
4351,64,4411,white_collar,single,primary,email,46,179.63,1
4352,55,15407,entrepreneur,single,secondary,email,7,208.8,1
4353,34,10894,entrepreneur,married,tertiary,sms,38,68.34,0
4354,29,3034,entrepreneur,divorced,primary,sms,24,376.63,0
4355,69,16506,student,married,secondary,phone,8,304.76,0
4356,41,10494,entrepreneur,single,tertiary,phone,34,188.47,0
4357,46,17693,student,single,secondary,email,26,94.07,0
4358,60,9040,white_collar,single,secondary,phone,28,300.79,0
4359,42,17288,student,single,primary,email,28,391.51,0
4360,53,8425,white_collar,divorced,secondary,phone,46,163.07,0
4361,43,10729,white_collar,single,secondary,sms,7,22.67,1
4362,55,5241,entrepreneur,divorced,tertiary,phone,3,115.03,0
4363,18,3771,entrepreneur,single,primary,email,22,344.37,1
4364,37,7392,student,divorced,secondary,phone,38,494.66,0
4365,45,15538,blue_collar,divorced,secondary,email,46,16.55,0
4366,33,12331,entrepreneur,single,tertiary,email,44,160.02,0
4367,64,18582,entrepreneur,married,secondary,phone,18,40.39,0
4368,34,14611,blue_collar,married,secondary,phone,12,165.01,0
4369,57,11209,blue_collar,married,secondary,email,31,208.9,0
4370,45,8544,entrepreneur,married,secondary,sms,39,461.22,0
4371,29,15705,blue_collar,married,secondary,phone,5,49.47,0
4372,44,13126,student,single,tertiary,email,44,390.8,0
4373,59,9421,white_collar,single,secondary,sms,41,203.81,0
4374,64,19748,white_collar,single,secondary,email,29,407.52,0
4375,47,5535,entrepreneur,single,secondary,phone,43,261.57,0
4376,58,8593,entrepreneur,single,secondary,email,36,29.25,0
4377,51,6791,student,single,primary,email,14,473.64,0
4378,54,2863,blue_collar,divorced,primary,email,44,50.54,0
4379,23,3341,entrepreneur,divorced,primary,phone,18,302.86,0
4380,24,3157,white_collar,single,primary,sms,7,440.06,1
4381,49,17034,student,single,tertiary,sms,23,49.09,0
4382,49,5674,student,divorced,primary,sms,33,281.41,0
4383,42,5511,blue_collar,divorced,tertiary,sms,45,413.9,0
4384,50,1687,entrepreneur,single,primary,phone,16,493.3,1
4385,24,10114,entrepreneur,divorced,tertiary,email,37,364.92,0
4386,69,6020,student,married,primary,sms,25,146.38,0
4387,29,11788,white_collar,married,secondary,sms,9,352.79,0
4388,33,4509,entrepreneur,married,primary,phone,28,355.83,0
4389,33,5883,white_collar,divorced,primary,email,9,352.98,0
4390,60,812,student,single,primary,email,12,428.59,1
4391,53,5506,entrepreneur,single,secondary,sms,18,52.82,0
4392,30,12141,white_collar,single,tertiary,sms,27,63.13,0
4393,24,2533,student,divorced,tertiary,email,26,323.9,0
4394,53,3401,white_collar,divorced,secondary,phone,26,477.4,0
4395,64,16754,entrepreneur,married,primary,email,10,238.26,0
4396,68,11686,blue_collar,divorced,primary,email,17,480.68,0
4397,26,17563,white_collar,married,primary,sms,32,469.66,0
4398,49,5422,blue_collar,married,tertiary,phone,24,452.43,0
4399,28,14032,entrepreneur,single,tertiary,phone,43,455.83,0
4400,25,5357,blue_collar,divorced,secondary,phone,48,450.18,0
4401,50,13833,student,single,secondary,sms,8,411.75,1
4402,40,13468,blue_collar,single,tertiary,phone,30,350.54,0
4403,42,9877,white_collar,divorced,primary,phone,26,21.96,0
4404,25,11349,white_collar,divorced,primary,sms,24,74.8,0
4405,62,12981,blue_collar,married,primary,email,27,75.77,0
4406,39,9687,student,married,primary,phone,15,21.53,0
4407,21,8891,entrepreneur,married,secondary,email,28,67.18,0
4408,57,8805,blue_collar,married,secondary,phone,11,460.68,0
4409,20,9358,white_collar,single,tertiary,email,39,335.26,0
4410,46,7933,white_collar,single,secondary,email,2,162.92,1
4411,58,19370,blue_collar,divorced,primary,sms,9,398.75,0
4412,46,14345,blue_collar,married,tertiary,sms,45,249.3,0
4413,51,19137,blue_collar,married,secondary,phone,23,79.64,0
4414,51,15854,entrepreneur,married,secondary,phone,33,443.41,0
4415,45,9380,white_collar,single,secondary,sms,19,175.94,0
4416,30,12677,white_collar,divorced,secondary,phone,13,352.44,0
4417,32,2614,white_collar,single,secondary,phone,14,152.39,1
4418,40,4069,entrepreneur,divorced,primary,sms,32,255.03,0
4419,61,19768,student,divorced,primary,email,49,409.96,0
4420,43,4666,white_collar,single,primary,phone,22,86.82,1
4421,21,2296,white_collar,single,secondary,sms,20,488.85,1
4422,43,17273,student,divorced,tertiary,phone,33,44.41,0
4423,57,19959,entrepreneur,single,primary,phone,5,271.66,1
4424,26,11445,student,single,primary,sms,20,458.85,0
4425,22,1409,student,divorced,secondary,sms,14,473.39,0
4426,49,964,student,divorced,tertiary,phone,27,123.73,0
4427,37,12155,student,married,primary,phone,26,80.55,0
4428,67,5489,entrepreneur,single,primary,email,32,364.96,0
4429,28,19847,entrepreneur,divorced,tertiary,email,30,30.57,0
4430,32,11816,student,single,secondary,sms,27,247.77,0
4431,49,12078,blue_collar,single,tertiary,phone,26,400.21,0
4432,45,3103,blue_collar,divorced,secondary,sms,18,284.52,0
4433,39,14274,blue_collar,married,primary,sms,45,102.13,0
4434,58,13872,blue_collar,divorced,tertiary,phone,23,248.65,0
4435,34,17715,white_collar,divorced,tertiary,email,44,461.42,0
4436,43,8059,entrepreneur,single,primary,sms,47,312.43,0
4437,61,12080,entrepreneur,married,primary,sms,24,363.53,0
4438,24,19195,student,divorced,secondary,phone,4,174.77,0
4439,59,6681,white_collar,single,primary,email,41,102.36,0
4440,43,16905,student,divorced,primary,email,3,135.26,0
4441,42,10065,student,single,tertiary,phone,43,271.26,0
4442,27,11860,entrepreneur,divorced,secondary,sms,30,147.31,0
4443,62,15022,white_collar,married,primary,phone,47,275.56,0
4444,36,1046,blue_collar,divorced,tertiary,phone,16,356.82,0
4445,28,18318,entrepreneur,single,primary,email,7,369.85,1
4446,30,1664,white_collar,divorced,primary,sms,39,90.7,0
4447,25,7432,white_collar,married,primary,sms,22,377.71,0
4448,57,5044,entrepreneur,married,primary,email,41,339.62,0
4449,21,16157,entrepreneur,married,secondary,sms,31,15.88,0
4450,64,13977,student,married,tertiary,sms,49,38.85,0
4451,48,10239,student,single,tertiary,phone,13,326.66,0
4452,45,1408,student,divorced,primary,phone,41,198.01,0
4453,28,19470,blue_collar,married,tertiary,phone,41,81.59,0
4454,60,16870,entrepreneur,divorced,primary,sms,29,31.75,0
4455,18,3358,white_collar,single,tertiary,sms,28,88.11,1
4456,66,4911,entrepreneur,divorced,secondary,sms,44,479.18,0
4457,64,6797,white_collar,divorced,secondary,sms,19,366.51,0
4458,69,15875,blue_collar,married,tertiary,email,23,268.58,0
4459,55,11139,entrepreneur,married,primary,email,47,471.35,0
4460,41,1539,white_collar,single,primary,sms,8,313.36,1
4461,64,11734,white_collar,divorced,primary,phone,25,365.57,0
4462,48,155,student,single,primary,phone,38,148.5,1
4463,58,19808,blue_collar,single,secondary,email,38,298.6,0
4464,63,205,entrepreneur,single,primary,email,35,80.3,1
4465,67,3301,student,married,primary,sms,26,208.2,0
4466,43,15284,blue_collar,married,primary,sms,3,26.29,0
4467,66,769,student,divorced,primary,sms,2,116.15,1
4468,67,12763,entrepreneur,divorced,secondary,sms,5,46.69,0
4469,22,1066,white_collar,divorced,tertiary,sms,20,200.01,0
4470,37,16791,entrepreneur,married,tertiary,phone,12,423.09,0
4471,69,18622,blue_collar,married,primary,phone,38,195.19,0
4472,58,11756,entrepreneur,single,primary,sms,16,417.5,0
4473,28,15993,blue_collar,married,tertiary,phone,37,331.68,0
4474,50,13189,student,single,secondary,sms,38,259.67,0
4475,67,16593,blue_collar,single,secondary,sms,36,126.08,0
4476,55,3732,white_collar,married,secondary,email,46,461.86,0
4477,44,5784,white_collar,single,secondary,phone,29,36.56,0
4478,51,13366,white_collar,single,secondary,phone,35,347.57,0
4479,32,18399,student,divorced,secondary,email,49,314.41,0
4480,49,17040,blue_collar,single,secondary,phone,37,226.11,0
4481,38,204,student,married,secondary,email,21,127.76,0
4482,63,2147,entrepreneur,married,secondary,phone,21,221.04,0
4483,22,16629,entrepreneur,single,primary,sms,28,437.66,0
4484,23,17357,entrepreneur,divorced,secondary,email,6,420.02,0
4485,55,16782,entrepreneur,married,primary,sms,20,471.28,0
4486,39,19722,white_collar,married,tertiary,sms,36,160.82,0
4487,35,8937,blue_collar,divorced,primary,phone,13,199.68,0
4488,31,15507,white_collar,single,tertiary,email,40,19.18,0
4489,27,6482,blue_collar,married,primary,sms,11,472.05,0
4490,63,18995,blue_collar,single,tertiary,sms,24,171.4,0
4491,30,883,student,single,primary,email,19,208.04,1
4492,48,470,entrepreneur,single,primary,phone,23,454.82,1
4493,47,16008,blue_collar,single,tertiary,sms,31,268.03,0
4494,20,586,entrepreneur,married,secondary,phone,37,287.43,0
4495,47,14600,entrepreneur,divorced,secondary,email,37,96.35,0
4496,23,3296,entrepreneur,married,secondary,phone,3,254.34,1
4497,46,9652,white_collar,divorced,secondary,email,34,459.92,0
4498,25,2361,entrepreneur,single,secondary,phone,29,283.77,1
4499,61,10913,blue_collar,divorced,primary,phone,3,135.01,0
4500,62,9248,white_collar,single,secondary,sms,15,25.28,0
4501,60,8672,entrepreneur,married,primary,phone,7,174.79,0
4502,61,15108,student,married,tertiary,sms,3,290.57,0
4503,50,13185,entrepreneur,divorced,secondary,email,47,30.88,0
4504,34,16722,entrepreneur,single,secondary,email,43,308.8,0
4505,65,6943,white_collar,single,secondary,sms,16,266.47,0
4506,28,1205,blue_collar,divorced,secondary,phone,45,393.88,0
4507,30,17870,entrepreneur,single,primary,email,34,24.16,0
4508,67,10541,white_collar,single,primary,email,20,392.62,0
4509,28,9819,white_collar,single,primary,email,44,265.23,0
4510,48,18151,blue_collar,married,tertiary,sms,39,191.56,0
4511,45,2791,white_collar,married,primary,email,33,483.04,0
4512,61,11964,blue_collar,married,secondary,email,14,88.46,0
4513,23,2096,student,single,tertiary,email,42,275.25,1
4514,58,1525,entrepreneur,married,tertiary,email,35,167.28,0
4515,33,16478,white_collar,single,secondary,sms,11,268.47,0
4516,21,6949,student,single,secondary,sms,20,280.61,0
4517,52,3347,white_collar,divorced,secondary,phone,30,53.83,0
4518,65,19076,white_collar,single,secondary,email,28,333.96,0
4519,43,1590,student,married,primary,sms,15,320.9,0
4520,29,17708,white_collar,married,tertiary,phone,38,387.04,0
4521,28,19071,white_collar,single,secondary,phone,13,54.42,0
4522,54,19548,student,married,primary,email,47,155.66,0
4523,42,14410,white_collar,single,secondary,phone,35,328.55,0
4524,35,17316,blue_collar,divorced,primary,sms,47,77.0,0
4525,36,15501,white_collar,single,secondary,phone,24,342.02,0
4526,40,12984,entrepreneur,single,secondary,phone,1,38.92,1
4527,55,18924,white_collar,divorced,secondary,sms,42,174.12,0
4528,35,4895,entrepreneur,married,primary,phone,24,424.89,0
4529,43,1746,entrepreneur,divorced,secondary,phone,27,389.4,0
4530,23,16242,white_collar,divorced,primary,phone,18,325.93,0
4531,21,14406,student,single,primary,phone,26,436.52,0
4532,61,16924,blue_collar,single,tertiary,email,29,357.54,0
4533,68,6056,blue_collar,divorced,primary,email,8,264.49,0
4534,46,14028,white_collar,married,primary,sms,44,490.06,0
4535,51,9821,student,divorced,primary,phone,26,350.48,0
4536,34,11257,student,married,primary,sms,5,304.67,0
4537,60,2467,blue_collar,divorced,primary,email,33,210.35,0
4538,60,6796,student,divorced,tertiary,phone,40,452.18,0
4539,33,5290,white_collar,married,secondary,phone,5,154.9,0
4540,19,4763,white_collar,divorced,tertiary,email,49,14.52,0
4541,51,7162,student,single,tertiary,phone,47,106.4,0
4542,25,4431,white_collar,divorced,secondary,phone,36,63.66,0
4543,30,19518,entrepreneur,single,primary,email,13,166.31,0
4544,59,11980,blue_collar,married,secondary,sms,17,414.68,0
4545,25,16346,white_collar,married,primary,sms,13,329.25,0
4546,47,3362,student,single,secondary,phone,25,92.8,1
4547,49,13420,blue_collar,divorced,tertiary,email,2,396.52,0
4548,53,18591,white_collar,single,primary,sms,24,257.07,0
4549,64,7136,blue_collar,single,tertiary,sms,36,261.23,0
4550,47,19231,student,married,primary,phone,25,187.43,0
4551,18,4777,entrepreneur,single,secondary,sms,34,433.66,1
4552,60,8072,entrepreneur,divorced,secondary,email,12,165.98,0
4553,56,15429,white_collar,single,secondary,sms,19,56.13,0
4554,34,4364,entrepreneur,married,secondary,email,42,158.34,0
4555,37,3233,white_collar,divorced,secondary,email,30,360.52,0
4556,41,11712,blue_collar,married,tertiary,phone,37,332.22,0
4557,67,17949,white_collar,single,tertiary,sms,43,102.13,0
4558,39,18695,white_collar,single,primary,phone,1,64.77,1
4559,46,14258,white_collar,married,tertiary,sms,3,333.82,0
4560,39,9835,entrepreneur,married,primary,phone,49,341.42,0
4561,61,1789,white_collar,divorced,primary,phone,26,189.41,0
4562,26,9863,student,married,tertiary,phone,15,422.97,0
4563,54,7827,white_collar,married,tertiary,sms,46,489.32,0
4564,27,7864,blue_collar,single,primary,phone,47,110.77,0
4565,53,13103,student,single,tertiary,email,48,292.76,0
4566,54,918,blue_collar,married,tertiary,sms,28,12.62,0
4567,45,14539,blue_collar,married,tertiary,email,4,359.4,0
4568,45,15177,blue_collar,single,secondary,phone,19,213.0,0
4569,59,4621,student,divorced,secondary,phone,24,104.7,0
4570,60,1224,student,divorced,primary,email,40,378.59,0
4571,38,5760,entrepreneur,divorced,tertiary,phone,6,407.22,0
4572,41,5741,student,divorced,primary,sms,16,64.47,0
4573,59,17613,white_collar,single,tertiary,email,32,30.09,0
4574,57,1802,blue_collar,married,secondary,sms,30,173.7,0
4575,19,18485,entrepreneur,divorced,tertiary,sms,35,316.74,0
4576,25,11239,student,single,tertiary,sms,8,398.78,1
4577,65,15802,blue_collar,married,tertiary,phone,5,277.57,0
4578,44,6623,student,divorced,secondary,phone,37,294.57,0
4579,39,12497,entrepreneur,married,secondary,email,12,401.93,0
4580,54,8211,student,divorced,secondary,email,25,269.13,0
4581,44,2501,student,married,primary,sms,33,309.47,0
4582,46,9581,blue_collar,divorced,tertiary,phone,39,262.95,0
4583,20,10167,white_collar,divorced,secondary,phone,24,441.42,0
4584,61,13476,student,married,primary,phone,11,125.4,0
4585,30,13924,entrepreneur,married,secondary,email,42,139.36,0
4586,62,13544,student,married,tertiary,phone,35,72.7,0
4587,27,12979,student,single,primary,sms,40,411.54,0
4588,53,16212,white_collar,single,secondary,sms,1,211.77,1
4589,26,639,blue_collar,married,secondary,sms,8,180.47,1
4590,44,11074,entrepreneur,single,primary,phone,23,490.86,0
4591,51,13946,blue_collar,divorced,primary,sms,20,464.13,0
4592,68,5715,blue_collar,married,primary,sms,32,486.27,0
4593,18,16116,blue_collar,single,primary,email,11,79.73,0
4594,49,3056,student,married,primary,email,7,446.71,1
4595,42,8177,white_collar,divorced,secondary,phone,30,171.07,0
4596,46,3822,student,divorced,primary,phone,48,16.2,0
4597,24,12159,entrepreneur,single,primary,phone,39,201.74,0
4598,66,5187,white_collar,divorced,tertiary,phone,13,259.51,0
4599,20,10438,blue_collar,married,secondary,phone,42,63.03,0
4600,37,2270,white_collar,single,tertiary,email,49,273.46,1
4601,37,3491,entrepreneur,married,secondary,email,3,411.54,1
4602,47,7042,student,married,secondary,email,7,195.05,0
4603,52,18100,student,married,secondary,sms,43,182.8,0
4604,52,13906,blue_collar,divorced,primary,sms,13,176.02,0
4605,66,14892,student,married,tertiary,email,37,462.32,0
4606,56,12909,student,divorced,secondary,email,25,33.89,0
4607,44,14955,entrepreneur,married,secondary,phone,23,228.09,0
4608,43,9208,white_collar,divorced,secondary,email,47,139.65,0
4609,31,6558,student,divorced,tertiary,phone,33,447.97,0
4610,34,2856,entrepreneur,divorced,secondary,email,5,57.07,1
4611,35,6953,entrepreneur,married,tertiary,phone,32,211.61,0
4612,62,7809,blue_collar,married,tertiary,email,30,209.34,0
4613,69,18420,entrepreneur,divorced,primary,phone,31,445.31,0
4614,46,19575,blue_collar,married,secondary,sms,13,115.59,0
4615,37,12947,student,divorced,secondary,sms,42,326.0,0
4616,44,17452,blue_collar,married,tertiary,phone,5,75.86,0
4617,35,7397,entrepreneur,divorced,tertiary,phone,23,477.45,0
4618,21,16356,white_collar,divorced,primary,sms,1,300.58,0
4619,18,3303,white_collar,single,secondary,email,10,316.87,1
4620,67,6599,student,married,tertiary,phone,27,222.55,0
4621,18,5273,student,married,secondary,email,8,177.72,0
4622,43,17373,white_collar,single,secondary,sms,3,114.21,1
4623,62,11750,blue_collar,divorced,secondary,sms,19,305.95,0
4624,37,9273,student,divorced,tertiary,phone,2,477.74,0
4625,69,7482,entrepreneur,single,secondary,email,49,186.3,0
4626,40,901,student,single,tertiary,sms,31,442.75,1
4627,27,8334,blue_collar,divorced,primary,email,48,82.9,0
4628,28,13997,student,married,primary,sms,10,468.7,0
4629,58,15297,entrepreneur,single,tertiary,phone,16,181.74,0
4630,58,19833,entrepreneur,single,secondary,email,37,196.07,0
4631,22,10069,entrepreneur,single,primary,email,20,236.79,0
4632,18,3301,blue_collar,single,primary,phone,3,361.94,1
4633,34,16833,blue_collar,single,tertiary,phone,35,362.63,0
4634,39,10072,entrepreneur,single,tertiary,phone,34,245.0,0
4635,51,683,entrepreneur,divorced,tertiary,phone,21,266.34,0
4636,62,12819,blue_collar,divorced,tertiary,sms,36,24.71,0
4637,58,3477,blue_collar,single,tertiary,email,32,159.11,1
4638,46,14955,blue_collar,divorced,tertiary,sms,18,179.55,0
4639,21,3501,white_collar,married,tertiary,phone,34,283.78,0
4640,22,13736,blue_collar,married,secondary,sms,38,283.57,0
4641,28,19669,entrepreneur,single,secondary,sms,3,357.85,1
4642,68,15838,white_collar,married,secondary,email,3,361.34,0
4643,38,6872,blue_collar,married,secondary,email,27,125.25,0
4644,52,19831,entrepreneur,divorced,primary,email,2,387.39,0
4645,29,10231,student,divorced,secondary,phone,3,19.61,0
4646,43,888,white_collar,divorced,primary,phone,17,360.92,0
4647,68,16284,entrepreneur,divorced,primary,email,46,60.01,0
4648,36,2989,student,married,primary,sms,39,367.53,0
4649,62,9669,entrepreneur,single,tertiary,email,38,268.29,0
4650,24,10241,blue_collar,divorced,primary,phone,40,224.25,0
4651,64,19756,blue_collar,married,primary,sms,19,348.43,0
4652,24,12034,student,divorced,primary,phone,19,27.82,0
4653,43,9869,blue_collar,married,tertiary,email,44,119.5,0
4654,57,7712,entrepreneur,divorced,secondary,email,5,312.06,0
4655,22,18976,student,single,secondary,sms,5,425.14,1
4656,38,16305,entrepreneur,divorced,primary,email,14,196.74,0
4657,31,14034,entrepreneur,single,primary,phone,27,136.79,0
4658,21,10195,entrepreneur,divorced,secondary,phone,49,264.18,0
4659,40,4340,blue_collar,divorced,secondary,phone,48,314.93,0
4660,59,18806,blue_collar,divorced,secondary,sms,36,215.85,0
4661,37,10848,entrepreneur,married,secondary,phone,40,439.59,0
4662,32,5398,white_collar,married,primary,email,35,266.48,0
4663,67,1961,entrepreneur,single,primary,sms,21,27.55,1
4664,69,14242,entrepreneur,single,primary,phone,5,119.3,1
4665,62,7420,student,married,secondary,phone,24,230.82,0
4666,46,11467,entrepreneur,single,tertiary,email,39,351.89,0
4667,25,17582,blue_collar,single,secondary,email,24,117.68,0
4668,58,5347,student,married,secondary,sms,40,488.37,0
4669,65,1834,white_collar,married,tertiary,phone,43,166.09,0
4670,36,4763,student,married,tertiary,phone,46,270.92,0
4671,65,6009,white_collar,married,secondary,email,13,19.29,0
4672,56,19900,student,divorced,tertiary,sms,38,443.6,0
4673,63,12918,student,married,tertiary,email,45,396.53,0
4674,45,17164,white_collar,single,tertiary,email,1,105.77,1
4675,63,8263,blue_collar,divorced,secondary,sms,43,467.29,0
4676,44,18554,blue_collar,divorced,secondary,phone,39,164.76,0
4677,21,13458,blue_collar,single,tertiary,phone,10,349.17,0
4678,32,6768,student,divorced,primary,phone,2,411.3,0
4679,52,13116,entrepreneur,single,tertiary,sms,16,373.05,0
4680,54,8101,student,divorced,tertiary,sms,37,459.62,0
4681,18,10021,entrepreneur,divorced,secondary,sms,16,433.49,0
4682,20,2291,entrepreneur,single,primary,sms,23,497.36,1
4683,64,8959,blue_collar,single,tertiary,sms,26,99.48,0
4684,41,8972,entrepreneur,single,primary,email,16,159.33,0
4685,44,19330,student,single,secondary,phone,27,321.75,0
4686,57,18947,student,married,primary,sms,47,369.19,0
4687,53,5022,blue_collar,married,secondary,phone,41,271.96,0
4688,51,4492,white_collar,single,tertiary,sms,30,46.22,1
4689,46,19667,student,married,secondary,phone,33,422.38,0
4690,41,13641,entrepreneur,single,primary,email,32,480.83,0
4691,41,19651,student,single,primary,phone,9,208.7,1
4692,59,19481,student,divorced,primary,phone,11,120.16,0
4693,21,15115,student,single,tertiary,sms,37,19.46,0
4694,20,3327,white_collar,single,primary,phone,6,126.28,1
4695,51,2124,entrepreneur,single,primary,email,30,352.96,1
4696,66,16813,blue_collar,single,primary,email,40,456.68,0
4697,40,2586,student,divorced,secondary,email,15,55.82,0
4698,69,1255,entrepreneur,single,primary,sms,48,281.1,1
4699,40,10182,entrepreneur,divorced,secondary,sms,30,350.81,0
4700,62,4577,blue_collar,single,primary,sms,18,145.43,1
4701,22,18669,student,divorced,secondary,sms,12,289.25,0
4702,48,7186,white_collar,married,secondary,sms,4,360.47,0
4703,58,2417,entrepreneur,divorced,tertiary,email,16,420.48,0
4704,23,3721,blue_collar,divorced,tertiary,phone,23,231.72,0
4705,54,4591,white_collar,single,secondary,email,11,376.45,1
4706,27,16016,entrepreneur,divorced,secondary,sms,24,157.87,0
4707,57,15348,student,divorced,tertiary,email,22,114.39,0
4708,24,2611,entrepreneur,single,secondary,phone,39,101.78,1
4709,56,9646,white_collar,married,tertiary,sms,15,185.85,0
4710,55,15712,white_collar,married,tertiary,email,49,27.58,0
4711,38,7948,student,married,primary,email,15,148.67,0
4712,37,14374,student,divorced,primary,phone,10,329.59,0
4713,20,17777,blue_collar,single,tertiary,sms,28,327.48,0
4714,68,2565,student,married,tertiary,sms,36,46.04,0
4715,39,16404,blue_collar,married,secondary,phone,17,150.83,0
4716,64,15769,white_collar,married,tertiary,phone,36,289.08,0
4717,21,11394,white_collar,married,tertiary,phone,22,166.09,0
4718,45,3275,entrepreneur,single,primary,phone,23,214.81,1
4719,29,7949,entrepreneur,married,tertiary,sms,29,359.28,0
4720,55,12573,blue_collar,divorced,secondary,sms,22,14.54,0
4721,68,9525,student,divorced,tertiary,email,11,145.43,0
4722,53,12322,student,single,primary,email,36,79.76,0
4723,64,8544,entrepreneur,married,primary,email,44,72.53,0
4724,58,8310,white_collar,married,primary,sms,29,479.93,0
4725,22,2859,blue_collar,divorced,primary,sms,42,194.51,0
4726,30,16191,white_collar,single,tertiary,sms,32,268.27,0
4727,40,102,white_collar,divorced,secondary,email,14,369.57,0
4728,67,17743,student,single,secondary,phone,18,33.25,0
4729,47,8290,blue_collar,single,secondary,phone,38,128.1,0
4730,54,15348,white_collar,single,tertiary,phone,37,417.75,0
4731,42,5873,entrepreneur,divorced,tertiary,phone,34,432.38,0
4732,65,12886,entrepreneur,single,tertiary,phone,45,192.75,0
4733,44,19052,student,divorced,secondary,sms,23,193.68,0
4734,68,15137,entrepreneur,divorced,tertiary,email,32,380.88,0
4735,31,1985,entrepreneur,married,tertiary,phone,46,154.58,0
4736,65,7160,white_collar,divorced,primary,phone,3,67.38,0
4737,64,16431,entrepreneur,divorced,primary,phone,43,136.19,0
4738,53,7944,entrepreneur,married,secondary,sms,22,199.8,0
4739,56,13550,white_collar,married,primary,phone,23,35.58,0
4740,33,9591,student,married,primary,email,4,244.55,0
4741,39,18822,student,single,primary,sms,13,372.6,0
4742,38,9368,blue_collar,single,tertiary,sms,32,261.74,0
4743,38,9239,entrepreneur,married,primary,sms,29,45.23,0
4744,25,6891,white_collar,single,primary,phone,40,225.67,0
4745,66,7271,blue_collar,married,primary,phone,40,357.36,0
4746,33,19215,student,single,tertiary,phone,45,38.47,0
4747,48,17353,student,divorced,secondary,phone,10,39.33,0
4748,59,193,white_collar,single,tertiary,email,13,191.59,1
4749,27,3087,blue_collar,single,tertiary,sms,45,105.53,1
4750,49,12947,blue_collar,divorced,primary,phone,17,468.04,0
4751,51,10067,white_collar,married,secondary,email,38,294.86,0
4752,26,16318,white_collar,single,primary,sms,2,150.79,1
4753,34,10552,blue_collar,single,primary,sms,17,355.34,0
4754,28,8727,student,divorced,secondary,sms,44,193.72,0
4755,49,5047,entrepreneur,divorced,secondary,phone,26,74.74,0
4756,27,6751,student,divorced,tertiary,sms,38,126.24,0
4757,39,3244,white_collar,divorced,secondary,phone,37,324.95,0
4758,34,16560,blue_collar,married,tertiary,email,5,35.42,0
4759,21,9059,blue_collar,single,tertiary,sms,25,143.62,0
4760,65,8397,entrepreneur,single,primary,email,9,112.07,1
4761,69,6794,blue_collar,single,primary,phone,28,108.56,0
4762,64,15935,entrepreneur,single,primary,phone,22,344.55,0
4763,42,19357,student,married,secondary,phone,29,414.65,0
4764,38,3446,student,single,secondary,sms,35,360.77,1
4765,54,19632,blue_collar,married,tertiary,sms,20,326.41,0
4766,55,11440,blue_collar,married,tertiary,email,5,459.06,0
4767,66,344,white_collar,divorced,tertiary,phone,39,38.61,0
4768,18,2725,white_collar,divorced,secondary,email,44,92.07,0
4769,42,3949,blue_collar,single,tertiary,phone,32,213.06,1
4770,68,9697,blue_collar,married,tertiary,phone,39,192.5,0
4771,53,7837,student,divorced,secondary,email,10,214.85,0
4772,34,14124,blue_collar,married,primary,phone,40,111.16,0
4773,58,12100,white_collar,divorced,secondary,email,17,83.26,0
4774,41,8433,student,married,tertiary,sms,37,259.5,0
4775,19,17376,entrepreneur,single,primary,email,15,464.75,0
4776,57,7410,white_collar,single,secondary,email,9,202.07,1
4777,32,2499,white_collar,married,primary,phone,32,31.24,0
4778,49,4740,student,divorced,primary,email,23,356.02,0
4779,56,19444,entrepreneur,divorced,tertiary,sms,11,152.64,0
4780,23,10491,white_collar,single,secondary,sms,13,130.1,0
4781,18,17953,blue_collar,single,tertiary,sms,18,168.89,0
4782,64,10992,white_collar,single,secondary,sms,49,364.67,0
4783,40,11297,student,divorced,secondary,email,9,411.22,0
4784,56,13150,student,divorced,secondary,sms,42,298.15,0
4785,34,3474,student,single,primary,email,5,168.01,1
4786,51,13011,white_collar,married,primary,email,43,162.13,0
4787,58,8947,entrepreneur,divorced,tertiary,phone,22,70.91,0
4788,46,14885,blue_collar,single,secondary,email,32,467.32,0
4789,26,11060,student,married,secondary,email,47,322.69,0
4790,30,13635,entrepreneur,divorced,primary,phone,2,23.22,0
4791,23,8334,blue_collar,married,secondary,sms,21,334.56,0
4792,23,10603,student,married,tertiary,sms,28,229.11,0
4793,37,5222,blue_collar,divorced,secondary,email,24,486.55,0
4794,69,9952,blue_collar,single,secondary,phone,24,411.34,0
4795,20,5487,entrepreneur,married,primary,email,14,93.94,0
4796,34,7731,blue_collar,single,secondary,email,37,362.85,0
4797,66,7326,student,divorced,tertiary,sms,27,247.93,0
4798,29,5208,entrepreneur,married,tertiary,phone,24,101.65,0
4799,65,18708,white_collar,married,tertiary,email,6,352.38,0
4800,64,2210,white_collar,married,tertiary,sms,26,278.22,0
4801,62,1057,entrepreneur,married,primary,email,15,24.88,0
4802,18,7246,white_collar,married,secondary,sms,29,326.83,0
4803,34,660,blue_collar,divorced,primary,phone,36,321.14,0
4804,20,1412,student,married,tertiary,email,10,80.6,0
4805,43,18305,blue_collar,divorced,secondary,phone,28,181.0,0
4806,32,11695,entrepreneur,single,primary,sms,9,297.09,1
4807,53,5474,student,divorced,secondary,phone,21,78.0,0
4808,49,2751,entrepreneur,married,tertiary,phone,10,427.83,0
4809,49,10106,entrepreneur,single,tertiary,phone,4,23.47,1
4810,21,10033,entrepreneur,divorced,secondary,email,4,60.39,0
4811,35,16272,blue_collar,divorced,secondary,sms,6,66.89,0
4812,66,2977,student,divorced,tertiary,phone,26,268.77,0
4813,36,4183,student,married,primary,email,40,313.86,0
4814,60,845,student,married,tertiary,sms,16,207.83,0
4815,69,8849,blue_collar,divorced,secondary,sms,8,151.45,0
4816,52,17425,white_collar,divorced,primary,sms,28,406.57,0
4817,57,18780,blue_collar,single,tertiary,phone,16,43.46,0
4818,31,17423,blue_collar,married,secondary,phone,38,147.34,0
4819,50,18094,entrepreneur,married,secondary,phone,49,29.17,0
4820,31,1825,student,single,secondary,sms,1,16.81,1
4821,51,12313,student,divorced,primary,sms,19,183.16,0
4822,21,9628,white_collar,divorced,primary,phone,17,105.46,0
4823,41,14262,white_collar,single,primary,phone,49,141.5,0
4824,46,8953,entrepreneur,divorced,primary,sms,28,412.26,0
4825,36,7287,student,divorced,secondary,sms,44,89.86,0
4826,23,132,white_collar,single,secondary,email,12,392.31,1
4827,50,14993,white_collar,single,primary,email,6,340.77,1
4828,66,14508,student,single,primary,phone,7,169.96,1
4829,57,15260,blue_collar,divorced,secondary,sms,8,277.81,0
4830,36,3514,white_collar,single,tertiary,sms,3,227.77,1
4831,18,17640,student,divorced,tertiary,email,49,72.91,0
4832,22,19610,white_collar,married,secondary,sms,21,454.52,0
4833,44,12220,entrepreneur,married,primary,phone,8,289.11,0
4834,33,1643,white_collar,single,primary,email,28,441.32,1
4835,23,371,student,divorced,secondary,sms,30,413.67,0
4836,57,5395,white_collar,divorced,tertiary,sms,32,49.09,0
4837,30,15063,entrepreneur,divorced,secondary,phone,11,111.56,0
4838,65,11680,entrepreneur,single,secondary,sms,20,81.18,0
4839,52,19193,white_collar,divorced,secondary,email,16,417.08,0
4840,36,12697,white_collar,divorced,primary,email,25,432.6,0
4841,29,12145,entrepreneur,divorced,primary,sms,45,268.71,0
4842,33,13703,entrepreneur,married,primary,sms,9,61.05,0
4843,60,10037,blue_collar,divorced,tertiary,sms,39,76.45,0
4844,27,14930,blue_collar,married,secondary,sms,49,408.64,0
4845,42,6822,entrepreneur,divorced,secondary,email,40,465.3,0
4846,37,8301,white_collar,divorced,tertiary,phone,40,107.74,0
4847,48,4244,student,divorced,primary,email,3,15.46,1
4848,21,5706,white_collar,married,secondary,sms,16,172.17,0
4849,61,6866,white_collar,divorced,tertiary,sms,12,24.94,0
4850,40,17214,blue_collar,single,primary,email,15,415.71,0
4851,19,16028,blue_collar,divorced,primary,email,4,250.84,0
4852,39,1748,blue_collar,married,secondary,sms,23,324.51,0
4853,68,2230,entrepreneur,married,primary,email,27,211.63,0
4854,54,14492,entrepreneur,single,tertiary,sms,39,179.3,0
4855,25,10688,white_collar,single,primary,email,43,118.88,0
4856,24,4466,white_collar,single,secondary,sms,37,387.56,1
4857,31,1606,student,married,tertiary,email,13,350.82,0
4858,20,18642,white_collar,divorced,primary,sms,43,186.76,0
4859,67,19400,white_collar,divorced,primary,phone,37,167.35,0
4860,33,15322,blue_collar,single,primary,phone,40,10.61,0
4861,36,12463,blue_collar,single,tertiary,email,21,41.14,0
4862,68,19713,blue_collar,divorced,primary,phone,29,315.4,0
4863,35,11895,blue_collar,single,secondary,sms,29,262.16,0
4864,69,9958,blue_collar,divorced,tertiary,email,49,223.05,0
4865,33,12716,student,divorced,tertiary,email,11,415.48,0
4866,25,4236,student,divorced,primary,sms,28,256.91,0
4867,50,13578,student,divorced,tertiary,sms,10,198.4,0
4868,66,11261,blue_collar,married,secondary,sms,5,89.02,0
4869,29,2789,entrepreneur,divorced,tertiary,email,25,412.14,0
4870,28,2910,blue_collar,single,secondary,sms,33,292.36,1
4871,22,11763,blue_collar,single,primary,phone,17,55.31,0
4872,44,6252,student,single,tertiary,email,49,327.96,0
4873,29,112,blue_collar,single,secondary,sms,33,218.28,1
4874,34,11262,student,married,primary,email,25,407.58,0
4875,23,8099,blue_collar,divorced,secondary,phone,33,460.27,0
4876,50,7319,white_collar,divorced,tertiary,phone,9,304.23,0
4877,22,5428,entrepreneur,single,tertiary,sms,27,368.49,0
4878,45,3721,entrepreneur,single,secondary,email,25,37.73,1
4879,31,11765,student,single,primary,sms,4,284.53,1
4880,22,11414,white_collar,divorced,primary,email,9,380.12,0
4881,50,752,entrepreneur,married,primary,sms,46,253.41,0
4882,67,16282,student,married,primary,sms,15,300.84,0
4883,65,8912,blue_collar,married,secondary,email,16,450.48,0
4884,58,3890,blue_collar,married,tertiary,email,16,107.07,0
4885,36,15759,white_collar,single,secondary,phone,13,58.14,0
4886,39,1745,entrepreneur,divorced,tertiary,phone,14,348.42,0
4887,22,10535,blue_collar,single,tertiary,email,22,413.2,0
4888,19,3788,student,married,secondary,phone,21,426.74,0
4889,47,7789,blue_collar,single,secondary,phone,9,324.41,1
4890,64,1479,blue_collar,married,primary,email,41,418.27,0
4891,56,4343,entrepreneur,divorced,tertiary,email,4,353.33,1
4892,21,10337,entrepreneur,married,primary,email,10,52.81,0
4893,50,16430,student,single,primary,sms,35,383.4,0
4894,30,19137,white_collar,divorced,secondary,email,9,97.89,0
4895,37,5711,white_collar,married,primary,email,48,125.94,0
4896,24,12616,blue_collar,married,primary,email,16,203.38,0
4897,32,13986,student,divorced,primary,phone,49,164.14,0
4898,40,13816,white_collar,single,secondary,email,18,167.61,0
4899,31,6012,white_collar,divorced,primary,phone,10,92.94,0
4900,40,6549,blue_collar,single,primary,sms,21,154.0,0
4901,36,1825,student,married,secondary,email,15,19.63,0
4902,46,15970,white_collar,married,secondary,email,15,241.73,0
4903,37,9404,entrepreneur,divorced,secondary,phone,11,386.61,0
4904,46,7622,entrepreneur,married,tertiary,sms,40,432.5,0
4905,41,13763,blue_collar,divorced,secondary,email,48,412.01,0
4906,35,4884,blue_collar,married,tertiary,sms,42,214.06,0
4907,27,9572,blue_collar,married,secondary,sms,41,367.91,0
4908,58,17716,blue_collar,single,secondary,email,47,151.07,0
4909,25,10155,white_collar,divorced,secondary,sms,37,37.23,0
4910,43,12776,student,divorced,tertiary,sms,20,341.23,0
4911,46,7546,blue_collar,married,primary,email,34,327.91,0
4912,27,4825,blue_collar,single,secondary,phone,22,402.8,1
4913,34,14869,white_collar,single,tertiary,email,48,311.89,0
4914,19,1509,blue_collar,divorced,secondary,sms,18,86.88,0
4915,23,8305,blue_collar,divorced,primary,email,16,428.05,0
4916,22,16465,student,married,tertiary,phone,5,317.35,0
4917,45,356,entrepreneur,divorced,secondary,sms,1,405.73,1
4918,58,18205,blue_collar,married,secondary,sms,19,389.31,0
4919,22,15804,white_collar,single,secondary,phone,10,155.95,0
4920,35,17907,student,divorced,primary,phone,21,46.53,0
4921,43,3090,white_collar,single,tertiary,sms,13,96.49,1
4922,37,1295,student,single,secondary,phone,24,55.5,1
4923,58,1344,student,married,secondary,email,23,129.27,0
4924,66,11515,blue_collar,single,tertiary,phone,23,235.17,0
4925,44,6866,blue_collar,married,primary,email,11,454.34,0
4926,66,11762,blue_collar,married,primary,sms,47,437.29,0
4927,29,16310,entrepreneur,single,primary,sms,2,362.11,1
4928,24,17790,entrepreneur,single,primary,sms,6,21.82,1
4929,20,10413,white_collar,married,primary,sms,11,177.28,0
4930,27,2502,blue_collar,married,secondary,sms,15,344.35,0
4931,51,16980,entrepreneur,single,secondary,phone,9,73.22,1
4932,42,19883,blue_collar,married,secondary,phone,12,402.53,0
4933,52,13375,entrepreneur,married,tertiary,sms,36,458.14,0
4934,33,15015,entrepreneur,divorced,primary,phone,28,183.51,0
4935,19,1009,student,divorced,tertiary,phone,23,355.86,0
4936,41,15906,blue_collar,divorced,primary,sms,27,82.62,0
4937,27,472,blue_collar,divorced,primary,phone,24,348.5,0
4938,55,1444,entrepreneur,divorced,tertiary,sms,14,20.51,0
4939,39,8615,blue_collar,married,secondary,sms,35,83.88,0
4940,43,2531,entrepreneur,married,tertiary,sms,27,357.84,0
4941,60,19268,blue_collar,divorced,secondary,sms,21,358.81,0
4942,56,10685,student,single,primary,phone,49,324.17,0
4943,44,15562,blue_collar,divorced,secondary,phone,13,243.91,0
4944,46,1795,student,single,primary,email,8,340.7,1
4945,64,2007,white_collar,married,primary,email,44,389.16,0
4946,55,17264,blue_collar,single,secondary,sms,44,483.58,0
4947,37,1119,blue_collar,married,primary,email,44,445.43,0
4948,44,11557,blue_collar,single,secondary,phone,34,399.32,0
4949,58,1503,student,married,tertiary,phone,42,350.43,0
4950,37,17910,blue_collar,married,primary,email,23,291.34,0
4951,61,8955,blue_collar,divorced,primary,email,9,69.1,0
4952,36,5968,entrepreneur,married,tertiary,phone,1,91.12,0
4953,37,10939,white_collar,divorced,primary,email,36,411.94,0
4954,52,110,student,divorced,tertiary,phone,46,403.62,0
4955,64,6430,entrepreneur,divorced,tertiary,phone,16,311.08,0
4956,19,15161,student,single,primary,email,25,225.03,0
4957,47,9330,entrepreneur,single,tertiary,email,18,22.76,0
4958,51,19309,white_collar,married,tertiary,sms,34,170.32,0
4959,39,7564,entrepreneur,divorced,tertiary,sms,38,216.11,0
4960,20,14846,student,divorced,primary,sms,3,248.05,0
4961,23,3103,blue_collar,married,tertiary,sms,20,465.37,0
4962,32,7295,blue_collar,divorced,secondary,sms,19,63.27,0
4963,44,19572,white_collar,married,secondary,phone,13,264.24,0
4964,27,13762,student,divorced,tertiary,email,17,190.28,0
4965,26,13839,student,single,secondary,phone,14,495.15,0
4966,50,15688,student,married,primary,sms,30,432.31,0
4967,49,1889,white_collar,married,tertiary,sms,22,225.01,0
4968,65,19520,blue_collar,single,primary,email,43,499.85,0
4969,23,7698,entrepreneur,married,secondary,phone,48,261.89,0
4970,58,4938,white_collar,single,secondary,sms,43,91.89,1
4971,53,5972,entrepreneur,divorced,secondary,sms,29,282.38,0
4972,19,11467,blue_collar,single,secondary,sms,2,120.84,1
4973,46,4399,white_collar,single,primary,sms,8,321.79,1
4974,21,17457,blue_collar,married,tertiary,phone,14,469.35,0
4975,18,7183,entrepreneur,divorced,primary,phone,34,395.24,0
4976,36,5594,student,single,tertiary,sms,13,143.85,0
4977,43,11417,student,divorced,secondary,phone,10,155.46,0
4978,42,19890,entrepreneur,single,secondary,sms,8,43.95,1
4979,27,3229,student,married,secondary,email,7,150.08,1
4980,32,204,entrepreneur,single,secondary,email,13,55.39,1
4981,39,7533,white_collar,single,primary,email,26,254.73,0
4982,68,7789,white_collar,divorced,tertiary,phone,32,357.09,0
4983,65,3667,white_collar,single,tertiary,sms,19,378.08,1
4984,38,17665,student,married,secondary,email,15,39.17,0
4985,39,4744,blue_collar,married,primary,email,2,176.58,1
4986,53,15066,student,single,secondary,phone,37,151.2,0
4987,51,11430,student,single,tertiary,phone,19,61.11,0
4988,47,4494,blue_collar,divorced,tertiary,email,33,187.61,0
4989,42,3634,blue_collar,divorced,primary,sms,39,156.67,0
4990,62,12488,blue_collar,married,tertiary,sms,33,320.9,0
4991,45,11419,blue_collar,divorced,primary,sms,1,442.82,0
4992,18,6575,student,single,secondary,email,39,232.87,0
4993,66,18258,entrepreneur,married,secondary,phone,28,375.87,0
4994,62,14828,white_collar,divorced,primary,sms,17,81.55,0
4995,21,12106,entrepreneur,married,secondary,email,6,448.53,0
4996,24,16250,student,single,primary,email,44,84.77,0
4997,66,546,blue_collar,divorced,secondary,phone,20,104.13,0
4998,26,208,white_collar,single,secondary,sms,47,62.17,1
4999,53,3339,white_collar,single,tertiary,email,13,161.74,1
5000,36,6031,entrepreneur,married,tertiary,sms,12,280.68,0
