ID,Year_Birth,Age,Education,Marital_Status,Income,Kidhome,Teenhome,Children,Dt_Customer,Customer_Tenure,Recency,MntWines,MntFruits,MntMeatProducts,MntFishProducts,MntSweetProducts,MntGoldProds,TotalSpend,NumDealsPurchases,NumWebPurchases,NumCatalogPurchases,NumStorePurchases,NumWebVisitsMonth,TotalPurchases,AcceptedCmp1,AcceptedCmp2,AcceptedCmp3,AcceptedCmp4,AcceptedCmp5,Response,PreviousCampaignAcceptedTotal,CampaignAcceptedTotal,Complain,SpendPercentile,CustomerValueSegment,RetentionSegment
5524,1957,57,Graduation,Single,58138.0,0,0,0,2012-09-04,663,58,635,88,546,172,88,88,1617,3,8,10,4,7,25,0,0,0,0,0,1,0,1,0,0.9194494584837545,High Value,Champions
2174,1954,60,Graduation,Single,46344.0,1,1,2,2014-03-08,113,38,11,1,6,2,1,6,27,2,1,1,2,5,6,0,0,0,0,0,0,0,0,0,0.06994584837545126,Low Value,Low Value
4141,1965,49,Graduation,Together,71613.0,0,0,0,2013-08-21,312,26,426,49,127,111,21,42,776,1,8,2,10,4,21,0,0,0,0,0,0,0,0,0,0.64485559566787,Mid Value,Potential Loyalists
6182,1984,30,Graduation,Together,26646.0,1,0,1,2014-02-10,139,26,11,4,20,10,3,5,53,2,2,0,4,6,8,0,0,0,0,0,0,0,0,0,0.1865974729241877,Low Value,Low Value
5324,1981,33,PhD,Married,58293.0,1,0,1,2014-01-19,161,94,173,43,118,46,27,15,422,5,5,3,6,5,19,0,0,0,0,0,0,0,0,0,0.5171480144404332,Mid Value,Loyal Customers
7446,1967,47,Master,Together,62513.0,0,1,1,2013-09-09,293,16,520,42,98,0,42,14,716,2,6,4,10,6,22,0,0,0,0,0,0,0,0,0,0.625,Mid Value,Potential Loyalists
965,1971,43,Graduation,Divorced,55635.0,0,1,1,2012-11-13,593,34,235,65,164,50,49,27,590,4,7,3,7,6,21,0,0,0,0,0,0,0,0,0,0.5857400722021661,Mid Value,Potential Loyalists
6177,1985,29,PhD,Married,33454.0,1,0,1,2013-05-08,417,32,76,10,56,3,1,23,169,2,4,0,4,8,10,0,0,0,0,0,0,0,0,0,0.38064079422382674,Low Value,Low Value
4855,1974,40,PhD,Together,30351.0,1,0,1,2013-06-06,388,19,14,0,24,3,3,2,46,1,3,0,2,9,6,0,0,0,0,0,1,0,1,0,0.15681407942238268,Low Value,Low Value
5899,1950,64,PhD,Together,5648.0,1,1,2,2014-03-13,108,68,28,0,6,1,1,13,49,1,1,0,0,20,2,0,0,1,0,0,0,1,1,0,0.17373646209386281,Low Value,Low Value
387,1976,38,Basic,Married,7500.0,0,0,0,2012-11-13,593,59,6,16,11,11,1,16,61,1,2,0,3,8,6,0,0,0,0,0,0,0,0,0,0.2197653429602888,Low Value,Low Value
2125,1959,55,Graduation,Divorced,63033.0,0,0,0,2013-11-15,226,82,194,61,480,225,112,30,1102,1,3,4,8,2,16,0,0,0,0,0,0,0,0,0,0.7709837545126353,Mid Value,Low Value
8180,1952,62,Master,Divorced,59354.0,1,1,2,2013-11-15,226,53,233,2,53,3,5,14,310,3,6,1,5,6,15,0,0,0,0,0,0,0,0,0,0.4620938628158845,Low Value,Low Value
2569,1987,27,Graduation,Married,17323.0,0,0,0,2012-10-10,627,38,3,14,17,6,1,5,46,1,1,0,3,8,5,0,0,0,0,0,0,0,0,0,0.15681407942238268,Low Value,Low Value
2114,1946,68,PhD,Single,82800.0,0,0,0,2012-11-24,582,23,1006,22,115,59,68,45,1315,1,7,6,12,3,26,1,0,0,0,1,1,2,3,0,0.8425090252707581,High Value,Champions
9736,1980,34,Graduation,Married,41850.0,1,1,2,2012-12-24,552,51,53,5,19,2,13,4,96,3,3,0,3,8,9,0,0,0,0,0,0,0,0,0,0.31227436823104693,Low Value,Low Value
4939,1946,68,Graduation,Together,37760.0,0,0,0,2012-08-31,667,20,84,5,38,150,12,28,317,2,4,1,6,7,13,0,0,0,0,0,0,0,0,0,0.4690884476534296,Low Value,Low Value
6565,1949,65,Master,Married,76995.0,0,1,1,2013-03-28,458,91,1012,80,498,0,16,176,1782,2,11,4,9,5,26,1,0,0,0,0,0,1,1,0,0.9510379061371841,High Value,At-Risk High Value
2278,1985,29,2n Cycle,Single,33812.0,1,0,1,2012-11-03,603,86,4,17,19,30,24,39,133,2,2,1,3,6,8,0,0,0,0,0,0,0,0,0,0.35175992779783394,Low Value,Low Value
9360,1982,32,Graduation,Married,37040.0,0,0,0,2012-08-08,690,41,86,2,73,69,38,48,316,1,4,2,5,8,12,0,0,0,0,0,0,0,0,0,0.4681859205776173,Low Value,Low Value
5376,1979,35,Graduation,Married,2447.0,1,0,1,2013-01-06,539,42,1,1,1725,1,1,1,1730,15,0,28,0,1,43,0,0,0,0,0,0,0,0,0,0.9438176895306859,High Value,Champions
1993,1949,65,PhD,Married,58607.0,0,1,1,2012-12-23,553,63,867,0,86,0,0,19,972,3,2,3,9,8,17,0,0,0,1,0,0,1,1,0,0.7184115523465704,Mid Value,Loyal Customers
4047,1954,60,PhD,Married,65324.0,0,1,1,2014-01-11,169,0,384,0,102,21,32,5,544,3,6,2,9,4,20,0,0,0,0,0,0,0,0,0,0.569268953068592,Mid Value,Potential Loyalists
1409,1951,63,Graduation,Together,40689.0,0,1,1,2013-03-18,468,69,270,3,27,39,6,99,444,7,7,1,5,8,20,0,0,0,0,0,0,0,0,0,0.5300090252707581,Mid Value,Loyal Customers
7892,1969,45,Graduation,Single,18589.0,0,0,0,2013-01-02,543,89,6,4,25,15,12,13,75,2,2,1,3,7,8,0,0,0,0,0,0,0,0,0,0.26827617328519854,Low Value,Low Value
2404,1976,38,Graduation,Married,53359.0,1,1,2,2013-05-27,398,4,173,4,30,3,6,41,257,4,5,1,4,7,14,0,0,0,0,0,0,0,0,0,0.4305054151624549,Low Value,Low Value
9422,1989,25,Graduation,Married,38360.0,1,0,1,2013-05-31,394,26,36,2,42,20,21,10,131,2,2,1,4,3,9,0,0,0,0,0,0,0,0,0,0.3495036101083033,Low Value,Low Value
1966,1965,49,PhD,Married,84618.0,0,0,0,2013-11-22,219,96,684,100,801,21,66,0,1672,1,6,9,10,2,26,0,0,0,0,1,0,1,1,0,0.930731046931408,High Value,At-Risk High Value
6864,1989,25,Master,Divorced,10979.0,0,0,0,2014-05-22,38,34,8,4,10,2,2,4,30,2,3,0,3,5,8,0,0,0,0,0,0,0,0,0,0.0812274368231047,Low Value,Low Value
3033,1963,51,Master,Together,38620.0,0,0,0,2013-05-11,414,56,112,17,44,34,22,89,318,1,2,5,3,3,11,0,0,0,0,0,0,0,0,0,0.47044223826714804,Low Value,Low Value
5710,1970,44,Graduation,Together,40548.0,0,1,1,2012-10-10,627,31,110,0,5,2,0,3,120,2,2,1,4,5,9,0,0,0,1,0,0,1,1,0,0.3379963898916967,Low Value,Low Value
7373,1952,62,PhD,Divorced,46610.0,0,2,2,2012-10-29,608,8,96,12,96,33,22,43,302,6,4,1,6,6,17,0,0,0,0,0,1,0,1,0,0.45893501805054154,Low Value,Loyal Customers
8755,1946,68,Master,Married,68657.0,0,0,0,2013-02-20,494,4,482,34,471,119,68,22,1196,1,3,5,9,7,18,0,0,0,0,0,0,0,0,0,0.8102436823104693,High Value,Champions
10738,1951,63,Master,Single,49389.0,1,1,2,2013-08-29,304,55,40,0,19,2,1,3,65,1,2,0,3,7,6,0,0,0,0,0,0,0,0,0,0.23623646209386281,Low Value,Low Value
4339,1970,44,PhD,Married,67353.0,0,1,1,2013-12-31,180,37,702,17,151,0,8,35,913,5,5,6,12,2,28,0,0,0,0,0,0,0,0,0,0.6962996389891697,Mid Value,Potential Loyalists
10755,1976,38,2n Cycle,Married,23718.0,1,0,1,2013-09-02,300,76,6,3,14,15,7,36,81,3,3,1,2,7,9,0,0,0,0,0,0,0,0,0,0.28497292418772563,Low Value,Low Value
8595,1973,41,Graduation,Widow,42429.0,0,1,1,2014-02-11,138,99,55,0,6,2,0,4,67,2,1,1,3,5,7,0,0,0,0,0,0,0,0,0,0.243456678700361,Low Value,Low Value
2968,1943,71,PhD,Divorced,48948.0,0,0,0,2013-02-01,513,53,437,8,206,160,49,42,902,2,7,10,5,6,24,0,0,1,0,0,1,1,2,0,0.6895306859205776,Mid Value,Potential Loyalists
8601,1980,34,Graduation,Married,80011.0,0,1,1,2013-04-29,426,3,421,76,536,82,178,102,1395,2,8,6,5,4,21,0,0,0,0,0,0,0,0,0,0.8668772563176895,High Value,Champions
503,1985,29,Master,Married,20559.0,1,0,1,2013-03-12,474,88,13,1,29,3,0,7,53,2,2,0,3,8,7,0,0,0,0,0,0,0,0,0,0.1865974729241877,Low Value,Low Value
8430,1957,57,Graduation,Together,21994.0,0,1,1,2012-12-24,552,4,9,0,6,3,1,3,22,1,0,0,3,5,4,0,0,0,0,0,0,0,0,0,0.048962093862815886,Low Value,Low Value
2139,1975,39,Master,Married,7500.0,1,0,1,2013-10-02,270,19,3,1,10,3,2,12,31,3,2,0,3,5,8,0,0,0,0,0,0,0,0,0,0.08596570397111913,Low Value,Low Value
1371,1976,38,Graduation,Single,79941.0,0,0,0,2014-06-28,1,72,123,164,266,227,30,174,984,1,2,4,9,1,16,0,0,0,0,0,0,0,0,0,0.7256317689530686,Mid Value,Low Value
9909,1996,18,2n Cycle,Married,7500.0,0,0,0,2012-11-09,597,24,3,18,14,15,22,50,122,3,3,1,3,9,10,0,0,0,0,0,1,0,1,0,0.3418321299638989,Low Value,Low Value
7286,1968,46,Graduation,Together,41728.0,1,0,1,2013-05-24,401,92,13,6,15,3,5,13,55,1,2,0,2,10,5,0,0,0,0,0,0,0,0,0,0.1976534296028881,Low Value,Low Value
6566,1954,60,PhD,Married,72550.0,1,1,2,2012-11-08,598,39,826,50,317,50,38,38,1319,9,5,2,12,8,28,0,0,0,0,0,0,0,0,0,0.8443140794223827,High Value,Champions
8614,1957,57,Graduation,Widow,65486.0,0,1,1,2014-05-12,48,29,245,19,125,37,67,14,507,1,4,2,10,2,17,0,0,0,0,0,0,0,0,0,0.5588898916967509,Mid Value,Potential Loyalists
4114,1964,50,Master,Married,79143.0,0,0,0,2012-08-11,687,2,650,37,780,27,167,32,1693,1,6,9,13,3,29,0,0,0,0,0,0,0,0,0,0.9372743682310469,High Value,Champions
1331,1977,37,Graduation,Single,35790.0,1,0,1,2013-01-02,543,54,12,6,20,30,1,3,72,2,2,0,3,7,7,0,0,0,0,0,0,0,0,0,0.2621841155234657,Low Value,Low Value
2225,1977,37,Graduation,Divorced,82582.0,0,0,0,2014-06-07,22,54,510,120,550,156,40,241,1617,1,4,9,7,1,21,1,0,1,0,0,1,2,3,0,0.9194494584837545,High Value,Champions
9381,1978,36,Graduation,Married,66373.0,1,1,2,2013-06-12,382,57,328,9,124,12,24,109,606,7,4,2,10,3,23,0,0,0,0,0,0,0,0,0,0.5907039711191335,Mid Value,Potential Loyalists
6260,1955,59,Master,Together,82384.0,0,0,0,2012-11-19,587,55,984,51,432,180,120,190,1957,1,3,10,13,1,27,0,0,0,0,1,1,1,2,0,0.9747292418772563,High Value,Champions
10383,1966,48,Graduation,Divorced,70287.0,0,0,0,2013-04-02,453,30,295,35,482,121,120,40,1093,1,5,5,10,3,21,0,0,0,0,0,1,0,1,0,0.7666967509025271,Mid Value,Potential Loyalists
7437,1988,26,Graduation,Single,27938.0,1,0,1,2014-04-28,62,31,13,0,8,2,1,5,29,1,1,0,4,3,6,0,0,0,0,0,0,0,0,0,0.07694043321299639,Low Value,Low Value
8375,1968,46,PhD,Married,55954.0,0,1,1,2014-03-03,118,63,447,0,28,0,0,43,518,3,8,2,6,7,19,0,0,0,0,0,0,0,0,0,0.5606949458483754,Mid Value,Loyal Customers
6853,1982,32,Master,Single,75777.0,0,0,0,2013-07-04,360,12,712,26,538,69,13,80,1438,1,3,6,11,1,21,0,0,0,1,1,1,2,3,0,0.8743231046931408,High Value,Champions
3076,1975,39,Graduation,Together,66653.0,1,1,2,2012-09-07,660,18,452,18,102,16,18,6,612,4,4,2,12,3,22,0,0,0,0,0,0,0,0,0,0.5947653429602888,Mid Value,Potential Loyalists
1012,1952,62,Graduation,Single,61823.0,0,1,1,2013-02-18,496,26,523,7,134,37,14,169,884,4,8,2,10,7,24,0,0,0,0,0,0,0,0,0,0.6827617328519856,Mid Value,Potential Loyalists
6518,1951,63,PhD,Widow,67680.0,0,1,1,2013-06-11,383,8,546,0,48,0,6,6,606,1,7,3,8,5,19,0,0,0,0,0,0,0,0,0,0.5907039711191335,Mid Value,Potential Loyalists
4137,1948,66,Graduation,Together,70666.0,0,0,0,2013-12-06,205,29,398,40,367,119,122,30,1076,1,7,4,4,4,16,0,0,0,0,0,0,0,0,0,0.759927797833935,Mid Value,Potential Loyalists
8082,1971,43,Graduation,Married,25721.0,1,0,1,2013-05-21,404,75,1,3,6,3,6,15,34,1,1,1,2,7,5,0,0,0,0,0,1,0,1,0,0.09747292418772563,Low Value,Low Value
1386,1967,47,Graduation,Together,32474.0,1,1,2,2014-05-11,49,0,10,0,1,0,0,0,11,1,1,0,2,7,4,0,0,0,0,0,0,0,0,0,0.007671480144404332,Low Value,Low Value
9369,1979,35,2n Cycle,Single,88194.0,0,1,1,2014-03-19,102,19,688,14,309,201,24,38,1274,1,11,10,10,5,32,1,0,1,0,0,1,2,3,0,0.8321299638989169,High Value,Champions
4477,1958,56,Graduation,Together,69096.0,0,1,1,2013-09-27,275,4,247,49,159,7,82,109,653,1,5,2,10,4,18,0,0,0,0,0,0,0,0,0,0.6044675090252708,Mid Value,Potential Loyalists
1357,1970,44,Graduation,Together,74854.0,1,2,3,2013-04-08,447,90,856,59,487,58,29,73,1562,7,2,5,5,5,19,0,0,0,0,0,0,0,0,0,0.9038808664259927,High Value,At-Risk High Value
1402,1954,60,Master,Married,66991.0,0,0,0,2012-09-11,656,1,496,36,460,189,60,12,1253,3,4,8,6,3,21,0,0,0,0,0,0,0,0,0,0.8282942238267148,High Value,Champions
6312,1959,55,Graduation,Married,65031.0,0,1,1,2013-03-17,469,29,258,107,291,84,37,86,863,4,10,3,13,7,30,0,0,0,0,0,0,0,0,0,0.6755415162454874,Mid Value,Potential Loyalists
8132,1975,39,PhD,Married,60631.0,1,1,2,2013-04-05,450,88,565,6,65,0,6,19,661,5,9,2,8,7,24,0,0,0,1,0,0,1,1,0,0.6089801444043321,Mid Value,Loyal Customers
1050,1952,62,Graduation,Married,28332.0,0,0,0,2014-04-30,60,58,14,10,13,4,15,9,65,1,2,1,4,2,8,0,0,0,0,0,0,0,0,0,0.23623646209386281,Low Value,Low Value
5846,1977,37,Graduation,Divorced,40246.0,1,0,1,2012-12-19,557,68,2,1,6,2,1,1,13,1,1,0,2,6,4,0,0,0,0,0,0,0,0,0,0.01105595667870036,Low Value,Low Value
1859,1972,42,Master,Married,75251.0,0,0,0,2012-08-27,671,34,721,111,925,97,18,18,1890,1,7,6,5,5,19,0,0,0,0,0,1,0,1,0,0.9638989169675091,High Value,Champions
7503,1976,38,Graduation,Single,75825.0,0,0,0,2012-10-12,625,40,1032,105,779,137,105,51,2209,0,5,8,9,4,22,0,0,1,0,0,1,1,2,0,0.9923285198555957,High Value,Champions
10401,1976,38,2n Cycle,Together,26326.0,0,0,0,2013-09-04,298,12,1,0,5,0,3,9,18,1,0,0,3,3,4,0,0,0,0,0,0,0,0,1,0.031137184115523464,Low Value,Low Value
1618,1965,49,Graduation,Together,56046.0,0,0,0,2013-01-02,543,9,577,0,64,0,0,51,692,2,10,1,8,8,21,0,0,1,0,0,1,1,2,0,0.6193592057761733,Mid Value,Potential Loyalists
3332,1985,29,Graduation,Single,29760.0,1,0,1,2012-08-29,669,87,64,4,68,7,5,17,165,4,3,1,4,8,12,0,0,0,0,0,0,0,0,0,0.378384476534296,Low Value,Low Value
2261,1969,45,Graduation,Married,26304.0,1,0,1,2013-06-23,371,5,4,1,5,2,0,4,16,1,1,0,2,7,4,0,0,0,0,0,0,0,0,0,0.02075812274368231,Low Value,Low Value
5346,1973,41,2n Cycle,Married,23559.0,1,0,1,2013-07-03,361,87,25,5,19,7,0,23,79,3,3,0,3,7,9,0,0,0,0,0,0,0,0,0,0.27955776173285196,Low Value,Low Value
4119,1963,51,Master,Together,38620.0,0,0,0,2013-05-11,414,56,112,17,44,34,22,89,318,1,2,5,3,3,11,0,0,0,0,0,0,0,0,0,0.47044223826714804,Low Value,Low Value
535,1987,27,Graduation,Divorced,81361.0,0,0,0,2014-02-25,124,18,163,23,424,27,65,76,778,1,3,10,13,1,27,0,0,0,0,0,0,0,0,0,0.6464350180505415,Mid Value,Potential Loyalists
5268,1960,54,Graduation,Married,29440.0,1,1,2,2013-08-11,322,95,17,8,14,10,4,3,56,2,1,0,4,7,7,0,0,0,0,0,0,0,0,0,0.2019404332129964,Low Value,Low Value
273,1970,44,Master,Married,36138.0,1,1,2,2013-07-16,348,48,130,0,16,0,0,5,151,5,3,1,4,7,13,0,0,0,1,0,0,1,1,0,0.3677797833935018,Low Value,Low Value
4452,1957,57,Graduation,Single,50388.0,0,1,1,2014-05-28,32,3,292,6,37,0,3,34,372,4,6,1,6,7,17,1,0,0,1,0,1,2,3,0,0.49097472924187724,Low Value,Loyal Customers
8504,1973,41,Graduation,Married,79593.0,0,0,0,2014-05-12,48,70,350,60,568,110,133,145,1366,1,5,6,7,2,19,0,0,0,0,1,0,1,1,0,0.8558212996389891,High Value,At-Risk High Value
771,1967,47,Graduation,Together,54178.0,0,1,1,2014-01-21,159,79,135,9,39,4,0,7,194,1,2,2,5,2,10,0,0,0,0,0,0,0,0,0,0.3993682310469314,Low Value,Low Value
11178,1972,42,Master,Single,42394.0,1,0,1,2014-03-23,98,69,15,2,10,0,1,4,32,1,1,0,3,7,5,0,0,0,0,0,0,0,0,0,0.09070397111913357,Low Value,Low Value
2230,1970,44,PhD,Married,23626.0,1,0,1,2014-05-24,36,84,27,2,14,0,0,0,43,3,3,1,3,5,10,0,0,0,0,0,0,0,0,0,0.13740974729241878,Low Value,Low Value
7516,1983,31,Graduation,Married,30096.0,1,0,1,2014-05-22,38,30,5,3,11,12,5,9,45,1,2,0,3,6,6,0,0,0,0,0,0,0,0,0,0.1500451263537906,Low Value,Low Value
7247,1960,54,Graduation,Widow,47916.0,0,1,1,2012-11-22,584,72,505,0,26,0,0,75,606,5,7,4,6,6,22,0,0,0,1,0,0,1,1,0,0.5907039711191335,Mid Value,Loyal Customers
11100,1972,42,Graduation,Divorced,51813.0,1,1,2,2013-04-11,444,37,51,2,7,0,1,2,63,2,2,0,3,7,7,0,0,0,0,0,0,0,0,0,0.22856498194945848,Low Value,Low Value
4646,1951,63,2n Cycle,Married,78497.0,0,0,0,2013-12-01,210,44,207,26,447,75,0,223,978,1,5,7,12,2,25,1,0,0,0,0,0,1,1,0,0.7226985559566786,Mid Value,Potential Loyalists
3037,1983,31,PhD,Married,50150.0,0,0,0,2013-06-20,374,32,135,46,92,65,61,11,410,2,5,2,7,5,16,0,0,0,0,0,0,0,0,0,0.5092509025270758,Mid Value,Potential Loyalists
1473,1960,54,2n Cycle,Single,47823.0,0,1,1,2013-07-23,341,0,53,1,5,2,1,10,72,2,2,0,3,8,7,0,0,0,0,0,0,0,0,0,0.2621841155234657,Low Value,Low Value
1016,1959,55,PhD,Single,34554.0,0,1,1,2014-03-30,91,43,41,1,6,2,0,5,55,2,2,0,3,6,7,0,0,0,0,0,0,0,0,0,0.1976534296028881,Low Value,Low Value
4518,1979,35,Graduation,Together,85693.0,0,1,1,2013-04-20,435,59,386,172,183,185,132,111,1169,2,9,5,11,5,27,0,0,0,0,0,0,0,0,0,0.7969314079422383,Mid Value,Potential Loyalists
9370,1945,69,PhD,Married,65846.0,0,0,0,2013-05-17,408,68,562,81,276,80,40,81,1120,1,6,3,6,4,16,0,0,0,0,0,0,0,0,0,0.7768501805054152,Mid Value,Low Value
8908,1959,55,Graduation,Married,87195.0,0,0,0,2014-05-08,52,35,217,76,690,50,26,38,1097,1,3,11,5,1,20,0,0,0,0,0,1,0,1,0,0.7682761732851986,Mid Value,Potential Loyalists
8373,1979,35,Basic,Together,24594.0,1,0,1,2013-12-10,201,94,1,3,6,10,0,9,29,1,1,0,3,5,5,0,0,0,0,0,0,0,0,0,0.07694043321299639,Low Value,Low Value
7533,1964,50,Graduation,Married,49096.0,1,1,2,2013-09-24,278,15,144,1,32,2,1,7,187,4,4,1,4,7,13,0,0,0,0,0,0,0,0,0,0.3953068592057762,Low Value,Low Value
2683,1969,45,Graduation,Married,52413.0,0,2,2,2013-02-02,512,56,295,106,271,75,98,65,910,4,6,4,12,6,26,0,0,0,0,0,0,0,0,0,0.6958483754512635,Mid Value,Potential Loyalists
3629,1978,36,Graduation,Single,38557.0,1,0,1,2012-12-19,557,17,76,3,31,4,4,27,145,2,3,1,3,7,9,0,0,0,0,0,0,0,0,0,0.3641696750902527,Low Value,Low Value
10991,1960,54,Master,Married,89058.0,0,0,0,2012-12-07,569,18,454,194,106,31,22,43,850,1,5,4,4,2,14,0,0,0,0,0,0,0,0,0,0.6714801444043321,Mid Value,Potential Loyalists
5077,1979,35,Graduation,Together,77298.0,0,1,1,2013-11-02,239,46,425,115,292,23,35,79,969,1,6,6,11,3,24,0,0,0,0,0,0,0,0,0,0.7168321299638989,Mid Value,Potential Loyalists
7431,1991,23,PhD,Single,68126.0,0,0,0,2012-11-10,596,40,1332,17,311,23,51,86,1820,1,7,4,5,9,17,0,0,0,1,0,1,1,2,0,0.9566787003610109,High Value,Champions
3267,1963,51,Master,Together,57288.0,0,1,1,2014-06-25,4,27,527,0,21,0,0,60,608,3,8,1,8,6,20,0,0,0,1,0,0,1,1,0,0.5925090252707581,Mid Value,Potential Loyalists
999,1991,23,Graduation,Single,86037.0,0,0,0,2013-01-02,543,95,490,44,125,29,20,22,730,1,6,7,11,3,25,0,0,0,1,1,1,2,3,0,0.6297382671480144,Mid Value,Loyal Customers
9215,1980,34,PhD,Married,43974.0,1,0,1,2012-12-12,564,19,378,0,101,0,0,72,551,5,6,4,6,7,21,0,0,0,0,0,0,0,0,0,0.5717509025270758,Mid Value,Potential Loyalists
2286,1962,52,Graduation,Single,50785.0,1,1,2,2013-09-10,292,27,64,1,21,0,1,27,114,2,2,1,3,6,8,0,0,0,0,0,0,0,0,0,0.3328068592057762,Low Value,Low Value
1592,1970,44,Graduation,Married,90765.0,0,0,0,2014-01-24,156,25,547,99,812,151,82,33,1724,0,4,6,5,1,15,1,0,0,0,1,0,2,2,0,0.9420126353790613,High Value,Potential Loyalists
367,1978,36,2n Cycle,Married,36550.0,1,0,1,2013-02-19,495,74,47,90,94,123,103,120,577,5,9,1,5,9,20,0,0,0,0,0,0,0,0,0,0.581904332129964,Mid Value,Loyal Customers
5234,1967,47,2n Cycle,Together,30753.0,1,1,2,2013-07-11,353,85,12,5,25,0,9,30,81,2,1,1,3,5,7,0,0,0,0,0,0,0,0,0,0.28497292418772563,Low Value,Low Value
9862,1969,45,Graduation,Together,21918.0,1,0,1,2013-11-14,227,37,1,6,7,11,5,3,33,2,2,0,3,6,7,0,0,0,0,0,0,0,0,0,0.09408844765342961,Low Value,Low Value
9805,1953,61,Master,Together,56129.0,0,1,1,2013-06-20,374,65,320,48,133,39,72,48,660,4,6,2,10,4,22,0,0,0,0,0,0,0,0,0,0.6078519855595668,Mid Value,Loyal Customers
6205,1967,47,Master,Single,32557.0,1,0,1,2014-02-24,125,13,34,3,29,0,4,10,80,3,2,1,3,5,9,0,0,0,0,0,1,0,1,0,0.28203971119133575,Low Value,Low Value
8442,1985,29,Master,Married,19510.0,2,0,2,2013-09-04,298,63,9,0,7,3,4,7,30,2,1,0,3,7,6,0,0,0,0,0,0,0,0,0,0.0812274368231047,Low Value,Low Value
7386,1976,38,Graduation,Divorced,30992.0,1,0,1,2013-04-22,433,83,17,0,14,7,3,2,43,1,1,0,3,7,5,0,0,0,0,0,0,0,0,0,0.13740974729241878,Low Value,Low Value
7215,1983,31,Graduation,Single,101970.0,0,0,0,2013-03-12,474,69,722,27,102,44,72,168,1135,0,6,8,13,2,27,1,0,0,1,1,1,3,4,0,0.7818140794223827,Mid Value,Loyal Customers
1491,1965,49,2n Cycle,Together,71488.0,0,0,0,2013-02-18,496,87,162,33,124,40,28,172,559,2,3,4,7,1,16,0,0,0,0,0,0,0,0,0,0.5731046931407943,Mid Value,Low Value
11071,1984,30,Graduation,Single,79607.0,0,0,0,2013-04-21,434,37,450,133,951,173,0,216,1923,1,3,6,6,1,16,0,0,0,0,0,1,0,1,0,0.970442238267148,High Value,Potential Loyalists
3381,1953,61,Master,Married,54348.0,1,1,2,2014-06-08,21,51,70,0,16,0,0,4,90,2,2,0,4,6,8,0,0,0,0,0,0,0,0,0,0.29896209386281586,Low Value,Low Value
11051,1956,58,PhD,Together,77376.0,1,1,2,2014-05-10,50,72,492,19,110,16,12,12,661,4,6,3,10,4,23,0,0,0,0,0,0,0,0,0,0.6089801444043321,Mid Value,Loyal Customers
8026,1952,62,Graduation,Married,62998.0,0,1,1,2013-09-30,272,10,120,58,73,65,89,58,463,5,5,4,5,5,19,0,0,0,0,0,0,0,0,0,0.539485559566787,Mid Value,Potential Loyalists
433,1958,56,Master,Alone,61331.0,1,1,2,2013-03-10,476,42,534,5,47,0,5,41,632,5,11,1,6,8,23,0,0,0,0,0,0,0,0,0,0.5979241877256317,Mid Value,Potential Loyalists
9597,1969,45,Graduation,Married,73448.0,0,0,0,2014-02-10,139,10,236,106,189,23,41,130,725,1,7,2,9,4,19,0,0,0,0,0,0,0,0,0,0.6261281588447654,Mid Value,Potential Loyalists
5290,1964,50,PhD,Married,41551.0,1,1,2,2013-08-14,319,51,220,0,33,3,0,23,279,5,5,1,5,8,16,0,0,0,0,0,0,0,0,0,0.45013537906137185,Low Value,Low Value
1685,1967,47,PhD,Together,62981.0,0,0,0,2013-03-17,469,21,796,14,590,38,44,0,1482,1,4,5,13,3,23,0,0,0,1,0,0,1,1,0,0.8865072202166066,High Value,Champions
5342,1976,38,Basic,Divorced,9548.0,1,0,1,2012-08-08,690,31,0,1,3,10,6,9,29,2,1,0,3,8,6,0,0,0,0,0,0,0,0,0,0.07694043321299639,Low Value,Low Value
9579,1959,55,PhD,Married,33762.0,2,1,3,2013-07-07,357,61,53,1,34,2,0,16,106,3,2,2,2,8,9,0,0,0,0,0,0,0,0,0,0.3276173285198556,Low Value,Low Value
7660,1973,41,PhD,Alone,35860.0,1,1,2,2014-05-19,41,37,15,0,8,4,2,20,49,2,1,1,2,5,6,0,0,1,0,0,1,1,2,0,0.17373646209386281,Low Value,Low Value
1461,1965,49,PhD,Divorced,36921.0,1,1,2,2013-07-28,336,74,17,1,12,3,1,4,38,2,2,0,3,7,7,0,0,0,0,0,0,0,0,0,0.11529783393501805,Low Value,Low Value
821,1992,22,Master,Single,92859.0,0,0,0,2012-10-19,618,46,962,61,921,52,61,20,2077,1,5,4,12,2,22,0,0,0,0,0,0,0,0,0,0.9842057761732852,High Value,Champions
11084,1976,38,Master,Together,65104.0,0,1,1,2013-11-14,227,4,738,0,232,13,20,50,1053,2,3,5,7,7,17,0,0,0,0,0,1,0,1,0,0.7524819494584838,Mid Value,Potential Loyalists
8690,1962,52,Graduation,Married,86111.0,0,0,0,2013-04-19,436,73,399,28,756,36,40,126,1385,1,5,7,10,2,23,0,0,0,0,0,0,0,0,0,0.865072202166065,High Value,At-Risk High Value
2937,1974,40,PhD,Single,68352.0,0,1,1,2013-08-28,305,47,614,16,132,43,33,33,871,3,8,5,9,6,25,0,0,0,0,0,0,0,0,0,0.677797833935018,Mid Value,Potential Loyalists
9701,1988,26,Graduation,Together,41883.0,1,0,1,2013-03-19,467,13,32,34,41,73,16,116,312,3,4,2,3,7,12,0,0,0,0,0,0,0,0,0,0.46525270758122744,Low Value,Low Value
9949,1976,38,Graduation,Married,59809.0,0,2,2,2012-10-18,619,36,598,16,141,32,41,49,877,3,3,3,6,8,15,0,0,0,0,0,0,0,0,0,0.6798285198555957,Mid Value,Potential Loyalists
10837,1975,39,Graduation,Married,23957.0,1,0,1,2012-10-28,609,47,2,1,18,20,11,16,68,1,2,0,3,6,6,0,0,0,0,0,1,0,1,0,0.24751805054151624,Low Value,Low Value
3120,1981,33,Graduation,Together,38547.0,1,0,1,2013-08-28,305,49,6,1,10,0,1,4,22,1,1,0,2,8,4,0,0,0,0,0,0,0,0,1,0.048962093862815886,Low Value,Low Value
5885,1973,41,2n Cycle,Married,35688.0,2,1,3,2012-08-22,676,94,73,3,90,12,1,32,211,7,4,1,4,8,16,0,0,0,0,0,0,0,0,0,0.4081678700361011,Low Value,Low Value
4050,1966,48,Master,Married,49605.0,0,0,0,2014-06-21,8,65,42,16,29,12,20,8,127,1,2,1,4,3,8,0,0,0,0,0,0,0,0,0,0.3461191335740072,Low Value,Low Value
3830,1953,61,Master,Married,59354.0,0,2,2,2014-04-24,66,59,295,21,78,39,13,13,459,1,4,4,7,3,16,0,0,0,0,0,0,0,0,0,0.5365523465703971,Mid Value,Potential Loyalists
7987,1969,45,Graduation,Married,65747.0,0,1,1,2014-03-07,114,96,346,17,48,23,13,13,460,4,8,1,6,6,19,0,0,0,1,0,0,1,1,0,0.5372292418772563,Mid Value,Loyal Customers
7798,1972,42,2n Cycle,Together,46344.0,0,1,1,2012-12-14,562,28,233,20,57,8,20,91,429,4,7,1,5,7,17,0,0,0,0,0,0,0,0,0,0.5216606498194946,Mid Value,Potential Loyalists
92,1988,26,Graduation,Alone,34176.0,1,0,1,2014-05-12,48,12,5,7,24,19,14,20,89,4,3,0,4,6,11,0,0,0,0,0,0,0,0,0,0.29715703971119134,Low Value,Low Value
7055,1952,62,PhD,Together,61010.0,0,1,1,2012-10-09,628,57,888,0,57,0,0,76,1021,2,8,5,11,5,26,0,0,0,0,0,0,0,0,0,0.7393953068592057,Mid Value,Potential Loyalists
10240,1949,65,Graduation,Together,69372.0,0,0,0,2013-02-19,495,10,997,26,269,34,13,42,1381,1,10,4,6,4,21,0,0,0,1,1,1,2,3,0,0.8628158844765343,High Value,Champions
3025,1958,56,Graduation,Single,49967.0,0,1,1,2013-07-08,356,4,212,6,69,4,12,3,306,3,6,1,5,7,15,0,0,0,0,0,0,0,0,0,0.460514440433213,Low Value,Low Value
9283,1978,36,Graduation,Single,60199.0,1,2,3,2013-09-12,290,49,8,1,7,2,0,0,18,1,0,0,3,4,4,0,0,0,0,0,0,0,0,0,0.031137184115523464,Low Value,Low Value
9970,1977,37,Graduation,Together,55375.0,0,1,1,2013-10-17,255,3,42,11,57,10,28,14,162,1,1,1,6,2,9,0,0,0,0,0,0,0,0,0,0.37612815884476536,Low Value,Low Value
2730,1955,59,Graduation,Single,80317.0,0,0,0,2013-08-20,313,64,536,11,387,149,91,57,1231,1,3,4,10,1,18,0,0,0,0,0,0,0,0,0,0.8212996389891697,High Value,At-Risk High Value
2795,1958,56,Master,Single,30523.0,2,1,3,2013-07-01,363,0,5,0,3,0,0,5,13,1,1,0,2,7,4,0,0,0,0,0,0,0,0,0,0.01105595667870036,Low Value,Low Value
9260,1945,69,PhD,Married,70356.0,0,0,0,2012-11-05,601,20,1349,16,249,43,16,33,1706,2,10,6,9,6,27,0,0,0,0,0,0,0,0,0,0.9390794223826715,High Value,Champions
8182,1984,30,Graduation,Married,23228.0,1,0,1,2014-01-05,175,91,53,3,49,7,4,5,121,4,3,0,4,8,11,0,0,0,0,0,0,0,0,0,0.3398014440433213,Low Value,Low Value
10095,1975,39,PhD,Divorced,74165.0,0,0,0,2013-05-01,424,9,1001,12,240,16,12,12,1293,1,5,4,10,2,20,0,0,0,0,0,0,0,0,0,0.8375451263537906,High Value,Champions
4370,1966,48,Graduation,Together,43482.0,2,1,3,2013-11-13,228,83,18,1,32,6,3,28,88,3,2,0,4,6,9,0,0,0,0,0,0,0,0,0,0.29535198555956677,Low Value,Low Value
10573,1953,61,Graduation,Divorced,62551.0,0,0,0,2013-11-18,223,27,125,16,98,134,21,27,421,1,6,7,4,3,18,0,0,1,0,0,0,1,1,0,0.5166967509025271,Mid Value,Potential Loyalists
3712,1959,55,Graduation,Divorced,52332.0,0,0,0,2013-08-28,305,63,212,5,33,7,0,2,259,1,3,2,6,4,12,0,0,0,1,0,0,1,1,0,0.4323104693140794,Low Value,Low Value
6637,1988,26,Graduation,Single,66951.0,0,0,0,2013-11-02,239,46,277,162,305,173,76,124,1117,1,3,4,7,1,15,0,0,0,0,0,0,0,0,0,0.7759476534296029,Mid Value,Potential Loyalists
3152,1957,57,Graduation,Together,26091.0,1,1,2,2014-02-25,124,84,15,10,19,8,17,20,89,3,2,1,3,5,9,0,0,0,0,0,0,0,0,0,0.29715703971119134,Low Value,Low Value
5610,1965,49,Graduation,Together,33456.0,1,1,2,2014-04-21,69,58,7,3,10,8,1,7,36,2,1,0,3,7,6,0,0,0,0,0,0,0,0,0,0.10446750902527076,Low Value,Low Value
6460,1982,32,Graduation,Married,28718.0,1,0,1,2013-07-13,351,78,12,4,6,11,8,16,57,2,2,0,3,8,7,0,0,0,0,0,0,0,0,0,0.20645306859205775,Low Value,Low Value
1349,1970,44,Graduation,Married,50447.0,2,0,2,2014-04-21,69,4,85,7,24,2,3,27,148,1,3,1,3,6,8,0,0,0,0,0,0,0,0,0,0.3664259927797834,Low Value,Low Value
1880,1959,55,PhD,Together,53537.0,1,1,2,2014-01-30,150,17,81,0,6,0,0,6,93,2,2,1,3,5,8,0,0,0,0,0,0,0,0,0,0.3061823104693141,Low Value,Low Value
641,1967,47,Graduation,Single,52074.0,0,1,1,2014-04-04,86,77,59,0,12,0,0,48,119,1,2,2,2,4,7,0,0,1,0,0,0,1,1,0,0.3361913357400722,Low Value,Low Value
8717,1975,39,PhD,Married,80427.0,0,1,1,2012-09-12,655,56,1149,71,449,69,71,26,1835,1,11,8,8,5,28,0,0,0,0,0,0,0,0,0,0.9598375451263538,High Value,Champions
10314,1948,66,PhD,Married,83837.0,0,0,0,2012-12-16,560,79,847,66,119,86,89,111,1318,1,9,10,5,4,25,1,0,0,1,0,1,2,3,0,0.8434115523465704,High Value,At-Risk High Value
10854,1970,44,PhD,Married,38853.0,1,1,2,2014-05-23,37,90,29,0,14,0,0,2,45,2,2,0,3,7,7,0,0,0,0,0,0,0,0,0,0.1500451263537906,Low Value,Low Value
10492,1959,55,Graduation,Together,38285.0,2,1,3,2014-06-24,5,96,2,0,5,2,0,1,10,1,0,0,3,2,4,0,0,0,0,0,0,0,0,0,0.005415162454873646,Low Value,Low Value
6935,1951,63,2n Cycle,Married,78497.0,0,0,0,2013-12-01,210,44,207,26,447,75,0,223,978,1,5,7,12,2,25,1,0,0,0,0,0,1,1,0,0.7226985559566786,Mid Value,Potential Loyalists
7698,1976,38,PhD,Married,51650.0,0,1,1,2014-05-11,49,81,152,3,22,2,5,7,191,1,4,1,4,5,10,0,0,0,0,0,0,0,0,0,0.3977888086642599,Low Value,Low Value
3559,1988,26,2n Cycle,Married,16248.0,1,0,1,2014-05-10,50,77,12,11,10,3,12,9,57,3,2,1,3,6,9,0,0,0,0,0,0,0,0,0,0.20645306859205775,Low Value,Low Value
10562,1946,68,Master,Married,66835.0,0,0,0,2013-09-28,274,21,620,26,195,34,17,141,1033,1,6,4,13,2,24,0,0,0,0,0,0,0,0,0,0.7439079422382672,Mid Value,Potential Loyalists
10796,1984,30,Master,Married,30477.0,1,0,1,2014-01-22,158,16,47,1,6,0,0,12,66,1,1,1,3,6,6,0,0,0,0,0,0,0,0,0,0.2398465703971119,Low Value,Low Value
2563,1961,53,Basic,Married,28249.0,0,0,0,2014-06-15,14,80,1,9,7,2,14,10,43,1,2,0,3,6,6,0,0,0,0,0,0,0,0,0,0.13740974729241878,Low Value,Low Value
3518,1983,31,Graduation,Married,25271.0,1,0,1,2012-12-05,571,45,10,1,18,10,4,7,50,1,1,1,2,9,5,0,0,0,0,0,0,0,0,0,0.17779783393501805,Low Value,Low Value
5823,1970,44,PhD,Single,32303.0,0,1,1,2014-03-08,113,63,35,0,2,0,0,2,39,2,1,0,4,5,7,0,0,0,0,0,0,0,0,0,0.12003610108303249,Low Value,Low Value
3934,1966,48,Graduation,Married,61286.0,0,1,1,2013-08-02,331,34,356,0,107,19,9,117,608,2,7,1,8,5,18,0,0,0,0,0,0,0,0,0,0.5925090252707581,Mid Value,Potential Loyalists
6982,1976,38,Graduation,Married,74068.0,0,0,0,2013-03-19,467,14,783,30,537,140,76,15,1581,1,4,10,9,2,24,0,0,0,0,0,0,0,0,0,0.9111010830324909,High Value,Champions
6431,1964,50,PhD,Married,45759.0,1,1,2,2013-02-23,491,13,42,1,18,3,0,4,68,2,2,0,3,7,7,0,0,0,0,0,0,0,0,0,0.24751805054151624,Low Value,Low Value
9733,1978,36,Basic,Together,24882.0,1,0,1,2012-09-09,658,52,1,4,10,29,0,36,80,1,1,1,2,6,5,0,0,1,0,0,0,1,1,0,0.28203971119133575,Low Value,Low Value
5602,1989,25,PhD,Together,66973.0,0,0,0,2013-05-17,408,98,466,22,432,147,113,102,1282,1,8,7,12,3,28,0,0,0,0,0,0,0,0,0,0.8341606498194946,High Value,At-Risk High Value
1324,1988,26,Graduation,Married,38872.0,1,0,1,2013-05-30,395,93,23,3,21,3,19,22,91,2,3,0,3,8,8,0,0,0,0,0,0,0,0,0,0.3009927797833935,Low Value,Low Value
326,1973,41,Graduation,Married,51148.0,1,1,2,2013-02-18,496,38,235,6,45,8,9,12,315,4,5,1,6,6,16,0,0,0,0,0,0,0,0,0,0.46705776173285196,Low Value,Low Value
7224,1977,37,Graduation,Married,31353.0,1,1,2,2013-12-29,182,24,10,0,10,3,1,7,31,2,1,1,2,8,6,0,0,0,0,0,0,0,0,0,0.08596570397111913,Low Value,Low Value
6999,1980,34,Master,Married,69661.0,0,0,0,2014-05-13,47,80,656,16,106,32,16,8,834,1,7,3,12,3,23,0,0,0,0,0,0,0,0,0,0.6669675090252708,Mid Value,Loyal Customers
9938,1954,60,Graduation,Married,80067.0,0,0,0,2013-09-19,283,82,519,17,813,27,173,51,1600,1,4,6,6,2,17,0,0,0,0,1,0,1,1,0,0.9158393501805054,High Value,At-Risk High Value
6422,1954,60,Graduation,Married,86718.0,0,0,0,2013-01-17,528,20,344,189,482,50,33,172,1270,1,5,6,5,2,17,0,0,0,0,0,0,0,0,0,0.8312274368231047,High Value,Champions
3182,1973,41,PhD,Single,46854.0,1,1,2,2014-03-31,90,81,96,1,79,7,1,79,263,6,5,1,3,8,15,0,0,1,0,0,1,1,2,0,0.4338898916967509,Low Value,Low Value
7300,1952,62,Graduation,Divorced,69142.0,0,1,1,2014-06-29,0,50,448,4,34,6,4,39,535,3,8,1,7,5,19,0,0,0,1,0,0,1,1,0,0.5667870036101083,Mid Value,Potential Loyalists
10424,1968,46,Graduation,Single,75922.0,0,0,0,2013-12-09,202,60,265,138,553,224,23,92,1295,1,4,4,9,1,18,0,0,0,0,0,0,0,0,0,0.8379963898916968,High Value,At-Risk High Value
8727,1978,36,Graduation,Divorced,63693.0,0,1,1,2013-10-14,258,63,587,43,337,42,87,54,1150,3,11,6,9,6,29,0,0,0,0,0,0,0,0,0,0.7881317689530686,Mid Value,Loyal Customers
2798,1977,37,PhD,Together,102160.0,0,0,0,2012-11-02,604,54,763,29,138,76,176,58,1240,0,7,9,10,4,26,1,0,0,1,1,1,3,4,0,0.8235559566787004,High Value,Champions
1030,1965,49,PhD,Single,40637.0,1,1,2,2013-07-17,347,72,22,0,13,0,0,3,38,2,1,0,3,7,6,0,0,0,0,0,0,0,0,0,0.11529783393501805,Low Value,Low Value
624,1984,30,Master,Single,18890.0,0,0,0,2012-11-10,596,5,6,4,1,7,2,15,35,1,0,1,2,6,4,0,0,1,0,0,1,1,2,0,0.10153429602888087,Low Value,Low Value
5176,1988,26,Graduation,Together,29604.0,1,0,1,2013-12-08,203,88,7,6,13,7,6,14,53,1,1,0,3,9,5,0,0,1,0,0,0,1,1,0,0.1865974729241877,Low Value,Low Value
5552,1963,51,Master,Divorced,48721.0,1,1,2,2013-05-13,412,50,81,18,113,47,13,21,293,6,4,2,5,6,17,0,0,0,0,0,0,0,0,0,0.4548736462093863,Low Value,Loyal Customers
868,1966,48,Graduation,Married,44794.0,0,1,1,2014-06-08,21,99,54,0,7,0,0,4,65,1,2,0,3,6,6,0,0,0,0,0,0,0,0,0,0.23623646209386281,Low Value,Low Value
380,1954,60,Graduation,Divorced,64497.0,0,1,1,2012-09-10,657,17,1170,48,320,42,32,192,1804,5,11,4,9,8,29,0,0,1,0,0,1,1,2,0,0.9541967509025271,High Value,Champions
2677,1956,58,Graduation,Together,46097.0,0,1,1,2013-03-31,455,11,72,24,68,65,4,8,241,5,3,1,6,4,15,0,0,0,0,0,0,0,0,0,0.42486462093862815,Low Value,Low Value
6521,1954,60,Graduation,Together,77972.0,0,0,0,2014-03-18,103,18,613,22,319,33,102,12,1101,1,4,6,9,1,20,0,0,0,0,0,0,0,0,0,0.76985559566787,Mid Value,Potential Loyalists
6927,1968,46,PhD,Married,44377.0,1,1,2,2012-10-05,632,70,224,0,30,0,0,10,264,8,5,1,5,8,19,0,0,0,0,0,0,0,0,0,0.4354693140794224,Low Value,Loyal Customers
2877,1974,40,Master,Together,46014.0,1,1,2,2013-01-21,524,21,410,0,59,19,9,44,541,10,7,1,8,7,26,0,0,0,0,0,0,0,0,0,0.5672382671480144,Mid Value,Potential Loyalists
0,1985,29,Graduation,Married,70951.0,0,0,0,2013-05-04,421,66,239,10,554,254,87,54,1198,1,3,4,9,1,17,0,0,0,0,0,0,0,0,0,0.8118231046931408,High Value,At-Risk High Value
1584,1977,37,Graduation,Married,41443.0,1,0,1,2014-04-01,89,79,171,7,171,25,19,89,482,6,8,1,5,8,20,0,0,0,0,0,0,0,0,0,0.546028880866426,Mid Value,Loyal Customers
7264,1978,36,2n Cycle,Single,52195.0,2,1,3,2014-05-12,48,2,12,0,4,0,0,1,17,1,1,0,2,8,4,0,0,0,0,0,0,0,0,0,0.026173285198555957,Low Value,Low Value
6274,1948,66,Master,Married,83790.0,0,0,0,2013-11-15,226,81,1076,16,417,42,48,16,1615,1,8,10,6,3,25,0,0,0,1,1,0,2,2,0,0.918095667870036,High Value,At-Risk High Value
1377,1954,60,Master,Widow,44551.0,0,1,1,2013-08-31,302,24,182,4,33,0,0,66,285,2,4,1,5,7,12,0,0,0,0,0,0,0,0,0,0.4526173285198556,Low Value,Low Value
454,1980,34,Graduation,Together,69508.0,1,0,1,2012-11-14,592,48,824,32,162,42,32,43,1135,2,11,4,11,6,28,0,0,0,0,0,0,0,0,0,0.7818140794223827,Mid Value,Potential Loyalists
1755,1988,26,2n Cycle,Together,45204.0,1,0,1,2014-04-11,79,93,30,11,25,29,1,18,114,1,1,1,4,3,7,0,0,0,0,0,0,0,0,0,0.3328068592057762,Low Value,Low Value
2075,1969,45,Graduation,Married,72460.0,0,0,0,2013-11-14,227,56,377,10,540,80,30,10,1047,1,3,5,7,1,16,0,0,0,0,0,0,0,0,0,0.7495487364620939,Mid Value,Potential Loyalists
4785,1970,44,PhD,Together,77622.0,0,2,2,2014-04-14,76,3,520,7,154,19,0,14,714,2,6,3,11,3,22,0,0,0,0,0,0,0,0,0,0.6240974729241877,Mid Value,Potential Loyalists
9076,1980,34,PhD,Married,30732.0,1,0,1,2013-01-05,540,44,155,1,25,0,1,3,185,4,4,1,4,8,13,0,0,0,0,0,0,0,0,0,0.3935018050541516,Low Value,Low Value
7079,1962,52,Graduation,Divorced,63887.0,0,1,1,2012-09-08,659,38,897,23,207,15,11,92,1245,5,9,6,12,6,32,0,0,0,0,0,0,0,0,0,0.8262635379061372,High Value,Champions
4653,1978,36,Graduation,Together,42011.0,1,0,1,2013-03-26,460,46,131,0,16,2,1,39,189,4,3,1,4,8,12,0,0,0,0,0,0,0,0,0,0.39688628158844763,Low Value,Low Value
7375,1976,38,Graduation,Together,51369.0,0,1,1,2012-10-25,612,84,297,7,79,0,11,182,576,2,8,2,4,8,16,0,0,0,0,0,0,0,0,0,0.5805505415162455,Mid Value,Low Value
709,1952,62,Graduation,Divorced,51537.0,0,1,1,2012-12-09,567,27,787,20,204,0,0,92,1103,3,2,2,11,8,18,0,0,0,0,0,0,0,0,0,0.7718862815884476,Mid Value,Potential Loyalists
460,1972,42,PhD,Married,79930.0,0,0,0,2012-08-08,690,72,792,86,740,67,51,17,1753,1,3,5,8,2,17,0,0,0,0,0,0,0,0,0,0.947202166064982,High Value,At-Risk High Value
3726,1986,28,PhD,Together,34320.0,1,0,1,2014-02-16,133,66,4,1,9,3,0,0,17,1,1,0,2,8,4,0,0,0,0,0,0,0,0,0,0.026173285198555957,Low Value,Low Value
6798,1966,48,Graduation,Single,37070.0,1,1,2,2013-03-20,466,30,231,7,137,4,15,39,433,9,5,1,8,7,23,0,0,0,0,0,1,0,1,0,0.523014440433213,Mid Value,Potential Loyalists
5341,1962,52,2n Cycle,Divorced,81975.0,0,1,1,2013-01-05,540,2,983,76,184,180,138,27,1588,1,6,3,4,7,14,0,0,0,0,1,0,1,1,0,0.9131317689530686,High Value,Potential Loyalists
1606,1971,43,Graduation,Together,38590.0,1,0,1,2013-05-15,410,65,3,1,8,4,3,3,22,1,1,0,2,8,4,0,0,0,0,0,0,0,0,0,0.048962093862815886,Low Value,Low Value
9617,1951,63,Graduation,Single,15033.0,0,0,0,2014-04-16,74,37,0,4,5,6,0,4,19,1,1,0,3,3,5,0,0,0,0,0,0,0,0,0,0.034070397111913356,Low Value,Low Value
3233,1965,49,PhD,Married,62745.0,0,1,1,2013-03-23,463,89,562,21,464,28,10,32,1117,3,7,8,11,5,29,0,0,0,0,0,0,0,0,0,0.7759476534296029,Mid Value,Loyal Customers
89,1975,39,2n Cycle,Married,22212.0,1,0,1,2013-12-09,202,49,5,9,20,6,8,21,69,2,2,0,4,6,8,0,0,0,0,0,0,0,0,0,0.2518050541516246,Low Value,Low Value
2936,1982,32,Master,Together,23661.0,1,0,1,2013-12-04,207,46,18,0,4,0,0,1,23,1,1,0,3,7,5,0,0,0,0,0,0,0,0,0,0.05550541516245487,Low Value,Low Value
9449,1958,56,PhD,Single,79761.0,0,1,1,2013-10-04,268,32,415,5,124,15,35,11,605,1,5,2,11,3,19,0,0,0,0,0,0,0,0,0,0.5893501805054152,Mid Value,Potential Loyalists
7297,1973,41,Graduation,Single,7500.0,1,0,1,2013-12-26,185,54,5,3,10,12,7,20,57,4,3,1,3,7,11,0,0,0,0,0,0,0,0,0,0.20645306859205775,Low Value,Low Value
313,1968,46,Graduation,Widow,73455.0,0,0,0,2013-10-28,244,98,901,61,757,186,163,20,2088,1,6,5,10,3,22,0,0,0,1,0,0,1,1,0,0.9855595667870036,High Value,At-Risk High Value
9940,1958,56,Graduation,Together,64961.0,0,1,1,2012-12-23,553,97,382,114,276,75,124,38,1009,2,6,4,4,3,16,0,0,0,0,0,0,0,0,0,0.7360108303249098,Mid Value,Low Value
10735,1971,43,Graduation,Single,22804.0,1,0,1,2013-07-31,333,75,14,1,7,2,1,1,26,1,2,0,2,9,5,0,0,0,0,0,0,0,0,0,0.06746389891696751,Low Value,Low Value
9529,1990,24,Graduation,Married,73687.0,0,0,0,2013-11-28,213,8,559,153,503,218,13,181,1627,1,3,9,9,2,22,1,0,0,0,0,1,1,2,0,0.921028880866426,High Value,Champions
6439,1958,56,Graduation,Married,61074.0,0,1,1,2012-08-17,681,37,789,0,133,0,28,152,1102,7,11,5,8,7,31,0,0,0,0,0,0,0,0,0,0.7709837545126353,Mid Value,Potential Loyalists
7411,1964,50,PhD,Married,31686.0,1,1,2,2014-06-05,24,31,11,0,5,0,0,1,17,2,1,0,3,6,6,0,0,0,0,0,0,0,0,0,0.026173285198555957,Low Value,Low Value
2176,1972,42,Graduation,Married,80134.0,1,0,1,2013-05-20,405,40,1218,16,272,104,0,80,1690,2,5,3,6,6,16,1,0,0,1,1,1,3,4,0,0.9361462093862816,High Value,Potential Loyalists
9265,1953,61,Graduation,Married,75027.0,0,1,1,2013-01-09,536,74,925,64,179,133,12,77,1390,2,9,4,6,5,21,0,0,0,0,0,0,0,0,0,0.8659747292418772,High Value,At-Risk High Value
8867,1988,26,PhD,Married,67546.0,0,0,0,2012-08-31,667,90,864,134,768,150,38,172,2126,1,4,10,5,3,20,0,0,0,0,0,0,0,0,0,0.9898465703971119,High Value,At-Risk High Value
8932,1969,45,Master,Together,65176.0,0,1,1,2012-10-29,608,57,960,28,183,220,70,70,1531,4,9,6,6,6,25,0,0,0,0,0,0,0,0,0,0.8989169675090253,High Value,Champions
10236,1975,39,Master,Single,31160.0,1,0,1,2013-09-16,286,59,16,3,25,6,1,13,64,2,2,0,3,8,7,0,0,0,0,0,0,0,0,0,0.2328519855595668,Low Value,Low Value
6340,1985,29,Graduation,Single,29938.0,1,0,1,2013-10-27,245,52,3,3,7,0,2,11,26,2,1,0,3,6,6,0,0,0,0,0,0,0,0,0,0.06746389891696751,Low Value,Low Value
10089,1974,40,Graduation,Divorced,102692.0,0,0,0,2013-04-05,450,5,168,148,444,32,172,148,1112,1,6,9,13,2,29,1,1,0,1,1,1,4,5,0,0.7743682310469314,Mid Value,Potential Loyalists
2227,1958,56,2n Cycle,Together,26490.0,0,0,0,2012-09-22,645,92,45,47,52,21,20,25,210,2,3,1,5,6,11,0,0,0,0,0,0,0,0,0,0.4065884476534296,Low Value,Low Value
10992,1967,47,Graduation,Together,75702.0,1,1,2,2012-08-29,669,77,650,28,353,45,42,30,1148,5,4,6,11,8,26,0,0,0,0,0,0,0,0,0,0.7856498194945848,Mid Value,Loyal Customers
5304,1974,40,PhD,Single,30899.0,1,0,1,2012-10-13,624,35,24,0,8,0,0,1,33,2,1,0,3,6,6,0,0,0,0,0,0,0,0,0,0.09408844765342961,Low Value,Low Value
309,1961,53,PhD,Together,63342.0,0,1,1,2012-10-16,621,48,918,21,118,13,10,21,1101,3,8,3,5,6,19,0,0,0,1,0,0,1,1,0,0.76985559566787,Mid Value,Potential Loyalists
3406,1964,50,Graduation,Single,45989.0,0,1,1,2012-10-22,615,97,138,33,87,28,24,12,322,4,3,2,7,3,16,0,0,0,0,0,0,0,0,0,0.47314981949458484,Low Value,Low Value
2661,1964,50,Graduation,Single,18701.0,1,1,2,2013-06-04,390,95,12,4,2,10,6,10,44,4,2,0,4,5,10,0,0,0,0,0,0,0,0,0,0.14395306859205775,Low Value,Low Value
3153,1957,57,PhD,Single,40737.0,2,1,3,2013-12-08,203,24,11,0,4,0,0,2,17,1,1,0,2,8,4,0,0,0,0,0,0,0,0,0,0.026173285198555957,Low Value,Low Value
10264,1979,35,Graduation,Divorced,15287.0,1,0,1,2012-10-10,627,60,1,2,8,4,3,13,31,2,1,1,2,7,6,0,0,1,0,0,1,1,2,0,0.08596570397111913,Low Value,Low Value
1184,1968,46,PhD,Divorced,69674.0,0,2,2,2013-05-22,403,46,554,41,215,11,0,24,845,3,10,2,10,5,25,0,0,0,0,0,0,0,0,0,0.6705776173285198,Mid Value,Potential Loyalists
4200,1970,44,Master,Married,44159.0,1,0,1,2014-06-17,12,85,167,2,62,24,13,7,275,4,4,1,6,5,15,0,0,0,0,0,0,0,0,0,0.447427797833935,Low Value,Low Value
9396,1978,36,PhD,Married,37717.0,1,0,1,2012-11-23,583,31,9,0,6,4,1,5,25,1,1,0,2,9,4,0,0,0,0,0,0,0,0,0,0.06340252707581227,Low Value,Low Value
2387,1952,62,Master,Together,43776.0,1,1,2,2013-02-03,511,9,177,2,71,3,2,20,275,6,5,2,4,8,17,0,0,0,0,0,1,0,1,0,0.447427797833935,Low Value,Loyal Customers
6690,1966,48,Master,Married,38179.0,1,1,2,2013-03-14,472,30,38,4,22,4,2,20,90,4,3,1,3,7,11,0,0,0,0,0,0,0,0,0,0.29896209386281586,Low Value,Low Value
1225,1963,51,Graduation,Married,80124.0,0,0,0,2014-06-26,3,47,483,84,398,205,84,241,1495,1,3,7,8,1,19,0,0,1,0,0,0,1,1,0,0.8892148014440433,High Value,Champions
9703,1970,44,PhD,Married,38097.0,1,1,2,2012-10-15,622,70,77,2,35,0,1,69,184,4,3,2,2,7,11,0,0,1,0,0,1,1,2,0,0.3923736462093863,Low Value,Low Value
291,1970,44,Graduation,Married,72940.0,0,0,0,2013-06-19,375,13,182,74,298,162,149,116,981,1,3,3,6,1,13,0,0,0,0,0,0,0,0,0,0.7240523465703971,Mid Value,Potential Loyalists
4557,1970,44,Graduation,Together,22070.0,1,0,1,2013-10-04,268,11,10,7,19,8,2,21,67,2,2,2,2,6,8,0,0,0,0,0,0,0,0,0,0.243456678700361,Low Value,Low Value
2379,1953,61,Graduation,Single,69267.0,0,0,0,2012-09-22,645,31,778,44,499,95,73,146,1635,2,3,4,5,7,14,0,0,0,0,0,1,0,1,0,0.9237364620938628,High Value,Potential Loyalists
5726,1983,31,Master,Single,31788.0,1,0,1,2014-03-20,101,15,16,7,23,0,8,6,60,3,3,0,4,5,10,0,0,0,0,0,0,0,0,1,0.21638086642599277,Low Value,Low Value
3066,1975,39,PhD,Together,61905.0,0,1,1,2014-02-04,145,2,167,0,43,6,2,13,231,2,4,2,4,5,12,0,0,0,0,0,0,0,0,0,0.41787003610108303,Low Value,Low Value
6336,1960,54,Graduation,Married,29315.0,1,1,2,2014-04-06,84,55,13,2,14,8,7,4,48,4,2,0,4,6,10,0,0,0,0,0,0,0,0,0,0.1680956678700361,Low Value,Low Value
10967,1963,51,Graduation,Divorced,33378.0,1,1,2,2013-02-06,508,38,33,6,40,3,7,10,99,3,2,0,4,7,9,0,0,0,0,0,0,0,0,0,0.315884476534296,Low Value,Low Value
2304,1963,51,PhD,Together,66313.0,0,1,1,2013-09-16,286,86,625,7,99,10,22,7,770,2,6,3,12,4,23,0,0,0,0,0,0,0,0,0,0.6435018050541517,Mid Value,Loyal Customers
3445,1956,58,Graduation,Single,60714.0,0,0,0,2013-01-17,528,56,216,162,224,101,92,162,957,2,7,4,10,5,23,0,0,0,0,0,1,0,1,0,0.7102888086642599,Mid Value,Potential Loyalists
7828,1981,33,Master,Together,77882.0,0,0,0,2014-04-30,60,29,68,129,396,188,22,15,818,1,3,3,5,1,12,0,0,0,0,0,0,0,0,0,0.6606498194945848,Mid Value,Potential Loyalists
3762,1986,28,PhD,Single,69867.0,0,0,0,2013-04-02,453,30,196,0,512,33,130,54,925,1,3,5,8,1,17,1,0,0,0,0,1,1,2,0,0.6985559566787004,Mid Value,Potential Loyalists
4391,1968,46,Master,Divorced,63841.0,0,1,1,2013-04-21,434,64,635,15,100,20,7,131,908,1,9,3,9,6,22,0,0,0,0,0,0,0,0,0,0.6944945848375451,Mid Value,Loyal Customers
4669,1981,33,Basic,Married,24480.0,1,0,1,2013-02-11,503,46,4,19,9,28,25,17,102,3,3,0,4,7,10,0,0,0,0,0,0,0,0,0,0.3219765342960289,Low Value,Low Value
10144,1976,38,Graduation,Together,51369.0,0,1,1,2012-10-25,612,84,297,7,79,0,11,182,576,2,8,2,4,8,16,0,0,0,0,0,0,0,0,0,0.5805505415162455,Mid Value,Low Value
8652,1946,68,Graduation,Together,37760.0,0,0,0,2012-08-31,667,20,84,5,38,150,12,28,317,2,4,1,6,7,13,0,0,0,0,0,0,0,0,0,0.4690884476534296,Low Value,Low Value
1672,1974,40,PhD,Together,65640.0,0,1,1,2014-03-01,120,74,204,7,149,20,15,66,461,1,5,1,8,2,15,0,0,0,0,0,0,0,0,0,0.5383574007220217,Mid Value,Low Value
8962,1975,39,Master,Married,44319.0,1,1,2,2014-04-17,73,18,26,0,8,0,0,3,37,2,2,0,3,5,7,0,0,0,0,0,0,0,0,0,0.10898014440433212,Low Value,Low Value
9974,1974,40,Graduation,Married,30631.0,1,0,1,2013-07-12,352,75,15,6,20,4,5,20,70,1,3,1,2,7,7,0,0,0,0,0,0,0,0,0,0.25541516245487367,Low Value,Low Value
10983,1952,62,Graduation,Together,75278.0,0,0,0,2013-01-29,516,17,304,98,230,150,74,74,930,1,6,3,13,3,23,0,0,0,0,0,0,0,0,0,0.7028429602888087,Mid Value,Potential Loyalists
8148,1956,58,Master,Together,50898.0,1,1,2,2013-01-08,537,88,285,28,242,55,114,135,859,13,6,2,12,5,33,0,0,0,0,0,0,0,0,0,0.6730595667870036,Mid Value,Loyal Customers
10102,1966,48,Graduation,Widow,79946.0,0,0,0,2014-05-12,48,19,395,183,565,166,141,28,1478,1,5,11,5,3,22,0,0,0,0,0,0,0,0,0,0.884927797833935,High Value,Champions
4697,1949,65,Master,Divorced,35416.0,0,0,0,2013-06-13,381,62,248,3,81,4,3,51,390,3,7,1,5,8,16,0,0,0,0,0,0,0,0,0,0.49593862815884476,Low Value,Low Value
9262,1984,30,2n Cycle,Together,32414.0,0,0,0,2013-07-04,360,11,20,6,5,0,9,12,52,1,1,0,3,7,5,0,0,1,0,0,0,1,1,0,0.18343862815884476,Low Value,Low Value
7254,1969,45,Graduation,Together,38361.0,1,0,1,2013-12-27,184,74,39,0,56,20,8,14,137,3,3,1,3,7,10,0,0,0,0,0,0,0,0,0,0.3564981949458484,Low Value,Low Value
4543,1980,34,Graduation,Married,82497.0,0,0,0,2012-10-31,606,32,777,129,573,216,21,203,1919,1,2,7,9,4,19,0,0,0,0,1,0,1,1,0,0.9688628158844765,High Value,Champions
4927,1971,43,Graduation,Together,16626.0,2,0,2,2014-01-15,165,76,8,3,22,21,1,13,68,3,3,0,3,9,9,0,0,0,0,0,0,0,0,0,0.24751805054151624,Low Value,Low Value
10451,1965,49,Graduation,Together,29672.0,1,1,2,2013-03-12,474,6,9,1,3,0,4,8,25,1,0,0,3,6,4,0,0,0,0,0,0,0,0,0,0.06340252707581227,Low Value,Low Value
2926,1952,62,Master,Together,55951.0,0,1,1,2012-08-23,675,62,1241,0,80,0,13,40,1374,3,3,6,11,8,23,0,1,0,1,0,0,2,2,0,0.8592057761732852,High Value,At-Risk High Value
2874,1988,26,2n Cycle,Divorced,35388.0,1,0,1,2013-03-07,479,20,6,4,7,4,3,8,32,1,1,0,3,7,5,0,0,0,0,0,0,0,0,0,0.09070397111913357,Low Value,Low Value
9738,1986,28,Master,Together,42386.0,1,0,1,2013-01-13,532,43,65,4,16,0,4,11,100,1,3,0,3,8,7,0,0,0,0,0,0,0,0,0,0.31791516245487367,Low Value,Low Value
7119,1982,32,Graduation,Single,68627.0,0,0,0,2013-01-12,533,45,395,15,263,60,54,38,825,1,2,3,6,1,12,0,0,0,0,0,0,0,0,0,0.6647111913357401,Mid Value,Potential Loyalists
3924,1965,49,PhD,Divorced,57912.0,0,1,1,2014-03-17,104,34,801,0,80,0,0,35,916,5,8,3,12,5,28,0,0,0,1,0,0,1,1,0,0.6976534296028881,Mid Value,Potential Loyalists
5827,1958,56,Graduation,Divorced,35246.0,1,1,2,2014-04-16,74,53,36,0,12,2,2,10,62,4,3,1,3,5,11,0,0,0,0,0,0,0,0,0,0.22382671480144403,Low Value,Low Value
5596,1956,58,2n Cycle,Together,58821.0,0,1,1,2013-10-12,260,44,513,14,154,19,0,28,728,1,9,2,9,6,21,0,0,0,0,0,0,0,0,0,0.6283844765342961,Mid Value,Potential Loyalists
10812,1978,36,PhD,Married,46377.0,1,0,1,2014-03-01,120,89,37,0,46,4,3,0,90,1,2,1,3,4,7,0,0,0,0,0,0,0,0,0,0.29896209386281586,Low Value,Low Value
1717,1988,26,Graduation,Single,39747.0,1,0,1,2014-04-13,77,43,80,15,93,20,13,52,273,3,5,1,4,8,13,0,0,0,0,0,0,0,0,0,0.4453971119133574,Low Value,Low Value
9491,1984,30,Graduation,Together,23976.0,1,0,1,2013-12-27,184,68,14,1,21,2,3,25,66,3,3,1,3,7,10,0,0,0,0,0,0,0,0,0,0.2398465703971119,Low Value,Low Value
9274,1961,53,Master,Married,80950.0,0,0,0,2013-03-28,458,44,525,147,112,219,147,63,1213,1,6,7,9,2,23,1,0,0,0,0,0,1,1,0,0.815658844765343,High Value,Champions
6609,1966,48,Graduation,Widow,27038.0,0,0,0,2012-09-18,649,64,1,26,25,17,23,15,107,1,3,0,3,9,7,0,0,0,0,0,1,0,1,0,0.3291967509025271,Low Value,Low Value
6963,1947,67,Graduation,Single,77457.0,0,0,0,2014-03-05,116,85,675,11,400,15,45,11,1157,1,2,5,10,1,18,0,0,0,0,1,0,1,1,0,0.7919675090252708,Mid Value,Loyal Customers
4440,1964,50,Master,Married,64100.0,0,1,1,2013-09-10,292,93,509,0,27,0,0,10,546,1,8,3,6,7,18,0,0,0,1,0,0,1,1,0,0.5710740072202166,Mid Value,Loyal Customers
1379,1992,22,Master,Together,42670.0,0,0,0,2013-04-27,428,12,154,2,46,20,4,15,241,1,4,2,4,4,11,0,0,0,0,0,0,0,0,0,0.42486462093862815,Low Value,Low Value
10032,1976,38,Graduation,Divorced,12571.0,1,0,1,2014-01-18,162,86,3,5,14,2,12,17,53,4,3,1,3,6,11,0,0,0,0,0,0,0,0,0,0.1865974729241877,Low Value,Low Value
2826,1967,47,Graduation,Married,22574.0,2,1,3,2013-10-28,244,28,25,0,8,2,0,2,37,2,2,0,3,7,7,0,0,0,0,0,0,0,0,0,0.10898014440433212,Low Value,Low Value
6320,1976,38,Master,Single,70893.0,0,0,0,2013-02-06,508,42,768,44,561,77,44,14,1508,1,6,6,10,3,23,0,0,0,0,0,0,0,0,0,0.8930505415162455,High Value,Champions
3050,1966,48,Graduation,Married,54198.0,1,1,2,2013-12-17,194,13,185,0,28,3,2,17,235,6,3,1,6,4,16,0,0,0,0,0,0,0,0,0,0.4208032490974729,Low Value,Low Value
231,1956,58,Master,Together,28839.0,1,1,2,2014-03-11,110,86,24,0,7,0,0,1,32,2,2,0,3,5,7,0,0,0,0,0,0,0,0,0,0.09070397111913357,Low Value,Low Value
2392,1972,42,Graduation,Married,40321.0,1,1,2,2013-07-29,335,59,44,4,21,6,0,27,102,2,3,0,3,7,8,0,0,0,0,0,0,0,0,0,0.3219765342960289,Low Value,Low Value
9478,1985,29,Graduation,Single,66503.0,1,0,1,2012-08-14,684,30,91,64,128,65,3,50,401,2,4,3,6,3,15,0,0,0,0,0,0,0,0,0,0.5036101083032491,Mid Value,Potential Loyalists
113,1951,63,Graduation,Married,30833.0,1,1,2,2013-07-16,348,33,11,0,7,3,1,6,28,2,1,0,3,5,6,0,0,0,0,0,0,0,0,0,0.07310469314079422,Low Value,Low Value
1802,1971,43,Graduation,Married,64795.0,0,1,1,2013-01-17,528,23,412,5,119,38,29,77,680,3,3,3,12,2,21,0,0,0,0,0,0,0,0,0,0.6134927797833934,Mid Value,Potential Loyalists
520,1974,40,Graduation,Married,34421.0,1,0,1,2013-07-01,363,81,3,3,7,6,2,9,30,1,1,0,2,7,4,0,0,0,0,0,0,0,0,0,0.0812274368231047,Low Value,Low Value
8275,1965,49,PhD,Divorced,47025.0,1,1,2,2014-02-09,140,6,16,0,3,0,0,1,20,1,1,0,2,7,4,0,0,0,0,0,0,0,0,0,0.03813176895306859,Low Value,Low Value
9750,1961,53,PhD,Divorced,64325.0,0,1,1,2013-02-07,507,41,731,60,353,78,12,73,1307,5,10,3,5,7,23,0,0,0,0,0,0,0,0,0,0.8400270758122743,High Value,Champions
2607,1953,61,Graduation,Single,40464.0,0,1,1,2013-01-11,534,78,424,17,118,7,23,41,630,6,8,2,8,8,24,0,0,0,0,0,0,0,0,0,0.5974729241877257,Mid Value,Loyal Customers
7214,1957,57,Graduation,Married,62187.0,0,0,0,2013-07-05,359,49,792,0,275,45,45,126,1283,1,4,8,5,3,18,0,0,0,0,0,0,0,0,0,0.8348375451263538,High Value,Champions
5835,1976,38,PhD,Divorced,14849.0,1,0,1,2013-07-02,362,39,21,2,28,3,2,9,65,3,2,0,4,8,9,0,0,0,0,0,0,0,0,0,0.23623646209386281,Low Value,Low Value
3896,1984,30,Graduation,Married,27255.0,1,0,1,2013-11-07,234,3,22,1,11,0,1,2,37,1,1,0,3,7,5,0,0,0,0,0,0,0,0,0,0.10898014440433212,Low Value,Low Value
10350,1950,64,PhD,Married,54432.0,2,1,3,2013-05-09,416,37,33,0,5,0,0,0,38,1,1,0,3,4,5,0,0,0,0,0,0,0,0,0,0.11529783393501805,Low Value,Low Value
7786,1986,28,PhD,Single,29999.0,1,0,1,2013-02-13,501,22,68,7,59,10,5,11,160,4,3,1,4,8,12,0,0,0,0,0,0,0,0,0,0.3743231046931408,Low Value,Low Value
2861,1983,31,Graduation,Single,24072.0,1,0,1,2013-04-16,439,79,9,1,6,3,0,4,23,1,1,0,2,8,4,0,0,0,0,0,0,0,0,0,0.05550541516245487,Low Value,Low Value
663,1989,25,PhD,Single,33996.0,0,0,0,2013-09-11,291,46,40,2,15,8,0,6,71,1,1,1,3,4,6,0,0,0,0,0,0,0,0,0,0.2585740072202166,Low Value,Low Value
10675,1956,58,PhD,Married,66334.0,0,1,1,2013-04-03,452,82,909,11,218,0,0,23,1161,2,9,3,5,5,19,0,0,0,0,0,1,0,1,0,0.7939981949458483,Mid Value,Loyal Customers
2521,1971,43,Master,Married,35178.0,1,0,1,2013-01-10,535,10,23,1,13,2,2,18,59,1,1,1,2,7,5,0,0,1,0,0,1,1,2,0,0.2134476534296029,Low Value,Low Value
9592,1983,31,Graduation,Together,22010.0,1,0,1,2013-06-30,364,51,11,2,9,3,0,8,33,2,2,0,3,8,7,0,0,0,0,0,0,0,0,0,0.09408844765342961,Low Value,Low Value
10151,1960,54,Graduation,Divorced,62204.0,0,2,2,2012-09-12,655,38,317,46,247,151,46,139,946,1,4,5,12,3,22,0,0,0,0,0,0,0,0,0,0.7082581227436823,Mid Value,Potential Loyalists
7381,1968,46,Graduation,Divorced,75693.0,0,0,0,2012-12-06,570,10,797,153,293,72,97,30,1442,1,11,4,6,4,22,1,0,0,1,1,1,3,4,0,0.8759025270758123,High Value,Champions
4099,1972,42,Graduation,Married,30675.0,1,0,1,2012-11-12,594,14,10,2,16,11,2,21,62,1,1,0,3,8,5,0,0,0,0,0,0,0,0,0,0.22382671480144403,Low Value,Low Value
9560,1965,49,Graduation,Together,83003.0,0,0,0,2013-03-03,483,18,856,61,570,40,25,122,1674,1,7,6,8,3,22,0,0,0,0,1,1,1,2,0,0.9314079422382672,High Value,Champions
10172,1988,26,Graduation,Single,68655.0,0,0,0,2012-08-10,688,95,456,19,832,75,118,38,1538,1,4,5,11,3,21,0,0,0,0,0,0,0,0,0,0.9009476534296029,High Value,At-Risk High Value
11191,1986,28,Graduation,Divorced,41411.0,0,0,0,2013-12-07,204,11,37,32,38,11,3,18,139,1,2,1,4,6,8,0,0,0,0,0,0,0,0,0,0.3598826714801444,Low Value,Low Value
9707,1969,45,PhD,Married,55212.0,0,1,1,2012-11-23,583,65,1103,0,45,0,0,34,1182,3,4,2,11,8,20,0,1,0,1,0,0,2,2,0,0.8043772563176895,High Value,At-Risk High Value
6245,1950,64,PhD,Together,59292.0,0,1,1,2013-06-13,381,71,378,14,68,19,14,14,507,2,3,5,8,3,18,0,0,0,0,0,0,0,0,0,0.5588898916967509,Mid Value,Loyal Customers
8234,1973,41,Basic,Together,27190.0,1,0,1,2013-08-15,318,13,1,6,7,0,1,3,18,1,1,0,2,8,4,0,0,1,0,0,1,1,2,0,0.031137184115523464,Low Value,Low Value
1411,1952,62,Graduation,Divorced,82623.0,0,0,0,2013-11-10,231,58,204,34,204,172,153,173,940,1,2,9,4,1,16,0,0,0,0,0,0,0,0,0,0.7062274368231047,Mid Value,Potential Loyalists
8553,1965,49,Graduation,Married,44300.0,1,1,2,2013-06-23,371,65,30,0,9,0,0,3,42,2,1,0,3,6,6,0,0,0,0,0,0,0,0,0,0.13199458483754511,Low Value,Low Value
1826,1970,44,Graduation,Divorced,84835.0,0,0,0,2014-06-16,13,0,189,104,379,111,189,218,1190,1,4,4,6,1,15,0,0,0,0,0,1,0,1,0,0.8073104693140795,High Value,Potential Loyalists
8842,1971,43,Graduation,Widow,30372.0,1,1,2,2012-12-25,551,33,15,0,12,7,3,7,44,3,2,0,3,7,8,0,0,0,0,0,0,0,0,0,0.14395306859205775,Low Value,Low Value
11030,1976,38,Master,Married,33181.0,1,0,1,2014-01-03,177,90,9,0,3,0,0,4,16,1,1,0,2,6,4,0,0,1,0,0,0,1,1,0,0.02075812274368231,Low Value,Low Value
2579,1957,57,Graduation,Married,71113.0,0,1,1,2013-12-17,194,95,495,33,255,11,33,8,835,4,6,7,9,4,26,0,0,0,0,0,0,0,0,0,0.66764440433213,Mid Value,Loyal Customers
175,1986,28,Graduation,Married,71952.0,1,0,1,2013-01-10,535,93,656,80,455,52,107,93,1443,2,8,4,8,4,22,0,0,1,0,1,0,2,2,0,0.8768050541516246,High Value,At-Risk High Value
9185,1966,48,PhD,Single,69759.0,0,0,0,2013-10-28,244,38,452,20,514,13,30,0,1029,3,4,6,5,3,18,0,0,0,0,0,1,0,1,0,0.7425541516245487,Mid Value,Potential Loyalists
11056,1974,40,Graduation,Married,72099.0,0,0,0,2012-10-27,610,18,546,91,410,119,0,22,1188,1,3,4,10,1,18,0,0,0,0,0,0,0,0,0,0.8061823104693141,High Value,Champions
9365,1976,38,PhD,Single,60000.0,0,1,1,2012-12-22,554,57,1048,0,217,0,0,12,1277,5,11,3,5,6,24,0,0,0,0,0,0,0,0,0,0.8325812274368231,High Value,Champions
6201,1978,36,Graduation,Single,38643.0,1,1,2,2013-11-29,212,45,22,2,14,0,1,10,49,2,2,0,3,7,7,0,0,0,0,0,0,0,0,1,0.17373646209386281,Low Value,Low Value
2061,1955,59,Graduation,Married,50737.0,0,1,1,2013-05-11,414,61,78,0,11,0,0,10,99,1,2,0,4,6,7,0,0,0,1,0,0,1,1,0,0.315884476534296,Low Value,Low Value
6184,1969,45,PhD,Married,68462.0,0,0,0,2012-12-12,564,6,561,64,785,84,128,48,1670,1,3,3,8,1,15,0,0,0,0,0,0,0,0,0,0.9300541516245487,High Value,Potential Loyalists
6142,1943,71,Master,Married,65073.0,0,0,0,2013-08-20,313,65,629,17,177,69,0,8,900,1,5,3,5,2,14,0,0,0,0,0,0,0,0,1,0.6875,Mid Value,Low Value
4107,1948,66,PhD,Together,46681.0,0,2,2,2013-10-08,264,52,269,15,69,15,19,38,425,2,4,6,4,5,16,0,0,0,0,0,0,0,0,0,0.5200812274368231,Mid Value,Potential Loyalists
7274,1957,57,Graduation,Married,78618.0,0,0,0,2012-09-28,639,87,736,163,818,212,163,61,2153,1,4,7,10,2,22,0,0,0,1,0,0,1,1,0,0.9909747292418772,High Value,At-Risk High Value
9336,1969,45,PhD,Widow,62187.0,0,1,1,2014-03-22,99,38,512,0,83,0,0,41,636,3,6,2,10,4,21,0,0,0,0,0,0,0,0,0,0.5999548736462094,Mid Value,Potential Loyalists
2958,1978,36,Graduation,Married,28442.0,2,0,2,2014-02-24,125,53,19,3,10,11,8,6,57,3,2,1,4,4,10,0,0,0,0,0,0,0,0,0,0.20645306859205775,Low Value,Low Value
933,1978,36,PhD,Married,37717.0,1,0,1,2012-11-23,583,31,9,0,6,4,1,5,25,1,1,0,2,9,4,0,0,0,0,0,0,0,0,0,0.06340252707581227,Low Value,Low Value
5837,1967,47,Graduation,Married,51479.0,1,1,2,2012-12-28,548,67,247,8,160,6,8,65,494,7,6,3,6,7,22,0,0,0,0,0,0,0,0,0,0.5518953068592057,Mid Value,Loyal Customers
10704,1969,45,Graduation,Single,54803.0,0,1,1,2012-08-21,677,65,404,0,92,28,27,142,693,2,6,2,9,4,19,0,0,0,0,0,0,0,0,0,0.6200361010830325,Mid Value,Loyal Customers
5125,1960,54,Graduation,Married,79530.0,0,0,0,2013-05-17,408,64,333,0,815,129,42,29,1348,1,4,10,11,2,26,0,0,0,0,0,0,0,0,0,0.8526624548736462,High Value,At-Risk High Value
4432,1976,38,Graduation,Divorced,31615.0,1,0,1,2013-03-16,470,82,2,3,20,6,11,9,51,2,2,0,3,7,7,0,0,0,0,0,0,0,0,0,0.18073104693140793,Low Value,Low Value
5955,1962,52,Graduation,Together,72025.0,0,0,0,2012-11-17,589,27,833,33,549,151,133,233,1932,1,4,3,8,3,16,0,0,0,0,0,0,0,0,0,0.9724729241877257,High Value,Potential Loyalists
2928,1975,39,PhD,Single,52614.0,0,1,1,2012-12-01,575,63,789,0,142,12,9,38,990,2,2,4,8,8,16,0,0,0,0,0,0,0,0,0,0.7274368231046932,Mid Value,Low Value
5680,1984,30,2n Cycle,Married,35684.0,1,0,1,2014-04-22,68,66,10,4,7,0,6,3,30,1,1,0,3,6,5,0,0,0,0,0,0,0,0,0,0.0812274368231047,Low Value,Low Value
10313,1975,39,Graduation,Married,48178.0,1,1,2,2012-10-28,609,69,159,4,45,6,2,38,254,6,5,1,4,8,16,0,0,0,0,0,0,0,0,0,0.42915162454873645,Low Value,Low Value
2557,1970,44,Master,Single,29548.0,1,0,1,2013-08-29,304,52,7,1,6,3,1,11,29,1,1,1,2,4,5,0,0,1,0,0,0,1,1,0,0.07694043321299639,Low Value,Low Value
1245,1966,48,Graduation,Single,63810.0,0,1,1,2012-11-11,595,45,977,12,253,16,12,101,1371,4,4,3,12,8,23,0,0,0,1,0,0,1,1,0,0.8583032490974729,High Value,Champions
1519,1972,42,PhD,Single,38578.0,1,1,2,2013-06-22,372,2,38,4,22,3,3,3,73,3,3,0,3,8,9,0,0,0,0,0,1,0,1,0,0.2648916967509025,Low Value,Low Value
10703,1975,39,Master,Single,46098.0,1,1,2,2012-08-18,680,86,57,0,27,0,0,36,120,4,3,2,2,8,11,0,0,0,0,0,0,0,0,0,0.3379963898916967,Low Value,Low Value
1726,1970,44,Graduation,Single,22585.0,0,0,0,2013-03-18,468,23,3,9,15,13,2,39,81,1,1,1,2,9,5,0,0,1,0,0,1,1,2,0,0.28497292418772563,Low Value,Low Value
4459,1989,25,Graduation,Single,30279.0,1,0,1,2012-12-30,546,13,10,4,14,4,4,1,37,1,1,0,3,8,5,0,0,0,0,0,0,0,0,0,0.10898014440433212,Low Value,Low Value
1729,1961,53,PhD,Together,66426.0,0,1,1,2013-10-02,270,14,1043,24,97,32,24,157,1377,2,3,5,10,6,20,0,0,0,0,0,0,0,0,0,0.8610108303249098,High Value,Champions
1517,1969,45,Graduation,Single,30822.0,1,0,1,2013-06-14,380,92,3,9,13,2,12,12,51,1,1,0,3,7,5,0,0,0,0,0,0,0,0,0,0.18073104693140793,Low Value,Low Value
2098,1969,45,PhD,Married,33581.0,2,0,2,2013-01-08,537,38,11,0,5,0,0,1,17,1,1,0,2,8,4,0,0,0,0,0,0,0,0,0,0.026173285198555957,Low Value,Low Value
9543,1985,29,Graduation,Married,19986.0,1,0,1,2013-11-14,227,74,3,6,5,0,2,6,22,1,0,0,3,7,4,0,0,0,0,0,0,0,0,0,0.048962093862815886,Low Value,Low Value
6878,1954,60,Graduation,Widow,27421.0,0,0,0,2012-12-12,564,14,43,12,96,78,40,55,324,3,4,1,6,7,14,0,0,0,0,0,0,0,0,0,0.47405234657039713,Low Value,Low Value
3310,1973,41,2n Cycle,Married,35688.0,2,1,3,2012-08-22,676,94,73,3,90,12,1,32,211,7,4,1,4,8,16,0,0,0,0,0,0,0,0,0,0.4081678700361011,Low Value,Low Value
2724,1981,33,Master,Single,36143.0,1,0,1,2014-03-30,91,33,12,0,1,0,0,6,19,1,0,1,2,3,4,0,0,0,0,0,0,0,0,0,0.034070397111913356,Low Value,Low Value
948,1971,43,Graduation,Single,10245.0,1,0,1,2013-05-15,410,32,4,7,7,6,4,13,41,3,1,2,2,5,8,0,0,0,0,0,0,0,0,0,0.1272563176895307,Low Value,Low Value
6720,1968,46,Master,Together,43795.0,0,1,1,2013-10-16,256,11,314,11,53,4,3,107,492,3,7,3,4,7,17,0,0,0,1,0,1,1,2,0,0.5500902527075813,Mid Value,Potential Loyalists
6202,1960,54,Graduation,Together,63381.0,0,1,1,2012-10-05,632,78,571,50,142,33,50,159,1005,4,4,5,13,2,26,0,0,0,0,0,0,0,0,0,0.7339801444043321,Mid Value,Loyal Customers
2066,1949,65,Graduation,Together,38823.0,0,1,1,2012-08-30,668,56,70,0,11,2,8,23,114,1,2,1,3,6,7,0,0,0,0,0,0,0,0,0,0.3328068592057762,Low Value,Low Value
9799,1968,46,PhD,Divorced,83664.0,1,1,2,2013-05-08,417,57,866,21,151,28,21,86,1173,3,2,2,12,5,19,0,0,0,0,0,0,0,0,0,0.7985108303249098,Mid Value,Potential Loyalists
8318,1979,35,Graduation,Together,90300.0,0,0,0,2014-01-03,177,7,594,134,786,33,134,57,1738,0,5,6,8,1,19,0,0,0,0,1,0,1,1,0,0.9458483754512635,High Value,Champions
5642,1979,35,Master,Together,62499.0,1,0,1,2013-12-09,202,0,140,4,61,0,13,4,222,2,3,1,6,4,12,0,0,0,0,0,0,0,0,0,0.41335740072202165,Low Value,Low Value
2669,1993,21,Graduation,Single,74293.0,0,0,0,2014-05-04,56,66,375,152,335,93,91,81,1127,1,5,4,6,2,16,0,0,0,0,0,0,0,0,0,0.7791064981949458,Mid Value,Low Value
455,1946,68,PhD,Married,51012.0,0,0,0,2013-04-18,437,86,102,9,63,2,9,24,209,1,4,1,4,6,10,0,0,0,0,0,0,0,0,0,0.4050090252707581,Low Value,Low Value
7683,1968,46,Master,Married,70777.0,0,1,1,2014-02-25,124,80,554,35,113,0,7,78,787,3,5,3,12,3,23,0,0,0,0,0,0,0,0,0,0.6475631768953068,Mid Value,Loyal Customers
3428,1991,23,PhD,Together,68682.0,0,0,0,2013-10-06,266,56,919,0,505,99,30,45,1598,1,4,9,10,2,24,0,0,0,0,0,0,0,0,0,0.9149368231046932,High Value,Champions
7414,1971,43,Graduation,Married,43824.0,1,1,2,2012-09-15,652,18,96,1,42,12,3,32,186,4,3,1,4,8,12,0,0,0,0,0,0,0,0,0,0.3944043321299639,Low Value,Low Value
6354,1984,30,Graduation,Together,15345.0,1,0,1,2012-08-31,667,51,5,2,16,3,2,19,47,2,1,1,2,8,6,0,0,0,0,0,1,0,1,0,0.16290613718411553,Low Value,Low Value
798,1987,27,Graduation,Single,23442.0,1,0,1,2012-12-24,552,71,2,0,6,8,6,5,27,1,1,0,3,7,5,0,0,0,0,0,0,0,0,0,0.06994584837545126,Low Value,Low Value
8213,1980,34,2n Cycle,Together,14515.0,1,0,1,2012-11-09,597,71,6,4,9,6,36,35,96,4,2,2,3,7,11,0,0,0,0,0,1,0,1,0,0.31227436823104693,Low Value,Low Value
2488,1956,58,2n Cycle,Divorced,31395.0,1,1,2,2013-03-23,463,80,23,1,25,0,8,7,64,4,2,1,3,6,10,0,0,0,0,0,0,0,0,0,0.2328519855595668,Low Value,Low Value
9999,1965,49,Graduation,Together,75276.0,0,0,0,2012-09-27,640,2,610,105,125,137,42,21,1040,1,9,4,9,5,23,0,0,0,0,0,0,0,0,0,0.7472924187725631,Mid Value,Potential Loyalists
7617,1974,40,Graduation,Single,42373.0,1,1,2,2013-08-15,318,83,67,5,61,3,8,19,163,5,2,1,5,5,13,0,0,0,0,0,0,0,0,0,0.37725631768953066,Low Value,Low Value
615,1960,54,Graduation,Together,30507.0,0,0,0,2013-03-11,475,29,65,36,74,38,20,110,343,1,5,1,4,7,11,0,0,0,0,0,0,0,0,0,0.4799187725631769,Low Value,Low Value
2552,1955,59,PhD,Single,55521.0,1,2,3,2013-10-22,250,11,416,0,26,0,0,4,446,9,6,3,6,7,24,0,0,0,1,0,1,1,2,0,0.5313628158844765,Mid Value,Potential Loyalists
194,1965,49,Graduation,Married,48006.0,1,1,2,2014-06-09,20,55,23,0,11,3,2,2,41,1,1,0,3,6,5,0,0,0,0,0,0,0,0,0,0.1272563176895307,Low Value,Low Value
3645,1972,42,PhD,Single,27213.0,1,0,1,2012-08-30,668,19,19,3,26,10,9,3,70,3,2,0,4,8,9,0,0,0,0,0,1,0,1,0,0.25541516245487367,Low Value,Low Value
8890,1971,43,PhD,Divorced,65808.0,1,1,2,2014-05-30,30,1,155,7,80,13,7,10,272,3,5,1,5,6,14,0,0,0,0,0,0,0,0,0,0.44494584837545126,Low Value,Low Value
5049,1974,40,PhD,Together,30351.0,1,0,1,2013-06-06,388,19,14,0,24,3,3,2,46,1,3,0,2,9,6,0,0,0,0,0,0,0,0,0,0.15681407942238268,Low Value,Low Value
9973,1963,51,Graduation,Married,50437.0,0,2,2,2012-10-17,620,28,370,9,92,6,9,4,490,3,7,1,8,7,19,0,0,0,0,0,0,0,0,0,0.549187725631769,Mid Value,Potential Loyalists
7301,1982,32,2n Cycle,Single,23616.0,1,0,1,2012-11-17,589,76,4,22,11,3,7,32,79,2,3,0,3,8,8,0,0,0,0,0,1,0,1,0,0.27955776173285196,Low Value,Low Value
10882,1976,38,Graduation,Married,53858.0,0,1,1,2012-11-09,597,50,407,53,221,58,150,26,915,4,4,3,6,4,17,0,0,0,0,0,0,0,0,0,0.697202166064982,Mid Value,Potential Loyalists
7030,1955,59,PhD,Married,66465.0,0,1,1,2013-03-30,456,1,1200,0,204,38,29,14,1485,3,11,9,12,6,35,1,0,0,0,0,0,1,1,0,0.8876353790613718,High Value,Champions
7422,1987,27,Graduation,Single,46923.0,1,0,1,2012-08-22,676,90,85,44,54,102,78,6,369,3,5,1,7,7,16,0,0,0,0,0,0,0,0,0,0.4893953068592058,Low Value,Low Value
3523,1962,52,Graduation,Together,75072.0,0,1,1,2013-01-23,522,83,583,34,309,0,22,125,1073,2,5,4,8,3,19,0,0,0,0,0,0,0,0,0,0.7592509025270758,Mid Value,Loyal Customers
7106,1943,71,PhD,Married,75865.0,0,0,0,2014-03-31,90,73,483,0,591,156,0,12,1242,1,3,5,10,1,19,0,0,0,0,0,0,0,0,0,0.8249097472924187,High Value,At-Risk High Value
6504,1975,39,2n Cycle,Together,19789.0,1,0,1,2013-11-20,221,24,2,5,9,28,6,28,78,3,2,1,3,5,9,0,0,1,0,0,0,1,1,0,0.276398916967509,Low Value,Low Value
5067,1994,20,Graduation,Together,80134.0,0,0,0,2014-02-14,135,11,966,26,282,52,26,26,1378,1,2,7,11,5,21,1,1,0,1,1,0,4,4,0,0.8614620938628159,High Value,Champions
4216,1981,33,Graduation,Single,91065.0,0,0,0,2013-02-22,492,33,822,114,108,179,137,114,1474,1,7,9,9,3,26,1,0,0,0,1,1,2,3,0,0.8831227436823105,High Value,Champions
8581,1971,43,Master,Married,49505.0,1,1,2,2013-03-05,481,4,604,0,100,19,0,28,751,9,10,2,8,8,29,0,0,0,0,0,0,0,0,0,0.6380866425992779,Mid Value,Potential Loyalists
5929,1973,41,PhD,Married,37401.0,1,0,1,2014-05-06,54,14,19,3,19,3,1,3,48,2,2,0,3,7,7,0,0,0,0,0,0,0,0,0,0.1680956678700361,Low Value,Low Value
3129,1983,31,Graduation,Married,30096.0,1,0,1,2014-05-22,38,30,5,3,11,12,5,9,45,1,2,0,3,6,6,0,0,0,0,0,0,0,0,0,0.1500451263537906,Low Value,Low Value
6528,1982,32,Master,Together,18492.0,1,0,1,2014-06-05,24,75,2,2,2,2,1,1,10,1,1,0,2,8,4,0,0,0,0,0,0,0,0,0,0.005415162454873646,Low Value,Low Value
1361,1974,40,Master,Married,82584.0,0,0,0,2013-06-04,390,26,1076,68,103,29,91,68,1435,1,3,4,8,1,16,0,0,0,1,1,1,2,3,0,0.8734205776173285,High Value,Potential Loyalists
6932,1941,73,PhD,Married,93027.0,0,0,0,2013-04-13,442,77,1285,42,716,55,0,21,2119,0,7,10,5,2,22,0,0,0,0,1,0,1,1,0,0.9891696750902527,High Value,At-Risk High Value
7284,1953,61,Graduation,Married,48686.0,1,2,3,2013-12-04,207,8,10,0,7,2,0,1,20,1,1,0,2,8,4,0,0,0,0,0,0,0,0,0,0.03813176895306859,Low Value,Low Value
1340,1986,28,Graduation,Married,92910.0,0,0,0,2014-04-24,66,42,551,137,792,179,103,33,1795,1,6,7,13,1,27,1,0,0,1,1,0,3,3,0,0.9526173285198556,High Value,Champions
8746,1989,25,Graduation,Married,75433.0,1,0,1,2014-04-05,85,28,800,0,297,0,34,57,1188,2,2,5,10,6,19,1,0,0,1,0,0,2,2,0,0.8061823104693141,High Value,Champions
5987,1989,25,2n Cycle,Together,10404.0,1,0,1,2014-05-04,56,52,2,2,11,10,6,12,43,2,1,0,4,5,7,0,0,0,0,0,0,0,0,0,0.13740974729241878,Low Value,Low Value
3767,1968,46,Graduation,Married,61314.0,0,1,1,2013-04-25,430,1,378,0,189,97,172,172,1008,2,5,5,12,3,24,0,0,0,0,0,0,0,0,0,0.7353339350180506,Mid Value,Potential Loyalists
3725,1961,53,PhD,Single,84865.0,0,0,0,2013-05-09,416,1,1248,16,349,43,16,16,1688,1,2,4,9,4,16,1,1,0,1,1,1,4,5,0,0.9354693140794224,High Value,Potential Loyalists
4324,1989,25,Graduation,Married,42387.0,1,0,1,2012-10-29,608,42,235,0,235,19,4,191,684,5,8,1,7,8,21,0,0,0,0,0,0,0,0,0,0.6155234657039711,Mid Value,Potential Loyalists
238,1967,47,2n Cycle,Together,67309.0,1,1,2,2013-01-23,522,76,515,47,181,149,95,95,1082,15,9,6,9,7,39,0,0,0,0,0,0,0,0,0,0.7617328519855595,Mid Value,Loyal Customers
6694,1964,50,Graduation,Married,75236.0,0,1,1,2013-11-25,216,27,438,66,400,12,38,114,1068,1,8,3,13,4,25,0,0,0,0,0,0,0,0,0,0.7576714801444043,Mid Value,Potential Loyalists
498,1970,44,Graduation,Single,30015.0,1,0,1,2014-02-02,147,28,25,0,22,2,3,5,57,2,1,0,4,5,7,0,0,0,0,0,0,0,0,0,0.20645306859205775,Low Value,Low Value
9347,1956,58,Master,Together,50943.0,0,1,1,2013-06-21,373,49,31,0,7,2,0,6,46,1,1,0,3,5,5,0,0,0,0,0,0,0,0,0,0.15681407942238268,Low Value,Low Value
9699,1966,48,Graduation,Divorced,67272.0,0,1,1,2013-12-21,190,12,357,35,271,28,28,14,733,3,6,2,12,5,23,0,0,0,0,0,0,0,0,0,0.6324458483754513,Mid Value,Potential Loyalists
10664,1949,65,Master,Widow,51529.0,0,1,1,2013-09-07,295,14,400,4,35,6,0,22,467,2,9,1,5,8,17,0,0,0,0,0,0,0,0,0,0.5412906137184116,Mid Value,Potential Loyalists
5455,1971,43,PhD,Married,32011.0,1,0,1,2013-08-22,311,89,99,0,15,2,1,5,122,3,2,1,4,7,10,0,0,0,0,0,0,0,0,0,0.3418321299638989,Low Value,Low Value
456,1986,28,2n Cycle,Married,7500.0,1,0,1,2013-02-07,507,96,1,11,5,4,6,9,36,2,2,0,3,8,7,0,0,0,0,0,0,0,0,0,0.10446750902527076,Low Value,Low Value
5012,1989,25,Graduation,Married,28691.0,1,0,1,2013-07-04,360,56,5,4,13,8,0,4,34,1,1,0,3,8,5,0,0,0,0,0,0,0,0,0,0.09747292418772563,Low Value,Low Value
7495,1948,66,PhD,Married,56223.0,0,1,1,2013-12-20,191,72,77,28,31,16,0,4,156,2,2,1,5,4,10,0,0,0,0,0,0,0,0,0,0.371615523465704,Low Value,Low Value
5029,1946,68,Graduation,Married,18100.0,0,0,0,2013-08-06,327,14,3,1,2,4,3,1,14,1,0,0,3,5,4,0,0,0,0,0,0,0,0,0,0.013086642599277979,Low Value,Low Value
10642,1989,25,Graduation,Single,30279.0,1,0,1,2012-12-30,546,13,10,4,14,4,4,1,37,1,1,0,3,8,5,0,0,0,0,0,0,0,0,0,0.10898014440433212,Low Value,Low Value
2106,1974,40,2n Cycle,Married,20130.0,0,0,0,2014-03-17,104,99,0,6,3,7,6,12,34,1,1,0,3,8,5,0,0,0,0,0,0,0,0,0,0.09747292418772563,Low Value,Low Value
10364,1959,55,Graduation,Divorced,23295.0,0,0,0,2013-07-13,351,72,0,0,1,2,12,5,20,1,1,0,2,8,4,0,0,0,0,0,0,0,0,0,0.03813176895306859,Low Value,Low Value
5954,1972,42,Master,Divorced,42618.0,1,0,1,2013-10-09,263,92,76,14,74,13,5,10,192,2,5,0,4,8,11,0,0,0,0,0,0,0,0,0,0.39846570397111913,Low Value,Low Value
1137,1964,50,Graduation,Single,81246.0,0,0,0,2013-12-29,182,87,398,190,537,61,156,37,1379,1,4,5,7,1,17,1,0,1,0,0,0,2,2,0,0.8619133574007221,High Value,At-Risk High Value
2541,1976,38,Graduation,Married,24027.0,1,0,1,2013-06-09,385,7,14,7,11,11,0,5,48,2,2,0,3,8,7,0,0,0,0,0,0,0,0,0,0.1680956678700361,Low Value,Low Value
1142,1953,61,PhD,Married,55707.0,0,1,1,2013-12-22,189,91,208,7,82,30,66,35,428,2,3,2,9,3,16,0,0,0,0,0,0,0,0,0,0.5212093862815884,Mid Value,Low Value
2276,1955,59,Graduation,Single,57959.0,0,1,1,2013-05-02,423,71,430,16,322,43,24,33,868,5,4,7,11,3,27,0,0,0,0,0,0,0,0,0,0.6764440433212996,Mid Value,Loyal Customers
2807,1969,45,Graduation,Married,56796.0,0,1,1,2013-02-16,498,24,656,38,161,62,47,37,1001,3,8,9,7,7,27,0,0,0,0,0,0,0,0,0,0.7312725631768953,Mid Value,Potential Loyalists
6471,1971,43,Master,Single,36230.0,1,0,1,2013-10-17,255,17,14,2,30,8,2,3,59,1,2,0,4,5,7,0,0,0,0,0,0,0,0,0,0.2134476534296029,Low Value,Low Value
6131,1980,34,2n Cycle,Married,70829.0,1,1,2,2013-12-01,210,87,141,70,106,72,19,23,431,2,4,2,8,3,16,0,0,0,0,0,0,0,0,0,0.5221119133574007,Mid Value,Low Value
6233,1976,38,Graduation,Married,65991.0,0,1,1,2012-09-07,660,21,507,19,364,25,47,9,971,3,9,5,10,7,27,0,0,0,0,0,0,0,0,0,0.7177346570397112,Mid Value,Potential Loyalists
4148,1972,42,Graduation,Married,38988.0,1,2,3,2012-08-20,678,90,164,24,103,12,3,42,348,7,5,1,6,8,19,0,0,0,0,0,0,0,0,0,0.48104693140794225,Low Value,Loyal Customers
4947,1966,48,2n Cycle,Single,89572.0,0,0,0,2012-09-15,652,44,606,24,974,197,194,64,2059,1,7,7,9,4,24,1,0,0,1,0,1,2,3,0,0.9828519855595668,High Value,Champions
3225,1984,30,Master,Married,42207.0,1,0,1,2013-04-01,454,71,116,11,72,3,17,46,265,4,4,1,5,6,14,0,0,1,0,0,1,1,2,0,0.43704873646209386,Low Value,Low Value
7540,1952,62,Graduation,Married,50300.0,0,1,1,2014-05-25,35,52,143,15,60,24,23,5,270,2,2,1,8,2,13,0,0,0,0,0,0,0,0,0,0.44314079422382674,Low Value,Low Value
10648,1982,32,2n Cycle,Together,66664.0,0,0,0,2012-09-25,642,78,398,96,447,220,96,32,1289,1,5,7,6,3,19,0,0,0,0,0,0,0,0,0,0.8364169675090253,High Value,At-Risk High Value
1992,1964,50,Graduation,Married,60597.0,0,1,1,2014-01-01,179,2,522,0,257,32,16,66,893,4,2,2,8,7,16,1,0,0,0,0,1,1,2,0,0.6850180505415162,Mid Value,Potential Loyalists
7851,1949,65,Graduation,Widow,70165.0,0,0,0,2013-09-22,280,60,161,0,253,199,191,122,926,1,3,7,11,1,22,0,0,0,0,0,0,0,0,0,0.6992328519855595,Mid Value,Loyal Customers
8594,1958,56,PhD,Widow,50520.0,0,1,1,2014-01-28,152,25,112,0,6,2,1,14,135,2,3,1,3,6,9,0,0,0,0,0,0,0,0,0,0.35446750902527074,Low Value,Low Value
7059,1963,51,Graduation,Married,80124.0,0,0,0,2014-06-26,3,47,483,84,398,205,84,241,1495,1,3,7,8,1,19,0,0,1,0,0,0,1,1,0,0.8892148014440433,High Value,Champions
2815,1975,39,Graduation,Married,33183.0,1,0,1,2014-02-24,125,46,7,5,39,17,15,37,120,2,4,0,3,7,9,0,0,0,0,0,0,0,0,0,0.3379963898916967,Low Value,Low Value
2416,1969,45,PhD,Single,66582.0,0,0,0,2014-03-03,118,83,789,25,420,16,38,0,1288,1,2,8,9,1,20,0,0,0,0,0,0,0,0,0,0.8357400722021661,High Value,At-Risk High Value
7999,1955,59,PhD,Together,75261.0,0,0,0,2013-04-23,432,17,1239,17,413,23,34,17,1743,1,5,6,5,2,17,0,0,0,1,1,1,2,3,0,0.9462996389891697,High Value,Champions
9213,1970,44,Graduation,Widow,31880.0,1,0,1,2012-10-31,606,13,4,1,5,2,0,3,15,1,1,0,2,8,4,0,0,0,0,0,0,0,0,0,0.01601985559566787,Low Value,Low Value
9697,1951,63,Graduation,Married,53790.0,0,2,2,2014-03-06,115,86,335,42,127,28,5,5,542,3,7,2,8,6,20,0,0,0,0,0,0,0,0,0,0.5681407942238267,Mid Value,Loyal Customers
3916,1971,43,PhD,Together,49269.0,1,0,1,2012-08-15,683,92,639,8,166,11,8,58,890,3,7,3,12,7,25,0,0,0,0,0,0,0,0,0,0.6841155234657039,Mid Value,Loyal Customers
2021,1975,39,Graduation,Married,61456.0,0,1,1,2013-03-27,459,47,563,76,384,84,192,89,1388,4,6,10,13,4,33,0,0,0,0,0,0,0,0,0,0.8655234657039711,High Value,Champions
1581,1980,34,Graduation,Married,37406.0,1,0,1,2013-10-10,262,18,2,0,8,2,2,3,17,1,1,0,2,8,4,0,0,0,0,0,1,0,1,0,0.026173285198555957,Low Value,Low Value
564,1981,33,PhD,Together,56937.0,1,0,1,2012-08-04,694,81,746,8,125,11,8,8,906,7,8,6,9,6,30,0,0,0,1,0,1,1,2,0,0.6920126353790613,Mid Value,Loyal Customers
6619,1978,36,Graduation,Married,38415.0,1,1,2,2013-01-02,543,91,22,1,13,4,0,4,44,2,1,0,3,7,6,0,0,0,0,0,0,0,0,0,0.14395306859205775,Low Value,Low Value
9081,1988,26,Graduation,Single,20518.0,1,0,1,2014-05-18,42,58,4,1,6,4,1,9,25,1,1,1,2,5,5,0,0,0,0,0,0,0,0,0,0.06340252707581227,Low Value,Low Value
178,1956,58,Graduation,Married,62503.0,0,1,1,2013-02-18,496,40,478,0,193,110,75,117,973,4,8,3,11,5,26,0,0,0,0,0,0,0,0,0,0.7190884476534296,Mid Value,Potential Loyalists
916,1972,42,PhD,Single,41644.0,1,1,2,2014-05-09,51,67,20,3,4,2,0,2,31,2,1,0,3,3,6,0,0,0,0,0,0,0,0,0,0.08596570397111913,Low Value,Low Value
5512,1977,37,Master,Married,55842.0,0,1,1,2014-05-23,37,19,451,0,39,0,4,24,518,1,7,1,8,5,17,0,0,0,0,0,0,0,0,0,0.5606949458483754,Mid Value,Potential Loyalists
8970,1972,42,PhD,Married,62010.0,0,1,1,2012-10-23,614,93,371,22,39,6,0,92,530,4,6,2,7,5,19,0,0,0,0,0,0,0,0,0,0.565658844765343,Mid Value,Loyal Customers
10581,1977,37,Graduation,Married,41124.0,1,0,1,2012-10-31,606,41,281,7,84,15,0,119,506,7,7,3,4,8,21,0,0,0,0,0,0,0,0,0,0.5573104693140795,Mid Value,Potential Loyalists
5300,1973,41,Master,Married,38961.0,1,0,1,2013-12-30,181,60,19,7,19,0,1,24,70,1,2,1,2,7,6,0,0,0,0,0,0,0,0,0,0.25541516245487367,Low Value,Low Value
5154,1972,42,Master,Divorced,37760.0,1,0,1,2013-08-11,322,54,26,3,13,2,10,0,54,1,2,0,3,6,6,0,0,0,0,0,0,0,0,0,0.19133574007220217,Low Value,Low Value
8346,1974,40,Graduation,Single,32233.0,1,0,1,2012-08-19,679,26,138,15,35,25,11,72,296,2,6,2,2,9,12,0,0,1,0,0,1,1,2,0,0.4560018050541516,Low Value,Low Value
1676,1975,39,Graduation,Married,43057.0,0,1,1,2013-10-30,242,30,213,2,44,0,2,5,266,4,4,2,5,5,15,0,0,0,0,0,0,0,0,0,0.43862815884476536,Low Value,Low Value
9286,1960,54,Master,Together,83151.0,0,0,0,2012-10-10,627,93,407,28,100,120,74,18,747,1,5,9,4,3,19,0,0,0,0,0,0,0,0,0,0.6367328519855595,Mid Value,Loyal Customers
2426,1964,50,PhD,Divorced,78825.0,0,0,0,2012-09-14,653,35,483,74,114,169,37,18,895,1,5,10,13,3,29,0,0,0,0,0,1,0,1,0,0.6861462093862816,Mid Value,Potential Loyalists
5172,1976,38,Master,Together,65104.0,0,1,1,2013-11-14,227,4,738,0,232,13,20,50,1053,2,3,5,7,7,17,0,0,0,0,0,0,0,0,0,0.7524819494584838,Mid Value,Potential Loyalists
5562,1974,40,Graduation,Married,60093.0,0,1,1,2013-06-26,368,92,502,12,109,16,6,90,735,2,7,2,10,6,21,0,0,0,0,0,0,0,0,0,0.6340252707581228,Mid Value,Loyal Customers
3436,1969,45,Graduation,Married,14045.0,1,0,1,2014-01-26,154,24,11,0,5,2,1,1,20,1,1,0,3,7,5,0,0,0,0,0,0,0,0,0,0.03813176895306859,Low Value,Low Value
3921,1952,62,2n Cycle,Widow,28457.0,0,0,0,2012-10-28,609,96,24,1,108,29,29,14,205,1,4,1,4,8,10,0,0,0,0,0,0,0,0,0,0.4038808664259928,Low Value,Low Value
3403,1958,56,PhD,Together,78952.0,0,1,1,2012-09-24,643,11,1170,19,594,99,76,134,2092,2,2,5,12,6,21,0,0,0,0,0,0,0,0,0,0.9871389891696751,High Value,Champions
22,1976,38,Graduation,Divorced,46310.0,1,0,1,2012-12-03,573,99,185,2,88,15,5,14,309,2,6,1,5,8,14,0,0,0,0,0,0,0,0,0,0.4611913357400722,Low Value,Low Value
10965,1955,59,Graduation,Together,76005.0,0,0,0,2013-02-22,492,72,983,20,389,240,50,40,1722,1,3,5,13,6,22,1,0,0,0,0,0,1,1,0,0.9408844765342961,High Value,At-Risk High Value
9426,1964,50,Master,Single,58308.0,0,1,1,2013-01-12,533,77,691,0,69,10,0,130,900,4,2,6,3,8,15,0,0,0,0,0,0,0,0,0,0.6875,Mid Value,Low Value
6605,1944,70,PhD,Divorced,55614.0,0,0,0,2013-11-27,214,85,504,13,131,8,0,26,682,1,9,4,6,7,20,0,0,0,1,0,0,1,1,0,0.6141696750902527,Mid Value,Loyal Customers
3136,1962,52,Master,Divorced,59432.0,0,1,1,2013-04-13,442,88,317,25,265,25,19,12,663,3,5,3,11,5,22,0,0,0,0,0,0,0,0,0,0.6105595667870036,Mid Value,Loyal Customers
8737,1978,36,Graduation,Divorced,55563.0,0,1,1,2014-04-05,85,22,29,1,9,2,0,2,43,1,2,0,3,3,6,0,0,0,0,0,0,0,0,0,0.13740974729241878,Low Value,Low Value
11088,1971,43,PhD,Together,78642.0,0,1,1,2013-04-21,434,83,1396,0,322,46,35,17,1816,1,4,9,4,6,18,0,0,0,0,0,0,0,0,0,0.9562274368231047,High Value,At-Risk High Value
716,1949,65,PhD,Together,67911.0,0,1,1,2014-05-22,38,63,529,0,356,63,28,0,976,3,6,7,11,3,27,0,0,0,0,0,0,0,0,0,0.7211191335740073,Mid Value,Loyal Customers
466,1944,70,Graduation,Married,65275.0,0,0,0,2013-04-03,452,9,388,14,218,91,14,21,746,1,4,3,13,2,21,0,0,0,0,0,0,0,0,0,0.6356046931407943,Mid Value,Potential Loyalists
9135,1950,64,Graduation,Together,27203.0,1,1,2,2012-08-06,692,92,13,2,21,4,0,24,64,2,1,1,2,8,6,0,0,0,0,0,0,0,0,0,0.2328519855595668,Low Value,Low Value
10623,1961,53,Master,Together,48330.0,0,1,1,2013-11-15,226,2,28,0,4,0,0,0,32,1,1,0,3,5,5,0,0,0,0,0,0,0,0,0,0.09070397111913357,Low Value,Low Value
8151,1990,24,Basic,Married,24279.0,0,0,0,2012-12-29,547,6,16,36,21,20,62,108,263,1,4,1,3,8,9,0,0,0,0,0,0,0,0,0,0.4338898916967509,Low Value,Low Value
5140,1985,29,PhD,Married,64355.0,1,0,1,2012-08-24,674,66,1047,0,140,67,38,153,1445,2,4,3,12,8,21,0,0,0,0,0,0,0,0,0,0.8777075812274369,High Value,At-Risk High Value
10160,1956,58,Master,Together,50943.0,0,1,1,2013-06-21,373,49,31,0,7,2,0,6,46,1,1,0,3,5,5,0,0,0,0,0,0,0,0,0,0.15681407942238268,Low Value,Low Value
4945,1953,61,Graduation,Widow,53653.0,0,0,0,2012-11-07,599,29,815,10,239,28,10,108,1210,2,10,4,12,6,28,0,0,0,0,0,0,0,0,0,0.8140794223826715,High Value,Champions
10584,1976,38,Graduation,Married,65665.0,0,1,1,2013-12-02,209,77,225,162,387,106,36,29,945,1,5,10,8,3,24,0,0,0,0,0,0,0,0,0,0.7075812274368231,Mid Value,Loyal Customers
6071,1989,25,Graduation,Single,81217.0,0,0,0,2013-07-19,345,77,493,70,324,146,40,84,1157,1,3,7,11,1,22,0,0,0,0,0,0,0,0,0,0.7919675090252708,Mid Value,Loyal Customers
3386,1992,22,Graduation,Married,34935.0,0,0,0,2013-06-21,373,71,34,4,66,3,10,20,137,1,2,1,4,7,8,0,0,0,0,0,0,0,0,0,0.3564981949458484,Low Value,Low Value
8939,1959,55,Graduation,Divorced,61250.0,0,1,1,2012-12-16,560,49,382,138,65,60,26,59,730,6,5,2,12,5,25,0,0,0,0,0,0,0,0,0,0.6297382671480144,Mid Value,Potential Loyalists
9925,1981,33,PhD,Together,39665.0,1,0,1,2013-05-25,400,97,127,1,56,0,1,31,216,3,4,2,3,7,12,0,0,1,0,0,0,1,1,0,0.41064981949458484,Low Value,Low Value
4320,1979,35,Graduation,Single,60152.0,0,1,1,2013-03-28,458,6,325,83,300,86,58,91,943,1,6,4,12,3,23,0,0,0,0,0,0,0,0,0,0.706904332129964,Mid Value,Potential Loyalists
5389,1964,50,Graduation,Married,48920.0,0,2,2,2013-10-20,252,93,238,17,68,8,10,6,347,3,6,2,5,7,16,0,0,0,1,0,0,1,1,0,0.4805956678700361,Low Value,Low Value
6036,1959,55,Master,Together,89120.0,0,0,0,2014-03-17,104,78,1168,92,408,72,129,55,1924,1,5,6,7,1,19,0,0,0,0,1,0,1,1,0,0.9711191335740073,High Value,At-Risk High Value
182,1946,68,PhD,Together,44124.0,0,1,1,2013-05-11,414,62,284,0,55,0,6,52,397,4,6,2,5,8,17,0,0,0,0,0,0,0,0,0,0.5009025270758123,Mid Value,Loyal Customers
203,1975,39,Master,Single,81169.0,0,0,0,2013-04-14,441,47,1288,20,613,80,61,27,2089,1,5,7,9,2,22,0,0,0,0,0,0,0,0,0,0.9860108303249098,High Value,Champions
11025,1961,53,Graduation,Married,36443.0,1,1,2,2013-02-03,511,9,65,0,46,4,3,20,138,4,3,1,3,8,11,0,0,0,0,0,0,0,0,0,0.35875451263537905,Low Value,Low Value
10203,1990,24,Graduation,Single,26095.0,1,0,1,2013-06-30,364,77,11,7,9,3,1,11,42,1,1,0,3,7,5,0,0,0,0,0,0,0,0,0,0.13199458483754511,Low Value,Low Value
4607,1959,55,Graduation,Together,71367.0,0,0,0,2013-08-23,310,24,227,23,389,42,21,75,777,1,4,5,7,2,17,0,0,0,0,0,0,0,0,0,0.6455324909747292,Mid Value,Potential Loyalists
3711,1944,70,Master,Married,80184.0,0,0,0,2014-03-01,120,19,1035,134,670,25,38,0,1902,1,6,3,10,3,20,1,0,0,0,1,0,2,2,0,0.9661552346570397,High Value,Champions
3696,1965,49,Graduation,Divorced,30630.0,1,1,2,2014-01-27,153,67,27,1,12,2,0,10,52,2,2,0,3,7,7,0,0,0,0,0,0,0,0,0,0.18343862815884476,Low Value,Low Value
2532,1987,27,Master,Single,73454.0,0,0,0,2014-03-01,120,95,982,73,351,56,14,175,1651,1,2,4,6,5,13,0,0,1,0,0,0,1,1,0,0.9268953068592057,High Value,At-Risk High Value
9214,1991,23,Graduation,Married,42691.0,0,0,0,2013-08-16,317,48,179,2,64,38,17,58,358,1,5,1,6,5,13,0,0,0,0,0,0,0,0,0,0.48443140794223827,Low Value,Low Value
4943,1953,61,Graduation,Married,70503.0,0,0,0,2012-09-30,637,73,1379,33,216,0,33,66,1727,1,2,4,9,6,16,0,0,0,1,1,0,2,2,0,0.9429151624548736,High Value,At-Risk High Value
35,1987,27,Graduation,Married,25545.0,1,0,1,2012-09-08,659,35,32,1,64,16,12,85,210,3,2,2,3,6,10,0,0,0,0,0,1,0,1,0,0.4065884476534296,Low Value,Low Value
2258,1986,28,Graduation,Married,32880.0,1,0,1,2012-12-04,572,76,8,4,15,7,6,2,42,1,1,0,3,8,5,0,0,0,0,0,0,0,0,0,0.13199458483754511,Low Value,Low Value
4322,1958,56,PhD,Together,77863.0,0,0,0,2013-11-27,214,20,881,38,319,16,25,12,1291,1,4,5,10,2,20,0,0,0,0,0,0,0,0,0,0.8370938628158845,High Value,Champions
713,1977,37,Master,Married,50353.0,0,0,0,2014-06-08,21,72,141,15,153,67,31,35,442,1,4,4,6,3,15,0,0,0,0,0,0,0,0,0,0.5279783393501805,Mid Value,Low Value
4702,1964,50,Graduation,Single,61839.0,0,0,0,2012-08-12,686,20,1000,155,379,224,17,120,1895,1,4,8,4,8,17,0,0,0,0,0,0,0,0,0,0.9648014440433214,High Value,Champions
3281,1960,54,PhD,Married,49154.0,1,1,2,2013-11-03,238,69,206,10,67,30,27,71,411,6,4,1,8,6,19,0,0,0,0,0,0,0,0,0,0.5106046931407943,Mid Value,Loyal Customers
702,1975,39,2n Cycle,Widow,47682.0,0,1,1,2013-02-15,499,80,162,61,83,97,57,61,521,4,4,3,8,5,19,0,0,0,0,0,0,0,0,0,0.5620487364620939,Mid Value,Loyal Customers
2004,1969,45,Graduation,Single,72679.0,0,1,1,2013-09-18,284,65,619,54,260,127,54,54,1168,1,4,7,5,1,17,0,0,0,0,0,0,0,0,0,0.7958032490974729,Mid Value,Loyal Customers
4769,1977,37,Master,Together,57954.0,1,1,2,2014-06-18,11,52,456,4,24,0,0,9,493,7,8,2,6,7,23,0,0,0,1,0,0,1,1,0,0.5509927797833934,Mid Value,Potential Loyalists
4437,1962,52,Graduation,Married,65316.0,1,1,2,2013-04-24,431,65,112,6,92,3,9,38,260,2,3,2,5,4,12,0,0,0,0,0,0,0,0,0,0.43276173285198555,Low Value,Low Value
8724,1982,32,Graduation,Single,28567.0,1,0,1,2013-06-17,377,57,11,3,22,2,2,6,46,2,2,0,3,6,7,0,0,0,0,0,0,0,0,0,0.15681407942238268,Low Value,Low Value
10741,1951,63,Master,Together,47352.0,0,1,1,2013-04-11,444,70,172,12,112,8,0,15,319,4,6,1,5,7,16,0,0,0,0,0,0,0,0,0,0.4717960288808664,Low Value,Low Value
1991,1967,47,Graduation,Together,44931.0,0,1,1,2014-01-18,162,0,78,0,11,0,0,7,96,1,2,1,3,5,7,0,0,0,0,0,0,0,0,0,0.31227436823104693,Low Value,Low Value
6931,1967,47,Graduation,Divorced,76982.0,0,0,0,2014-02-15,134,19,464,151,292,65,60,30,1062,1,8,3,4,4,16,0,0,0,0,1,1,1,2,0,0.7538357400722022,Mid Value,Potential Loyalists
11096,1952,62,2n Cycle,Together,57247.0,0,1,1,2013-08-08,325,50,99,4,32,37,54,6,232,2,2,1,7,2,12,0,0,0,0,0,0,0,0,0,0.4187725631768953,Low Value,Low Value
304,1981,33,Master,Single,22944.0,1,0,1,2013-12-23,188,67,19,3,19,4,5,26,76,3,3,0,3,7,9,0,0,0,0,0,0,0,0,0,0.27120938628158847,Low Value,Low Value
3665,1977,37,2n Cycle,Together,25315.0,1,0,1,2013-11-07,234,46,1,9,8,11,3,22,54,3,3,0,3,8,9,0,0,0,0,0,0,0,0,0,0.19133574007220217,Low Value,Low Value
10591,1969,45,Graduation,Widow,43638.0,0,1,1,2012-08-06,692,37,63,10,83,7,19,19,201,2,4,1,4,7,11,0,0,0,0,0,0,0,0,0,0.4029783393501805,Low Value,Low Value
5036,1984,30,PhD,Single,42710.0,1,0,1,2012-11-28,578,38,252,3,42,4,3,102,406,2,4,5,3,6,14,0,0,0,0,0,0,0,0,0,0.5074458483754513,Mid Value,Potential Loyalists
5547,1982,32,PhD,Married,84169.0,0,0,0,2013-08-07,326,9,1478,19,403,0,19,0,1919,1,7,6,6,3,20,0,0,0,1,1,1,2,3,0,0.9688628158844765,High Value,Champions
7822,1976,38,Graduation,Together,54058.0,0,1,1,2013-06-04,390,56,198,18,252,32,108,54,662,2,4,6,8,3,20,0,0,0,0,0,0,0,0,0,0.6098826714801444,Mid Value,Potential Loyalists
8541,1990,24,2n Cycle,Married,24683.0,1,0,1,2014-03-08,113,98,8,4,10,6,7,6,41,2,2,0,4,5,8,0,0,0,0,0,0,0,0,0,0.1272563176895307,Low Value,Low Value
10955,1964,50,Graduation,Widow,85620.0,0,0,0,2014-01-07,173,68,416,46,925,60,107,46,1600,1,3,6,4,1,14,0,0,0,0,0,1,0,1,0,0.9158393501805054,High Value,At-Risk High Value
4368,1980,34,Graduation,Married,47850.0,1,0,1,2013-12-03,208,72,42,7,43,20,12,10,134,1,3,0,4,6,8,0,0,0,0,0,0,0,0,0,0.35333935018050544,Low Value,Low Value
9671,1968,46,Graduation,Married,19514.0,1,1,2,2014-01-26,154,47,14,3,21,2,1,28,69,4,3,1,2,8,10,0,0,1,0,0,1,1,2,0,0.2518050541516246,Low Value,Low Value
2256,1973,41,Master,Married,27159.0,1,1,2,2014-03-29,92,33,17,0,3,0,0,1,21,2,1,0,3,6,6,0,0,0,0,0,0,0,0,0,0.0430956678700361,Low Value,Low Value
4279,1963,51,2n Cycle,Single,39548.0,1,1,2,2014-03-31,90,87,15,4,10,3,4,18,54,2,1,1,3,3,7,0,0,0,0,0,0,0,0,0,0.19133574007220217,Low Value,Low Value
5371,1989,25,Graduation,Single,21474.0,1,0,1,2014-04-08,82,0,6,16,24,11,0,34,91,2,3,1,2,7,8,0,0,1,0,0,1,1,2,0,0.3009927797833935,Low Value,Low Value
9240,1971,43,PhD,Single,60504.0,0,1,1,2014-02-07,142,73,458,0,24,6,4,34,526,2,6,2,8,6,18,0,0,0,0,0,0,0,0,0,0.5636281588447654,Mid Value,Loyal Customers
9460,1963,51,Graduation,Married,22419.0,0,0,0,2013-04-18,437,74,30,3,47,19,21,42,162,1,3,2,2,8,8,0,0,0,0,0,0,0,0,0,0.37612815884476536,Low Value,Low Value
9504,1949,65,Master,Married,81698.0,0,0,0,2013-11-06,235,4,179,28,520,111,123,47,1008,1,3,8,13,1,25,0,0,0,0,0,1,0,1,0,0.7353339350180506,Mid Value,Potential Loyalists
8692,1952,62,Graduation,Together,43462.0,1,1,2,2012-09-12,655,50,90,17,97,15,6,15,240,6,4,1,5,8,16,0,0,0,0,0,0,0,0,0,0.42396209386281586,Low Value,Low Value
448,1978,36,PhD,Single,54880.0,1,0,1,2013-03-01,485,57,308,85,137,102,45,118,795,2,6,2,11,5,21,0,0,0,0,0,0,0,0,0,0.6520758122743683,Mid Value,Potential Loyalists
8314,1982,32,Graduation,Married,79908.0,0,0,0,2013-04-05,450,30,557,129,761,29,185,111,1772,1,5,6,7,2,19,0,0,0,0,1,0,1,1,0,0.9494584837545126,High Value,Champions
8420,1970,44,2n Cycle,Married,15315.0,0,0,0,2013-08-03,330,27,7,4,13,15,8,17,64,2,2,0,4,5,8,0,0,0,0,0,0,0,0,0,0.2328519855595668,Low Value,Low Value
3174,1959,55,Graduation,Together,87771.0,0,1,1,2013-05-22,403,61,1492,38,287,50,57,33,1957,1,5,10,4,6,20,1,1,0,1,1,1,4,5,0,0.9747292418772563,High Value,At-Risk High Value
7685,1978,36,Graduation,Married,33039.0,1,0,1,2013-09-09,293,4,30,8,12,8,8,12,78,1,2,0,4,5,7,0,0,0,0,0,0,0,0,0,0.276398916967509,Low Value,Low Value
3179,1980,34,Graduation,Single,81741.0,0,0,0,2013-06-16,378,75,249,153,940,58,134,38,1572,0,6,6,7,2,19,0,0,0,0,0,0,0,0,0,0.9063628158844765,High Value,At-Risk High Value
9780,1971,43,Master,Together,71499.0,0,1,1,2013-06-25,369,12,465,25,132,136,0,37,795,2,8,3,13,4,26,0,0,0,0,0,0,0,0,0,0.6520758122743683,Mid Value,Potential Loyalists
10681,1970,44,2n Cycle,Married,62466.0,0,1,1,2014-01-15,165,13,129,129,259,168,121,83,889,5,6,3,12,4,26,0,0,0,0,0,0,0,0,0,0.6834386281588448,Mid Value,Potential Loyalists
10232,1963,51,PhD,Divorced,48799.0,0,1,1,2013-11-05,236,9,174,18,81,28,6,24,331,3,3,2,7,3,15,0,0,0,0,0,0,0,0,0,0.47675992779783394,Low Value,Low Value
4184,1950,64,PhD,Together,52157.0,0,1,1,2014-06-07,22,48,189,2,29,3,2,40,265,2,3,2,5,4,12,0,0,0,0,0,0,0,0,0,0.43704873646209386,Low Value,Low Value
9120,1962,52,Graduation,Single,66565.0,0,1,1,2012-12-05,571,80,747,10,161,65,40,42,1065,4,4,2,9,8,19,0,0,0,0,0,0,0,0,0,0.7560920577617328,Mid Value,Loyal Customers
891,1951,63,Master,Together,29298.0,1,1,2,2013-09-07,295,60,6,0,2,2,0,1,11,1,1,0,2,5,4,0,0,0,0,0,0,0,0,0,0.007671480144404332,Low Value,Low Value
10381,1979,35,Graduation,Single,47691.0,0,1,1,2013-07-05,359,43,14,0,3,0,0,4,21,1,1,0,2,6,4,0,0,0,0,0,0,0,0,0,0.0430956678700361,Low Value,Low Value
3525,1970,44,Graduation,Together,38200.0,1,1,2,2012-12-07,569,19,12,0,4,0,0,1,17,1,1,0,2,7,4,0,0,0,0,0,0,0,0,0,0.026173285198555957,Low Value,Low Value
6818,1974,40,Graduation,Married,44989.0,0,1,1,2012-09-12,655,26,98,0,106,49,10,106,369,5,5,1,5,6,16,0,0,0,0,0,0,0,0,0,0.4893953068592058,Low Value,Low Value
3526,1968,46,PhD,Married,38443.0,1,1,2,2014-01-27,153,58,32,0,5,0,0,1,38,2,1,0,3,7,6,0,0,0,0,0,0,0,0,0,0.11529783393501805,Low Value,Low Value
8181,1978,36,2n Cycle,Single,38593.0,1,0,1,2013-09-13,289,42,51,12,49,17,24,24,177,3,4,1,3,8,11,0,0,0,0,0,0,0,0,0,0.3871841155234657,Low Value,Low Value
1029,1970,44,PhD,Together,64413.0,0,1,1,2013-08-01,332,27,200,5,44,0,10,20,279,1,5,1,5,5,12,0,0,0,0,0,0,0,0,0,0.45013537906137185,Low Value,Low Value
7369,1981,33,Master,Married,36959.0,1,0,1,2013-10-02,270,56,25,6,25,6,0,0,62,2,2,0,3,8,7,0,0,0,0,0,0,0,0,0,0.22382671480144403,Low Value,Low Value
2574,1977,37,PhD,Married,61996.0,0,1,1,2013-01-31,514,27,1050,12,144,0,0,24,1230,3,6,4,8,5,21,1,1,0,1,0,1,3,4,0,0.8206227436823105,High Value,Champions
8159,1968,46,Graduation,Married,51287.0,1,1,2,2014-04-01,89,10,117,0,22,13,0,30,182,3,4,1,3,7,11,0,0,0,0,0,0,0,0,0,0.3901173285198556,Low Value,Low Value
1160,1970,44,Graduation,Married,13260.0,1,1,2,2013-08-23,310,48,9,4,17,10,2,7,49,4,3,0,3,8,10,0,0,0,0,0,0,0,0,0,0.17373646209386281,Low Value,Low Value
10242,1966,48,PhD,Together,47472.0,1,1,2,2013-09-16,286,39,56,0,11,0,0,8,75,2,2,0,4,5,8,0,0,0,0,0,0,0,0,0,0.26827617328519854,Low Value,Low Value
5253,1956,58,Master,Together,54603.0,1,1,2,2013-07-09,355,85,145,13,46,17,2,4,227,6,4,2,4,7,16,0,0,0,0,0,0,0,0,0,0.4165162454873646,Low Value,Low Value
5966,1974,40,PhD,Married,45207.0,1,1,2,2012-11-10,596,64,203,0,10,0,0,2,215,5,3,1,6,6,15,0,0,0,1,0,0,1,1,0,0.40997292418772563,Low Value,Low Value
5314,1951,63,Graduation,Together,40689.0,0,1,1,2013-03-18,468,69,270,3,27,39,6,99,444,7,7,1,5,8,20,0,0,0,0,0,0,0,0,0,0.5300090252707581,Mid Value,Loyal Customers
5081,1967,47,2n Cycle,Together,47821.0,1,1,2,2013-10-20,252,54,9,0,16,6,6,10,47,1,1,0,3,8,5,0,0,0,0,0,0,0,0,0,0.16290613718411553,Low Value,Low Value
5123,1951,63,Master,Married,27450.0,0,0,0,2013-04-15,440,57,37,12,23,8,11,52,143,1,2,1,3,7,7,0,0,0,0,0,0,0,0,0,0.36236462093862815,Low Value,Low Value
5756,1983,31,Graduation,Together,39453.0,1,0,1,2014-04-03,87,64,46,0,7,0,0,2,55,2,2,0,3,6,7,0,0,0,0,0,0,0,0,0,0.1976534296028881,Low Value,Low Value
8036,1971,43,2n Cycle,Together,26850.0,1,1,2,2014-04-18,72,10,31,1,13,7,2,9,63,4,2,1,4,4,11,0,0,0,0,0,0,0,0,0,0.22856498194945848,Low Value,Low Value
9058,1955,59,Graduation,Widow,79800.0,0,0,0,2012-09-23,644,65,1060,21,530,32,0,224,1867,1,5,11,5,3,22,1,0,1,0,1,1,3,4,0,0.9625451263537906,High Value,At-Risk High Value
5057,1961,53,Master,Married,61794.0,0,1,1,2013-09-14,288,74,264,47,188,54,47,11,611,2,4,4,10,2,20,0,0,0,0,0,0,0,0,0,0.5938628158844765,Mid Value,Loyal Customers
254,1955,59,Graduation,Together,53863.0,0,1,1,2014-05-17,43,4,399,4,30,6,4,30,473,3,7,1,7,7,18,0,0,0,1,0,0,1,1,0,0.5444494584837545,Mid Value,Potential Loyalists
4179,1959,55,Graduation,Together,24221.0,0,0,0,2013-08-20,313,94,8,9,9,2,5,22,55,1,1,1,3,4,6,0,0,0,0,0,0,0,0,0,0.1976534296028881,Low Value,Low Value
3710,1984,30,PhD,Single,39684.0,1,0,1,2012-10-12,625,41,19,0,35,6,4,17,81,2,2,1,2,7,7,0,0,0,0,0,1,0,1,1,0.28497292418772563,Low Value,Low Value
7627,1975,39,Master,Married,92163.0,0,0,0,2012-12-12,564,25,817,183,797,106,163,20,2086,0,5,11,5,2,21,1,0,0,0,1,1,2,3,0,0.9846570397111913,High Value,Champions
4501,1965,49,Master,Single,69882.0,0,0,0,2013-11-10,231,94,292,127,635,132,127,165,1478,1,3,7,9,1,20,0,0,0,0,0,0,0,0,0,0.884927797833935,High Value,At-Risk High Value
6424,1977,37,Graduation,Together,33178.0,1,0,1,2014-01-30,150,9,12,6,2,11,2,16,49,1,1,0,3,4,5,0,0,0,0,0,0,0,0,0,0.17373646209386281,Low Value,Low Value
3075,1972,42,PhD,Married,59973.0,0,0,0,2013-09-11,291,47,130,30,168,20,34,0,382,1,3,4,7,1,15,0,0,0,0,0,0,0,0,0,0.4939079422382672,Low Value,Low Value
4992,1975,39,Master,Together,17459.0,1,0,1,2013-09-19,283,12,6,4,16,3,10,30,69,3,3,1,2,7,9,0,0,0,0,0,1,0,1,0,0.2518050541516246,Low Value,Low Value
5252,1969,45,Graduation,Divorced,23910.0,1,0,1,2012-10-26,611,80,16,12,18,7,1,13,67,1,2,0,3,7,6,0,0,0,0,0,0,0,0,0,0.243456678700361,Low Value,Low Value
7444,1969,45,Master,Married,42169.0,1,1,2,2013-10-19,253,20,19,0,9,0,0,2,30,2,1,0,3,8,6,0,0,0,0,0,0,0,0,0,0.0812274368231047,Low Value,Low Value
6919,1978,36,2n Cycle,Married,26224.0,1,0,1,2013-06-04,390,39,4,7,15,13,9,15,63,3,2,1,3,6,9,0,0,0,0,0,0,0,0,0,0.22856498194945848,Low Value,Low Value
3537,1981,33,Graduation,Together,31089.0,1,0,1,2012-08-17,681,57,31,3,31,2,8,4,79,3,3,0,4,8,10,0,0,0,0,0,0,0,0,0,0.27955776173285196,Low Value,Low Value
10277,1961,53,Graduation,Single,30081.0,0,1,1,2013-02-21,493,27,36,0,2,0,0,4,42,1,1,0,3,7,5,0,0,0,0,0,0,0,0,0,0.13199458483754511,Low Value,Low Value
2453,1960,54,Graduation,Together,62807.0,0,1,1,2012-08-31,667,83,526,28,135,10,21,99,819,3,5,3,12,5,23,0,0,0,0,0,0,0,0,0,0.661326714801444,Mid Value,Loyal Customers
7972,1955,59,Graduation,Single,72906.0,0,0,0,2013-09-17,285,79,400,32,519,71,75,54,1151,1,3,4,9,1,17,0,0,0,0,0,0,0,0,0,0.7888086642599278,Mid Value,Loyal Customers
895,1948,66,PhD,Married,61467.0,0,2,2,2012-12-09,567,69,410,16,114,0,5,49,594,3,5,2,10,5,20,0,0,0,0,0,0,0,0,0,0.5861913357400722,Mid Value,Loyal Customers
1177,1966,48,Master,Together,49618.0,1,1,2,2013-01-26,519,77,80,3,26,4,2,14,129,4,3,1,3,7,11,0,0,0,0,0,0,0,0,0,0.34747292418772563,Low Value,Low Value
7141,1986,28,Master,Single,21888.0,1,0,1,2012-12-29,547,15,88,10,46,2,3,64,213,4,5,1,2,10,12,0,0,0,0,0,1,0,1,0,0.4092960288808664,Low Value,Low Value
7232,1973,41,Graduation,Widow,42429.0,0,1,1,2014-02-11,138,99,55,0,6,2,0,4,67,2,1,1,3,5,7,0,0,0,0,0,0,0,0,0,0.243456678700361,Low Value,Low Value
8477,1956,58,Graduation,Divorced,26150.0,2,1,3,2013-03-11,475,61,5,1,13,3,5,1,28,1,1,0,3,7,5,0,0,0,0,0,0,0,0,0,0.07310469314079422,Low Value,Low Value
2457,1975,39,Basic,Married,30801.0,0,1,1,2012-10-26,611,23,8,4,5,15,2,11,45,2,1,0,3,7,6,0,0,0,0,0,0,0,0,0,0.1500451263537906,Low Value,Low Value
988,1965,49,Graduation,Married,81168.0,0,0,0,2014-05-07,53,84,410,0,592,147,22,22,1193,1,6,4,7,3,18,1,0,0,0,0,0,1,1,0,0.8091155234657039,High Value,At-Risk High Value
7930,1969,45,Master,Single,26877.0,0,0,0,2013-08-19,314,74,101,13,76,20,18,40,268,2,3,1,6,6,12,0,0,0,0,0,0,0,0,0,0.4402075812274368,Low Value,Low Value
4587,1944,70,Master,Widow,45006.0,0,0,0,2013-07-18,346,90,162,25,53,16,0,10,266,1,3,1,7,3,12,0,0,0,0,0,0,0,0,0,0.43862815884476536,Low Value,Low Value
6682,1973,41,Basic,Married,18978.0,1,0,1,2012-12-11,565,41,2,8,1,4,7,15,37,1,1,0,3,8,5,0,0,0,0,0,0,0,0,0,0.10898014440433212,Low Value,Low Value
6222,1967,47,Graduation,Married,22574.0,2,1,3,2013-10-28,244,28,25,0,8,2,0,2,37,2,2,0,3,7,7,0,0,0,0,0,0,0,0,0,0.10898014440433212,Low Value,Low Value
10299,1969,45,PhD,Single,48240.0,0,0,0,2012-11-09,597,73,389,91,248,64,49,41,882,3,6,3,13,5,25,0,0,0,0,0,1,0,1,0,0.6816335740072202,Mid Value,Loyal Customers
3083,1974,40,Graduation,Married,45837.0,1,1,2,2013-07-26,338,88,215,13,87,17,17,24,373,5,6,2,5,7,18,0,0,0,0,0,0,0,0,0,0.49165162454873645,Low Value,Loyal Customers
8953,1965,49,Master,Single,35791.0,2,1,3,2013-05-06,419,94,27,0,5,0,0,3,35,2,1,0,3,8,6,0,0,0,0,0,0,0,0,0,0.10153429602888087,Low Value,Low Value
8650,1978,36,Graduation,Widow,54162.0,1,1,2,2013-03-18,468,31,5,6,10,6,5,10,42,1,1,0,3,4,5,0,0,0,0,0,0,0,0,0,0.13199458483754511,Low Value,Low Value
10862,1960,54,Master,Married,30522.0,0,1,1,2012-08-17,681,6,179,8,83,19,11,26,326,5,1,2,9,2,17,0,0,0,0,0,0,0,0,0,0.4754061371841155,Low Value,Loyal Customers
2782,1961,53,PhD,Married,54456.0,0,1,1,2013-07-11,353,23,352,0,27,10,0,15,404,3,6,1,7,6,17,0,0,0,0,0,0,0,0,0,0.5051895306859205,Mid Value,Potential Loyalists
6941,1971,43,Graduation,Single,31632.0,0,0,0,2013-07-14,350,92,17,8,12,11,15,32,95,1,2,1,2,7,6,0,0,0,0,0,0,0,0,0,0.3097924187725632,Low Value,Low Value
10972,1949,65,Graduation,Widow,72298.0,0,0,0,2014-03-10,111,52,625,35,169,58,17,35,939,1,4,3,6,1,14,0,0,0,1,1,0,2,2,0,0.7055505415162455,Mid Value,Potential Loyalists
10708,1978,36,2n Cycle,Single,36975.0,1,0,1,2013-12-28,183,50,10,6,11,0,4,2,33,1,1,0,3,7,5,0,0,0,0,0,0,0,0,0,0.09408844765342961,Low Value,Low Value
6583,1955,59,2n Cycle,Married,72635.0,0,0,0,2013-06-03,391,54,390,22,323,104,35,107,981,1,6,8,6,3,21,1,0,0,0,0,0,1,1,0,0.7240523465703971,Mid Value,Potential Loyalists
3641,1976,38,Graduation,Married,13624.0,1,0,1,2013-01-20,525,93,10,2,15,2,1,6,36,2,2,0,3,6,7,0,0,0,0,0,0,0,0,0,0.10446750902527076,Low Value,Low Value
10156,1975,39,Graduation,Single,84196.0,0,1,1,2013-06-03,391,56,215,63,507,231,31,190,1237,1,8,4,7,3,20,0,0,0,0,0,0,0,0,0,0.8231046931407943,High Value,Champions
4299,1960,54,Graduation,Together,70971.0,0,1,1,2012-09-21,646,28,1001,17,572,93,125,17,1825,7,11,11,5,7,34,0,0,0,0,0,1,0,1,0,0.9575812274368231,High Value,Champions
3469,1977,37,PhD,Divorced,34487.0,1,1,2,2012-09-06,661,94,19,18,33,24,1,8,103,3,3,0,3,9,9,0,0,0,0,0,0,0,0,0,0.3249097472924188,Low Value,Low Value
5063,1977,37,Graduation,Single,28769.0,1,0,1,2012-12-18,558,76,41,5,129,10,3,3,191,3,4,1,4,9,12,0,0,0,0,0,0,0,0,0,0.3977888086642599,Low Value,Low Value
10727,1970,44,PhD,Married,69084.0,1,0,1,2013-11-19,222,43,1181,107,199,39,30,30,1586,2,7,3,13,8,25,0,0,0,0,0,0,0,0,0,0.9117779783393501,High Value,Champions
9624,1958,56,PhD,Together,65488.0,0,0,0,2014-06-13,16,46,603,45,207,36,18,54,963,1,3,4,6,1,14,0,0,0,0,0,0,0,0,0,0.7129963898916968,Mid Value,Potential Loyalists
5156,1970,44,2n Cycle,Married,62466.0,0,1,1,2014-01-15,165,13,129,129,259,168,121,83,889,5,6,3,12,4,26,0,0,0,0,0,0,0,0,0,0.6834386281588448,Mid Value,Potential Loyalists
4376,1960,54,2n Cycle,Single,32218.0,0,0,0,2014-02-15,134,27,10,24,15,13,1,30,93,1,2,1,3,7,7,0,0,1,0,0,1,1,2,0,0.3061823104693141,Low Value,Low Value
8923,1973,41,Graduation,Single,83917.0,0,0,0,2013-04-18,437,12,514,22,732,42,198,79,1587,1,6,7,7,3,21,0,0,0,0,0,1,0,1,0,0.9124548736462094,High Value,Champions
8461,1962,52,Graduation,Divorced,46102.0,2,1,3,2014-03-10,111,3,14,0,1,0,0,1,16,1,1,0,2,7,4,0,0,0,0,0,0,0,0,0,0.02075812274368231,Low Value,Low Value
6945,1952,62,Graduation,Single,84574.0,0,0,0,2013-06-04,390,72,387,20,713,38,54,163,1375,1,9,11,11,5,32,0,0,0,0,0,0,0,0,0,0.8596570397111913,High Value,At-Risk High Value
944,1962,52,Graduation,Married,56181.0,0,1,1,2013-01-08,537,6,121,103,69,8,44,48,393,1,4,2,7,4,14,0,0,0,0,0,0,0,0,0,0.4972924187725632,Low Value,Low Value
1907,1950,64,Master,Divorced,63120.0,0,1,1,2012-09-28,639,53,965,69,279,54,41,69,1477,5,8,4,9,7,26,0,0,0,0,0,1,0,1,0,0.8837996389891697,High Value,Champions
701,1971,43,Graduation,Married,73691.0,0,1,1,2013-11-06,235,58,707,21,250,85,43,73,1179,2,6,2,8,2,18,0,0,1,0,0,0,1,1,0,0.8023465703971119,High Value,Champions
3856,1960,54,Graduation,Together,63381.0,0,1,1,2012-10-05,632,78,571,50,142,33,50,159,1005,4,4,5,13,2,26,0,0,0,0,0,0,0,0,0,0.7339801444043321,Mid Value,Loyal Customers
4149,1948,66,PhD,Together,76140.0,0,0,0,2014-05-13,47,57,586,66,653,17,0,26,1348,1,5,9,6,2,21,0,0,0,0,0,0,0,0,0,0.8526624548736462,High Value,Champions
2131,1959,55,PhD,Divorced,62859.0,0,1,1,2012-12-30,546,37,1063,89,102,16,12,25,1307,4,9,4,6,6,23,0,0,0,0,0,0,0,0,0,0.8400270758122743,High Value,Champions
2942,1964,50,Graduation,Single,45906.0,0,1,1,2013-05-07,418,20,305,3,27,4,3,144,486,2,5,4,4,5,15,0,0,1,0,0,0,1,1,0,0.5478339350180506,Mid Value,Potential Loyalists
1173,1947,67,Master,Together,77632.0,0,0,0,2013-03-10,476,73,1200,105,758,0,42,147,2252,1,4,2,6,2,13,0,0,0,1,1,1,2,3,0,0.9941335740072202,High Value,At-Risk High Value
4381,1971,43,PhD,Married,46463.0,1,1,2,2013-08-18,315,56,163,2,40,8,11,11,235,7,3,1,6,6,17,0,0,0,0,0,0,0,0,0,0.4208032490974729,Low Value,Loyal Customers
4611,1970,44,Graduation,Together,105471.0,0,0,0,2013-01-21,524,36,1009,181,104,202,21,207,1724,0,9,8,13,3,30,1,0,0,0,1,1,2,3,0,0.9420126353790613,High Value,Champions
3376,1970,44,Master,Divorced,55282.0,1,0,1,2013-12-13,198,9,125,6,73,8,4,19,235,1,3,1,6,4,11,0,0,0,0,0,0,0,0,0,0.4208032490974729,Low Value,Low Value
4679,1977,37,Master,Married,78710.0,0,1,1,2014-05-23,37,42,721,0,152,119,50,50,1092,3,7,6,12,4,28,0,0,0,0,0,0,0,0,0,0.7657942238267148,Mid Value,Potential Loyalists
10928,1958,56,Graduation,Together,66886.0,0,1,1,2013-09-16,286,28,315,4,62,41,31,146,599,2,7,1,7,5,17,0,0,0,0,0,0,0,0,0,0.5879963898916968,Mid Value,Potential Loyalists
4248,1960,54,Master,Single,98777.0,0,0,0,2014-02-17,132,23,1000,19,711,125,115,38,2008,0,4,6,9,1,19,0,0,0,1,0,0,1,1,0,0.9785649819494585,High Value,Champions
6728,1985,29,Graduation,Together,29103.0,1,0,1,2012-08-27,671,38,16,0,17,6,3,6,48,2,1,0,3,9,6,0,0,0,0,0,0,0,0,0,0.1680956678700361,Low Value,Low Value
6661,1974,40,Graduation,Married,67445.0,0,1,1,2012-08-12,686,63,757,80,217,29,80,11,1174,5,9,6,12,6,32,0,0,0,0,0,0,0,0,0,0.7996389891696751,Mid Value,At-Risk High Value
4725,1950,64,PhD,Together,50616.0,0,1,1,2014-04-13,77,71,30,2,25,0,1,9,67,1,1,1,4,2,7,0,0,0,0,0,0,0,0,0,0.243456678700361,Low Value,Low Value
3277,1955,59,Graduation,Divorced,49431.0,0,1,1,2012-08-03,695,9,219,3,100,26,0,17,365,2,7,1,5,8,15,0,0,0,0,0,0,0,0,0,0.486913357400722,Low Value,Low Value
2564,1953,61,Graduation,Together,61278.0,0,1,1,2014-01-04,176,87,111,3,28,2,6,15,165,2,3,1,4,6,10,0,0,0,0,0,0,0,0,0,0.378384476534296,Low Value,Low Value
946,1958,56,2n Cycle,Together,26490.0,0,0,0,2012-09-22,645,92,45,47,52,21,20,25,210,2,3,1,5,6,11,0,0,0,0,0,0,0,0,0,0.4065884476534296,Low Value,Low Value
3867,1947,67,PhD,Together,73059.0,0,1,1,2013-08-31,302,36,410,112,420,0,82,71,1095,1,9,3,13,4,26,0,0,0,0,0,0,0,0,0,0.7673736462093863,Mid Value,Potential Loyalists
6940,1966,48,PhD,Single,46734.0,1,2,3,2013-10-21,251,86,100,1,39,6,1,76,223,4,3,2,3,6,12,0,0,1,0,0,0,1,1,0,0.414485559566787,Low Value,Low Value
55,1963,51,Graduation,Together,56253.0,0,1,1,2012-12-07,569,83,509,0,65,7,11,5,597,4,7,2,9,6,22,0,0,0,0,0,0,0,0,0,0.5875451263537906,Mid Value,Loyal Customers
7093,1985,29,Graduation,Married,19986.0,1,0,1,2013-11-14,227,74,3,6,5,0,2,6,22,1,0,0,3,7,4,0,0,0,0,0,0,0,0,0,0.048962093862815886,Low Value,Low Value
5084,1975,39,Graduation,Widow,58330.0,0,1,1,2013-12-25,186,87,445,53,213,104,98,151,1064,1,6,4,13,4,24,0,0,0,0,0,0,0,0,0,0.7549638989169675,Mid Value,Loyal Customers
1777,1980,34,Basic,Married,25965.0,0,0,0,2012-09-07,660,29,2,2,11,41,7,11,74,1,2,0,3,8,6,0,0,0,0,0,0,0,0,0,0.26624548736462095,Low Value,Low Value
8162,1956,58,Master,Together,14661.0,0,0,0,2013-01-01,544,88,4,1,11,6,2,2,26,1,1,0,3,6,5,0,0,0,0,0,0,0,0,0,0.06746389891696751,Low Value,Low Value
10826,1959,55,Graduation,Married,18690.0,0,0,0,2012-12-28,548,77,6,1,7,23,4,19,60,1,1,1,2,8,5,0,0,0,0,0,0,0,0,0,0.21638086642599277,Low Value,Low Value
8754,1974,40,PhD,Together,45068.0,0,1,1,2013-05-16,409,25,14,0,3,0,0,3,20,1,1,0,2,7,4,0,0,0,0,0,0,0,0,0,0.03813176895306859,Low Value,Low Value
1987,1987,27,Basic,Single,21063.0,1,0,1,2013-09-25,277,34,1,10,11,19,3,15,59,2,2,0,3,6,7,0,0,0,0,0,0,0,0,0,0.2134476534296029,Low Value,Low Value
11007,1968,46,PhD,Married,29187.0,1,0,1,2013-05-09,416,43,26,0,6,0,0,2,34,1,1,0,3,8,5,0,0,0,0,0,0,0,0,0,0.09747292418772563,Low Value,Low Value
7426,1971,43,2n Cycle,Married,54690.0,1,1,2,2013-11-07,234,76,111,16,37,7,9,18,198,3,3,1,5,3,12,0,0,0,0,0,0,0,0,0,0.40117328519855594,Low Value,Low Value
9153,1964,50,PhD,Married,59304.0,0,1,1,2013-07-29,335,81,418,61,428,80,51,10,1048,3,7,8,10,5,28,0,0,0,0,0,0,0,0,0,0.7502256317689531,Mid Value,Loyal Customers
10379,1962,52,Master,Single,59247.0,0,2,2,2013-11-08,233,87,327,9,122,19,14,83,574,5,5,2,9,6,21,0,0,0,0,0,0,0,0,0,0.578971119133574,Mid Value,Loyal Customers
9204,1970,44,Graduation,Widow,66731.0,0,1,1,2012-09-12,655,33,371,159,194,58,106,141,1029,4,4,3,6,3,17,0,0,0,0,0,0,0,0,0,0.7425541516245487,Mid Value,Potential Loyalists
3197,1980,34,Graduation,Married,77353.0,0,1,1,2013-12-16,195,38,275,59,107,69,101,59,670,2,6,4,8,4,20,0,0,0,0,0,0,0,0,0,0.6119133574007221,Mid Value,Potential Loyalists
2920,1975,39,PhD,Single,52614.0,0,1,1,2012-12-01,575,63,789,0,142,12,9,38,990,2,2,4,8,8,16,0,0,0,0,0,0,0,0,0,0.7274368231046932,Mid Value,Low Value
6961,1974,40,Graduation,Married,26751.0,2,0,2,2014-05-22,38,26,1,1,5,0,3,1,11,1,1,0,2,8,4,0,0,0,0,0,0,0,0,0,0.007671480144404332,Low Value,Low Value
4673,1963,51,PhD,Married,81300.0,0,1,1,2012-10-30,607,17,1004,12,145,32,12,36,1241,3,10,3,5,5,21,1,0,0,0,0,1,1,2,0,0.8242328519855595,High Value,Champions
9937,1979,35,Graduation,Single,70337.0,0,0,0,2014-01-02,178,75,187,81,149,25,43,91,576,1,2,2,12,1,17,0,0,0,0,0,0,0,0,0,0.5805505415162455,Mid Value,Loyal Customers
8779,1985,29,2n Cycle,Married,36145.0,1,0,1,2013-06-16,378,13,56,4,76,17,1,18,172,4,4,1,3,9,12,0,0,1,0,0,1,1,2,0,0.3828971119133574,Low Value,Low Value
9596,1980,34,PhD,Single,65295.0,0,0,0,2013-12-23,188,19,365,32,117,34,110,6,664,1,3,3,13,2,20,0,0,0,0,0,0,0,0,0,0.6112364620938628,Mid Value,Potential Loyalists
2891,1963,51,Graduation,Divorced,68118.0,0,1,1,2013-10-18,254,51,595,23,123,10,23,154,928,2,8,9,4,6,23,0,0,0,0,0,0,0,0,0,0.700812274368231,Mid Value,Potential Loyalists
4910,1967,47,Graduation,Divorced,68743.0,0,0,0,2012-08-30,668,81,1132,134,384,175,134,115,2074,1,11,5,13,7,30,0,0,0,0,0,0,0,0,0,0.983754512635379,High Value,At-Risk High Value
75,1982,32,2n Cycle,Together,41039.0,0,0,0,2013-07-25,339,32,34,11,137,179,61,45,467,1,8,1,5,8,15,0,0,0,0,0,0,0,0,0,0.5412906137184116,Mid Value,Potential Loyalists
10120,1955,59,Graduation,Together,38946.0,0,1,1,2013-10-24,248,84,116,6,82,6,6,41,257,2,3,1,6,5,12,0,0,0,0,0,0,0,0,0,0.4305054151624549,Low Value,Low Value
6327,1967,47,Graduation,Together,65777.0,0,0,0,2013-12-19,192,87,565,32,435,28,32,54,1146,1,2,8,6,1,17,0,0,0,0,0,0,0,0,0,0.7847472924187726,Mid Value,Loyal Customers
10142,1976,38,PhD,Divorced,66476.0,0,1,1,2013-03-07,479,99,372,18,126,47,48,78,689,2,5,2,11,4,20,0,0,0,0,0,0,0,0,0,0.6177797833935018,Mid Value,Loyal Customers
9826,1972,42,PhD,Single,86857.0,0,0,0,2012-09-12,655,96,899,102,838,133,102,40,2114,1,5,6,10,2,22,0,0,0,0,0,1,0,1,0,0.9880415162454874,High Value,At-Risk High Value
10767,1989,25,PhD,Together,77845.0,0,0,0,2014-05-16,44,40,760,40,480,0,40,26,1346,1,3,5,12,1,21,1,0,0,0,1,0,2,2,0,0.851985559566787,High Value,Champions
7279,1969,45,PhD,Together,69476.0,0,0,0,2013-09-30,272,3,260,86,559,63,9,67,1044,1,4,6,4,2,15,0,0,0,0,0,0,0,0,0,0.7486462093862816,Mid Value,Potential Loyalists
7230,1960,54,PhD,Divorced,50611.0,0,1,1,2012-10-04,633,98,459,0,24,6,0,4,493,6,4,5,7,6,22,0,0,0,1,0,1,1,2,0,0.5509927797833934,Mid Value,Loyal Customers
143,1970,44,Graduation,Single,61209.0,0,0,0,2013-08-25,308,73,466,0,224,119,49,99,957,1,5,3,4,2,13,0,0,0,0,0,0,0,0,0,0.7102888086642599,Mid Value,Low Value
450,1958,56,Master,Together,42315.0,0,1,1,2013-07-12,352,90,67,15,80,17,11,80,270,3,1,4,4,3,12,0,0,0,0,0,0,0,0,0,0.44314079422382674,Low Value,Low Value
9316,1952,62,Basic,Together,13084.0,0,0,0,2013-11-02,239,29,2,0,7,3,7,10,29,1,1,0,3,6,5,0,0,0,0,0,0,0,0,0,0.07694043321299639,Low Value,Low Value
6379,1949,65,Master,Widow,47570.0,1,1,2,2013-05-29,396,3,67,1,20,0,2,31,121,3,2,2,2,7,9,0,0,0,0,0,1,0,1,0,0.3398014440433213,Low Value,Low Value
9239,1961,53,Master,Married,61923.0,0,2,2,2013-07-26,338,94,92,4,18,3,3,6,126,1,2,1,4,3,8,0,0,0,0,0,0,0,0,0,0.3456678700361011,Low Value,Low Value
8315,1995,19,Graduation,Single,34824.0,0,0,0,2014-03-26,95,65,4,2,11,2,0,4,23,1,1,0,2,6,4,0,0,0,0,0,0,0,0,0,0.05550541516245487,Low Value,Low Value
2868,1949,65,PhD,Single,26518.0,1,1,2,2013-04-08,447,33,20,1,28,3,3,2,57,3,2,0,3,8,8,0,0,0,0,0,1,0,1,0,0.20645306859205775,Low Value,Low Value
10888,1961,53,Graduation,Single,45938.0,0,0,0,2013-11-03,238,46,273,11,178,62,83,29,636,2,8,4,6,6,20,0,0,0,0,0,0,0,0,0,0.5999548736462094,Mid Value,Potential Loyalists
1277,1960,54,Graduation,Together,78468.0,0,0,0,2014-04-09,81,29,434,22,388,104,22,34,1004,1,10,7,10,4,28,1,0,0,0,0,0,1,1,0,0.7330776173285198,Mid Value,Potential Loyalists
9977,1973,41,Graduation,Divorced,78901.0,0,1,1,2013-09-17,285,99,321,11,309,33,26,34,734,3,9,3,5,4,20,0,0,0,0,0,0,0,0,0,0.6333483754512635,Mid Value,Loyal Customers
10196,1978,36,Graduation,Married,71427.0,2,0,2,2014-03-12,109,26,212,123,177,15,64,23,614,2,8,2,8,4,20,0,0,0,0,0,0,0,0,0,0.5956678700361011,Mid Value,Potential Loyalists
6384,1978,36,Graduation,Divorced,71022.0,0,1,1,2014-02-11,138,30,909,12,278,0,12,242,1453,3,5,2,11,8,21,0,0,1,0,0,0,1,1,0,0.8788357400722022,High Value,Champions
8029,1988,26,Master,Single,90247.0,0,0,0,2014-04-29,61,27,1184,32,352,21,16,16,1621,1,3,4,7,1,15,1,0,0,1,1,1,3,4,0,0.9201263537906137,High Value,Potential Loyalists
968,1968,46,Master,Divorced,41335.0,1,0,1,2013-12-26,185,24,112,19,21,16,14,5,187,3,4,1,4,7,12,0,0,0,0,0,0,0,0,0,0.3953068592057762,Low Value,Low Value
6988,1986,28,Graduation,Married,71952.0,1,0,1,2013-01-10,535,93,656,80,455,52,107,93,1443,2,8,4,8,4,22,0,0,1,0,1,0,2,2,0,0.8768050541516246,High Value,At-Risk High Value
4472,1970,44,PhD,Divorced,35682.0,1,0,1,2014-06-27,2,34,23,0,8,6,2,18,57,1,1,1,3,2,6,0,0,0,0,0,0,0,0,0,0.20645306859205775,Low Value,Low Value
6991,1951,63,Graduation,Divorced,43185.0,0,1,1,2013-04-10,445,88,537,6,42,16,6,30,637,2,9,3,6,8,20,0,0,0,0,0,0,0,0,0,0.6008574007220217,Mid Value,Loyal Customers
3336,1948,66,PhD,Together,66375.0,0,1,1,2013-11-21,220,96,712,0,45,0,0,191,948,3,2,4,5,7,14,0,0,1,0,0,0,1,1,0,0.7089350180505415,Mid Value,Low Value
4301,1971,43,Master,Married,35178.0,1,0,1,2013-01-10,535,10,23,1,13,2,2,18,59,1,1,1,2,7,5,0,0,1,0,0,1,1,2,0,0.2134476534296029,Low Value,Low Value
1940,1986,28,Graduation,Married,25252.0,1,0,1,2013-07-12,352,26,1,3,4,2,2,6,18,1,1,0,2,8,4,0,0,0,0,0,0,0,0,0,0.031137184115523464,Low Value,Low Value
1272,1965,49,Master,Single,55250.0,0,1,1,2012-10-21,616,49,664,58,83,32,0,66,903,4,7,5,10,5,26,0,0,0,0,0,0,0,0,0,0.6908844765342961,Mid Value,Potential Loyalists
1388,1975,39,Graduation,Single,33249.0,1,0,1,2013-02-20,494,11,6,10,21,19,14,42,112,2,2,1,3,6,8,0,0,0,0,0,0,0,0,0,0.3312274368231047,Low Value,Low Value
1044,1953,61,Graduation,Together,58398.0,0,0,0,2013-05-14,411,44,299,5,201,21,21,49,596,3,5,4,8,4,20,0,0,0,0,0,0,0,0,0,0.5870938628158845,Mid Value,Potential Loyalists
6969,1982,32,Graduation,Together,50272.0,1,0,1,2013-08-07,326,75,99,13,66,43,8,4,233,3,4,1,5,7,13,0,0,0,0,0,0,0,0,0,0.41944945848375453,Low Value,Low Value
10479,1975,39,PhD,Married,76618.0,0,0,0,2012-12-07,569,64,749,40,294,121,160,147,1511,1,3,2,5,1,11,0,0,0,0,0,0,0,0,0,0.8937274368231047,High Value,At-Risk High Value
3619,1960,54,2n Cycle,Divorced,87305.0,0,0,0,2012-09-23,644,19,345,25,501,63,138,80,1152,1,5,3,8,2,17,0,0,0,0,1,1,1,2,0,0.789485559566787,Mid Value,Potential Loyalists
1715,1978,36,Graduation,Together,25851.0,1,0,1,2013-02-11,503,45,9,4,18,7,5,5,48,2,2,0,3,7,7,0,0,0,0,0,0,0,0,0,0.1680956678700361,Low Value,Low Value
10159,1970,44,Graduation,Divorced,58710.0,0,1,1,2013-03-31,455,77,440,81,368,0,122,174,1185,6,11,5,9,6,31,0,0,0,0,0,0,0,0,0,0.8050541516245487,High Value,At-Risk High Value
1463,1958,56,Graduation,Single,45160.0,1,1,2,2014-03-29,92,9,8,2,5,3,0,3,21,1,1,0,2,7,4,0,0,0,0,0,0,0,0,0,0.0430956678700361,Low Value,Low Value
5114,1965,49,Master,Married,74806.0,0,1,1,2012-12-19,557,1,670,9,249,0,28,9,965,2,5,4,5,4,16,0,0,0,0,0,0,0,0,0,0.7143501805054152,Mid Value,Potential Loyalists
4990,1954,60,Graduation,Married,59111.0,0,0,0,2013-05-02,423,90,524,0,134,28,28,155,869,1,11,1,8,7,21,0,0,0,0,0,0,0,0,0,0.6773465703971119,Mid Value,Loyal Customers
4329,1984,30,PhD,Married,18988.0,1,0,1,2014-05-23,37,43,6,0,6,2,1,1,16,2,1,0,3,7,6,0,0,0,0,0,0,0,0,0,0.02075812274368231,Low Value,Low Value
10936,1965,49,Graduation,Married,72190.0,0,0,0,2013-02-13,501,79,597,166,597,172,166,249,1947,1,5,6,4,3,16,0,0,0,0,0,0,0,0,0,0.9733754512635379,High Value,At-Risk High Value
4692,1976,38,Graduation,Married,7500.0,1,0,1,2012-08-01,697,19,7,0,12,13,7,32,71,5,4,1,2,9,12,0,0,1,0,0,1,1,2,0,0.2585740072202166,Low Value,Low Value
7212,1966,48,Graduation,Married,44794.0,0,1,1,2014-06-08,21,99,54,0,7,0,0,4,65,1,2,0,3,6,6,0,0,0,0,0,0,0,0,0,0.23623646209386281,Low Value,Low Value
6086,1955,59,Graduation,Married,80395.0,0,0,0,2013-11-23,218,62,445,25,706,80,76,48,1380,1,6,5,12,2,24,1,0,0,0,0,0,1,1,0,0.8623646209386282,High Value,At-Risk High Value
437,1976,38,Master,Divorced,75012.0,0,0,0,2014-01-25,155,41,294,142,218,164,58,151,1027,1,3,8,11,1,23,0,0,0,0,0,0,0,0,0,0.7412003610108303,Mid Value,Potential Loyalists
11171,1965,49,Master,Married,56962.0,2,1,3,2013-10-11,261,60,292,3,77,10,3,26,411,7,6,3,5,7,21,0,0,0,0,0,0,0,0,0,0.5106046931407943,Mid Value,Loyal Customers
11101,1991,23,Graduation,Together,89891.0,0,0,0,2013-04-15,440,17,412,22,132,59,28,183,836,1,11,6,8,4,26,0,0,0,0,1,0,1,1,0,0.6683212996389891,Mid Value,Potential Loyalists
5329,1949,65,PhD,Divorced,35946.0,1,1,2,2013-09-27,275,24,8,0,3,0,0,0,11,1,0,0,3,5,4,0,0,0,0,0,0,0,0,0,0.007671480144404332,Low Value,Low Value
610,1953,61,PhD,Together,53593.0,1,1,2,2012-08-07,691,60,349,4,78,6,0,43,480,8,7,2,6,8,23,0,0,0,0,0,0,0,0,0,0.5455776173285198,Mid Value,Loyal Customers
9384,1978,36,Graduation,Married,66373.0,1,1,2,2013-06-12,382,57,328,9,124,12,24,109,606,7,4,2,10,3,23,0,0,0,0,0,0,0,0,0,0.5907039711191335,Mid Value,Potential Loyalists
5956,1948,66,PhD,Divorced,45072.0,1,2,3,2013-10-16,256,74,144,2,99,7,2,30,284,5,6,1,4,8,16,0,0,0,0,0,0,0,0,0,0.45216606498194944,Low Value,Low Value
10430,1973,41,Graduation,Divorced,89694.0,1,1,2,2013-10-09,263,22,1126,28,211,37,28,42,1472,3,4,3,4,5,14,1,0,0,1,1,0,3,3,0,0.8826714801444043,High Value,Potential Loyalists
7875,1949,65,Graduation,Married,72025.0,0,0,0,2014-04-29,61,46,967,0,617,43,50,0,1677,1,4,8,13,2,26,1,0,0,1,1,1,3,4,0,0.9325361010830325,High Value,Champions
7072,1973,41,Graduation,Married,67432.0,0,1,1,2013-03-29,457,69,432,79,341,177,136,170,1335,2,8,5,4,4,19,0,0,0,0,0,0,0,0,0,0.8479241877256317,High Value,At-Risk High Value
6255,1952,62,Master,Together,70545.0,0,1,1,2014-06-03,26,29,138,39,63,55,18,21,334,1,4,1,7,2,13,0,0,0,0,0,0,0,0,0,0.4778880866425993,Low Value,Low Value
6516,1989,25,Basic,Married,17487.0,1,0,1,2013-03-18,468,37,0,0,1,7,4,6,18,1,1,0,2,7,4,0,0,0,0,0,0,0,0,0,0.031137184115523464,Low Value,Low Value
5564,1969,45,Graduation,Together,62882.0,0,1,1,2012-08-09,689,26,509,133,497,78,24,97,1338,2,7,5,6,4,20,0,0,0,0,0,0,0,0,0,0.8499548736462094,High Value,Champions
5682,1953,61,PhD,Single,64108.0,0,1,1,2013-03-23,463,8,948,10,86,13,21,21,1099,4,6,9,11,5,30,0,0,0,0,0,0,0,0,0,0.7689530685920578,Mid Value,Potential Loyalists
7458,1956,58,Master,Together,34941.0,1,1,2,2013-03-06,480,26,39,2,25,4,3,24,97,2,3,0,3,8,8,0,0,0,0,0,0,0,0,0,0.3140794223826715,Low Value,Low Value
5237,1950,64,PhD,Single,48767.0,1,2,3,2014-01-01,179,79,28,1,21,3,0,10,63,3,2,1,3,5,9,0,0,0,0,0,0,0,0,0,0.22856498194945848,Low Value,Low Value
7761,1978,36,2n Cycle,Together,38702.0,1,0,1,2013-08-01,332,71,13,11,24,13,8,40,109,2,3,0,4,6,9,0,0,0,0,0,0,0,0,0,0.3303249097472924,Low Value,Low Value
5278,1964,50,Graduation,Married,82224.0,0,0,0,2014-01-25,155,83,307,26,360,138,31,40,902,1,6,9,5,3,21,1,0,0,0,0,0,1,1,0,0.6895306859205776,Mid Value,Loyal Customers
3560,1952,62,Graduation,Together,83844.0,0,0,0,2013-05-12,413,57,901,31,345,75,31,191,1574,1,4,4,11,1,20,0,0,0,0,1,0,1,1,0,0.9083935018050542,High Value,Champions
7235,1975,39,2n Cycle,Married,17003.0,1,0,1,2013-12-09,202,37,2,5,12,4,8,7,38,3,2,0,4,5,9,0,0,0,0,0,0,0,0,0,0.11529783393501805,Low Value,Low Value
10548,1995,19,Graduation,Single,71163.0,0,0,0,2014-03-09,112,30,283,17,372,138,106,44,960,1,3,8,12,1,24,0,0,0,0,0,0,0,0,0,0.7116425992779783,Mid Value,Potential Loyalists
2281,1970,44,Graduation,Single,33697.0,1,0,1,2013-09-15,287,34,4,3,7,0,3,11,28,1,1,0,2,7,4,0,0,1,0,0,0,1,1,0,0.07310469314079422,Low Value,Low Value
4073,1954,60,2n Cycle,Married,63564.0,0,0,0,2014-01-29,151,0,769,80,252,15,34,65,1215,1,10,10,7,6,28,0,0,1,0,0,1,1,2,0,0.8165613718411552,High Value,Champions
6974,1972,42,PhD,Together,83443.0,0,0,0,2013-12-31,180,89,518,42,742,55,56,84,1497,1,6,10,5,2,22,0,0,0,0,0,0,0,0,0,0.8901173285198556,High Value,At-Risk High Value
7938,1958,56,PhD,Together,51518.0,0,1,1,2013-10-03,269,92,350,8,66,17,4,4,449,2,3,2,10,3,17,0,0,0,0,0,0,0,0,0,0.5331678700361011,Mid Value,Loyal Customers
7094,1975,39,Graduation,Widow,58330.0,0,1,1,2013-12-25,186,87,445,53,213,104,98,151,1064,1,6,4,13,4,24,0,0,0,0,0,0,0,0,0,0.7549638989169675,Mid Value,Loyal Customers
3667,1969,45,Graduation,Married,80952.0,0,0,0,2013-02-28,486,20,778,178,689,41,27,44,1757,1,8,5,11,8,25,1,0,0,1,1,1,3,4,0,0.9481046931407943,High Value,Champions
7723,1979,35,Graduation,Together,75507.0,0,0,0,2014-05-02,58,56,709,93,374,104,80,80,1440,1,8,6,6,3,21,0,0,0,0,0,0,0,0,0,0.8752256317689531,High Value,Champions
3870,1978,36,2n Cycle,Together,63855.0,0,0,0,2013-02-09,505,28,359,35,314,93,116,89,1006,1,7,3,13,4,24,0,0,0,0,0,0,0,0,0,0.7346570397111913,Mid Value,Potential Loyalists
4012,1972,42,PhD,Together,62220.0,0,1,1,2012-08-11,687,55,799,12,375,16,12,12,1226,5,7,6,5,6,23,0,0,0,0,0,1,0,1,0,0.8188176895306859,High Value,Champions
5909,1964,50,Graduation,Married,58512.0,0,1,1,2013-09-19,283,25,895,10,101,13,0,152,1171,5,3,4,8,8,20,0,0,0,0,0,0,0,0,0,0.7978339350180506,Mid Value,Potential Loyalists
10470,1979,35,Master,Married,40662.0,1,0,1,2013-03-15,471,0,40,2,23,0,4,23,92,2,2,1,3,4,8,0,0,0,0,0,0,0,0,0,0.3037003610108303,Low Value,Low Value
6488,1959,55,PhD,Married,38829.0,0,1,1,2014-04-06,84,86,76,0,7,0,0,16,99,1,3,2,2,5,8,0,0,0,0,0,0,0,0,0,0.315884476534296,Low Value,Low Value
10270,1981,33,2n Cycle,Married,35523.0,1,0,1,2013-10-03,269,8,11,5,22,12,5,11,66,2,3,0,3,7,8,0,0,0,0,0,0,0,0,0,0.2398465703971119,Low Value,Low Value
6887,1967,47,Graduation,Single,79146.0,1,1,2,2014-04-24,66,33,245,16,223,21,43,16,564,2,8,1,8,6,19,0,0,0,0,0,0,0,0,0,0.5762635379061372,Mid Value,Potential Loyalists
6406,1988,26,Master,Married,78285.0,0,0,0,2013-10-28,244,13,647,107,391,175,67,40,1427,1,6,4,10,3,21,0,0,0,0,0,0,0,0,0,0.8713898916967509,High Value,Champions
7573,1978,36,PhD,Single,31626.0,1,0,1,2013-05-10,415,12,39,1,9,2,1,34,86,1,2,1,2,7,6,0,0,1,0,0,1,1,2,0,0.29287003610108303,Low Value,Low Value
4508,1952,62,Graduation,Single,75127.0,0,0,0,2014-05-22,38,92,203,35,305,46,17,227,833,1,2,11,5,1,19,0,0,0,0,0,0,0,0,0,0.6662906137184116,Mid Value,Loyal Customers
221,1955,59,Graduation,Married,48726.0,0,1,1,2013-04-27,428,90,138,3,38,4,0,59,242,3,3,2,4,6,12,0,0,0,0,0,0,0,0,0,0.42554151624548736,Low Value,Low Value
5331,1977,37,Graduation,Married,74985.0,0,0,0,2012-09-11,656,8,587,51,898,247,0,86,1869,1,3,6,7,2,17,0,0,0,0,0,0,0,0,0,0.9629963898916968,High Value,Champions
1911,1987,27,Graduation,Together,67430.0,0,0,0,2012-09-05,662,6,595,97,291,127,133,121,1364,1,11,5,12,6,29,0,0,0,0,0,0,0,0,0,0.8542418772563177,High Value,Champions
20,1965,49,2n Cycle,Married,46891.0,0,1,1,2013-09-01,301,91,43,12,23,29,15,61,183,1,2,1,4,4,8,0,0,0,0,0,0,0,0,0,0.39124548736462095,Low Value,Low Value
8786,1956,58,Master,Married,62058.0,0,1,1,2013-05-26,399,52,301,7,74,10,0,58,450,4,6,1,7,6,18,0,0,0,0,0,0,0,0,0,0.5340703971119134,Mid Value,Potential Loyalists
10582,1979,35,Graduation,Married,72063.0,0,1,1,2013-07-03,361,3,180,32,348,76,32,90,758,2,5,2,12,2,21,0,0,0,0,0,0,0,0,0,0.6396660649819494,Mid Value,Potential Loyalists
1915,1951,63,PhD,Married,78939.0,0,0,0,2013-12-12,199,57,794,115,243,150,0,205,1507,1,8,5,6,3,20,0,0,0,0,0,0,0,0,0,0.8923736462093863,High Value,Champions
8897,1965,49,Graduation,Single,42720.0,1,1,2,2013-04-24,431,9,392,5,91,28,26,112,654,8,7,3,7,8,25,0,0,0,0,0,1,0,1,0,0.605595667870036,Mid Value,Potential Loyalists
2371,1972,42,Graduation,Married,33622.0,1,1,2,2013-04-13,442,22,39,1,22,3,4,12,81,3,2,0,4,7,9,0,0,0,0,0,0,0,0,0,0.28497292418772563,Low Value,Low Value
4303,1957,57,PhD,Together,6835.0,0,1,1,2012-12-08,568,76,107,2,12,2,2,12,137,0,0,0,1,20,1,0,0,0,0,0,0,0,0,0,0.3564981949458484,Low Value,Low Value
6825,1953,61,Graduation,Together,41452.0,1,1,2,2013-03-06,480,86,13,0,3,0,0,0,16,1,1,0,2,7,4,0,0,0,0,0,0,0,0,0,0.02075812274368231,Low Value,Low Value
1072,1965,49,PhD,Single,40760.0,0,1,1,2013-08-30,303,64,70,0,17,0,0,6,93,2,2,1,3,6,8,0,0,0,0,0,0,0,0,0,0.3061823104693141,Low Value,Low Value
4964,1958,56,PhD,Together,74250.0,0,0,0,2014-01-26,154,90,680,11,392,75,0,0,1158,1,2,11,4,1,18,0,0,0,0,0,0,0,0,0,0.7928700361010831,Mid Value,Loyal Customers
2461,1955,59,Master,Single,51124.0,1,1,2,2013-12-18,193,79,26,1,11,0,1,4,43,2,1,0,3,3,6,0,0,0,0,0,0,0,0,0,0.13740974729241878,Low Value,Low Value
10736,1971,43,Graduation,Single,72258.0,0,1,1,2013-09-12,290,28,522,0,522,227,120,134,1525,2,6,9,5,2,22,0,0,0,0,0,0,0,0,0,0.8962093862815884,High Value,Champions
3194,1974,40,PhD,Single,71466.0,0,0,0,2014-04-05,85,86,412,12,546,78,182,0,1230,1,4,4,10,1,19,0,0,0,0,0,0,0,0,0,0.8206227436823105,High Value,At-Risk High Value
10839,1976,38,Graduation,Together,36283.0,1,1,2,2014-04-14,76,42,6,5,5,8,0,5,29,2,1,0,3,4,6,0,0,0,0,0,0,0,0,0,0.07694043321299639,Low Value,Low Value
49,1970,44,Graduation,Single,20587.0,1,0,1,2014-05-11,49,39,2,3,6,4,1,9,25,1,1,1,2,7,5,0,0,0,0,0,0,0,0,0,0.06340252707581227,Low Value,Low Value
4290,1972,42,Graduation,Married,30467.0,1,0,1,2014-03-19,102,8,1,3,8,2,5,5,24,1,1,0,2,7,4,0,0,0,0,0,0,0,0,0,0.059341155234657036,Low Value,Low Value
10219,1972,42,Graduation,Together,31590.0,1,0,1,2013-06-18,376,40,6,2,15,6,6,3,38,1,1,0,3,8,5,0,0,0,0,0,0,0,0,0,0.11529783393501805,Low Value,Low Value
4211,1986,28,Basic,Married,20425.0,1,0,1,2012-10-29,608,5,4,12,5,3,16,17,57,2,2,0,3,7,7,0,0,0,0,0,0,0,0,0,0.20645306859205775,Low Value,Low Value
1135,1960,54,Master,Together,17144.0,1,1,2,2014-02-15,134,96,18,2,19,0,2,6,47,5,3,0,4,7,12,0,0,0,0,0,0,0,0,0,0.16290613718411553,Low Value,Low Value
6299,1968,46,PhD,Divorced,42564.0,0,1,1,2013-01-02,543,28,324,48,186,39,18,198,813,6,6,8,4,7,24,0,0,1,0,0,1,1,2,0,0.6586191335740073,Mid Value,Potential Loyalists
10846,1978,36,Master,Married,43783.0,1,0,1,2014-05-29,31,22,327,9,125,25,4,139,629,6,7,1,8,7,22,0,0,1,0,0,0,1,1,0,0.5970216606498195,Mid Value,Potential Loyalists
347,1976,38,Graduation,Divorced,40780.0,0,1,1,2012-09-08,659,30,229,27,71,13,3,34,377,4,7,1,5,9,17,0,0,0,0,0,0,0,0,0,0.49255415162454874,Low Value,Loyal Customers
6543,1945,69,Master,Together,62847.0,0,0,0,2013-01-15,530,45,521,168,706,80,76,61,1612,1,3,6,4,2,14,0,0,0,0,0,0,0,0,0,0.9174187725631769,High Value,Potential Loyalists
10446,1957,57,PhD,Married,82017.0,0,0,0,2012-11-07,599,58,184,23,446,30,23,23,729,1,5,4,7,2,17,1,0,0,1,1,1,3,4,0,0.6290613718411552,Mid Value,Potential Loyalists
3479,1950,64,Graduation,Single,16813.0,0,0,0,2013-07-19,345,49,4,8,11,12,2,13,50,1,2,0,3,7,6,0,0,1,0,0,0,1,1,0,0.17779783393501805,Low Value,Low Value
11075,1978,36,Graduation,Married,51267.0,1,1,2,2013-10-29,243,37,183,2,64,7,2,12,270,4,3,3,5,4,15,0,0,0,0,0,0,0,0,0,0.44314079422382674,Low Value,Low Value
4442,1961,53,Graduation,Single,46524.0,0,1,1,2013-04-05,450,70,31,19,35,26,14,52,177,2,1,1,5,3,9,0,0,0,0,0,0,0,0,0,0.3871841155234657,Low Value,Low Value
199,1962,52,Master,Single,45183.0,0,0,0,2013-01-20,525,33,219,3,60,12,9,12,315,1,4,1,7,7,13,0,0,0,1,0,0,1,1,0,0.46705776173285196,Low Value,Low Value
6722,1954,60,PhD,Married,70421.0,0,1,1,2014-06-28,1,98,479,28,136,75,14,35,767,3,10,3,7,6,23,0,0,0,0,0,0,0,0,0,0.6421480144404332,Mid Value,Loyal Customers
796,1965,49,2n Cycle,Divorced,60161.0,0,1,1,2012-10-23,614,17,584,44,212,46,8,177,1071,3,11,4,8,8,26,0,0,0,0,0,0,0,0,0,0.7581227436823105,Mid Value,Potential Loyalists
3749,1973,41,Graduation,Together,73926.0,0,0,0,2013-03-02,484,54,627,91,597,159,91,15,1580,1,6,5,12,3,24,0,0,0,0,0,0,0,0,0,0.9106498194945848,High Value,Champions
8523,1968,46,Graduation,Married,19329.0,1,0,1,2013-12-14,197,39,24,1,16,12,2,5,60,3,4,0,3,8,10,0,0,0,0,0,0,0,0,0,0.21638086642599277,Low Value,Low Value
310,1970,44,Master,Married,61872.0,0,1,1,2013-12-13,198,81,330,5,159,36,27,16,573,4,4,4,9,4,21,0,0,0,0,0,0,0,0,0,0.5782942238267148,Mid Value,Loyal Customers
8629,1956,58,Graduation,Widow,46984.0,1,1,2,2013-03-26,460,71,19,1,10,2,1,8,41,1,1,0,3,5,5,0,0,0,0,0,0,0,0,0,0.1272563176895307,Low Value,Low Value
236,1951,63,Graduation,Married,34838.0,1,1,2,2013-01-19,526,62,28,23,29,29,14,47,170,3,2,1,4,6,10,0,0,0,0,0,0,0,0,0,0.38154332129963897,Low Value,Low Value
9930,1944,70,PhD,Single,82716.0,0,0,0,2013-11-05,236,8,606,148,228,15,148,22,1167,1,6,8,13,2,28,0,0,0,0,0,0,0,0,0,0.7951263537906137,Mid Value,Potential Loyalists
3483,1958,56,Graduation,Married,48192.0,0,0,0,2013-04-06,449,76,1039,43,204,153,58,29,1526,3,2,8,12,8,25,1,1,0,1,0,1,3,4,0,0.8968862815884476,High Value,At-Risk High Value
4599,1976,38,Master,Married,49681.0,0,2,2,2013-11-04,237,66,411,0,26,0,0,21,458,6,7,1,7,7,21,0,0,0,0,0,0,0,0,0,0.5358754512635379,Mid Value,Loyal Customers
7326,1971,43,Master,Married,56850.0,0,1,1,2014-03-23,98,83,34,1,19,2,7,0,63,1,1,1,3,2,6,0,0,0,0,0,0,0,0,0,0.22856498194945848,Low Value,Low Value
7352,1957,57,Graduation,Married,55267.0,0,1,1,2013-10-21,251,28,161,28,136,32,3,45,405,4,3,4,6,3,17,0,0,0,0,0,0,0,0,0,0.5063176895306859,Mid Value,Potential Loyalists
2350,1972,42,Graduation,Married,59666.0,1,1,2,2013-03-22,464,87,623,53,178,23,17,133,1027,7,3,2,8,8,20,0,0,0,1,0,0,1,1,0,0.7412003610108303,Mid Value,Loyal Customers
9145,1972,42,Graduation,Single,72504.0,0,1,1,2013-04-06,449,43,604,26,470,123,161,94,1478,2,5,9,6,2,22,0,0,0,0,0,0,0,0,0,0.884927797833935,High Value,Champions
2964,1981,33,Graduation,Married,26872.0,0,0,0,2013-10-16,256,0,3,10,8,3,16,32,72,1,1,1,2,6,5,0,0,0,0,0,0,0,0,0,0.2621841155234657,Low Value,Low Value
5585,1972,42,Graduation,Single,21359.0,1,0,1,2013-04-20,435,1,12,2,17,6,1,10,48,2,2,0,3,8,7,0,0,0,0,0,1,0,1,0,0.1680956678700361,Low Value,Low Value
9687,1975,39,Graduation,Single,73170.0,0,0,0,2014-05-31,29,1,184,174,256,50,30,32,726,1,5,4,6,2,16,0,0,0,0,0,0,0,0,0,0.6268050541516246,Mid Value,Potential Loyalists
3732,1955,59,Master,Married,52750.0,0,1,1,2013-02-04,510,72,393,0,239,90,69,69,860,6,5,7,9,4,27,0,0,0,0,0,0,0,0,0,0.674187725631769,Mid Value,Loyal Customers
6303,1986,28,PhD,Together,91820.0,0,0,0,2013-11-23,218,72,410,73,747,76,161,30,1497,0,5,5,12,1,22,0,0,0,0,0,0,0,0,0,0.8901173285198556,High Value,At-Risk High Value
11176,1970,44,PhD,Together,65968.0,0,1,1,2014-05-12,48,12,376,9,83,19,4,4,495,2,5,4,7,3,18,0,0,0,0,0,0,0,0,0,0.5523465703971119,Mid Value,Potential Loyalists
2986,1976,38,Graduation,Married,30772.0,1,1,2,2014-03-12,109,89,7,2,4,2,1,4,20,1,1,0,2,6,4,0,0,0,0,0,0,0,0,0,0.03813176895306859,Low Value,Low Value
7462,1954,60,Graduation,Single,22507.0,0,0,0,2012-11-24,582,67,68,0,226,51,157,68,570,3,10,2,4,9,19,0,0,0,0,0,0,0,0,0,0.5776173285198556,Mid Value,Loyal Customers
3900,1972,42,Graduation,Married,65685.0,0,1,1,2014-03-29,92,54,642,14,49,0,7,57,769,1,9,2,9,5,21,0,0,0,0,0,0,0,0,0,0.6428249097472925,Mid Value,Potential Loyalists
7034,1978,36,2n Cycle,Married,25804.0,1,0,1,2013-09-01,301,34,8,7,9,13,6,12,55,2,2,0,3,8,7,0,0,0,0,0,0,0,0,0,0.1976534296028881,Low Value,Low Value
9493,1980,34,PhD,Single,76412.0,0,0,0,2013-05-05,420,15,840,53,804,23,71,17,1808,1,5,4,8,3,18,1,0,0,0,1,1,2,3,0,0.9548736462093863,High Value,Champions
1143,1972,42,Graduation,Married,22063.0,1,0,1,2013-08-08,325,43,7,10,13,3,11,11,55,2,2,0,3,7,7,0,0,0,0,0,0,0,0,0,0.1976534296028881,Low Value,Low Value
1,1961,53,Graduation,Single,57091.0,0,0,0,2014-06-15,14,0,464,5,64,7,0,37,577,1,7,3,7,5,18,0,1,0,0,0,1,1,2,0,0.581904332129964,Mid Value,Potential Loyalists
3855,1963,51,Graduation,Married,22419.0,0,0,0,2013-04-18,437,74,30,3,47,19,21,42,162,1,3,2,2,8,8,0,0,0,0,0,0,0,0,0,0.37612815884476536,Low Value,Low Value
5536,1959,55,Graduation,Together,87771.0,0,1,1,2013-05-22,403,61,1492,38,287,50,57,33,1957,1,5,10,4,6,20,1,1,0,1,1,1,4,5,0,0.9747292418772563,High Value,At-Risk High Value
5989,1959,55,2n Cycle,Divorced,78353.0,0,1,1,2013-04-16,439,51,752,122,476,39,153,34,1576,1,10,2,11,8,24,0,0,0,0,0,0,0,0,0,0.9101985559566786,High Value,Champions
9499,1954,60,Graduation,Married,93404.0,1,2,3,2013-05-07,418,97,1279,15,287,20,0,15,1616,3,3,4,7,5,17,0,0,0,1,1,0,2,2,0,0.9187725631768953,High Value,At-Risk High Value
6768,1962,52,Graduation,Divorced,37859.0,1,2,3,2013-01-12,533,75,22,1,8,2,1,2,36,2,1,0,3,8,6,0,0,0,0,0,0,0,0,0,0.10446750902527076,Low Value,Low Value
2150,1958,56,PhD,Widow,80995.0,0,1,1,2013-05-11,414,83,860,28,409,73,56,56,1482,1,8,9,4,4,22,0,0,0,0,0,0,0,0,0,0.8865072202166066,High Value,At-Risk High Value
6646,1984,30,Graduation,Together,16529.0,1,0,1,2014-03-01,120,23,3,0,5,13,0,1,22,1,1,0,3,6,5,0,0,0,0,0,0,0,0,0,0.048962093862815886,Low Value,Low Value
4887,1976,38,PhD,Divorced,55412.0,1,1,2,2013-11-22,219,65,10,5,28,11,1,8,63,1,2,0,3,5,6,0,0,0,0,0,0,0,0,0,0.22856498194945848,Low Value,Low Value
8560,1992,22,Graduation,Single,48789.0,0,0,0,2012-09-10,657,94,351,16,156,7,5,145,680,1,6,4,7,6,18,0,0,0,0,0,0,0,0,0,0.6134927797833934,Mid Value,Loyal Customers
3321,1967,47,PhD,Together,56575.0,0,2,2,2013-05-05,420,42,421,5,90,0,16,10,542,3,7,3,7,5,20,0,0,0,0,0,0,0,0,0,0.5681407942238267,Mid Value,Potential Loyalists
11003,1980,34,2n Cycle,Together,25130.0,1,0,1,2013-10-02,270,10,2,5,7,0,18,18,50,2,2,0,3,7,7,0,0,0,0,0,0,0,0,0,0.17779783393501805,Low Value,Low Value
10402,1967,47,Graduation,Married,35441.0,1,1,2,2013-02-14,500,94,25,1,9,2,1,1,39,2,1,0,3,8,6,0,0,0,0,0,0,0,0,0,0.12003610108303249,Low Value,Low Value
9904,1956,58,Graduation,Married,71391.0,0,1,1,2013-03-29,457,50,336,123,274,46,123,141,1043,5,6,5,12,3,28,0,0,0,0,0,0,0,0,0,0.7481949458483754,Mid Value,Potential Loyalists
6141,1972,42,Master,Single,49494.0,1,0,1,2013-04-25,430,46,191,9,97,0,6,82,385,2,6,1,5,7,14,0,0,0,0,0,0,0,0,0,0.4950361010830325,Low Value,Low Value
5687,1980,34,Graduation,Divorced,81702.0,0,0,0,2012-09-23,644,98,563,50,774,28,31,187,1633,1,7,7,12,3,27,0,0,0,0,0,0,0,0,0,0.9230595667870036,High Value,At-Risk High Value
10856,1980,34,2n Cycle,Single,45889.0,0,1,1,2013-07-02,362,42,31,0,6,0,1,8,46,1,1,0,3,6,5,0,0,0,0,0,0,0,0,0,0.15681407942238268,Low Value,Low Value
5121,1977,37,Graduation,Single,56628.0,0,1,1,2014-03-21,100,30,479,5,82,7,17,171,761,2,7,6,5,5,20,0,0,1,0,0,0,1,1,0,0.6403429602888087,Mid Value,Potential Loyalists
4186,1950,64,Graduation,Together,34026.0,1,1,2,2013-08-05,328,11,18,6,15,12,8,17,76,3,2,1,3,5,9,0,0,0,0,0,0,0,0,0,0.27120938628158847,Low Value,Low Value
368,1974,40,Graduation,Married,40049.0,0,1,1,2012-11-29,577,61,91,65,52,10,44,28,290,3,3,2,6,5,14,0,0,0,0,0,0,0,0,0,0.453971119133574,Low Value,Low Value
3312,1988,26,Graduation,Single,34176.0,1,0,1,2014-05-12,48,12,5,7,24,19,14,20,89,4,3,0,4,6,11,0,0,0,0,0,0,0,0,0,0.29715703971119134,Low Value,Low Value
11121,1981,33,Graduation,Married,19419.0,1,0,1,2012-11-10,596,76,2,14,28,16,3,7,70,4,4,0,3,9,11,0,0,0,0,0,0,0,0,0,0.25541516245487367,Low Value,Low Value
5332,1960,54,2n Cycle,Married,82504.0,0,0,0,2013-07-27,337,2,362,50,431,134,35,54,1066,1,3,6,7,1,17,0,0,0,0,0,0,0,0,0,0.756768953068592,Mid Value,Potential Loyalists
5848,1970,44,Graduation,Together,81205.0,0,0,0,2014-01-13,167,43,724,74,929,97,55,130,2009,1,5,6,7,2,19,0,1,1,0,1,1,3,4,0,0.9792418772563177,High Value,Champions
10343,1991,23,2n Cycle,Single,61618.0,0,0,0,2012-09-29,638,27,605,91,399,0,45,205,1345,2,3,6,8,3,19,0,0,0,0,0,0,0,0,0,0.8515342960288809,High Value,Champions
5935,1956,58,Master,Single,55284.0,0,1,1,2012-12-24,552,60,547,7,140,0,7,63,764,3,7,5,8,5,23,0,0,0,0,0,0,0,0,0,0.641245487364621,Mid Value,Loyal Customers
2895,1963,51,Graduation,Single,49980.0,0,1,1,2013-10-23,249,79,104,1,54,13,9,14,195,2,3,1,5,5,11,0,0,0,0,0,0,0,0,0,0.40004512635379064,Low Value,Low Value
10262,1980,34,Graduation,Married,15072.0,2,0,2,2013-05-10,415,96,8,2,15,0,10,18,53,4,3,1,3,5,11,0,0,0,0,0,0,0,0,0,0.1865974729241877,Low Value,Low Value
7848,1974,40,Graduation,Single,49166.0,0,1,1,2013-06-13,381,17,224,2,25,7,0,110,368,2,5,3,3,6,13,0,0,0,0,0,0,0,0,0,0.48826714801444043,Low Value,Low Value
9477,1954,60,PhD,Married,65324.0,0,1,1,2014-01-11,169,0,384,0,102,21,32,5,544,3,6,2,9,4,20,0,0,0,0,0,0,0,0,0,0.569268953068592,Mid Value,Potential Loyalists
4856,1957,57,2n Cycle,Married,82347.0,0,0,0,2012-11-06,600,38,556,54,845,202,133,63,1853,1,7,7,10,3,25,1,0,1,0,0,0,2,2,0,0.9607400722021661,High Value,Champions
7186,1966,48,PhD,Together,30843.0,1,1,2,2014-05-26,34,43,24,0,2,0,0,9,35,2,1,1,2,5,6,0,0,1,0,0,0,1,1,0,0.10153429602888087,Low Value,Low Value
5794,1974,40,PhD,Married,46374.0,0,1,1,2014-03-17,104,1,408,0,21,0,0,17,446,3,7,1,7,8,18,1,0,0,1,0,1,2,3,0,0.5313628158844765,Mid Value,Potential Loyalists
1456,1979,35,Graduation,Single,60474.0,0,1,1,2013-04-01,454,25,265,199,303,234,9,170,1180,7,10,2,12,7,31,0,0,0,0,0,0,0,0,0,0.8034747292418772,High Value,Champions
4877,1973,41,Master,Married,38576.0,0,1,1,2014-03-04,117,2,34,0,7,0,0,0,41,1,1,0,3,7,5,0,0,0,0,0,0,0,0,0,0.1272563176895307,Low Value,Low Value
425,1985,29,Graduation,Married,55357.0,2,0,2,2013-02-19,495,66,374,64,116,84,25,64,727,3,6,2,11,5,22,0,0,0,0,0,0,0,0,0,0.6274819494584838,Mid Value,Loyal Customers
3007,1966,48,Graduation,Together,37758.0,1,1,2,2012-10-04,633,49,27,2,10,0,0,1,40,2,1,0,3,8,6,0,0,0,0,0,0,0,0,0,0.12319494584837545,Low Value,Low Value
1031,1989,25,2n Cycle,Married,85710.0,0,0,0,2013-05-05,420,5,600,20,350,29,30,33,1062,1,6,9,10,2,26,0,0,0,0,1,0,1,1,0,0.7538357400722022,Mid Value,Potential Loyalists
4297,1969,45,Graduation,Together,23228.0,1,0,1,2014-01-26,154,71,13,2,18,6,1,0,40,2,2,0,3,8,7,0,0,0,0,0,0,0,0,0,0.12319494584837545,Low Value,Low Value
807,1969,45,Master,Together,44602.0,1,1,2,2014-02-15,134,35,167,2,89,0,0,34,292,6,6,1,4,8,17,0,0,0,0,0,0,0,0,0,0.45442238267148016,Low Value,Loyal Customers
9553,1987,27,Graduation,Married,7500.0,0,0,0,2013-01-09,536,94,0,2,3,4,1,5,15,1,0,0,3,6,4,0,0,0,0,0,0,0,0,0,0.01601985559566787,Low Value,Low Value
4271,1989,25,2n Cycle,Together,38683.0,1,0,1,2012-10-04,633,80,46,35,69,84,41,66,341,6,4,1,6,7,17,0,0,0,0,0,0,0,0,0,0.47924187725631767,Low Value,Loyal Customers
4120,1975,39,2n Cycle,Single,49514.0,1,0,1,2013-12-17,194,61,88,39,78,58,13,93,369,2,6,1,4,7,13,0,0,0,0,0,0,0,0,0,0.4893953068592058,Low Value,Low Value
2036,1973,41,PhD,Together,57906.0,0,1,1,2013-06-11,383,29,243,11,119,10,3,15,401,3,4,2,8,4,17,0,0,0,0,0,0,0,0,0,0.5036101083032491,Mid Value,Potential Loyalists
115,1966,48,Master,Single,43456.0,0,1,1,2013-03-26,460,0,275,11,68,25,7,7,393,3,5,1,8,5,17,0,0,0,0,0,0,0,0,0,0.4972924187725632,Low Value,Loyal Customers
4259,1986,28,Master,Single,19485.0,2,0,2,2013-09-24,278,80,6,0,4,0,0,0,10,1,1,0,2,7,4,0,0,0,0,0,0,0,0,0,0.005415162454873646,Low Value,Low Value
8687,1978,36,Graduation,Together,53172.0,0,1,1,2013-05-06,419,54,121,62,90,68,20,125,486,3,2,3,8,3,16,0,0,0,0,0,0,0,0,0,0.5478339350180506,Mid Value,Potential Loyalists
2447,1979,35,Graduation,Together,30545.0,1,0,1,2012-10-17,620,71,4,12,15,19,7,12,69,2,2,0,3,7,7,0,0,0,0,0,0,0,0,0,0.2518050541516246,Low Value,Low Value
10140,1983,31,PhD,Together,70123.0,0,0,0,2013-09-28,274,27,1308,0,396,23,0,0,1727,1,5,7,4,3,17,0,1,0,1,0,0,2,2,0,0.9429151624548736,High Value,Champions
9353,1959,55,Graduation,Single,62450.0,0,1,1,2014-01-06,174,61,515,47,267,62,66,38,995,2,5,5,4,3,16,0,0,0,1,0,0,1,1,0,0.7294675090252708,Mid Value,Low Value
3623,1976,38,Graduation,Together,21675.0,1,0,1,2014-06-11,18,55,4,0,16,17,4,4,45,3,4,0,3,7,10,0,0,0,0,0,0,0,0,0,0.1500451263537906,Low Value,Low Value
738,1981,33,2n Cycle,Single,42395.0,1,1,2,2014-04-04,86,35,48,13,57,24,15,25,182,4,3,1,4,7,12,0,0,0,0,0,0,0,0,0,0.3901173285198556,Low Value,Low Value
7631,1978,36,Master,Together,61346.0,1,0,1,2013-10-06,266,34,562,58,168,43,16,142,989,1,5,7,10,3,23,0,0,0,0,0,0,0,0,0,0.7265342960288809,Mid Value,Potential Loyalists
4789,1953,61,Graduation,Together,80812.0,0,0,0,2013-09-17,285,95,769,22,500,210,143,33,1677,1,4,8,5,2,18,1,0,1,0,1,0,3,3,0,0.9325361010830325,High Value,At-Risk High Value
773,1971,43,Master,Divorced,42835.0,1,1,2,2013-06-30,364,64,379,4,93,12,9,98,595,7,6,6,4,6,23,0,0,0,0,0,0,0,0,0,0.5866425992779783,Mid Value,Loyal Customers
10602,1983,31,Graduation,Married,39922.0,1,0,1,2013-02-14,500,30,29,12,59,19,1,36,156,2,3,0,4,8,9,0,0,0,0,0,0,0,0,0,0.371615523465704,Low Value,Low Value
1446,1956,58,Master,Single,86424.0,0,0,0,2014-04-05,85,12,387,68,569,89,45,68,1226,1,6,9,12,1,28,0,0,0,0,0,0,0,0,0,0.8188176895306859,High Value,Champions
3270,1978,36,2n Cycle,Together,17117.0,1,0,1,2013-01-17,528,96,12,23,38,30,18,7,128,4,3,1,3,9,11,0,0,0,0,0,0,0,0,0,0.34657039711191334,Low Value,Low Value
8443,1972,42,Graduation,Single,24762.0,1,0,1,2014-02-10,139,16,6,10,12,3,15,40,86,3,3,1,2,8,9,0,0,1,0,0,1,1,2,0,0.29287003610108303,Low Value,Low Value
9653,1975,39,Graduation,Married,35797.0,0,1,1,2012-10-16,621,16,27,1,14,4,1,21,68,2,2,0,3,8,7,0,0,0,0,0,0,0,0,0,0.24751805054151624,Low Value,Low Value
8916,1975,39,Graduation,Divorced,36627.0,2,0,2,2013-07-23,341,78,9,1,5,0,0,1,16,1,0,0,3,5,4,0,0,0,0,0,0,0,0,0,0.02075812274368231,Low Value,Low Value
8017,1981,33,2n Cycle,Married,51111.0,1,1,2,2014-06-19,10,83,22,0,19,6,5,3,55,2,2,0,3,6,7,0,0,0,0,0,0,0,0,0,0.1976534296028881,Low Value,Low Value
5830,1972,42,PhD,Single,86857.0,0,0,0,2012-09-12,655,96,899,102,838,133,102,40,2114,1,5,6,10,2,22,0,0,0,0,0,1,0,1,0,0.9880415162454874,High Value,At-Risk High Value
4597,1970,44,PhD,Together,82072.0,0,0,0,2013-07-02,362,67,889,55,685,168,92,129,2018,1,3,2,13,1,19,0,0,0,0,0,0,0,0,0,0.98014440433213,High Value,At-Risk High Value
7023,1953,61,PhD,Single,46231.0,2,1,3,2012-11-26,580,87,189,2,55,0,5,12,263,4,6,1,4,9,15,0,0,0,0,0,0,0,0,0,0.4338898916967509,Low Value,Low Value
8086,1959,55,Graduation,Married,42243.0,1,1,2,2013-12-11,200,34,48,0,2,0,0,5,55,2,2,0,3,7,7,0,0,0,0,0,0,0,0,0,0.1976534296028881,Low Value,Low Value
8825,1962,52,Graduation,Together,51195.0,1,1,2,2013-04-01,454,46,230,14,156,82,24,58,564,8,9,2,5,8,24,0,0,0,0,0,0,0,0,0,0.5762635379061372,Mid Value,Potential Loyalists
2930,1978,36,Master,Single,68092.0,0,0,0,2013-12-16,195,7,852,60,207,78,36,48,1281,2,2,6,10,5,20,0,0,0,0,0,0,0,0,0,0.8334837545126353,High Value,Champions
1928,1973,41,Graduation,Married,31814.0,1,0,1,2013-02-09,505,73,35,3,20,4,1,20,83,2,2,0,3,9,7,0,0,1,0,0,0,1,1,0,0.28768050541516244,Low Value,Low Value
7108,1965,49,Master,Widow,51390.0,1,1,2,2012-09-08,659,54,205,20,47,23,2,56,353,6,5,2,5,5,18,0,0,0,0,0,0,0,0,0,0.48285198555956677,Low Value,Loyal Customers
10925,1983,31,Graduation,Married,76630.0,0,0,0,2014-01-14,166,93,255,31,446,40,56,175,1003,1,3,10,11,1,25,0,0,0,0,0,0,0,0,0,0.7324007220216606,Mid Value,Loyal Customers
9960,1991,23,Basic,Single,26868.0,1,0,1,2014-04-30,60,52,0,0,1,8,3,2,14,1,1,0,2,7,4,0,0,0,0,0,0,0,0,0,0.013086642599277979,Low Value,Low Value
8800,1943,71,PhD,Divorced,48948.0,0,0,0,2013-02-01,513,53,437,8,206,160,49,42,902,2,7,10,5,6,24,0,0,1,0,0,1,1,2,0,0.6895306859205776,Mid Value,Potential Loyalists
9224,1972,42,PhD,Single,55260.0,0,1,1,2012-12-12,564,81,825,8,53,11,0,242,1139,2,8,10,5,6,25,0,0,0,0,0,0,0,0,0,0.782942238267148,Mid Value,Loyal Customers
5519,1956,58,Graduation,Together,64090.0,0,1,1,2013-08-07,326,8,316,58,161,76,51,135,797,1,6,9,4,5,20,0,0,0,0,0,1,0,1,0,0.6534296028880866,Mid Value,Potential Loyalists
5046,1958,56,Graduation,Divorced,78331.0,0,1,1,2014-01-23,157,97,756,138,354,160,169,61,1638,2,10,6,7,4,25,0,0,0,0,0,0,0,0,0,0.9244133574007221,High Value,At-Risk High Value
7037,1974,40,PhD,Married,37087.0,1,0,1,2013-08-11,322,50,194,55,134,15,0,3,401,3,4,2,8,6,17,0,0,0,0,0,0,0,0,0,0.5036101083032491,Mid Value,Potential Loyalists
905,1986,28,Graduation,Divorced,21846.0,1,0,1,2013-10-22,250,38,7,17,18,6,10,26,84,4,4,0,3,8,11,0,0,0,0,0,0,0,0,0,0.289485559566787,Low Value,Low Value
8624,1958,56,Graduation,Married,81320.0,0,0,0,2013-02-06,508,61,183,33,493,59,103,57,928,1,4,3,10,2,18,0,0,0,0,0,0,0,0,0,0.700812274368231,Mid Value,Loyal Customers
8945,1970,44,Graduation,Divorced,54137.0,0,1,1,2013-08-16,317,46,171,0,11,0,1,20,203,2,4,1,4,6,11,0,0,0,0,0,0,0,0,0,0.40342960288808666,Low Value,Low Value
6445,1967,47,Graduation,Together,66825.0,0,0,0,2013-07-14,350,73,243,101,405,29,40,40,858,1,4,5,6,2,16,0,0,0,0,0,0,0,0,0,0.6723826714801444,Mid Value,Low Value
2727,1973,41,Graduation,Together,57100.0,0,0,0,2013-12-04,207,19,181,21,69,39,3,96,409,1,3,3,6,3,13,0,0,0,0,0,0,0,0,0,0.5085740072202166,Mid Value,Potential Loyalists
6404,1969,45,Graduation,Together,58917.0,1,2,3,2013-03-24,462,10,151,7,89,0,7,28,282,5,4,1,6,5,16,0,0,0,0,0,0,0,0,0,0.45126353790613716,Low Value,Low Value
11074,1977,37,Graduation,Single,85072.0,0,0,0,2014-04-09,81,94,494,92,391,194,11,241,1423,1,3,4,10,0,18,0,0,0,0,0,0,0,0,0,0.8704873646209387,High Value,At-Risk High Value
10150,1961,53,Graduation,Single,86429.0,0,0,0,2013-11-21,220,10,464,28,873,29,18,37,1449,0,7,4,7,2,18,1,0,0,0,0,1,1,2,0,0.878158844765343,High Value,Champions
1968,1971,43,Graduation,Widow,45684.0,1,0,1,2013-12-02,209,37,5,1,5,10,0,7,28,1,1,0,2,7,4,0,0,0,0,0,0,0,0,0,0.07310469314079422,Low Value,Low Value
6534,1974,40,Graduation,Together,47889.0,1,0,1,2014-01-04,176,94,29,0,29,0,5,4,67,1,2,0,3,5,6,0,0,0,0,0,0,0,0,0,0.243456678700361,Low Value,Low Value
9485,1986,28,PhD,Married,45921.0,0,0,0,2014-03-10,111,23,102,9,49,24,3,12,199,1,2,1,6,4,10,0,0,0,0,0,0,0,0,0,0.4023014440433213,Low Value,Low Value
7053,1966,48,PhD,Single,78420.0,0,0,0,2013-06-29,365,75,604,28,674,91,28,28,1453,1,3,10,8,1,22,0,0,0,0,0,0,0,0,0,0.8788357400722022,High Value,At-Risk High Value
4654,1992,22,Graduation,Together,75114.0,0,0,0,2013-11-07,234,40,571,12,523,63,60,24,1253,1,3,10,5,2,19,0,0,0,0,0,0,0,0,0,0.8282942238267148,High Value,Champions
9760,1963,51,PhD,Widow,52278.0,0,1,1,2013-01-25,520,24,953,0,71,0,0,174,1198,6,10,5,10,8,31,0,0,0,0,0,1,0,1,0,0.8118231046931408,High Value,Champions
1048,1972,42,Master,Married,35641.0,1,0,1,2013-07-14,350,11,63,3,67,8,9,28,178,2,3,1,4,7,10,0,0,0,0,0,1,0,1,0,0.38831227436823107,Low Value,Low Value
10619,1994,20,Graduation,Single,95529.0,0,0,0,2012-12-03,573,29,770,29,890,250,27,24,1990,1,7,3,7,3,18,0,0,0,0,1,1,1,2,0,0.976985559566787,High Value,Champions
9308,1954,60,Graduation,Married,62820.0,0,0,0,2013-05-11,414,51,398,61,265,138,61,53,976,1,3,4,6,1,14,0,0,0,0,0,0,0,0,0,0.7211191335740073,Mid Value,Potential Loyalists
10505,1960,54,Master,Together,73113.0,0,0,0,2013-12-26,185,86,741,19,154,50,9,28,1001,1,3,4,7,2,15,0,0,0,0,0,0,0,0,0,0.7312725631768953,Mid Value,Low Value
8362,1982,32,PhD,Married,84169.0,0,0,0,2013-08-07,326,9,1478,19,403,0,19,0,1919,1,7,6,6,3,20,0,0,0,1,1,1,2,3,0,0.9688628158844765,High Value,Champions
2625,1954,60,2n Cycle,Single,42607.0,0,1,1,2013-11-17,224,30,156,29,56,30,32,47,350,2,3,2,7,3,14,0,0,0,0,0,0,0,0,0,0.48172382671480146,Low Value,Low Value
4637,1954,60,PhD,Single,74637.0,0,0,0,2013-05-18,407,73,960,64,464,146,0,16,1650,1,6,9,9,3,25,1,0,0,0,0,0,1,1,0,0.9262184115523465,High Value,At-Risk High Value
9972,1955,59,PhD,Together,46015.0,1,1,2,2014-04-13,77,25,38,0,2,0,0,6,46,1,1,0,3,7,5,0,1,1,0,0,0,2,2,0,0.15681407942238268,Low Value,Low Value
4483,1993,21,Graduation,Single,72354.0,0,0,0,2013-04-17,438,67,315,26,473,220,12,182,1228,1,2,10,6,1,19,0,0,0,0,0,0,0,0,0,0.8194945848375451,High Value,At-Risk High Value
4487,1969,45,Master,Single,39858.0,1,0,1,2013-01-24,521,67,15,20,25,2,7,26,95,1,2,0,4,6,7,0,0,0,0,0,1,0,1,0,0.3097924187725632,Low Value,Low Value
4988,1948,66,PhD,Married,34469.0,1,1,2,2014-05-04,56,58,19,6,20,0,5,12,62,3,1,1,4,4,9,0,0,0,0,0,0,0,0,0,0.22382671480144403,Low Value,Low Value
8931,1986,28,Graduation,Together,83033.0,1,0,1,2014-05-18,42,82,812,99,431,237,149,33,1761,1,11,4,10,5,26,1,0,0,0,0,0,1,1,0,0.9485559566787004,High Value,At-Risk High Value
5871,1979,35,Master,Together,24401.0,0,0,0,2012-08-31,667,98,73,28,217,10,24,115,467,3,6,1,6,8,16,0,0,0,0,0,0,0,0,0,0.5412906137184116,Mid Value,Low Value
2008,1978,36,Graduation,Married,77583.0,0,0,0,2014-02-10,139,93,372,23,384,250,12,108,1149,1,4,5,9,2,19,1,0,0,0,0,0,1,1,0,0.7867779783393501,Mid Value,Loyal Customers
3139,1982,32,2n Cycle,Single,74116.0,0,0,0,2013-12-30,181,53,871,111,704,145,55,166,2052,1,4,4,10,2,19,0,0,0,1,0,0,1,1,0,0.9819494584837545,High Value,Champions
10037,1993,21,Graduation,Single,74293.0,0,0,0,2014-05-04,56,66,375,152,335,93,91,81,1127,1,5,4,6,2,16,0,0,0,0,0,0,0,0,0,0.7791064981949458,Mid Value,Low Value
10673,1976,38,PhD,Married,68397.0,0,1,1,2013-11-17,224,6,760,80,466,17,13,80,1416,1,6,9,5,3,21,0,0,0,0,0,0,0,0,0,0.8700361010830325,High Value,Champions
5303,1974,40,PhD,Together,79632.0,0,0,0,2014-04-08,82,42,471,0,510,99,21,12,1113,1,6,4,9,2,20,0,0,0,0,0,0,0,0,0,0.7748194945848376,Mid Value,Potential Loyalists
538,1989,25,Graduation,Single,46107.0,1,0,1,2014-02-10,139,78,31,9,27,16,9,33,125,1,1,1,4,3,7,0,0,0,0,0,0,0,0,0,0.34453971119133575,Low Value,Low Value
7922,1951,63,PhD,Single,64950.0,0,1,1,2012-08-12,686,29,819,0,72,12,0,63,966,2,11,2,10,7,25,0,0,0,1,0,0,1,1,0,0.7148014440433214,Mid Value,Potential Loyalists
5692,1989,25,Basic,Married,25443.0,1,0,1,2012-12-22,554,82,1,4,3,8,9,7,32,1,1,0,3,8,5,0,0,0,0,0,0,0,0,0,0.09070397111913357,Low Value,Low Value
4843,1952,62,Graduation,Single,75127.0,0,0,0,2014-05-22,38,92,203,35,305,46,17,227,833,1,2,11,5,1,19,0,0,0,0,0,0,0,0,0,0.6662906137184116,Mid Value,Loyal Customers
6383,1971,43,PhD,Together,32892.0,1,0,1,2014-05-25,35,78,26,0,15,2,1,2,46,2,3,0,3,8,8,0,0,0,0,0,0,0,0,0,0.15681407942238268,Low Value,Low Value
1628,1971,43,Graduation,Together,71796.0,0,0,0,2013-10-24,248,54,354,21,311,167,75,32,960,1,9,3,4,4,17,0,0,0,0,0,0,0,0,0,0.7116425992779783,Mid Value,Potential Loyalists
1204,1970,44,PhD,Married,67536.0,0,1,1,2013-05-22,403,45,1253,0,447,23,71,35,1829,3,11,5,11,8,30,1,0,0,0,0,0,1,1,0,0.9589350180505415,High Value,Champions
3673,1971,43,Graduation,Single,55239.0,0,1,1,2013-07-14,350,59,371,17,238,23,24,106,779,3,7,5,11,5,26,0,0,0,0,0,0,0,0,0,0.6471119133574007,Mid Value,Potential Loyalists
760,1975,39,PhD,Divorced,60554.0,1,0,1,2013-08-09,324,8,588,7,76,110,15,15,811,2,8,4,9,6,23,0,0,0,0,0,0,0,0,0,0.657716606498195,Mid Value,Potential Loyalists
8957,1952,62,2n Cycle,Single,64831.0,1,1,2,2013-06-10,384,51,480,86,249,75,86,144,1120,8,6,3,5,6,22,0,0,0,0,0,0,0,0,0,0.7768501805054152,Mid Value,Potential Loyalists
4128,1962,52,PhD,Together,56067.0,0,1,1,2013-07-20,344,51,517,12,54,16,6,120,725,2,7,4,7,5,20,0,0,0,0,0,0,0,0,0,0.6261281588447654,Mid Value,Potential Loyalists
6810,1983,31,Graduation,Divorced,82025.0,0,0,0,2013-05-28,397,76,267,98,606,48,70,98,1187,1,3,2,6,1,12,0,0,0,0,1,1,1,2,0,0.8055054151624549,High Value,At-Risk High Value
5386,1953,61,Graduation,Together,94384.0,0,0,0,2013-03-04,482,62,1111,24,790,160,45,172,2302,0,5,8,5,2,18,1,0,0,1,1,1,3,4,0,0.9961642599277978,High Value,At-Risk High Value
8700,1986,28,Basic,Single,14906.0,0,0,0,2012-12-22,554,86,7,7,14,7,16,15,66,3,2,1,3,7,9,0,0,0,0,0,0,0,0,0,0.2398465703971119,Low Value,Low Value
3202,1987,27,PhD,Married,51563.0,0,0,0,2012-10-01,636,60,1166,0,48,0,0,36,1250,1,4,4,10,8,19,0,0,0,1,1,0,2,2,0,0.8271660649819494,High Value,At-Risk High Value
1328,1982,32,2n Cycle,Married,57937.0,0,1,1,2014-02-16,133,56,261,42,144,55,48,133,683,3,4,4,9,3,20,0,0,0,0,0,0,0,0,0,0.6146209386281588,Mid Value,Potential Loyalists
8405,1979,35,Graduation,Divorced,68274.0,1,1,2,2013-09-30,272,83,135,25,51,23,25,46,305,2,4,2,5,3,13,0,0,0,0,0,0,0,0,0,0.4598375451263538,Low Value,Low Value
6515,1977,37,Graduation,Together,39771.0,1,0,1,2013-12-06,205,92,6,2,18,2,8,14,50,1,2,0,3,4,6,0,0,0,0,0,0,0,0,0,0.17779783393501805,Low Value,Low Value
2882,1975,39,2n Cycle,Divorced,67893.0,0,1,1,2012-10-01,636,31,711,28,142,49,18,47,995,2,3,2,9,8,16,0,0,0,0,0,0,0,0,0,0.7294675090252708,Mid Value,Potential Loyalists
7574,1979,35,PhD,Together,27922.0,1,0,1,2014-05-10,50,80,11,0,13,2,4,11,41,1,2,0,3,4,6,0,0,0,0,0,0,0,0,0,0.1272563176895307,Low Value,Low Value
6387,1976,38,PhD,Together,52190.0,1,1,2,2014-05-08,52,39,42,0,17,0,0,18,77,3,2,1,3,5,9,0,0,1,0,0,0,1,1,0,0.2736913357400722,Low Value,Low Value
5320,1973,41,Master,Divorced,44051.0,1,1,2,2013-01-29,516,20,79,7,58,6,3,18,171,4,3,1,4,6,12,0,0,0,0,0,1,0,1,0,0.3822202166064982,Low Value,Low Value
5048,1971,43,PhD,Single,42767.0,2,0,2,2013-05-11,414,53,20,6,43,19,5,38,131,1,3,1,2,8,7,0,0,0,0,0,0,0,0,0,0.3495036101083033,Low Value,Low Value
8146,1976,38,Master,Together,46106.0,1,1,2,2014-05-11,49,84,30,0,8,2,0,14,54,1,1,1,2,6,5,0,0,0,0,0,0,0,0,0,0.19133574007220217,Low Value,Low Value
10031,1976,38,PhD,Married,16927.0,1,1,2,2013-02-10,504,50,20,2,23,3,1,4,53,5,3,0,4,8,12,0,0,0,0,0,0,0,0,0,0.1865974729241877,Low Value,Low Value
5748,1965,49,Graduation,Married,59754.0,0,1,1,2012-12-01,575,96,115,27,44,4,146,139,475,3,5,2,6,5,16,0,0,0,0,0,1,0,1,0,0.5451263537906137,Mid Value,Low Value
2134,1952,62,Graduation,Single,53700.0,0,1,1,2012-08-17,681,94,263,5,233,69,41,83,694,4,5,5,8,5,22,0,0,0,0,0,0,0,0,0,0.6207129963898917,Mid Value,Loyal Customers
1523,1973,41,Graduation,Married,59041.0,1,1,2,2014-05-07,53,25,69,2,15,2,2,6,96,2,2,0,4,5,8,0,0,0,0,0,0,0,0,0,0.31227436823104693,Low Value,Low Value
9665,1957,57,PhD,Divorced,54237.0,0,1,1,2013-04-27,428,48,267,3,30,4,0,57,361,4,5,2,5,6,16,0,0,0,0,0,0,0,0,0,0.4855595667870036,Low Value,Low Value
4640,1967,47,Graduation,Divorced,70647.0,0,1,1,2012-09-21,646,65,561,85,171,25,123,114,1079,2,4,7,13,2,26,0,0,0,0,0,0,0,0,0,0.7608303249097473,Mid Value,Loyal Customers
3635,1962,52,PhD,Single,52597.0,0,1,1,2014-05-07,53,69,492,0,37,7,0,42,578,3,6,3,8,5,20,0,0,0,0,0,0,0,0,0,0.5825812274368231,Mid Value,Loyal Customers
3547,1969,45,Master,Together,41021.0,1,0,1,2012-12-30,546,12,14,7,9,6,16,12,64,2,2,0,3,6,7,0,0,0,0,0,1,0,1,0,0.2328519855595668,Low Value,Low Value
2456,1975,39,PhD,Married,40233.0,0,1,1,2013-10-14,258,84,80,4,46,0,17,2,149,5,2,1,5,6,13,0,0,0,0,0,0,0,0,0,0.3671028880866426,Low Value,Low Value
5633,1980,34,Graduation,Married,50183.0,1,1,2,2014-06-25,4,47,97,12,84,13,10,15,231,7,3,1,6,5,17,0,0,0,0,0,0,0,0,0,0.41787003610108303,Low Value,Loyal Customers
7801,1959,55,Graduation,Together,54753.0,0,1,1,2013-09-12,290,87,197,107,227,7,59,131,728,3,5,2,11,4,21,0,0,0,0,0,0,0,0,0,0.6283844765342961,Mid Value,Loyal Customers
10489,1973,41,Graduation,Married,92955.0,0,0,0,2013-08-19,314,35,693,21,925,31,24,84,1778,1,6,7,9,2,23,1,0,0,0,1,1,2,3,0,0.9499097472924187,High Value,Champions
7011,1973,41,Graduation,Married,33471.0,1,0,1,2012-10-12,625,47,43,2,27,0,9,12,93,3,3,0,4,7,10,0,0,0,0,0,0,0,0,0,0.3061823104693141,Low Value,Low Value
2620,1974,40,PhD,Married,34596.0,1,0,1,2013-04-13,442,48,14,0,2,0,0,7,23,1,1,0,2,8,4,0,0,0,0,0,1,0,1,0,0.05550541516245487,Low Value,Low Value
3933,1980,34,Graduation,Together,44010.0,1,0,1,2012-10-13,624,46,186,36,234,86,72,48,662,6,10,2,6,9,24,0,0,0,0,0,0,0,0,0,0.6098826714801444,Mid Value,Potential Loyalists
10981,1988,26,Graduation,Married,84219.0,0,0,0,2014-02-02,147,27,434,137,400,45,137,45,1198,1,3,4,10,1,18,0,0,0,0,0,0,0,0,0,0.8118231046931408,High Value,Champions
1734,1968,46,PhD,Together,40706.0,2,1,3,2013-01-17,528,37,59,0,11,4,2,5,81,4,3,0,4,7,11,0,0,0,0,0,0,0,0,0,0.28497292418772563,Low Value,Low Value
10995,1988,26,2n Cycle,Married,15716.0,1,0,1,2012-11-12,594,8,16,5,30,8,7,26,92,3,3,0,4,8,10,0,0,0,0,0,0,0,0,1,0.3037003610108303,Low Value,Low Value
6357,1959,55,2n Cycle,Divorced,59052.0,0,1,1,2013-11-17,224,29,230,35,75,63,57,31,491,3,7,1,7,5,18,0,0,0,0,0,0,0,0,0,0.5496389891696751,Mid Value,Potential Loyalists
9209,1971,43,Master,Together,80573.0,0,0,0,2012-10-14,623,85,829,138,430,60,92,15,1564,1,4,6,13,2,24,0,0,0,0,0,0,0,0,0,0.904557761732852,High Value,At-Risk High Value
10286,1962,52,Graduation,Married,83715.0,0,0,0,2014-02-03,146,2,318,8,407,150,35,8,926,1,2,8,13,0,24,0,0,0,0,0,0,0,0,0,0.6992328519855595,Mid Value,Potential Loyalists
2611,1959,55,Master,Together,82576.0,0,0,0,2012-08-01,697,66,1206,55,445,168,18,18,1910,1,2,4,12,1,19,0,0,0,0,1,0,1,1,0,0.967283393501805,High Value,At-Risk High Value
1600,1965,49,Master,Married,56962.0,2,1,3,2013-10-11,261,60,292,3,77,10,3,26,411,7,6,3,5,7,21,0,0,0,0,0,0,0,0,0,0.5106046931407943,Mid Value,Loyal Customers
3308,1952,62,Graduation,Married,35704.0,1,1,2,2014-01-03,177,54,30,9,12,2,11,30,94,3,2,0,4,4,9,0,0,0,0,0,0,0,0,0,0.3079873646209386,Low Value,Low Value
5407,1954,60,Graduation,Together,53103.0,0,1,1,2013-09-12,290,70,729,17,133,11,0,195,1085,5,10,6,7,7,28,0,0,1,0,0,0,1,1,0,0.7626353790613718,Mid Value,Loyal Customers
2166,1960,54,2n Cycle,Widow,46779.0,1,1,2,2013-07-12,352,55,12,1,3,0,0,7,23,1,0,1,2,4,4,0,0,0,0,0,0,0,0,0,0.05550541516245487,Low Value,Low Value
3955,1965,49,Graduation,Divorced,4861.0,0,0,0,2014-06-22,7,20,2,1,1,1,0,1,6,0,0,0,0,14,0,0,0,0,0,0,0,0,0,0,0.001128158844765343,Low Value,Low Value
6634,1979,35,Master,Divorced,33462.0,1,0,1,2013-08-07,326,78,22,3,18,0,0,11,54,1,2,0,3,7,6,0,0,0,0,0,0,0,0,0,0.19133574007220217,Low Value,Low Value
3056,1978,36,Graduation,Divorced,63693.0,0,1,1,2013-10-14,258,63,587,43,337,42,87,54,1150,3,11,6,9,6,29,0,0,0,0,0,0,0,0,0,0.7881317689530686,Mid Value,Loyal Customers
5718,1950,64,Graduation,Married,80763.0,0,0,0,2013-08-15,318,17,674,168,108,192,42,231,1415,1,5,11,6,3,23,1,0,0,0,1,1,2,3,0,0.8695848375451264,High Value,Champions
6872,1974,40,PhD,Married,65352.0,0,1,1,2013-08-21,312,43,284,3,84,4,7,23,405,2,4,2,8,4,16,0,0,0,0,0,0,0,0,0,0.5063176895306859,Mid Value,Potential Loyalists
8164,1978,36,PhD,Married,82170.0,0,0,0,2013-11-25,216,13,1023,93,651,49,55,37,1908,1,5,6,7,2,19,0,0,0,0,0,0,0,0,0,0.9666064981949458,High Value,Champions
4580,1969,45,Graduation,Married,75759.0,0,0,0,2013-10-25,247,46,1394,22,708,89,91,182,2486,1,9,7,9,5,26,1,0,1,0,1,1,3,4,0,0.9986462093862816,High Value,Champions
9305,1976,38,2n Cycle,Single,79689.0,0,0,0,2013-05-12,413,65,311,26,640,180,37,121,1315,1,4,9,13,2,27,0,0,0,0,0,0,0,0,0,0.8425090252707581,High Value,At-Risk High Value
453,1956,58,PhD,Widow,35340.0,1,1,2,2014-06-29,0,1,27,0,12,0,1,5,45,2,2,0,3,5,7,0,0,0,0,0,0,0,0,0,0.1500451263537906,Low Value,Low Value
8545,1954,60,Graduation,Divorced,85683.0,0,0,0,2014-03-21,100,6,1296,17,311,45,69,51,1789,1,2,4,10,1,17,1,1,0,1,1,1,4,5,0,0.9517148014440433,High Value,Champions
9850,1972,42,2n Cycle,Married,24884.0,1,0,1,2012-11-29,577,32,3,6,7,0,0,3,19,1,0,0,3,7,4,0,0,0,0,0,0,0,0,0,0.034070397111913356,Low Value,Low Value
7378,1981,33,Master,Together,42021.0,1,0,1,2012-08-31,667,34,393,5,136,7,5,27,573,5,10,1,6,9,22,0,0,1,0,0,0,1,1,0,0.5782942238267148,Mid Value,Potential Loyalists
7646,1989,25,Graduation,Single,64449.0,1,0,1,2014-02-18,131,70,218,63,282,137,35,70,805,4,5,3,12,4,24,0,0,0,0,0,0,0,0,0,0.6563628158844765,Mid Value,Loyal Customers
1640,1954,60,Graduation,Divorced,64587.0,1,1,2,2014-06-22,7,49,66,0,16,0,6,20,108,2,1,1,4,3,8,0,0,0,0,0,0,0,0,0,0.3298736462093863,Low Value,Low Value
5184,1995,19,Graduation,Single,34824.0,0,0,0,2014-03-26,95,65,4,2,11,2,0,4,23,1,1,0,2,6,4,0,0,0,0,0,0,0,0,0,0.05550541516245487,Low Value,Low Value
8492,1978,36,Graduation,Together,75437.0,0,0,0,2013-11-09,232,25,795,0,545,95,58,0,1493,1,8,4,10,6,23,1,0,0,0,0,0,1,1,0,0.8885379061371841,High Value,Champions
11188,1957,57,Graduation,Together,26091.0,1,1,2,2014-02-25,124,84,15,10,19,8,17,20,89,3,2,1,3,5,9,0,0,0,0,0,0,0,0,0,0.29715703971119134,Low Value,Low Value
1212,1973,41,Graduation,Married,52845.0,1,0,1,2013-08-13,320,7,384,25,292,130,41,64,936,3,8,8,6,6,25,0,0,1,0,0,0,1,1,0,0.703971119133574,Mid Value,Potential Loyalists
9097,1956,58,Graduation,Divorced,46086.0,0,1,1,2013-11-03,238,34,244,8,32,7,2,50,343,4,3,1,8,4,16,0,0,0,0,0,0,0,0,0,0.4799187725631769,Low Value,Low Value
10473,1956,58,PhD,Widow,78028.0,0,1,1,2012-09-10,657,38,158,19,288,25,0,38,528,1,6,4,9,7,20,0,0,0,1,1,1,2,3,0,0.5645306859205776,Mid Value,Potential Loyalists
7962,1987,27,PhD,Single,95169.0,0,0,0,2013-10-09,263,1,1285,21,449,106,20,20,1901,1,4,3,4,1,12,1,0,0,0,1,1,2,3,0,0.9657039711191335,High Value,Potential Loyalists
9984,1981,33,2n Cycle,Married,56337.0,1,1,2,2013-03-27,459,25,349,16,144,28,5,182,724,5,8,5,4,8,22,1,0,1,0,0,1,2,3,0,0.6254512635379061,Mid Value,Potential Loyalists
5527,1987,27,Graduation,Together,22434.0,1,0,1,2013-02-13,501,25,4,12,11,3,13,15,58,2,2,0,3,8,7,0,0,0,0,0,0,0,0,0,0.21096570397111913,Low Value,Low Value
6374,1954,60,PhD,Married,36930.0,0,1,1,2013-05-17,408,50,223,2,31,0,2,39,297,5,5,2,4,8,16,0,0,0,0,0,0,0,0,0,0.4566787003610108,Low Value,Low Value
7453,1954,60,Graduation,Single,36130.0,0,1,1,2013-02-02,512,46,157,43,127,68,56,37,488,6,3,8,4,4,21,0,0,1,0,0,1,1,2,0,0.5487364620938628,Mid Value,Potential Loyalists
8952,1953,61,Master,Married,65569.0,0,1,1,2012-11-05,601,96,397,46,288,20,38,70,859,2,6,5,10,3,23,0,0,0,0,0,0,0,0,0,0.6730595667870036,Mid Value,Loyal Customers
241,1952,62,Graduation,Together,83844.0,0,0,0,2013-05-12,413,57,901,31,345,75,31,191,1574,1,4,4,11,1,20,0,0,0,0,1,0,1,1,0,0.9083935018050542,High Value,Champions
8975,1968,46,Graduation,Married,19514.0,1,1,2,2014-01-26,154,47,14,3,21,2,1,28,69,4,3,1,2,8,10,0,0,1,0,0,0,1,1,0,0.2518050541516246,Low Value,Low Value
6119,1963,51,PhD,Single,36736.0,1,1,2,2013-05-10,415,52,10,0,3,0,0,4,17,1,1,0,2,6,4,0,0,0,0,0,0,0,0,0,0.026173285198555957,Low Value,Low Value
5236,1979,35,Graduation,Together,77568.0,0,1,1,2012-08-25,673,30,1230,0,396,232,178,158,2194,1,10,2,8,5,21,1,0,0,1,1,0,3,3,0,0.9918772563176895,High Value,Champions
5723,1976,38,PhD,Together,49187.0,0,1,1,2014-01-11,169,63,81,1,31,2,1,0,116,1,1,1,5,2,8,0,0,0,0,0,0,0,0,0,0.3346119133574007,Low Value,Low Value
1710,1978,36,Graduation,Single,30168.0,1,0,1,2013-03-07,479,51,154,20,66,0,12,27,279,7,6,1,4,9,18,0,0,0,0,0,0,0,0,0,0.45013537906137185,Low Value,Loyal Customers
1970,1968,46,Master,Together,34053.0,0,1,1,2012-09-10,657,14,63,0,21,7,0,12,103,1,3,0,3,8,7,0,0,0,0,0,0,0,0,0,0.3249097472924188,Low Value,Low Value
5313,1971,43,Master,Married,38196.0,1,1,2,2014-04-18,72,20,30,0,11,0,0,3,44,3,2,0,4,5,9,0,0,0,0,0,0,0,0,0,0.14395306859205775,Low Value,Low Value
10634,1951,63,Master,Married,59412.0,0,0,0,2014-04-19,71,56,90,67,165,30,43,11,406,1,4,2,8,3,15,0,0,0,0,0,0,0,0,0,0.5074458483754513,Mid Value,Potential Loyalists
7010,1965,49,2n Cycle,Married,70924.0,0,0,0,2014-04-07,83,41,635,114,254,132,152,76,1363,1,6,6,7,3,20,0,0,0,0,1,0,1,1,0,0.8535649819494585,High Value,Champions
8562,1969,45,Graduation,Together,54165.0,0,0,0,2013-05-28,397,72,127,4,73,15,6,11,236,1,2,1,7,2,11,0,0,0,0,0,0,0,0,0,0.42215703971119134,Low Value,Low Value
3158,1973,41,Graduation,Married,32300.0,1,0,1,2013-01-03,542,1,13,3,6,6,5,6,39,1,1,0,3,8,5,0,0,0,0,0,0,0,0,0,0.12003610108303249,Low Value,Low Value
4436,1976,38,Graduation,Single,20180.0,0,0,0,2013-02-20,494,27,18,42,24,15,20,18,137,1,2,1,4,7,8,0,0,0,0,0,0,0,0,0,0.3564981949458484,Low Value,Low Value
5287,1973,41,Graduation,Married,34961.0,1,0,1,2014-06-19,10,77,45,2,26,4,1,1,79,3,3,1,3,7,10,0,0,0,0,0,0,0,0,0,0.27955776173285196,Low Value,Low Value
2445,1974,40,PhD,Together,28440.0,1,0,1,2013-07-07,357,87,38,1,24,0,0,0,63,1,2,0,3,8,6,0,0,0,0,0,0,0,0,0,0.22856498194945848,Low Value,Low Value
6059,1953,61,PhD,Together,64504.0,1,2,3,2013-03-04,482,81,986,36,168,16,0,108,1314,7,11,3,4,7,25,0,0,0,0,0,1,0,1,0,0.8416064981949458,High Value,At-Risk High Value
4550,1966,48,Master,Together,33564.0,0,1,1,2014-06-24,5,51,61,0,3,0,0,7,71,1,1,1,3,5,6,0,0,0,0,0,0,0,0,0,0.2585740072202166,Low Value,Low Value
4240,1978,36,Graduation,Married,17345.0,1,0,1,2012-11-03,603,79,4,9,16,17,0,12,58,2,2,1,2,8,7,0,0,0,0,0,0,0,0,0,0.21096570397111913,Low Value,Low Value
8911,1967,47,PhD,Married,56320.0,0,1,1,2013-04-08,447,11,201,53,172,116,77,83,702,3,5,4,9,4,21,0,0,0,0,0,0,0,0,0,0.6213898916967509,Mid Value,Potential Loyalists
3706,1978,36,Graduation,Single,28647.0,1,0,1,2013-08-21,312,54,19,8,29,0,12,26,94,1,2,2,2,7,7,0,0,1,0,0,1,1,2,0,0.3079873646209386,Low Value,Low Value
3628,1987,27,Basic,Single,15038.0,1,0,1,2013-01-29,516,93,4,8,11,19,12,26,80,2,2,1,2,9,7,0,0,0,0,0,0,0,0,0,0.28203971119133575,Low Value,Low Value
10175,1958,56,PhD,Divorced,32173.0,0,1,1,2013-08-01,332,0,18,0,2,0,0,2,22,1,1,0,3,4,5,0,0,0,0,0,0,0,0,0,0.048962093862815886,Low Value,Low Value
8985,1964,50,2n Cycle,Together,68316.0,0,1,1,2012-11-04,602,54,806,80,161,120,11,33,1211,5,10,7,10,6,32,0,0,0,0,0,0,0,0,0,0.8147563176895307,High Value,Champions
5204,1971,43,Graduation,Together,74538.0,0,0,0,2013-06-29,365,21,380,98,733,110,112,28,1461,1,8,8,5,3,22,0,0,0,0,1,1,1,2,0,0.8810920577617328,High Value,Champions
9220,1971,43,Graduation,Single,91700.0,0,0,0,2013-01-17,528,58,576,172,961,125,115,19,1968,1,8,6,5,3,20,0,0,0,0,0,1,0,1,0,0.9765342960288809,High Value,Champions
9888,1969,45,Graduation,Together,68695.0,0,0,0,2014-06-25,4,3,458,81,356,106,50,40,1091,1,4,4,7,2,16,0,0,0,0,0,0,0,0,0,0.7646660649819494,Mid Value,Potential Loyalists
5263,1977,37,2n Cycle,Married,31056.0,1,0,1,2013-01-22,523,99,5,10,13,3,8,16,55,1,1,0,3,8,5,0,0,0,0,0,0,0,0,0,0.1976534296028881,Low Value,Low Value
1020,1973,41,Graduation,Married,79593.0,0,0,0,2014-05-12,48,70,350,60,568,110,133,145,1366,1,5,6,7,2,19,0,0,0,0,1,0,1,1,0,0.8558212996389891,High Value,At-Risk High Value
9503,1980,34,Graduation,Single,28071.0,0,0,0,2012-08-29,669,65,39,33,130,41,26,44,313,2,5,1,5,8,13,0,0,0,0,0,0,0,0,0,0.46615523465703973,Low Value,Low Value
10613,1958,56,PhD,Together,37334.0,1,1,2,2014-02-26,123,44,26,1,16,2,2,15,62,4,3,0,4,4,11,0,0,0,0,0,0,0,0,0,0.22382671480144403,Low Value,Low Value
67,1972,42,Master,Single,46423.0,1,1,2,2013-09-18,284,6,68,0,16,0,0,8,92,3,2,0,4,7,9,0,0,0,0,0,0,0,0,0,0.3037003610108303,Low Value,Low Value
6019,1971,43,PhD,Married,37126.0,1,0,1,2014-03-30,91,9,45,3,9,4,4,7,72,1,1,2,2,6,6,0,0,1,0,0,1,1,2,0,0.2621841155234657,Low Value,Low Value
5863,1953,61,Graduation,Married,47703.0,0,1,1,2013-05-29,396,95,359,0,134,13,26,123,655,4,6,3,8,5,21,0,0,0,0,0,0,0,0,0,0.6060469314079422,Mid Value,Loyal Customers
3717,1959,55,Graduation,Married,61180.0,0,1,1,2014-04-23,67,70,403,24,29,6,24,218,704,2,5,5,6,3,18,0,0,1,0,0,0,1,1,0,0.6220667870036101,Mid Value,Loyal Customers
6730,1954,60,Graduation,Married,38998.0,1,1,2,2012-11-03,603,92,34,1,14,0,0,5,54,3,2,0,3,8,8,0,0,0,0,0,0,0,0,1,0.19133574007220217,Low Value,Low Value
10749,1991,23,Graduation,Single,8028.0,0,0,0,2012-09-18,649,62,73,18,66,7,12,2,178,15,0,1,0,19,16,0,0,0,0,0,0,0,0,0,0.38831227436823107,Low Value,Low Value
4998,1962,52,Graduation,Together,76081.0,0,0,0,2014-05-23,37,85,292,30,415,63,33,200,1033,1,4,5,4,2,14,1,0,0,0,0,0,1,1,0,0.7439079422382672,Mid Value,Low Value
6287,1986,28,Graduation,Together,34728.0,1,0,1,2013-07-30,334,2,14,0,16,0,0,6,36,1,1,1,2,6,5,0,0,0,0,0,1,0,1,0,0.10446750902527076,Low Value,Low Value
5985,1965,49,Master,Single,33168.0,0,1,1,2012-10-13,624,0,80,1,37,0,1,3,122,3,2,1,4,7,10,0,0,0,0,0,0,0,0,0,0.3418321299638989,Low Value,Low Value
4754,1966,48,Master,Married,33585.0,0,1,1,2013-09-25,277,91,30,11,33,13,6,29,122,1,2,0,4,4,7,0,0,0,0,0,0,0,0,0,0.3418321299638989,Low Value,Low Value
4002,1960,54,PhD,Married,77037.0,0,1,1,2013-10-13,259,3,463,96,333,168,53,10,1123,1,7,7,12,3,27,0,0,0,0,0,0,0,0,0,0.7779783393501805,Mid Value,Potential Loyalists
8870,1984,30,Graduation,Together,35196.0,1,0,1,2012-11-13,593,68,75,12,141,43,39,187,497,6,6,1,5,8,18,0,0,0,0,0,1,0,1,0,0.5541516245487365,Mid Value,Loyal Customers
966,1966,48,Graduation,Married,44529.0,0,1,1,2013-07-05,359,98,538,13,91,17,6,26,691,6,6,2,11,5,25,0,0,0,1,0,0,1,1,0,0.6186823104693141,Mid Value,Loyal Customers
4767,1965,49,2n Cycle,Married,70924.0,0,0,0,2014-04-07,83,41,635,114,254,132,152,76,1363,1,6,6,7,3,20,0,0,0,0,1,0,1,1,0,0.8535649819494585,High Value,Champions
9725,1966,48,PhD,Together,28764.0,1,1,2,2014-06-05,24,16,8,0,3,0,0,1,12,1,1,0,2,8,4,0,0,1,0,0,0,1,1,0,0.009250902527075812,Low Value,Low Value
4475,1949,65,PhD,Married,69098.0,0,0,0,2013-02-16,498,82,1315,22,780,145,0,178,2440,1,7,8,9,5,25,0,0,0,0,0,0,0,0,0,0.9981949458483754,High Value,At-Risk High Value
5740,1970,44,2n Cycle,Divorced,25959.0,1,1,2,2013-02-14,500,1,4,2,12,7,5,26,56,2,1,2,2,6,7,0,0,0,0,0,1,0,1,0,0.2019404332129964,Low Value,Low Value
5731,1983,31,Master,Married,27100.0,1,0,1,2013-04-05,450,64,12,0,13,2,0,10,37,1,1,0,3,7,5,0,0,0,0,0,0,0,0,0,0.10898014440433212,Low Value,Low Value
7290,1985,29,Graduation,Single,70596.0,0,0,0,2012-10-05,632,68,347,44,534,17,0,26,968,1,3,5,12,2,21,0,0,0,0,0,0,0,0,0,0.7159296028880866,Mid Value,Loyal Customers
3846,1974,40,Graduation,Married,42557.0,0,1,1,2012-08-29,669,98,192,5,53,0,5,15,270,4,6,1,4,8,15,0,0,0,0,0,0,0,0,0,0.44314079422382674,Low Value,Low Value
8104,1951,63,PhD,Married,53312.0,0,0,0,2013-08-09,324,32,241,0,12,0,0,25,278,1,5,1,5,7,12,0,0,0,0,0,0,0,0,0,0.4490072202166065,Low Value,Low Value
4507,1952,62,Graduation,Single,72228.0,0,0,0,2012-11-27,579,87,631,28,491,30,14,56,1250,1,6,7,8,3,22,0,0,0,0,0,0,0,0,0,0.8271660649819494,High Value,At-Risk High Value
11013,1987,27,Graduation,Together,67605.0,0,0,0,2013-03-31,455,84,336,28,282,184,54,54,938,1,2,8,6,1,17,0,0,0,0,0,0,0,0,0,0.7048736462093863,Mid Value,Loyal Customers
4491,1949,65,Master,Married,62845.0,1,1,2,2012-10-01,636,3,1099,0,45,0,0,34,1178,11,3,4,10,8,28,0,0,0,1,0,0,1,1,0,0.8012184115523465,High Value,Champions
3759,1958,56,Graduation,Together,65196.0,0,2,2,2013-07-25,339,34,743,19,181,12,0,200,1155,2,7,6,11,5,26,0,0,1,0,0,0,1,1,0,0.7901624548736462,Mid Value,Potential Loyalists
1162,1987,27,PhD,Single,42000.0,0,0,0,2013-01-10,535,23,124,83,267,85,59,35,653,2,5,2,11,5,20,0,0,0,0,0,1,0,1,0,0.6044675090252708,Mid Value,Potential Loyalists
2055,1973,41,PhD,Divorced,35860.0,1,1,2,2014-05-19,41,37,15,0,8,4,2,20,49,2,1,1,2,5,6,0,0,1,0,0,0,1,1,0,0.17373646209386281,Low Value,Low Value
10766,1964,50,PhD,Married,65526.0,0,1,1,2014-04-11,79,22,397,19,69,12,0,9,506,1,4,4,8,2,17,0,0,0,0,0,0,0,0,0,0.5573104693140795,Mid Value,Potential Loyalists
4415,1961,53,Graduation,Married,16860.0,1,1,2,2012-09-12,655,19,10,4,4,3,3,14,38,3,1,1,3,7,8,0,0,0,0,0,0,0,0,0,0.11529783393501805,Low Value,Low Value
3005,1992,22,Graduation,Single,83528.0,0,0,0,2014-05-01,59,7,530,117,678,134,44,147,1650,1,4,10,8,1,23,1,0,1,0,0,1,2,3,0,0.9262184115523465,High Value,Champions
2223,1965,49,2n Cycle,Divorced,64176.0,0,1,1,2012-08-03,695,52,1215,33,249,64,116,149,1826,8,8,9,8,6,33,0,0,0,0,0,0,0,0,0,0.9580324909747292,High Value,Champions
4817,1956,58,Graduation,Divorced,22304.0,0,0,0,2012-08-04,694,91,3,2,7,0,4,2,18,1,1,0,2,8,4,0,0,0,0,0,0,0,0,0,0.031137184115523464,Low Value,Low Value
2875,1978,36,Graduation,Married,67023.0,0,0,0,2014-03-04,117,93,444,44,382,11,8,17,906,1,3,7,13,2,24,0,0,0,0,0,0,0,0,1,0.6920126353790613,Mid Value,Loyal Customers
10536,1971,43,PhD,Together,32892.0,1,0,1,2014-05-25,35,78,26,0,15,2,1,2,46,2,3,0,3,8,8,0,0,0,0,0,0,0,0,0,0.15681407942238268,Low Value,Low Value
11112,1966,48,Graduation,Together,70713.0,0,1,1,2012-12-03,573,23,736,114,279,82,76,190,1477,6,5,6,8,3,25,0,0,0,0,0,0,0,0,0,0.8837996389891697,High Value,Champions
3807,1955,59,Graduation,Together,59925.0,0,1,1,2012-11-30,576,83,473,21,176,19,21,56,766,3,9,2,9,6,23,0,0,0,0,0,0,0,0,0,0.6416967509025271,Mid Value,Loyal Customers
9197,1953,61,Graduation,Married,39722.0,0,1,1,2014-02-24,125,92,32,0,5,2,0,8,47,2,2,0,3,5,7,0,0,0,0,0,0,0,0,0,0.16290613718411553,Low Value,Low Value
10832,1958,56,Graduation,Together,46610.0,0,0,0,2013-07-18,346,4,288,10,30,4,10,125,467,1,6,1,6,6,14,0,0,0,0,0,0,0,0,0,0.5412906137184116,Mid Value,Potential Loyalists
6421,1961,53,Graduation,Together,88347.0,0,0,0,2013-07-03,361,32,1050,178,555,77,138,118,2116,1,4,7,9,1,21,1,0,0,0,0,0,1,1,0,0.9887184115523465,High Value,Champions
4207,1981,33,PhD,Married,87171.0,0,0,0,2013-05-01,424,27,1001,44,107,58,44,44,1298,1,6,7,11,2,25,0,0,1,0,1,0,2,2,0,0.8384476534296029,High Value,Champions
577,1976,38,2n Cycle,Together,26907.0,1,1,2,2013-08-20,313,10,9,1,7,0,3,2,22,2,1,0,3,7,6,0,0,0,0,0,0,0,0,0,0.048962093862815886,Low Value,Low Value
10855,1968,46,Master,Single,50014.0,1,0,1,2014-01-22,158,9,234,14,77,19,10,42,396,2,4,1,8,5,15,0,0,0,0,0,0,0,0,0,0.49954873646209386,Low Value,Low Value
3081,1978,36,PhD,Married,41014.0,1,0,1,2013-04-22,433,65,7,2,6,2,0,3,20,1,1,0,2,7,4,0,0,0,0,0,0,0,0,0,0.03813176895306859,Low Value,Low Value
3535,1965,49,Graduation,Single,66294.0,0,0,0,2014-03-17,104,68,251,108,334,65,92,117,967,1,4,3,5,2,13,0,0,0,0,0,0,0,0,0,0.7152527075812274,Mid Value,Low Value
247,1971,43,Graduation,Married,36715.0,1,0,1,2012-11-17,589,16,172,10,125,21,13,16,357,6,7,2,4,9,19,0,0,0,0,0,1,0,1,0,0.48375451263537905,Low Value,Loyal Customers
8707,1956,58,Graduation,Married,79456.0,0,0,0,2012-08-22,676,12,565,42,548,64,83,99,1401,1,5,6,4,3,16,0,0,0,0,0,1,0,1,0,0.868456678700361,High Value,Potential Loyalists
9523,1982,32,Graduation,Together,40479.0,1,0,1,2013-08-17,316,95,5,0,8,2,0,0,15,1,0,0,3,4,4,0,0,0,0,0,0,0,0,0,0.01601985559566787,Low Value,Low Value
6072,1970,44,Master,Single,75345.0,0,0,0,2013-02-02,512,16,918,57,842,99,38,133,2087,1,5,8,6,3,20,1,0,0,0,0,1,1,2,0,0.9851083032490975,High Value,Champions
6295,1977,37,Graduation,Married,54233.0,0,1,1,2013-02-04,510,46,652,8,158,21,0,142,981,4,11,6,5,8,26,0,0,0,0,0,0,0,0,0,0.7240523465703971,Mid Value,Potential Loyalists
10914,1970,44,Graduation,Single,24163.0,1,1,2,2013-10-12,260,3,4,1,7,2,1,2,17,2,1,0,3,4,6,0,0,0,0,0,0,0,0,0,0.026173285198555957,Low Value,Low Value
1509,1958,56,PhD,Together,84460.0,0,0,0,2013-01-04,541,80,152,27,103,106,54,81,523,0,9,9,4,5,22,1,1,0,1,1,1,4,5,0,0.5627256317689531,Mid Value,Loyal Customers
5577,1983,31,Graduation,Together,43776.0,1,0,1,2014-05-03,57,77,8,0,9,2,1,3,23,1,1,0,2,6,4,0,0,0,0,0,0,0,0,0,0.05550541516245487,Low Value,Low Value
7348,1958,56,PhD,Single,71691.0,0,0,0,2014-03-17,104,0,336,130,411,240,32,43,1192,1,4,7,5,2,17,0,0,0,0,0,1,0,1,0,0.8084386281588448,High Value,Champions
1127,1973,41,PhD,Married,85844.0,0,0,0,2014-05-29,31,62,938,19,843,25,95,38,1958,1,6,6,7,2,20,0,0,0,0,1,0,1,1,0,0.9758574007220217,High Value,At-Risk High Value
1833,1974,40,PhD,Single,39190.0,1,0,1,2014-04-26,64,91,68,8,18,19,8,12,133,2,2,1,4,5,9,0,0,0,0,0,0,0,0,0,0.35175992779783394,Low Value,Low Value
4944,1959,55,Graduation,Together,71367.0,0,0,0,2013-08-23,310,24,227,23,389,42,21,75,777,1,4,5,7,2,17,0,0,0,0,0,0,0,0,0,0.6455324909747292,Mid Value,Potential Loyalists
9080,1972,42,PhD,Single,38578.0,1,1,2,2013-06-22,372,2,38,4,22,3,3,3,73,3,3,0,3,8,9,0,0,0,0,0,0,0,0,0,0.2648916967509025,Low Value,Low Value
6466,1965,49,PhD,Married,57236.0,1,1,2,2014-03-12,109,22,105,0,9,2,1,4,121,3,2,1,4,3,10,0,0,0,0,0,0,0,0,0,0.3398014440433213,Low Value,Low Value
9964,1979,35,Graduation,Single,61825.0,0,1,1,2013-08-07,326,56,162,50,100,55,30,27,424,1,4,2,8,4,15,0,0,0,0,0,0,0,0,0,0.5185018050541517,Mid Value,Potential Loyalists
4790,1958,56,Graduation,Divorced,79803.0,0,1,1,2014-06-02,27,54,574,8,216,21,16,33,868,1,4,3,5,1,13,0,0,0,0,0,0,0,0,0,0.6764440433212996,Mid Value,Potential Loyalists
10245,1986,28,2n Cycle,Single,80910.0,0,0,0,2012-10-31,606,71,160,80,369,67,39,41,756,1,3,3,8,1,15,0,0,0,0,0,0,0,0,0,0.6385379061371841,Mid Value,Low Value
1109,1982,32,Master,Together,27590.0,1,0,1,2013-04-23,432,38,6,0,5,0,0,1,12,1,1,0,2,7,4,0,0,0,0,0,0,0,0,0,0.009250902527075812,Low Value,Low Value
6001,1979,35,Graduation,Married,56775.0,0,1,1,2013-01-02,543,62,614,35,160,58,35,35,937,2,5,8,10,5,25,0,0,0,0,0,0,0,0,0,0.7044223826714802,Mid Value,Loyal Customers
5538,1975,39,Graduation,Divorced,83829.0,0,0,0,2013-10-08,264,78,897,161,430,186,161,27,1862,0,4,7,6,1,17,1,0,1,0,1,1,3,4,0,0.9618682310469314,High Value,At-Risk High Value
10552,1979,35,2n Cycle,Married,54210.0,0,1,1,2013-05-20,405,18,70,54,109,80,9,45,367,2,4,1,7,5,14,0,0,0,0,0,0,0,0,0,0.4875902527075812,Low Value,Low Value
1545,1986,28,Graduation,Married,38508.0,1,0,1,2013-08-02,331,95,120,19,206,25,19,54,443,6,7,2,5,8,20,0,0,0,0,0,0,0,0,0,0.5286552346570397,Mid Value,Loyal Customers
7409,1970,44,Graduation,Together,53187.0,1,0,1,2013-10-26,246,66,211,2,30,7,7,10,267,2,4,1,6,5,13,0,0,0,0,0,0,0,0,0,0.4395306859205776,Low Value,Low Value
4444,1972,42,Graduation,Married,30023.0,1,0,1,2014-03-24,97,28,11,0,16,7,6,21,61,1,2,0,3,8,6,0,0,0,0,0,0,0,0,0,0.2197653429602888,Low Value,Low Value
146,1960,54,PhD,Single,76045.0,0,0,0,2013-11-15,226,78,760,53,400,17,93,0,1323,1,4,5,11,2,21,1,0,0,0,0,0,1,1,0,0.845442238267148,High Value,At-Risk High Value
6271,1952,62,PhD,Married,50870.0,0,1,1,2014-06-19,10,13,53,0,8,0,0,2,63,1,2,0,3,5,6,0,0,0,0,0,0,0,0,0,0.22856498194945848,Low Value,Low Value
10065,1970,44,2n Cycle,Married,15315.0,0,0,0,2013-08-03,330,27,7,4,13,15,8,17,64,2,2,0,4,5,8,0,0,0,0,0,0,0,0,0,0.2328519855595668,Low Value,Low Value
4741,1974,40,2n Cycle,Married,65463.0,1,0,1,2014-01-30,150,17,391,32,70,21,32,16,562,2,6,2,9,5,19,0,0,0,1,0,0,1,1,0,0.5746841155234657,Mid Value,Potential Loyalists
246,1965,49,Graduation,Married,66480.0,1,1,2,2014-05-31,29,71,199,9,57,20,21,6,312,7,4,1,7,4,19,0,0,0,0,0,0,0,0,0,0.46525270758122744,Low Value,Loyal Customers
375,1954,60,Graduation,Divorced,76773.0,0,0,0,2013-02-25,489,79,516,56,449,86,33,16,1156,1,2,2,11,1,16,0,0,0,0,0,0,0,0,0,0.7908393501805054,Mid Value,Low Value
1524,1983,31,2n Cycle,Single,81698.0,0,0,0,2013-03-01,485,1,709,45,115,30,160,45,1104,1,8,2,5,5,16,1,0,0,0,0,1,1,2,0,0.7725631768953068,Mid Value,Potential Loyalists
10022,1973,41,PhD,Single,54466.0,1,1,2,2014-02-09,140,78,12,0,4,0,0,0,16,1,1,0,2,5,4,0,0,0,0,0,0,0,0,0,0.02075812274368231,Low Value,Low Value
7451,1960,54,Master,Single,98777.0,0,0,0,2014-02-17,132,23,1000,19,711,125,115,38,2008,0,4,6,9,1,19,0,0,0,1,0,0,1,1,0,0.9785649819494585,High Value,Champions
11010,1984,30,PhD,Single,16269.0,1,0,1,2013-08-30,303,75,19,3,18,3,1,0,44,3,3,0,3,8,9,0,0,0,0,0,0,0,0,0,0.14395306859205775,Low Value,Low Value
4356,1971,43,Graduation,Together,71819.0,0,1,1,2013-08-28,305,70,1224,28,140,0,14,168,1574,3,3,3,5,6,14,0,0,0,1,1,0,2,2,0,0.9083935018050542,High Value,At-Risk High Value
3885,1983,31,PhD,Married,33569.0,1,0,1,2013-10-16,256,10,16,2,18,3,0,24,63,1,1,1,2,8,5,0,0,1,0,0,1,1,2,0,0.22856498194945848,Low Value,Low Value
1175,1983,31,Master,Married,36262.0,0,0,0,2013-09-20,282,24,88,39,54,64,28,153,426,1,3,5,3,6,12,0,0,1,0,0,1,1,2,0,0.5207581227436823,Mid Value,Potential Loyalists
880,1966,48,Basic,Together,22634.0,0,0,0,2013-01-16,529,47,2,23,11,8,6,46,96,1,2,1,2,8,6,0,0,0,0,0,0,0,0,0,0.31227436823104693,Low Value,Low Value
2320,1978,36,2n Cycle,Married,47025.0,0,1,1,2013-09-12,290,98,508,11,59,23,5,29,635,5,11,1,6,9,23,0,0,0,0,0,0,0,0,0,0.5992779783393501,Mid Value,Loyal Customers
850,1968,46,Graduation,Single,70566.0,0,1,1,2013-10-06,266,4,381,28,215,84,28,21,757,2,6,5,9,3,22,0,0,0,0,0,0,0,0,0,0.6389891696750902,Mid Value,Potential Loyalists
4713,1979,35,PhD,Married,31605.0,1,0,1,2012-11-22,584,15,74,0,42,2,1,6,125,2,2,1,4,7,9,0,0,0,0,0,0,0,0,0,0.34453971119133575,Low Value,Low Value
675,1973,41,Master,Divorced,52034.0,1,1,2,2013-05-17,408,67,146,0,93,7,13,73,332,5,4,2,5,7,16,0,0,0,0,0,0,0,0,0,0.47743682310469315,Low Value,Low Value
5025,1979,35,Graduation,Single,48526.0,1,0,1,2013-12-24,187,32,23,17,23,43,20,9,135,1,2,1,4,3,8,0,0,0,0,0,0,0,0,0,0.35446750902527074,Low Value,Low Value
2308,1954,60,Graduation,Married,46734.0,0,1,1,2012-11-18,588,40,110,5,137,26,23,29,330,2,6,1,5,7,14,0,0,0,0,0,0,0,0,0,0.4760830324909747,Low Value,Low Value
5995,1962,52,Graduation,Divorced,39552.0,1,1,2,2012-12-18,558,54,165,3,147,4,24,41,384,7,6,2,5,8,20,0,0,0,0,0,1,0,1,0,0.49458483754512633,Low Value,Loyal Customers
6749,1966,48,Graduation,Single,86358.0,1,1,2,2012-08-08,690,78,957,47,494,82,47,95,1722,4,5,3,6,8,18,0,0,0,0,0,0,0,0,0,0.9408844765342961,High Value,At-Risk High Value
1010,1977,37,Graduation,Together,46931.0,2,1,3,2014-04-24,66,94,41,0,17,3,1,16,78,2,1,1,3,3,7,0,0,0,0,0,0,0,0,0,0.276398916967509,Low Value,Low Value
8977,1985,29,Basic,Single,16581.0,0,0,0,2013-01-12,533,51,1,3,4,2,3,11,24,1,0,0,3,4,4,0,0,0,0,0,0,0,0,0,0.059341155234657036,Low Value,Low Value
4756,1952,62,2n Cycle,Divorced,63998.0,0,0,0,2013-12-20,191,42,176,29,818,0,33,112,1168,1,7,6,11,4,25,0,0,0,0,0,1,0,1,0,0.7958032490974729,Mid Value,Potential Loyalists
3412,1951,63,Master,Married,67381.0,0,1,1,2013-01-15,530,67,815,8,53,11,0,70,957,4,2,2,9,7,17,0,0,0,1,0,0,1,1,0,0.7102888086642599,Mid Value,Loyal Customers
606,1967,47,Graduation,Single,25930.0,1,1,2,2013-10-10,262,87,6,1,2,2,0,4,15,1,1,0,2,7,4,0,0,0,0,0,0,0,0,0,0.01601985559566787,Low Value,Low Value
5961,1978,36,Graduation,Married,42693.0,1,0,1,2014-06-07,22,29,8,4,20,6,3,16,57,1,1,0,3,5,5,0,0,0,0,0,0,0,0,0,0.20645306859205775,Low Value,Low Value
2975,1976,38,Graduation,Together,85606.0,0,1,1,2012-11-12,594,89,717,42,864,219,30,84,1956,2,6,7,9,3,24,1,0,0,0,0,0,1,1,0,0.973826714801444,High Value,At-Risk High Value
2894,1985,29,Graduation,Single,72903.0,0,0,0,2013-10-29,243,74,1067,138,750,0,19,39,2013,1,7,5,8,4,21,1,0,0,1,1,1,3,4,0,0.9796931407942239,High Value,At-Risk High Value
7613,1974,40,2n Cycle,Together,49669.0,1,0,1,2014-05-24,36,97,166,5,107,11,8,29,326,2,5,1,6,6,14,0,0,0,0,0,0,0,0,0,0.4754061371841155,Low Value,Low Value
10542,1968,46,PhD,Married,36778.0,1,1,2,2012-08-05,693,63,29,4,34,2,4,4,77,3,3,0,3,9,9,0,0,0,0,0,0,0,0,0,0.2736913357400722,Low Value,Low Value
8015,1962,52,PhD,Divorced,85696.0,0,0,0,2013-05-03,422,88,714,76,395,116,0,12,1313,1,4,6,9,1,20,0,0,0,0,0,1,0,1,0,0.8409296028880866,High Value,At-Risk High Value
10617,1989,25,Master,Divorced,10979.0,0,0,0,2014-05-22,38,34,8,4,10,2,2,4,30,2,3,0,3,5,8,0,0,0,0,0,0,0,0,0,0.0812274368231047,Low Value,Low Value
11166,1961,53,Graduation,Married,49678.0,0,1,1,2013-02-02,512,81,229,5,56,3,2,20,315,2,6,2,4,7,14,0,0,0,0,0,0,0,0,0,0.46705776173285196,Low Value,Low Value
849,1953,61,Master,Together,56129.0,0,1,1,2013-06-20,374,65,320,48,133,39,72,48,660,4,6,2,10,4,22,0,0,0,0,0,0,0,0,0,0.6078519855595668,Mid Value,Loyal Customers
523,1989,25,Graduation,Married,37155.0,1,0,1,2013-01-31,514,51,23,0,26,7,15,3,74,1,2,0,4,5,7,0,0,0,0,0,0,0,0,0,0.26624548736462095,Low Value,Low Value
4066,1978,36,2n Cycle,Divorced,21282.0,1,0,1,2014-05-11,49,76,1,5,8,4,8,20,46,2,2,1,2,6,7,0,0,0,0,0,0,0,0,0,0.15681407942238268,Low Value,Low Value
8414,1962,52,PhD,Single,33419.0,0,1,1,2013-08-17,316,76,56,0,12,0,0,18,86,2,2,0,4,7,8,0,0,0,0,0,0,0,0,0,0.29287003610108303,Low Value,Low Value
819,1945,69,Graduation,Widow,63285.0,0,0,0,2013-11-05,236,84,508,124,249,50,38,134,1103,1,6,5,13,3,25,0,0,0,0,0,0,0,0,0,0.7718862815884476,Mid Value,Loyal Customers
4961,1974,40,Master,Together,21255.0,1,0,1,2014-01-21,159,56,29,0,25,2,2,3,61,4,2,1,4,4,11,0,0,0,0,0,0,0,0,0,0.2197653429602888,Low Value,Low Value
749,1981,33,Graduation,Together,42162.0,1,0,1,2013-11-19,222,31,46,7,59,2,4,27,145,2,3,1,3,6,9,0,0,1,0,0,1,1,2,0,0.3641696750902527,Low Value,Low Value
5430,1956,58,Graduation,Together,54450.0,1,1,2,2012-09-14,653,0,454,0,171,8,19,32,684,12,9,2,8,8,31,0,0,0,0,0,0,0,0,0,0.6155234657039711,Mid Value,Potential Loyalists
7755,1954,60,PhD,Married,57744.0,0,1,1,2013-11-12,229,91,350,3,39,0,0,19,411,2,9,1,4,8,16,0,0,0,0,0,0,0,0,0,0.5106046931407943,Mid Value,Low Value
10525,1986,28,Graduation,Single,26576.0,1,0,1,2012-10-13,624,40,10,0,8,0,0,9,27,1,1,0,2,9,4,0,0,1,0,0,1,1,2,0,0.06994584837545126,Low Value,Low Value
1453,1943,71,PhD,Widow,57513.0,0,0,0,2013-07-06,358,59,735,40,183,52,20,30,1060,2,9,3,13,6,27,0,0,0,0,0,0,0,0,0,0.753158844765343,Mid Value,Potential Loyalists
8310,1964,50,Graduation,Together,68142.0,0,1,1,2012-08-29,669,96,897,126,196,91,112,37,1459,3,10,4,7,6,24,0,0,0,0,0,0,0,0,0,0.8804151624548736,High Value,At-Risk High Value
10710,1979,35,Graduation,Married,7500.0,0,1,1,2012-08-29,669,61,5,2,3,3,0,5,18,1,1,0,2,8,4,0,0,0,0,0,0,0,0,0,0.031137184115523464,Low Value,Low Value
5031,1974,40,Graduation,Together,83145.0,0,0,0,2012-09-22,645,14,777,35,731,39,137,114,1833,1,5,9,11,2,26,0,0,0,0,1,1,1,2,0,0.9593862815884476,High Value,Champions
2613,1960,54,Master,Married,54197.0,0,1,1,2014-04-03,87,16,162,6,37,6,13,13,237,2,1,3,6,1,12,0,0,0,0,0,0,0,0,0,0.4230595667870036,Low Value,Low Value
213,1963,51,PhD,Single,23091.0,1,1,2,2014-05-28,32,98,35,0,11,0,0,2,48,4,2,1,3,7,10,0,0,0,0,0,0,0,0,0,0.1680956678700361,Low Value,Low Value
967,1976,38,Graduation,Married,46049.0,1,1,2,2013-07-21,343,11,342,9,112,19,14,19,515,10,5,2,9,7,26,0,0,0,0,0,1,0,1,0,0.5600180505415162,Mid Value,Potential Loyalists
1077,1974,40,Graduation,Together,56715.0,0,0,0,2012-12-05,571,52,258,105,239,237,172,9,1020,1,7,3,4,4,15,0,0,0,0,0,0,0,0,0,0.7384927797833934,Mid Value,Potential Loyalists
7959,1961,53,Graduation,Married,79410.0,0,0,0,2014-05-29,31,19,658,80,483,123,13,13,1370,1,3,2,5,1,11,0,0,0,0,0,0,0,0,0,0.8574007220216606,High Value,Potential Loyalists
640,1951,63,Graduation,Married,57304.0,0,1,1,2013-03-11,475,61,356,80,329,138,17,106,1026,2,7,6,10,5,25,0,0,0,0,0,0,0,0,0,0.7405234657039711,Mid Value,Loyal Customers
4252,1965,49,Graduation,Married,44375.0,0,1,1,2014-03-23,98,73,213,5,28,7,7,41,301,1,4,1,6,5,12,0,0,0,0,0,0,0,0,0,0.4584837545126354,Low Value,Low Value
8432,1956,58,Graduation,Together,54450.0,1,1,2,2012-09-14,653,0,454,0,171,8,19,32,684,12,9,2,8,8,31,0,0,0,0,0,0,0,0,0,0.6155234657039711,Mid Value,Potential Loyalists
6218,1965,49,Graduation,Married,59594.0,0,1,1,2012-10-20,617,74,457,4,29,0,0,9,499,1,8,1,7,7,17,0,0,0,1,0,0,1,1,0,0.5550541516245487,Mid Value,Loyal Customers
6905,1994,20,Graduation,Together,80685.0,0,0,0,2012-08-22,676,55,241,45,604,34,26,54,1004,1,6,4,10,2,21,0,0,0,0,0,0,0,0,0,0.7330776173285198,Mid Value,Potential Loyalists
5922,1974,40,PhD,Married,40344.0,0,1,1,2013-10-13,259,48,210,0,6,0,0,2,218,2,4,1,5,7,12,0,0,0,0,0,0,0,0,0,0.41155234657039713,Low Value,Low Value
3598,1972,42,Graduation,Married,62710.0,0,1,1,2013-05-23,402,53,441,35,83,7,29,11,606,4,4,2,12,4,22,0,0,0,0,0,0,0,0,0,0.5907039711191335,Mid Value,Potential Loyalists
6116,1968,46,2n Cycle,Married,48985.0,0,1,1,2013-07-05,359,13,19,13,18,10,7,8,75,1,1,1,3,3,6,0,0,0,0,0,0,0,0,0,0.26827617328519854,Low Value,Low Value
6263,1968,46,Graduation,Together,35322.0,1,2,3,2012-08-22,676,34,28,9,37,12,7,13,106,3,2,0,4,8,9,0,0,0,0,0,0,0,0,0,0.3276173285198556,Low Value,Low Value
10486,1948,66,Graduation,Married,77142.0,0,0,0,2013-05-29,396,54,476,75,162,29,151,97,990,1,4,4,8,2,17,0,0,0,0,0,0,0,0,0,0.7274368231046932,Mid Value,Potential Loyalists
2410,1969,45,Graduation,Single,81657.0,0,0,0,2014-01-22,158,69,364,40,425,158,60,50,1097,1,3,4,8,1,16,0,0,0,0,0,0,0,0,0,0.7682761732851986,Mid Value,Low Value
193,1996,18,Basic,Married,14421.0,0,0,0,2014-02-17,132,81,0,0,2,3,3,8,16,1,1,0,2,5,4,0,0,1,0,0,0,1,1,0,0.02075812274368231,Low Value,Low Value
3363,1974,40,2n Cycle,Married,20130.0,0,0,0,2014-03-17,104,99,0,6,3,7,6,12,34,1,1,0,3,8,5,0,0,0,0,0,0,0,0,0,0.09747292418772563,Low Value,Low Value
8278,1990,24,PhD,Married,74214.0,0,0,0,2012-08-26,672,3,863,83,547,86,99,33,1711,1,8,2,5,5,16,0,0,0,0,0,0,0,0,0,0.9395306859205776,High Value,Potential Loyalists
10660,1957,57,Master,Married,66726.0,1,1,2,2014-01-12,168,61,349,7,35,0,0,47,438,3,8,2,4,7,17,0,0,0,1,0,0,1,1,0,0.5266245487364621,Mid Value,Loyal Customers
8686,1979,35,Basic,Together,23724.0,1,0,1,2013-01-08,537,65,5,23,15,0,18,14,75,2,2,0,3,8,7,0,0,0,0,0,0,0,0,0,0.26827617328519854,Low Value,Low Value
1604,1960,54,Master,Married,47353.0,0,1,1,2013-11-13,228,93,184,2,19,8,8,4,225,3,2,2,6,5,13,0,0,0,0,0,0,0,0,0,0.41561371841155237,Low Value,Low Value
5907,1952,62,Master,Married,33444.0,1,1,2,2012-11-03,603,24,8,0,8,0,0,2,18,1,1,0,2,8,4,0,0,0,0,0,0,0,0,0,0.031137184115523464,Low Value,Low Value
10669,1981,33,Graduation,Married,54386.0,0,1,1,2013-05-17,408,8,277,21,64,62,21,25,470,2,3,2,10,3,17,0,0,0,0,0,0,0,0,0,0.5435469314079422,Mid Value,Potential Loyalists
2918,1981,33,Graduation,Divorced,28510.0,1,1,2,2013-04-13,442,72,44,5,19,0,4,19,91,3,2,0,4,5,9,0,0,0,0,0,0,0,0,0,0.3009927797833935,Low Value,Low Value
5735,1991,23,Master,Single,90638.0,0,0,0,2014-02-13,136,29,1156,120,915,94,144,96,2525,1,3,4,10,1,18,0,0,0,0,1,0,1,1,0,0.9997743682310469,High Value,Champions
359,1950,64,Graduation,Together,48070.0,0,1,1,2013-01-13,532,33,373,14,83,6,9,19,504,3,8,2,6,7,19,0,0,0,0,0,0,0,0,1,0.5564079422382672,Mid Value,Potential Loyalists
8387,1957,57,Graduation,Married,43140.0,0,1,1,2013-01-05,540,68,134,8,76,6,0,11,235,1,4,1,5,6,11,0,0,0,0,0,0,0,0,0,0.4208032490974729,Low Value,Low Value
1829,1961,53,PhD,Divorced,54959.0,0,1,1,2013-01-19,526,55,1148,0,60,0,0,24,1232,3,9,5,4,7,21,0,0,0,1,0,1,1,2,0,0.8217509025270758,High Value,Champions
3839,1958,56,Basic,Single,15056.0,1,1,2,2013-05-03,422,76,6,12,3,21,6,40,88,5,2,2,3,5,12,0,0,0,0,0,0,0,0,0,0.29535198555956677,Low Value,Low Value
9392,1971,43,Graduation,Single,26954.0,1,0,1,2014-05-08,52,17,4,1,11,0,0,1,17,1,1,0,2,7,4,0,0,0,0,0,0,0,0,0,0.026173285198555957,Low Value,Low Value
2292,1985,29,Graduation,Single,22327.0,1,0,1,2013-08-02,331,94,5,4,8,2,0,5,24,1,1,0,3,5,5,0,0,0,0,0,0,0,0,0,0.059341155234657036,Low Value,Low Value
10466,1965,49,Graduation,Married,44393.0,1,1,2,2013-08-22,311,86,24,2,20,2,2,10,60,2,1,0,4,4,7,0,0,0,0,0,0,0,0,0,0.21638086642599277,Low Value,Low Value
9855,1952,62,PhD,Single,62000.0,0,1,1,2013-08-25,308,25,899,0,101,0,0,20,1020,1,6,6,13,4,26,1,0,0,0,0,0,1,1,0,0.7384927797833934,Mid Value,Potential Loyalists
4088,1962,52,PhD,Together,31497.0,0,1,1,2012-12-06,570,22,108,1,28,13,1,4,155,2,3,1,4,8,10,0,0,0,0,0,0,0,0,0,0.37026173285198555,Low Value,Low Value
5231,1974,40,2n Cycle,Married,45894.0,0,2,2,2014-02-27,122,15,27,2,7,0,2,13,51,1,1,0,3,5,5,0,0,0,0,0,0,0,0,0,0.18073104693140793,Low Value,Low Value
590,1970,44,Master,Divorced,78579.0,0,0,0,2012-12-22,554,35,816,66,549,216,66,99,1812,1,5,6,4,3,16,0,0,0,0,0,1,0,1,0,0.9553249097472925,High Value,Potential Loyalists
8732,1969,45,Master,Widow,67369.0,0,1,1,2012-11-17,589,81,1298,0,70,37,14,42,1461,4,7,4,10,4,25,0,0,0,1,1,1,2,3,0,0.8810920577617328,High Value,At-Risk High Value
2315,1960,54,Graduation,Divorced,58401.0,0,1,1,2014-04-20,70,55,10,0,11,17,29,29,96,1,1,2,2,4,6,0,0,0,0,0,0,0,0,0,0.31227436823104693,Low Value,Low Value
3515,1952,62,Graduation,Single,62307.0,0,1,1,2014-02-17,132,94,87,13,34,10,6,10,160,1,4,0,4,5,9,0,0,0,0,0,0,0,0,0,0.3743231046931408,Low Value,Low Value
2245,1969,45,Master,Married,43641.0,1,1,2,2013-04-22,433,50,57,2,51,4,2,23,139,3,2,1,4,6,10,0,0,0,0,0,0,0,0,0,0.3598826714801444,Low Value,Low Value
6283,1968,46,Master,Divorced,63841.0,0,1,1,2013-04-21,434,64,635,15,100,20,7,131,908,1,9,3,9,6,22,0,0,0,0,0,0,0,0,0,0.6944945848375451,Mid Value,Loyal Customers
2246,1965,49,2n Cycle,Married,46891.0,0,1,1,2013-09-01,301,91,43,12,23,29,15,61,183,1,2,1,4,4,8,0,0,0,0,0,0,0,0,0,0.39124548736462095,Low Value,Low Value
6606,1969,45,Master,Married,70091.0,1,0,1,2013-03-31,455,11,964,34,137,15,0,11,1161,2,5,2,10,8,19,0,0,0,1,0,0,1,1,0,0.7939981949458483,Mid Value,Potential Loyalists
5545,1972,42,PhD,Married,78075.0,0,0,0,2014-04-05,85,72,572,8,259,34,35,80,988,1,3,5,5,1,14,0,0,0,0,0,0,0,0,0,0.7260830324909747,Mid Value,Low Value
7342,1961,53,2n Cycle,Widow,59184.0,0,1,1,2012-09-09,658,6,341,142,113,259,151,66,1072,3,6,6,12,5,27,0,0,0,0,0,0,0,0,0,0.7585740072202166,Mid Value,Potential Loyalists
837,1977,37,Graduation,Married,54809.0,1,1,2,2013-09-11,291,0,63,6,57,13,13,22,174,4,2,1,5,4,12,0,0,0,0,0,0,0,0,0,0.384702166064982,Low Value,Low Value
9500,1959,55,Graduation,Married,58113.0,0,1,1,2013-01-25,520,66,221,104,169,102,78,84,758,3,9,2,8,7,22,0,0,0,0,0,0,0,0,1,0.6396660649819494,Mid Value,Loyal Customers
3602,1958,56,Master,Married,51412.0,0,1,1,2013-12-31,180,42,140,3,29,4,5,14,195,2,3,2,4,4,11,0,0,0,0,0,0,0,0,0,0.40004512635379064,Low Value,Low Value
234,1979,35,Graduation,Divorced,15287.0,1,0,1,2012-10-10,627,60,1,2,8,4,3,13,31,2,1,1,2,7,6,0,0,1,0,0,1,1,2,0,0.08596570397111913,Low Value,Low Value
2995,1957,57,Master,Together,66636.0,0,0,0,2013-08-17,316,64,291,10,689,84,10,0,1084,1,3,4,9,1,17,0,0,0,0,0,0,0,0,0,0.7621841155234657,Mid Value,Loyal Customers
1118,1956,58,Master,Married,50965.0,0,1,1,2013-02-20,494,87,544,13,85,8,6,29,685,3,10,4,5,8,22,0,0,1,0,0,0,1,1,0,0.6166516245487365,Mid Value,Loyal Customers
7789,1965,49,PhD,Married,84618.0,0,0,0,2013-11-22,219,96,684,100,801,21,66,0,1672,1,6,9,10,2,26,0,0,0,0,1,0,1,1,0,0.930731046931408,High Value,At-Risk High Value
3068,1990,24,Graduation,Married,18351.0,0,0,0,2013-10-29,243,1,1,12,9,0,14,7,43,1,2,0,3,7,6,0,0,0,0,0,0,0,0,0,0.13740974729241878,Low Value,Low Value
8955,1957,57,PhD,Together,40451.0,0,2,2,2014-02-16,133,54,35,0,4,0,0,10,49,1,1,1,2,5,5,0,0,1,0,0,0,1,1,0,0.17373646209386281,Low Value,Low Value
945,1965,49,Graduation,Together,36317.0,0,1,1,2013-05-22,403,53,87,3,25,3,2,13,133,2,3,0,4,7,9,0,0,0,0,0,0,0,0,0,0.35175992779783394,Low Value,Low Value
5644,1957,57,Graduation,Together,42213.0,0,1,1,2013-10-12,260,96,309,3,24,4,3,20,363,2,5,1,7,7,15,0,0,0,1,0,0,1,1,0,0.48646209386281586,Low Value,Low Value
7192,1955,59,Graduation,Together,65748.0,0,1,1,2013-04-15,440,58,172,73,93,95,78,34,545,2,2,4,10,1,18,0,0,0,0,0,0,0,0,1,0.5701714801444043,Mid Value,Potential Loyalists
2324,1972,42,Graduation,Together,77044.0,0,1,1,2013-10-27,245,12,625,38,242,50,34,76,1065,2,7,11,11,4,31,0,0,1,0,0,0,1,1,0,0.7560920577617328,Mid Value,Potential Loyalists
697,1969,45,Graduation,Together,74918.0,0,0,0,2013-03-12,474,78,972,59,913,25,19,59,2047,1,5,9,6,3,21,0,0,0,0,1,0,1,1,0,0.9814981949458483,High Value,At-Risk High Value
3439,1972,42,Graduation,Married,56721.0,1,1,2,2012-10-31,606,64,157,6,39,6,13,75,296,5,4,1,5,6,15,0,0,0,0,0,0,0,0,0,0.4560018050541516,Low Value,Low Value
1506,1975,39,Graduation,Single,42160.0,1,1,2,2013-06-28,366,26,48,9,45,3,15,20,140,4,2,1,4,6,11,0,0,0,0,0,1,0,1,0,0.36101083032490977,Low Value,Low Value
232,1965,49,Graduation,Single,61559.0,0,1,1,2013-07-17,347,8,279,83,88,32,14,34,530,1,4,2,10,3,17,0,0,0,0,0,0,0,0,0,0.565658844765343,Mid Value,Potential Loyalists
8876,1963,51,PhD,Together,33629.0,1,1,2,2012-08-08,690,49,132,0,16,0,0,4,152,5,3,1,4,9,13,0,0,0,0,0,0,0,0,0,0.3686823104693141,Low Value,Low Value
4500,1991,23,PhD,Together,68682.0,0,0,0,2013-10-06,266,56,919,0,505,99,30,45,1598,1,4,9,10,2,24,0,0,0,0,0,0,0,0,0,0.9149368231046932,High Value,Champions
9739,1963,51,Graduation,Single,34377.0,0,1,1,2013-01-19,526,55,62,0,22,3,1,26,114,2,2,2,2,7,8,0,0,0,0,0,0,0,0,0,0.3328068592057762,Low Value,Low Value
10395,1986,28,Basic,Single,8940.0,1,0,1,2012-08-22,676,25,1,45,3,4,6,42,101,3,3,1,3,8,10,0,0,0,0,0,0,0,0,0,0.3197202166064982,Low Value,Low Value
1176,1973,41,Graduation,Married,26228.0,1,0,1,2013-09-22,280,50,2,6,4,3,1,9,25,1,1,0,2,8,4,0,0,0,0,0,0,0,0,0,0.06340252707581227,Low Value,Low Value
1627,1957,57,2n Cycle,Divorced,77297.0,0,0,0,2013-01-26,519,84,408,61,109,48,122,41,789,1,5,7,9,4,22,1,0,0,0,0,0,1,1,0,0.6482400722021661,Mid Value,Loyal Customers
938,1981,33,Graduation,Married,40211.0,1,1,2,2013-07-30,334,30,51,1,7,2,1,25,87,2,2,1,2,8,7,0,0,1,0,0,0,1,1,0,0.2939981949458484,Low Value,Low Value
2740,1958,56,PhD,Widow,33438.0,1,1,2,2013-09-22,280,81,62,1,16,3,2,6,90,4,2,1,4,5,11,0,0,0,0,0,0,0,0,0,0.29896209386281586,Low Value,Low Value
257,1959,55,PhD,Married,75032.0,0,1,1,2013-04-28,427,74,952,12,180,47,12,12,1215,2,5,4,9,3,20,0,0,0,0,0,0,0,0,0,0.8165613718411552,High Value,At-Risk High Value
4058,1955,59,PhD,Single,61284.0,0,0,0,2013-10-12,260,76,618,15,106,20,7,45,811,1,11,2,8,6,22,0,0,0,1,0,0,1,1,0,0.657716606498195,Mid Value,Loyal Customers
7736,1986,28,Graduation,Married,22518.0,1,0,1,2012-10-22,615,36,11,7,12,2,2,27,61,2,2,1,2,5,7,0,0,1,0,0,1,1,2,0,0.2197653429602888,Low Value,Low Value
8210,1975,39,Master,Married,54730.0,0,1,1,2013-08-15,318,64,318,3,17,4,7,56,405,5,4,1,8,4,18,0,0,0,0,0,0,0,0,0,0.5063176895306859,Mid Value,Loyal Customers
833,1955,59,Master,Married,38452.0,1,1,2,2014-03-30,91,62,56,0,14,0,0,2,72,3,3,0,3,7,9,0,0,0,0,0,0,0,0,0,0.2621841155234657,Low Value,Low Value
6230,1971,43,Graduation,Divorced,44421.0,1,1,2,2013-02-15,499,53,110,5,59,7,1,7,189,5,5,0,4,8,14,0,0,0,0,0,0,0,0,0,0.39688628158844763,Low Value,Low Value
7325,1986,28,PhD,Together,38197.0,1,0,1,2013-06-29,365,86,23,0,11,2,1,3,40,1,1,0,3,5,5,0,0,0,0,0,0,0,0,0,0.12319494584837545,Low Value,Low Value
1307,1978,36,Graduation,Divorced,41986.0,0,1,1,2014-02-09,140,15,27,5,8,8,3,12,63,3,3,0,4,4,10,0,0,0,0,0,0,0,0,0,0.22856498194945848,Low Value,Low Value
1502,1983,31,Graduation,Together,28427.0,1,0,1,2013-03-21,465,67,18,3,19,3,3,6,52,2,2,0,3,8,7,0,0,0,0,0,0,0,0,0,0.18343862815884476,Low Value,Low Value
6211,1976,38,PhD,Together,37395.0,1,0,1,2014-05-02,58,47,18,0,9,0,1,11,39,1,1,0,3,6,5,0,0,0,0,0,0,0,0,0,0.12003610108303249,Low Value,Low Value
843,1971,43,Graduation,Married,64722.0,1,0,1,2014-05-26,34,47,303,0,280,60,147,15,805,4,8,2,11,6,25,0,0,0,0,0,0,0,0,0,0.6563628158844765,Mid Value,Potential Loyalists
4174,1956,58,Master,Together,55249.0,0,1,1,2014-04-17,73,81,97,1,19,2,0,11,130,1,2,1,4,3,8,0,0,0,0,0,0,0,0,0,0.3483754512635379,Low Value,Low Value
9757,1972,42,Graduation,Together,84906.0,0,0,0,2013-10-04,268,98,997,15,414,99,30,76,1631,1,5,6,12,2,24,0,1,0,1,1,0,3,3,0,0.9219314079422383,High Value,At-Risk High Value
6918,1989,25,Graduation,Married,28691.0,1,0,1,2013-07-04,360,56,5,4,13,8,0,4,34,1,1,0,3,8,5,0,0,0,0,0,0,0,0,0,0.09747292418772563,Low Value,Low Value
286,1952,62,Graduation,Single,44213.0,1,1,2,2013-11-29,212,48,95,11,35,0,4,7,152,4,2,1,5,6,12,0,0,0,0,0,0,0,0,0,0.3686823104693141,Low Value,Low Value
11086,1984,30,Basic,Single,25707.0,1,0,1,2014-01-18,162,18,1,6,2,3,6,3,21,1,1,0,3,7,5,0,0,0,0,0,0,0,0,0,0.0430956678700361,Low Value,Low Value
1921,1967,47,PhD,Married,59062.0,2,1,3,2013-10-03,269,74,46,1,12,3,0,9,71,2,2,0,3,4,7,0,0,0,0,0,0,0,0,0,0.2585740072202166,Low Value,Low Value
4138,1962,52,Graduation,Single,76624.0,0,1,1,2014-05-24,36,68,411,106,147,54,115,66,899,1,5,10,7,1,23,0,0,1,0,0,0,1,1,0,0.6868231046931408,Mid Value,Loyal Customers
7718,1947,67,Master,Together,66000.0,0,0,0,2014-04-20,70,36,244,51,270,101,0,45,711,1,1,3,5,1,10,0,0,0,0,0,0,0,0,0,0.6236462093862816,Mid Value,Potential Loyalists
1291,1978,36,PhD,Together,27683.0,1,0,1,2012-08-04,694,90,152,9,121,12,12,45,351,4,6,2,4,8,16,0,0,0,0,0,0,0,0,0,0.4824007220216607,Low Value,Low Value
6862,1971,43,Graduation,Divorced,1730.0,0,0,0,2014-05-18,42,65,1,1,3,1,1,1,8,15,0,0,0,20,15,0,0,0,0,0,0,0,0,0,0.0024819494584837547,Low Value,Low Value
4136,1992,22,Basic,Single,7500.0,1,0,1,2012-12-03,573,63,10,17,18,8,26,40,119,4,3,2,2,9,11,0,0,0,0,0,0,0,0,0,0.3361913357400722,Low Value,Low Value
803,1968,46,Graduation,Together,40521.0,1,1,2,2013-04-05,450,82,12,0,5,0,0,4,21,1,0,1,2,5,4,0,0,0,0,0,0,0,0,0,0.0430956678700361,Low Value,Low Value
4298,1973,41,PhD,Together,20427.0,1,0,1,2014-03-24,97,63,5,0,4,0,0,1,10,1,1,0,2,8,4,0,0,0,0,0,0,0,0,0,0.005415162454873646,Low Value,Low Value
10833,1975,39,Graduation,Married,65106.0,0,1,1,2014-05-24,36,55,790,19,133,12,0,19,973,3,8,3,13,6,27,0,0,0,1,0,0,1,1,0,0.7190884476534296,Mid Value,Potential Loyalists
9606,1965,49,PhD,Married,69969.0,0,0,0,2013-08-27,306,64,882,29,514,38,29,44,1536,1,4,2,6,3,13,1,0,0,0,1,1,2,3,0,0.9000451263537906,High Value,At-Risk High Value
8534,1952,62,Graduation,Married,67433.0,0,2,2,2013-07-16,348,51,615,28,259,12,48,30,992,4,6,5,13,4,28,0,0,0,1,0,0,1,1,0,0.7283393501805054,Mid Value,Potential Loyalists
5153,1967,47,PhD,Married,77766.0,0,1,1,2013-02-22,492,97,1004,59,265,115,59,27,1529,2,11,10,11,6,34,0,0,1,0,0,1,1,2,0,0.8982400722021661,High Value,At-Risk High Value
961,1972,42,Graduation,Married,74716.0,0,1,1,2013-09-12,290,92,133,27,421,13,195,71,860,2,7,3,5,4,17,0,0,0,0,0,0,0,0,0,0.674187725631769,Mid Value,Loyal Customers
5011,1963,51,Graduation,Divorced,68118.0,0,1,1,2013-10-18,254,51,595,23,123,10,23,154,928,2,8,9,4,6,23,0,0,0,0,0,0,0,0,0,0.700812274368231,Mid Value,Potential Loyalists
6653,1970,44,PhD,Married,55158.0,1,1,2,2012-07-30,699,72,293,0,87,4,11,23,418,4,7,2,5,7,18,0,0,0,0,0,1,0,1,0,0.516245487364621,Mid Value,Loyal Customers
9094,1955,59,2n Cycle,Married,62972.0,0,1,1,2012-08-03,695,39,313,15,47,20,0,192,587,2,7,4,3,6,16,0,0,0,0,0,1,0,1,0,0.5850631768953068,Mid Value,Potential Loyalists
810,1975,39,Graduation,Married,74190.0,0,1,1,2014-05-12,48,49,151,81,86,168,91,64,641,2,4,2,11,2,19,0,0,0,0,0,0,0,0,0,0.6026624548736462,Mid Value,Potential Loyalists
5493,1976,38,Graduation,Married,39356.0,1,1,2,2014-03-19,102,21,15,0,2,0,0,6,23,1,1,0,2,6,4,0,0,1,0,0,0,1,1,0,0.05550541516245487,Low Value,Low Value
2147,1969,45,Graduation,Together,76653.0,0,0,0,2013-08-16,317,91,736,63,946,219,189,126,2279,1,4,7,11,2,23,1,0,0,0,1,0,2,2,0,0.9950361010830325,High Value,At-Risk High Value
5107,1973,41,PhD,Divorced,35860.0,1,1,2,2014-05-19,41,37,15,0,8,4,2,20,49,2,1,1,2,5,6,0,0,1,0,0,0,1,1,0,0.17373646209386281,Low Value,Low Value
3979,1983,31,PhD,Divorced,90687.0,0,0,0,2013-05-22,403,98,982,17,672,23,34,51,1779,1,6,2,8,2,17,0,0,0,0,1,1,1,2,0,0.9503610108303249,High Value,At-Risk High Value
6049,1982,32,Master,Together,73450.0,0,0,0,2013-12-05,206,85,1142,51,415,90,69,37,1804,1,7,8,11,3,27,1,0,1,0,0,0,2,2,0,0.9541967509025271,High Value,At-Risk High Value
8147,1960,54,Graduation,Married,31454.0,1,1,2,2013-07-06,358,40,28,0,11,0,0,9,48,3,2,0,3,8,8,0,0,0,0,0,0,0,0,0,0.1680956678700361,Low Value,Low Value
1857,1952,62,Graduation,Single,47139.0,1,1,2,2014-03-06,115,2,46,0,12,0,2,23,83,2,2,1,2,7,7,0,0,0,0,0,1,0,1,0,0.28768050541516244,Low Value,Low Value
3910,1975,39,Graduation,Divorced,83829.0,0,0,0,2013-10-08,264,78,897,161,430,186,161,27,1862,0,4,7,6,1,17,1,0,1,0,1,1,3,4,0,0.9618682310469314,High Value,At-Risk High Value
5207,1963,51,PhD,Married,53378.0,1,1,2,2012-09-24,643,41,489,6,152,8,6,132,793,10,9,4,6,8,29,0,0,0,0,0,1,0,1,0,0.6500451263537906,Mid Value,Potential Loyalists
11114,1970,44,Graduation,Together,19656.0,1,0,1,2013-02-08,506,94,25,4,9,6,8,32,84,3,2,1,3,7,9,0,0,0,0,0,0,0,0,0,0.289485559566787,Low Value,Low Value
5429,1948,66,PhD,Married,45579.0,0,1,1,2013-08-20,313,10,145,1,33,2,1,1,183,1,4,1,4,6,10,0,0,0,0,0,0,0,0,0,0.39124548736462095,Low Value,Low Value
9400,1958,56,2n Cycle,Single,85485.0,0,0,0,2014-06-21,8,73,630,26,611,44,18,54,1383,1,6,6,6,2,19,0,0,0,0,0,0,0,0,0,0.8643953068592057,High Value,At-Risk High Value
1740,1944,70,Graduation,Married,55956.0,0,0,0,2014-04-07,83,22,760,38,104,50,9,38,999,2,7,3,4,4,16,0,0,0,1,0,0,1,1,0,0.73014440433213,Mid Value,Potential Loyalists
7488,1963,51,Master,Single,64191.0,0,1,1,2013-01-22,523,30,420,15,186,151,38,15,825,3,5,3,13,3,24,0,0,0,0,0,0,0,0,0,0.6647111913357401,Mid Value,Potential Loyalists
195,1972,42,Graduation,Single,38808.0,1,0,1,2012-08-26,672,21,125,17,52,3,19,30,246,4,5,1,4,8,14,0,0,1,0,0,1,1,2,0,0.4268953068592058,Low Value,Low Value
635,1966,48,Master,Married,57183.0,1,1,2,2013-03-19,467,51,464,5,64,7,0,70,610,8,9,1,7,8,25,0,0,0,0,0,0,0,0,0,0.5934115523465704,Mid Value,Potential Loyalists
7527,1968,46,Master,Divorced,23748.0,1,0,1,2012-11-21,585,97,6,6,29,12,15,8,76,3,2,1,3,8,9,0,0,0,0,0,0,0,0,0,0.27120938628158847,Low Value,Low Value
10319,1971,43,Graduation,Married,66303.0,0,1,1,2013-02-26,488,56,1090,12,96,16,12,60,1286,4,3,4,11,8,22,0,0,0,1,0,0,1,1,0,0.8352888086642599,High Value,Champions
2296,1975,39,Master,Married,37368.0,1,0,1,2013-12-16,195,4,3,2,11,2,2,10,30,1,1,0,2,6,4,0,0,1,0,0,0,1,1,0,0.0812274368231047,Low Value,Low Value
10637,1964,50,Graduation,Married,40800.0,1,2,3,2013-01-01,544,77,24,0,27,8,30,10,99,2,3,0,3,7,8,0,0,0,0,0,0,0,0,1,0.315884476534296,Low Value,Low Value
2931,1978,36,Graduation,Divorced,71847.0,0,0,0,2012-09-21,646,95,737,21,106,55,63,210,1192,0,6,7,9,3,22,1,0,0,0,0,0,1,1,0,0.8084386281588448,High Value,At-Risk High Value
907,1975,39,Graduation,Married,46149.0,0,1,1,2013-11-29,212,36,254,6,71,4,0,27,362,5,5,1,7,5,18,0,0,0,0,0,0,0,0,0,0.48601083032490977,Low Value,Loyal Customers
3698,1983,31,Graduation,Together,78687.0,0,0,0,2012-08-09,689,13,817,185,687,145,55,241,2130,1,4,6,8,2,19,0,0,0,0,1,1,1,2,0,0.9905234657039711,High Value,Champions
9516,1971,43,2n Cycle,Divorced,49118.0,0,0,0,2012-08-18,680,90,620,54,239,99,98,119,1229,2,9,7,10,7,28,0,1,0,1,0,1,2,3,0,0.8199458483754513,High Value,At-Risk High Value
679,1957,57,PhD,Married,37633.0,1,1,2,2012-09-20,647,49,13,4,20,0,0,1,38,2,1,0,3,9,6,0,0,0,0,0,0,0,0,0,0.11529783393501805,Low Value,Low Value
7384,1951,63,Master,Together,39767.0,0,0,0,2013-07-21,343,18,113,61,204,34,26,47,485,2,7,1,7,8,17,0,0,0,0,0,0,0,0,0,0.5469314079422383,Mid Value,Potential Loyalists
5043,1951,63,Basic,Married,26997.0,0,0,0,2012-11-05,601,89,7,23,78,133,49,144,434,2,4,2,5,7,13,0,0,0,0,0,0,0,0,0,0.5241425992779783,Mid Value,Low Value
5267,1970,44,Graduation,Divorced,33986.0,1,0,1,2013-03-14,472,43,16,2,18,2,1,5,44,1,1,0,3,7,5,0,0,0,0,0,0,0,0,0,0.14395306859205775,Low Value,Low Value
339,1972,42,PhD,Married,57091.0,0,1,1,2012-11-23,583,82,462,0,24,6,0,4,496,2,9,2,5,7,18,0,0,0,1,0,1,1,2,0,0.5530234657039711,Mid Value,Loyal Customers
2516,1969,45,2n Cycle,Married,46831.0,1,1,2,2013-06-08,386,84,22,2,10,6,4,34,78,2,1,2,2,4,7,0,0,0,0,0,0,0,0,0,0.276398916967509,Low Value,Low Value
9010,1972,42,Master,Married,83151.0,0,0,0,2013-02-10,504,80,968,147,842,137,42,210,2346,1,5,7,10,2,23,1,0,1,0,1,1,3,4,0,0.996841155234657,High Value,At-Risk High Value
378,1971,43,Graduation,Married,52531.0,0,0,0,2012-12-30,546,68,283,112,151,51,72,125,794,2,7,2,10,6,21,0,0,0,0,0,0,0,0,0,0.6509476534296029,Mid Value,Loyal Customers
4808,1956,58,Graduation,Married,15759.0,0,0,0,2013-09-05,297,12,1,2,5,6,0,3,17,1,1,0,2,7,4,0,0,0,0,0,0,0,0,0,0.026173285198555957,Low Value,Low Value
5068,1971,43,Graduation,Single,22804.0,1,0,1,2013-07-31,333,75,14,1,7,2,1,1,26,1,2,0,2,9,5,0,0,0,0,0,0,0,0,0,0.06746389891696751,Low Value,Low Value
7628,1973,41,2n Cycle,Married,43050.0,1,0,1,2014-03-18,103,10,30,5,24,6,3,8,76,2,2,0,4,5,8,0,0,0,0,0,0,0,0,0,0.27120938628158847,Low Value,Low Value
7128,1977,37,PhD,Single,42997.0,1,1,2,2013-12-07,204,91,4,0,5,0,1,5,15,1,1,0,2,7,4,0,0,0,0,0,0,0,0,0,0.01601985559566787,Low Value,Low Value
2811,1963,51,PhD,Single,48918.0,1,1,2,2014-04-12,78,21,52,0,9,0,0,1,62,2,1,0,4,4,7,0,0,0,0,0,0,0,0,0,0.22382671480144403,Low Value,Low Value
3551,1954,60,Master,Together,60033.0,0,1,1,2014-03-29,92,28,62,1,57,19,11,48,198,2,2,1,5,2,10,0,0,0,0,0,0,0,0,0,0.40117328519855594,Low Value,Low Value
1663,1978,36,PhD,Together,34043.0,1,0,1,2013-10-25,247,97,20,2,14,3,0,10,49,1,2,0,2,9,5,0,0,0,0,0,0,0,0,0,0.17373646209386281,Low Value,Low Value
5543,1966,48,Graduation,Together,57811.0,0,1,1,2013-06-24,370,49,545,7,114,37,21,78,802,5,7,2,11,5,25,0,0,0,1,0,0,1,1,0,0.6556859205776173,Mid Value,Potential Loyalists
1577,1946,68,Graduation,Married,78569.0,0,0,0,2014-02-19,130,14,558,79,622,207,175,95,1736,1,4,6,4,1,15,0,0,0,0,1,1,1,2,0,0.9453971119133574,High Value,Potential Loyalists
10641,1978,36,Graduation,Single,7500.0,1,1,2,2012-12-27,549,5,6,5,4,13,4,25,57,4,2,1,3,6,10,0,0,0,0,0,0,0,0,0,0.20645306859205775,Low Value,Low Value
6024,1953,61,Graduation,Together,94384.0,0,0,0,2013-03-04,482,62,1111,24,790,160,45,172,2302,0,5,8,5,2,18,1,0,0,1,1,1,3,4,0,0.9961642599277978,High Value,At-Risk High Value
1878,1985,29,2n Cycle,Married,23148.0,0,0,0,2014-02-18,131,83,4,6,8,6,3,10,37,1,2,0,3,7,6,0,0,0,0,0,0,0,0,0,0.10898014440433212,Low Value,Low Value
3099,1970,44,Graduation,Divorced,44267.0,1,1,2,2013-02-25,489,48,183,5,65,3,5,49,310,5,5,2,4,9,16,0,0,0,0,0,0,0,0,0,0.4620938628158845,Low Value,Low Value
6055,1979,35,Graduation,Married,71626.0,0,0,0,2012-11-01,605,94,546,72,376,94,145,72,1305,1,5,5,8,3,19,0,0,0,1,0,0,1,1,0,0.8391245487364621,High Value,At-Risk High Value
5841,1966,48,Graduation,Together,60894.0,0,1,1,2013-06-28,366,61,606,7,155,10,0,54,832,5,10,3,8,7,26,0,0,0,0,0,0,0,0,0,0.6656137184115524,Mid Value,Loyal Customers
3972,1976,38,Graduation,Together,50200.0,1,1,2,2013-04-03,452,70,266,6,51,8,6,64,401,6,7,1,5,8,19,0,0,0,0,0,0,0,0,0,0.5036101083032491,Mid Value,Loyal Customers
4394,1965,49,PhD,Married,81051.0,0,0,0,2014-05-23,37,43,1142,29,249,38,29,14,1501,1,5,5,12,2,23,0,0,0,1,1,0,2,2,0,0.8907942238267148,High Value,Champions
5758,1982,32,Graduation,Married,65169.0,0,0,0,2014-01-14,166,23,1074,0,69,0,0,46,1189,1,10,4,13,6,28,1,1,1,0,1,1,4,5,0,0.8068592057761733,High Value,Champions
6658,1972,42,Graduation,Together,59868.0,0,1,1,2013-07-22,342,37,771,51,154,54,10,154,1194,7,11,2,12,6,32,0,0,0,0,0,0,0,0,0,0.8095667870036101,High Value,Champions
4603,1960,54,PhD,Married,65695.0,0,1,1,2014-01-31,149,50,371,32,189,0,58,6,656,2,5,4,10,4,21,0,0,0,0,0,0,0,0,0,0.6067238267148014,Mid Value,Potential Loyalists
8427,1956,58,Master,Single,64857.0,0,0,0,2012-11-23,583,78,556,14,717,210,0,43,1540,1,7,5,10,4,23,0,0,0,0,0,0,0,0,0,0.9018501805054152,High Value,At-Risk High Value
10260,1965,49,Master,Together,45143.0,0,1,1,2013-08-26,307,74,202,5,74,11,5,14,311,3,6,1,5,7,15,0,0,0,0,0,0,0,0,0,0.46367328519855594,Low Value,Low Value
7143,1955,59,2n Cycle,Together,74805.0,0,1,1,2013-11-06,235,14,209,162,209,41,162,37,820,5,4,7,10,2,26,0,0,0,0,0,0,0,0,0,0.6622292418772563,Mid Value,Potential Loyalists
8789,1989,25,2n Cycle,Married,59060.0,1,0,1,2014-01-11,169,77,35,40,111,36,40,12,274,3,3,1,7,4,14,0,0,0,0,0,0,0,0,0,0.4460740072202166,Low Value,Low Value
6197,1962,52,PhD,Single,27238.0,1,1,2,2013-04-20,435,39,37,0,17,0,0,3,57,3,3,0,3,9,9,0,0,0,0,0,0,0,0,0,0.20645306859205775,Low Value,Low Value
4554,1965,49,Graduation,Together,47009.0,0,1,1,2013-10-01,271,89,171,45,73,59,10,90,448,4,3,2,8,4,17,0,0,0,0,0,0,0,0,0,0.5324909747292419,Mid Value,Loyal Customers
4937,1973,41,2n Cycle,Married,46094.0,1,1,2,2014-06-10,19,62,12,2,20,3,2,5,44,1,1,0,3,7,5,0,0,0,0,0,0,0,0,0,0.14395306859205775,Low Value,Low Value
1920,1972,42,Graduation,Married,40321.0,1,1,2,2013-07-29,335,59,44,4,21,6,0,27,102,2,3,0,3,7,8,0,0,0,0,0,0,0,0,0,0.3219765342960289,Low Value,Low Value
8749,1984,30,Graduation,Together,37235.0,1,0,1,2014-02-01,148,68,20,2,9,4,6,20,61,1,1,1,2,4,5,0,0,0,0,0,0,0,0,0,0.2197653429602888,Low Value,Low Value
1650,1960,54,Master,Married,81843.0,0,0,0,2013-04-22,433,13,779,86,537,34,69,138,1643,1,5,9,12,3,27,0,0,0,0,0,0,0,0,0,0.9250902527075813,High Value,Champions
10377,1958,56,Master,Together,46692.0,0,1,1,2013-06-06,388,37,170,6,97,24,12,88,397,3,6,1,5,6,15,0,0,0,0,0,0,0,0,0,0.5009025270758123,Mid Value,Potential Loyalists
9206,1968,46,Graduation,Together,77382.0,0,1,1,2014-01-07,173,36,491,48,231,112,105,134,1121,2,5,7,12,1,26,0,0,0,0,1,0,1,1,0,0.7775270758122743,Mid Value,Potential Loyalists
10971,1977,37,Graduation,Single,37774.0,2,0,2,2012-09-03,664,28,173,8,107,7,2,176,473,4,7,2,3,9,16,0,0,1,0,0,1,1,2,1,0.5444494584837545,Mid Value,Potential Loyalists
6398,1974,40,Basic,Married,18393.0,1,0,1,2014-03-29,92,2,7,10,13,16,0,4,50,2,3,0,3,8,8,0,0,0,0,0,0,0,0,0,0.17779783393501805,Low Value,Low Value
9212,1962,52,Master,Married,72828.0,0,1,1,2013-02-14,500,17,1205,0,235,19,14,205,1678,6,6,3,13,7,28,0,0,0,0,0,0,0,0,0,0.9332129963898917,High Value,Champions
7937,1982,32,Graduation,Married,24711.0,0,0,0,2014-04-18,72,86,10,7,25,6,3,7,58,1,3,0,3,7,7,0,0,0,0,0,0,0,0,0,0.21096570397111913,Low Value,Low Value
839,1975,39,PhD,Married,45503.0,1,0,1,2013-09-25,277,54,97,4,44,6,1,18,170,1,3,1,4,5,9,0,0,0,0,0,0,0,0,0,0.38154332129963897,Low Value,Low Value
4246,1982,32,Master,Single,6560.0,0,0,0,2013-12-12,199,2,67,11,26,4,3,262,373,0,1,0,1,17,2,0,0,0,0,0,0,0,0,0,0.49165162454873645,Low Value,Low Value
158,1945,69,PhD,Together,71604.0,0,0,0,2013-11-17,224,3,345,53,528,98,75,97,1196,1,8,3,5,4,17,0,0,1,0,0,1,1,2,0,0.8102436823104693,High Value,Champions
4832,1979,35,Graduation,Married,27244.0,1,0,1,2014-03-07,114,84,6,5,17,3,24,46,101,2,2,2,2,7,8,0,0,0,0,0,0,0,0,0,0.3197202166064982,Low Value,Low Value
5621,1969,45,Graduation,Married,48752.0,1,1,2,2012-12-12,564,8,73,57,100,71,15,0,316,5,6,1,5,9,17,0,0,0,0,0,1,0,1,0,0.4681859205776173,Low Value,Loyal Customers
1945,1962,52,Graduation,Married,71434.0,0,1,1,2013-09-18,284,4,711,36,217,172,96,168,1400,3,7,4,7,4,21,1,0,0,1,0,0,2,2,0,0.8677797833935018,High Value,Champions
5147,1948,66,Graduation,Single,90842.0,0,0,0,2013-07-29,335,57,774,70,118,182,187,93,1424,1,4,9,13,1,27,0,0,0,0,0,0,0,0,0,0.8709386281588448,High Value,Champions
2535,1978,36,Master,Married,88097.0,1,0,1,2012-08-18,680,24,163,0,480,0,126,75,844,1,6,5,8,9,20,1,0,0,1,1,1,3,4,0,0.6701263537906137,Mid Value,Potential Loyalists
11039,1975,39,Graduation,Married,51948.0,0,1,1,2013-09-17,285,51,82,33,54,71,30,41,311,2,5,2,4,5,13,0,0,0,0,0,0,0,0,0,0.46367328519855594,Low Value,Low Value
9495,1982,32,Graduation,Together,71853.0,0,0,0,2013-05-08,417,29,358,108,413,141,97,32,1149,1,2,8,6,1,17,0,0,0,0,0,0,0,0,0,0.7867779783393501,Mid Value,Potential Loyalists
9635,1983,31,Master,Married,35876.0,0,0,0,2014-04-20,70,13,66,2,40,4,3,14,129,1,3,1,3,6,8,0,0,0,0,0,0,0,0,0,0.34747292418772563,Low Value,Low Value
2173,1952,62,Graduation,Widow,40049.0,0,1,1,2013-10-16,256,23,13,6,7,0,3,3,32,1,1,0,3,6,5,0,0,0,0,0,0,0,0,0,0.09070397111913357,Low Value,Low Value
942,1982,32,Graduation,Single,39660.0,1,0,1,2012-08-08,690,36,139,13,78,20,13,36,299,3,7,1,3,9,14,0,0,0,0,0,1,0,1,0,0.45735559566787004,Low Value,Low Value
9386,1962,52,Graduation,Together,50127.0,0,1,1,2014-05-29,31,88,274,0,21,4,6,15,320,1,5,1,6,6,13,0,0,0,1,0,0,1,1,0,0.47247292418772563,Low Value,Low Value
5510,1977,37,Master,Married,43263.0,0,1,1,2012-11-21,585,2,262,6,61,0,10,102,441,3,5,2,6,5,16,0,0,0,0,0,0,0,0,0,0.5273014440433214,Mid Value,Potential Loyalists
873,1949,65,Master,Married,62845.0,1,1,2,2012-10-01,636,3,1099,0,45,0,0,34,1178,11,3,4,10,8,28,0,0,0,1,0,1,1,2,0,0.8012184115523465,High Value,Champions
2253,1990,24,Graduation,Married,18929.0,0,0,0,2013-02-16,498,15,32,0,8,23,4,18,85,1,1,0,4,6,6,0,0,0,0,0,0,0,0,0,0.2915162454873646,Low Value,Low Value
5181,1982,32,Basic,Single,24367.0,1,0,1,2013-03-20,466,58,2,4,2,0,11,5,24,1,1,0,2,9,4,0,0,0,0,0,0,0,0,0,0.059341155234657036,Low Value,Low Value
979,1975,39,Graduation,Single,33249.0,1,0,1,2013-02-20,494,11,6,10,21,19,14,42,112,2,2,1,3,6,8,0,0,0,0,0,0,0,0,0,0.3312274368231047,Low Value,Low Value
10390,1959,55,2n Cycle,Married,26887.0,0,1,1,2013-02-10,504,27,6,7,4,3,4,6,30,1,1,0,3,6,5,0,0,0,0,0,0,0,0,0,0.0812274368231047,Low Value,Low Value
4698,1983,31,PhD,Married,50150.0,0,0,0,2013-06-20,374,32,135,46,92,65,61,11,410,2,5,2,7,5,16,0,0,0,0,0,0,0,0,0,0.5092509025270758,Mid Value,Potential Loyalists
7793,1976,38,Graduation,Together,62061.0,0,1,1,2013-08-31,302,12,641,7,84,0,30,38,800,3,10,4,7,6,24,0,0,0,1,0,0,1,1,0,0.654783393501805,Mid Value,Potential Loyalists
1745,1962,52,PhD,Divorced,85696.0,0,0,0,2013-05-03,422,88,714,76,395,116,0,12,1313,1,4,6,9,1,20,0,0,0,0,0,1,0,1,0,0.8409296028880866,High Value,At-Risk High Value
10590,1956,58,PhD,Together,76542.0,0,0,0,2013-03-30,456,91,794,73,573,0,29,14,1483,1,4,8,10,2,23,0,0,0,0,0,0,0,0,0,0.8871841155234657,High Value,At-Risk High Value
5080,1993,21,Graduation,Single,70515.0,0,0,0,2013-10-21,251,12,420,0,452,182,64,140,1258,1,6,6,4,2,17,0,0,0,0,0,1,0,1,0,0.828971119133574,High Value,Champions
8369,1987,27,Graduation,Together,18227.0,1,0,1,2012-11-08,598,21,1,2,7,4,3,11,28,1,0,1,2,8,4,0,0,0,0,0,0,0,0,0,0.07310469314079422,Low Value,Low Value
5232,1965,49,Graduation,Married,69139.0,0,1,1,2014-01-27,153,23,86,12,75,33,15,6,227,1,4,1,5,4,11,0,0,0,0,0,0,0,0,0,0.4165162454873646,Low Value,Low Value
2407,1982,32,Graduation,Married,69109.0,0,0,0,2012-11-09,597,10,823,25,459,124,29,95,1555,1,6,6,7,4,20,0,0,0,0,1,1,1,2,0,0.9032039711191335,High Value,Champions
3834,1962,52,Graduation,Single,69627.0,0,1,1,2013-03-17,469,35,231,161,215,171,30,53,861,2,8,2,11,5,23,0,0,0,0,0,0,0,0,0,0.6750902527075813,Mid Value,Potential Loyalists
7912,1978,36,Graduation,Married,38136.0,1,0,1,2013-04-22,433,69,8,15,27,0,20,33,103,2,3,1,2,8,8,0,0,1,0,0,0,1,1,0,0.3249097472924188,Low Value,Low Value
7712,1946,68,PhD,Single,62159.0,0,0,0,2014-04-28,62,68,182,17,259,77,70,29,634,1,6,2,10,4,19,0,0,0,0,0,0,0,0,0,0.598826714801444,Mid Value,Loyal Customers
1065,1963,51,Graduation,Single,80695.0,0,0,0,2013-12-29,182,85,557,129,984,193,37,18,1918,1,5,8,5,2,19,0,0,0,0,0,0,0,0,0,0.9679602888086642,High Value,At-Risk High Value
7275,1971,43,Master,Single,33316.0,1,1,2,2013-10-04,268,34,79,1,31,4,4,12,131,3,2,1,4,6,10,0,0,0,0,0,0,0,0,0,0.3495036101083033,Low Value,Low Value
1343,1968,46,Graduation,Together,58554.0,1,1,2,2012-09-26,641,55,368,24,68,38,0,88,586,6,8,2,6,7,22,0,0,0,0,0,0,0,0,0,0.5839350180505415,Mid Value,Potential Loyalists
1384,1992,22,Basic,Married,17256.0,1,0,1,2013-11-23,218,10,6,4,14,8,8,22,62,2,2,1,2,8,7,0,0,1,0,0,0,1,1,0,0.22382671480144403,Low Value,Low Value
9967,1974,40,Graduation,Divorced,53034.0,1,1,2,2013-05-30,395,30,160,15,196,15,11,50,447,8,6,1,7,8,22,0,0,0,0,0,0,0,0,0,0.5320397111913358,Mid Value,Potential Loyalists
6181,1950,64,2n Cycle,Together,52203.0,0,0,0,2012-07-31,698,36,488,21,238,56,108,28,939,1,8,7,11,6,27,0,0,0,0,0,0,0,0,0,0.7055505415162455,Mid Value,Potential Loyalists
10507,1977,37,2n Cycle,Divorced,59601.0,0,1,1,2013-07-25,339,14,691,7,69,0,7,23,797,4,2,2,7,8,15,0,0,0,1,0,0,1,1,0,0.6534296028880866,Mid Value,Potential Loyalists
2674,1958,56,Master,Single,75154.0,0,1,1,2012-09-04,663,79,543,10,205,160,143,82,1143,1,6,3,6,3,16,0,0,0,0,0,1,0,1,0,0.7840703971119134,Mid Value,Low Value
2698,1976,38,Graduation,Single,47025.0,0,1,1,2013-11-07,234,52,254,7,108,20,0,26,415,3,6,3,5,6,17,0,0,0,0,0,0,0,0,0,0.5139891696750902,Mid Value,Potential Loyalists
3231,1973,41,Graduation,Married,37971.0,1,0,1,2013-11-25,216,97,5,4,10,2,2,7,30,1,1,0,3,8,5,0,0,0,0,0,0,0,0,0,0.0812274368231047,Low Value,Low Value
4096,1968,46,Master,Divorced,41335.0,1,0,1,2013-12-26,185,24,112,19,21,16,14,5,187,3,4,1,4,7,12,0,0,0,0,0,0,0,0,0,0.3953068592057762,Low Value,Low Value
10476,1958,56,Graduation,Married,67267.0,0,1,1,2014-05-13,47,0,134,11,59,15,2,30,251,1,3,2,5,2,11,0,0,0,0,0,0,0,0,0,0.42734657039711194,Low Value,Low Value
5948,1975,39,Graduation,Single,57338.0,0,1,1,2014-04-29,61,96,143,6,52,11,8,17,237,2,4,1,5,5,12,0,0,0,0,0,0,0,0,0,0.4230595667870036,Low Value,Low Value
9140,1960,54,2n Cycle,Together,50523.0,1,1,2,2013-12-25,186,89,51,4,24,4,7,1,91,2,2,0,4,6,8,0,0,0,0,0,0,0,0,0,0.3009927797833935,Low Value,Low Value
10258,1965,49,Master,Single,35791.0,2,1,3,2013-05-06,419,94,27,0,5,0,0,3,35,2,1,0,3,8,6,0,0,0,0,0,0,0,0,0,0.10153429602888087,Low Value,Low Value
5675,1960,54,PhD,Divorced,50611.0,0,1,1,2012-10-04,633,98,459,0,24,6,0,4,493,6,4,5,7,6,22,0,0,0,1,0,0,1,1,0,0.5509927797833934,Mid Value,Loyal Customers
4743,1969,45,PhD,Married,56242.0,0,1,1,2013-03-03,483,72,689,8,167,11,8,88,971,5,8,4,11,6,28,0,0,0,0,0,0,0,0,0,0.7177346570397112,Mid Value,Loyal Customers
8805,1960,54,Graduation,Single,48904.0,0,1,1,2012-12-02,574,1,283,10,38,0,13,27,371,4,7,2,4,8,17,0,0,0,0,0,0,0,0,0,0.4905234657039711,Low Value,Loyal Customers
1542,1975,39,Graduation,Single,56243.0,1,2,3,2013-12-30,181,26,347,0,35,4,3,7,396,6,4,2,8,5,20,0,0,0,0,0,0,0,0,0,0.49954873646209386,Low Value,Loyal Customers
6770,1985,29,Graduation,Married,21355.0,1,0,1,2013-08-20,313,5,5,13,14,0,5,31,68,2,2,1,2,6,7,0,0,1,0,0,1,1,2,0,0.24751805054151624,Low Value,Low Value
8773,1971,43,Master,Together,57420.0,0,1,1,2013-06-25,369,22,280,0,18,0,0,24,322,3,5,1,6,7,15,0,0,0,1,0,0,1,1,0,0.47314981949458484,Low Value,Low Value
10420,1955,59,Master,Divorced,46390.0,0,1,1,2014-05-05,55,56,95,14,64,2,9,38,222,1,4,2,3,7,10,0,0,0,0,0,0,0,0,0,0.41335740072202165,Low Value,Low Value
7514,1956,58,2n Cycle,Together,54342.0,1,1,2,2013-07-03,361,74,84,10,34,11,10,28,177,4,3,1,4,6,12,0,0,0,0,0,0,0,0,0,0.3871841155234657,Low Value,Low Value
793,1973,41,Graduation,Married,20895.0,1,0,1,2012-10-06,631,24,18,3,17,3,0,4,45,1,2,0,3,9,6,0,0,0,0,0,0,0,0,0,0.1500451263537906,Low Value,Low Value
10909,1948,66,Graduation,Married,92344.0,0,0,0,2014-01-15,165,9,992,24,694,51,19,119,1899,0,5,10,5,1,20,0,0,1,0,1,0,2,2,0,0.9652527075812274,High Value,Champions
8702,1976,38,2n Cycle,Together,26907.0,1,1,2,2013-08-20,313,10,9,1,7,0,3,2,22,2,1,0,3,7,6,0,0,0,0,0,0,0,0,0,0.048962093862815886,Low Value,Low Value
4791,1980,34,Graduation,Together,44964.0,1,1,2,2012-12-16,560,35,19,1,17,2,0,2,41,1,1,0,3,8,5,0,0,0,0,0,0,0,0,0,0.1272563176895307,Low Value,Low Value
2963,1979,35,Graduation,Together,75507.0,0,0,0,2014-05-02,58,56,709,93,374,104,80,80,1440,1,8,6,6,3,21,0,0,0,0,0,0,0,0,0,0.8752256317689531,High Value,Champions
8216,1972,42,Master,Married,53761.0,1,1,2,2013-10-11,261,7,158,0,76,13,7,71,325,6,4,4,3,5,17,0,0,0,0,0,0,0,0,0,0.4747292418772563,Low Value,Loyal Customers
8140,1973,41,Graduation,Together,22682.0,1,0,1,2013-10-03,269,51,10,14,29,4,2,36,95,3,2,1,4,4,10,0,0,0,0,0,0,0,0,0,0.3097924187725632,Low Value,Low Value
10146,1972,42,PhD,Together,38887.0,1,0,1,2014-03-02,119,17,25,1,13,0,0,3,42,1,1,0,3,7,5,0,0,0,0,0,0,0,0,0,0.13199458483754511,Low Value,Low Value
5289,1975,39,2n Cycle,Single,41658.0,1,1,2,2012-11-09,597,30,8,4,12,15,4,29,72,2,1,1,2,4,6,0,0,0,0,0,0,0,0,0,0.2621841155234657,Low Value,Low Value
2587,1972,42,PhD,Married,29791.0,1,0,1,2014-05-15,45,21,14,0,6,0,0,0,20,2,2,0,3,5,7,0,0,0,0,0,0,0,0,0,0.03813176895306859,Low Value,Low Value
4405,1956,58,Master,Married,63915.0,0,2,2,2013-07-30,334,2,622,7,115,30,0,15,789,2,6,3,12,5,23,0,0,0,0,0,0,0,0,0,0.6482400722021661,Mid Value,Potential Loyalists
8663,1974,40,Graduation,Divorced,39996.0,1,1,2,2014-05-22,38,85,11,0,3,0,0,1,15,1,1,0,2,6,4,0,0,0,0,0,0,0,0,0,0.01601985559566787,Low Value,Low Value
2589,1972,42,Graduation,Divorced,26759.0,1,0,1,2014-02-07,142,65,25,3,16,8,5,2,59,2,2,1,3,6,8,0,0,0,0,0,0,0,0,0,0.2134476534296029,Low Value,Low Value
3421,1968,46,Master,Divorced,63841.0,0,1,1,2013-04-21,434,64,635,15,100,20,7,131,908,1,9,3,9,6,22,0,0,0,0,0,0,0,0,0,0.6944945848375451,Mid Value,Loyal Customers
10490,1969,45,PhD,Married,51039.0,1,1,2,2012-12-10,566,11,100,64,79,65,0,109,417,2,6,2,4,7,14,0,0,0,0,0,0,0,0,0,0.5157942238267148,Mid Value,Potential Loyalists
4094,1961,53,Graduation,Married,60544.0,1,1,2,2012-08-25,673,92,201,2,43,3,5,35,289,4,5,1,5,6,15,0,0,0,0,0,0,0,0,0,0.4532942238267148,Low Value,Low Value
9958,1972,42,Graduation,Married,65685.0,0,1,1,2014-03-29,92,54,642,14,49,0,7,57,769,1,9,2,9,5,21,0,0,0,0,0,0,0,0,0,0.6428249097472925,Mid Value,Potential Loyalists
2534,1953,61,Graduation,Married,37716.0,0,1,1,2014-04-21,69,4,97,1,41,6,2,41,188,2,4,1,3,7,10,0,0,0,0,0,0,0,0,0,0.39620938628158847,Low Value,Low Value
4188,1957,57,Graduation,Single,36864.0,0,1,1,2012-08-13,685,53,204,5,39,17,0,89,354,3,5,2,4,8,14,0,0,0,0,0,1,0,1,0,0.4833032490974729,Low Value,Low Value
6613,1970,44,Master,Married,44511.0,1,0,1,2012-10-12,625,39,513,7,133,46,14,14,727,6,8,4,8,8,26,0,0,0,0,0,0,0,0,0,0.6274819494584838,Mid Value,Potential Loyalists
10827,1967,47,PhD,Married,36947.0,1,1,2,2012-08-07,691,49,88,3,21,4,1,29,146,4,3,0,4,9,11,0,0,0,0,0,0,0,0,0,0.365072202166065,Low Value,Low Value
5491,1951,63,Master,Together,47352.0,0,1,1,2013-04-11,444,70,172,12,112,8,0,15,319,4,6,1,5,7,16,0,0,0,0,0,0,0,0,0,0.4717960288808664,Low Value,Low Value
8402,1953,61,Master,Married,67087.0,0,1,1,2013-12-17,194,40,329,35,222,130,35,43,794,2,7,5,8,4,22,0,0,0,0,0,0,0,0,0,0.6509476534296029,Mid Value,Potential Loyalists
8783,1950,64,Graduation,Married,57045.0,0,1,1,2012-09-08,659,40,296,13,104,11,13,17,454,3,4,2,9,3,18,0,0,0,0,0,0,0,0,0,0.5347472924187726,Mid Value,Potential Loyalists
10010,1953,61,PhD,Divorced,36957.0,1,1,2,2012-09-06,661,43,100,2,16,2,1,31,152,4,3,2,2,9,11,0,0,0,0,0,1,0,1,0,0.3686823104693141,Low Value,Low Value
618,1977,37,PhD,Married,69389.0,0,1,1,2012-09-28,639,17,422,7,238,69,46,15,797,1,7,2,12,4,22,0,0,0,0,0,0,0,0,0,0.6534296028880866,Mid Value,Potential Loyalists
9121,1972,42,Graduation,Married,80134.0,1,0,1,2013-05-20,405,40,1218,16,272,104,0,80,1690,2,5,3,6,6,16,1,0,0,1,1,1,3,4,0,0.9361462093862816,High Value,Potential Loyalists
361,1969,45,Master,Married,43142.0,1,1,2,2014-02-18,131,84,5,1,7,2,1,4,20,1,1,0,2,7,4,0,0,0,0,0,0,0,0,0,0.03813176895306859,Low Value,Low Value
4310,1944,70,Graduation,Married,80589.0,0,0,0,2014-01-22,158,25,507,93,520,242,40,26,1428,1,5,10,5,1,21,1,0,0,0,0,1,1,2,0,0.8720667870036101,High Value,Champions
2678,1990,24,Graduation,Single,34412.0,1,0,1,2013-02-13,501,62,52,12,50,4,36,55,209,3,5,0,3,9,11,0,0,0,0,0,0,0,0,0,0.4050090252707581,Low Value,Low Value
6376,1979,35,Graduation,Single,57537.0,1,0,1,2013-06-10,384,83,191,56,139,51,8,100,545,4,4,3,8,4,19,0,0,0,0,0,0,0,0,0,0.5701714801444043,Mid Value,Loyal Customers
524,1966,48,Basic,Together,22634.0,0,0,0,2013-01-16,529,47,2,23,11,8,6,46,96,1,2,1,2,8,6,0,0,0,0,0,0,0,0,0,0.31227436823104693,Low Value,Low Value
10341,1948,66,Graduation,Together,51315.0,0,0,0,2014-02-23,126,45,68,28,39,16,30,41,222,1,2,2,5,2,10,0,0,0,0,0,0,0,0,0,0.41335740072202165,Low Value,Low Value
5654,1972,42,Graduation,Married,36026.0,2,1,3,2014-03-16,105,34,20,4,10,6,4,17,61,2,2,0,3,6,7,0,0,0,0,0,0,0,0,0,0.2197653429602888,Low Value,Low Value
4098,1973,41,Graduation,Married,24639.0,1,1,2,2014-01-28,152,3,20,3,16,0,4,1,44,3,2,0,4,6,9,0,0,0,0,0,0,0,0,0,0.14395306859205775,Low Value,Low Value
5824,1972,42,PhD,Together,34578.0,2,1,3,2014-04-11,79,1,7,0,1,0,0,0,8,1,1,0,2,6,4,0,0,0,0,0,0,0,0,0,0.0024819494584837547,Low Value,Low Value
7000,1972,42,2n Cycle,Single,65704.0,0,0,0,2013-10-13,259,18,279,172,74,38,8,246,817,1,2,10,10,1,23,0,0,0,0,0,0,0,0,0,0.6601985559566786,Mid Value,Potential Loyalists
2561,1966,48,Graduation,Single,63810.0,0,1,1,2012-11-11,595,45,977,12,253,16,12,101,1371,4,4,3,12,8,23,0,0,0,1,0,0,1,1,0,0.8583032490974729,High Value,Champions
5229,1969,45,PhD,Together,54132.0,0,1,1,2014-02-16,133,81,30,1,8,0,0,3,42,1,1,0,3,7,5,0,0,0,0,0,0,0,0,0,0.13199458483754511,Low Value,Low Value
4086,1959,55,Graduation,Married,18690.0,0,0,0,2012-12-28,548,77,6,1,7,23,4,19,60,1,1,1,2,8,5,0,0,0,0,0,0,0,0,0,0.21638086642599277,Low Value,Low Value
2428,1970,44,Graduation,Married,28164.0,1,0,1,2013-05-04,421,23,3,18,26,11,8,12,78,3,2,0,4,7,9,0,0,0,0,0,0,0,0,0,0.276398916967509,Low Value,Low Value
8254,1974,40,PhD,Married,34596.0,1,0,1,2013-04-13,442,48,14,0,2,0,0,7,23,1,1,0,2,8,4,0,0,0,0,0,0,0,0,0,0.05550541516245487,Low Value,Low Value
2836,1972,42,PhD,Married,43269.0,1,0,1,2013-09-16,286,61,10,1,7,0,0,1,19,1,1,0,2,8,4,0,0,0,0,0,0,0,0,0,0.034070397111913356,Low Value,Low Value
8418,1958,56,2n Cycle,Single,38741.0,1,1,2,2014-03-30,91,60,7,10,17,8,6,13,61,2,2,0,3,7,7,0,0,0,0,0,0,0,0,0,0.2197653429602888,Low Value,Low Value
1362,1972,42,Graduation,Single,31907.0,0,0,0,2013-03-04,482,75,33,87,64,175,16,74,449,1,6,1,6,7,14,0,0,0,0,0,0,0,0,0,0.5331678700361011,Mid Value,Low Value
7152,1983,31,Master,Married,27100.0,1,0,1,2013-04-05,450,64,12,0,13,2,0,10,37,1,1,0,3,7,5,0,0,0,0,0,0,0,0,0,0.10898014440433212,Low Value,Low Value
10033,1973,41,2n Cycle,Divorced,31163.0,1,0,1,2014-02-13,136,54,2,3,10,11,2,10,38,1,1,0,3,6,5,0,0,0,0,0,0,0,0,0,0.11529783393501805,Low Value,Low Value
9349,1985,29,Graduation,Married,92533.0,0,0,0,2013-12-19,192,84,693,21,118,110,147,42,1131,1,6,5,11,2,23,1,0,0,0,1,0,2,2,0,0.7806859205776173,Mid Value,Loyal Customers
274,1973,41,Graduation,Single,34853.0,1,1,2,2013-12-23,188,75,9,3,15,2,3,2,34,2,2,0,3,6,7,0,0,0,0,0,0,0,0,0,0.09747292418772563,Low Value,Low Value
3388,1967,47,Graduation,Divorced,70844.0,1,1,2,2013-10-30,242,16,129,26,67,3,67,2,294,5,6,1,5,7,17,0,0,0,0,0,0,0,0,0,0.4553249097472924,Low Value,Loyal Customers
922,1979,35,2n Cycle,Married,31086.0,1,1,2,2013-05-04,421,79,16,2,11,3,0,16,48,2,1,1,2,8,6,0,0,1,0,0,0,1,1,0,0.1680956678700361,Low Value,Low Value
8588,1961,53,Graduation,Married,60544.0,1,1,2,2012-08-25,673,92,201,2,43,3,5,35,289,4,5,1,5,6,15,0,0,0,0,0,0,0,0,0,0.4532942238267148,Low Value,Low Value
2518,1986,28,2n Cycle,Together,20491.0,0,0,0,2013-01-25,520,16,5,4,5,4,2,10,30,1,0,1,2,7,4,0,0,0,0,0,0,0,0,0,0.0812274368231047,Low Value,Low Value
574,1964,50,Graduation,Married,42523.0,0,0,0,2014-04-23,67,96,14,36,11,3,26,35,125,1,1,1,4,2,7,0,0,0,0,0,0,0,0,0,0.34453971119133575,Low Value,Low Value
3220,1983,31,Graduation,Married,39922.0,1,0,1,2013-02-14,500,30,29,12,59,19,1,36,156,2,3,0,4,8,9,0,0,0,0,0,0,0,0,0,0.371615523465704,Low Value,Low Value
5967,1952,62,Graduation,Together,33402.0,1,1,2,2013-07-18,346,60,26,2,19,10,5,8,70,3,2,1,3,8,9,0,0,0,0,0,0,0,0,0,0.25541516245487367,Low Value,Low Value
1183,1949,65,Master,Married,36408.0,1,1,2,2013-09-21,281,11,9,1,4,3,2,3,22,1,1,0,2,6,4,0,0,0,0,0,0,0,0,0,0.048962093862815886,Low Value,Low Value
6856,1979,35,Graduation,Together,21645.0,1,0,1,2012-09-03,664,75,14,0,23,4,5,19,65,3,3,0,3,9,9,0,0,0,0,0,1,0,1,0,0.23623646209386281,Low Value,Low Value
4530,1948,66,Master,Widow,78427.0,0,0,0,2012-10-24,613,36,972,19,595,180,26,138,1930,3,3,7,10,3,23,1,0,0,0,0,1,1,2,0,0.9715703971119134,High Value,Champions
1553,1946,68,Graduation,Together,82657.0,0,0,0,2013-09-27,275,71,966,168,672,246,105,126,2283,1,7,5,10,4,23,1,0,0,1,0,0,2,2,0,0.9954873646209387,High Value,At-Risk High Value
4682,1958,56,Graduation,Married,51876.0,0,0,0,2013-10-15,257,88,99,27,102,28,48,6,310,1,2,2,8,1,13,0,0,0,0,0,0,0,0,0,0.4620938628158845,Low Value,Low Value
8204,1971,43,2n Cycle,Married,78041.0,0,0,0,2012-12-16,560,93,482,35,553,72,160,17,1319,1,4,4,9,2,18,0,0,0,0,0,0,0,0,0,0.8443140794223827,High Value,At-Risk High Value
5221,1957,57,Graduation,Married,52852.0,0,1,1,2012-12-01,575,93,714,8,99,11,0,47,879,4,10,7,5,8,26,0,0,1,0,0,0,1,1,0,0.6805054151624549,Mid Value,Loyal Customers
1232,1982,32,PhD,Together,70038.0,0,0,0,2013-10-25,247,54,587,54,348,71,54,130,1244,1,4,4,8,2,17,0,0,0,0,0,0,0,0,0,0.8255866425992779,High Value,Champions
1927,1973,41,2n Cycle,Together,69401.0,0,1,1,2014-03-23,98,41,399,27,159,58,8,39,690,4,4,4,5,2,17,0,0,0,0,0,0,0,0,0,0.618231046931408,Mid Value,Potential Loyalists
5788,1972,42,Graduation,Together,46053.0,1,0,1,2013-02-17,497,46,56,10,92,19,7,25,209,3,3,2,4,5,12,0,0,0,0,0,0,0,0,0,0.4050090252707581,Low Value,Low Value
6652,1965,49,Graduation,Married,77343.0,0,0,0,2014-06-09,20,28,227,151,573,98,54,31,1134,1,3,4,9,1,17,0,0,0,0,0,0,0,0,0,0.7811371841155235,Mid Value,Potential Loyalists
6246,1953,61,Graduation,Single,73892.0,0,0,0,2013-11-13,228,40,703,102,601,0,58,43,1507,1,3,11,8,1,23,0,0,0,0,0,1,0,1,0,0.8923736462093863,High Value,Champions
5975,1967,47,PhD,Single,40304.0,1,0,1,2013-09-30,272,82,37,0,17,0,0,3,57,1,2,0,3,7,6,0,0,0,0,0,0,0,0,0,0.20645306859205775,Low Value,Low Value
6875,1965,49,PhD,Together,32727.0,0,0,0,2012-08-28,670,38,167,13,180,86,13,70,529,2,7,3,5,8,17,0,0,0,0,0,0,0,0,0,0.5649819494584838,Mid Value,Potential Loyalists
4399,1969,45,Graduation,Together,68695.0,0,0,0,2014-06-25,4,3,458,81,356,106,50,40,1091,1,4,4,7,2,16,0,0,0,0,0,0,0,0,0,0.7646660649819494,Mid Value,Potential Loyalists
4042,1971,43,Graduation,Divorced,43300.0,0,1,1,2012-10-13,624,87,91,3,52,2,1,31,180,3,4,0,4,8,11,0,0,0,0,0,1,0,1,0,0.3892148014440433,Low Value,Low Value
2157,1972,42,Graduation,Together,26290.0,1,1,2,2013-01-12,533,49,15,8,16,11,5,22,77,4,2,0,4,6,10,0,0,0,0,0,0,0,0,0,0.2736913357400722,Low Value,Low Value
10133,1970,44,Graduation,Single,93790.0,0,0,0,2014-02-12,137,16,1302,68,731,89,114,45,2349,0,6,7,12,2,25,1,0,0,1,1,1,3,4,0,0.9972924187725631,High Value,Champions
2525,1974,40,PhD,Married,38410.0,0,0,0,2012-09-14,653,65,153,64,123,116,64,14,534,2,5,2,9,6,18,0,0,0,0,0,1,0,1,0,0.5663357400722022,Mid Value,Loyal Customers
8233,1950,64,Master,Widow,64866.0,0,1,1,2014-01-26,154,9,508,5,21,7,5,10,556,4,7,3,7,5,21,0,0,0,1,0,0,1,1,0,0.572202166064982,Mid Value,Potential Loyalists
9483,1959,55,Graduation,Together,57957.0,0,1,1,2013-08-19,314,24,290,59,177,77,5,29,637,7,4,6,8,3,25,0,0,0,0,0,0,0,0,1,0.6008574007220217,Mid Value,Potential Loyalists
2945,1955,59,PhD,Together,46015.0,1,1,2,2014-04-13,77,25,38,0,2,0,0,6,46,1,1,0,3,7,5,0,1,1,0,0,0,2,2,0,0.15681407942238268,Low Value,Low Value
10403,1978,36,Graduation,Together,16531.0,1,0,1,2014-06-18,11,43,2,13,6,7,5,11,44,3,3,0,3,7,9,0,0,0,0,0,0,0,0,0,0.14395306859205775,Low Value,Low Value
5074,1986,28,Master,Married,28072.0,1,0,1,2013-07-08,356,10,30,0,10,2,0,5,47,1,1,0,3,7,5,0,0,0,0,0,0,0,0,0,0.16290613718411553,Low Value,Low Value
10524,1963,51,Master,Divorced,49476.0,0,1,1,2013-06-20,374,29,386,23,95,54,41,196,795,4,2,11,5,2,22,0,0,0,0,0,0,0,0,0,0.6520758122743683,Mid Value,Potential Loyalists
4690,1953,61,Graduation,Married,50725.0,0,1,1,2013-02-13,501,45,443,10,75,0,10,48,586,4,8,1,8,8,21,0,0,0,0,0,0,0,0,0,0.5839350180505415,Mid Value,Potential Loyalists
7521,1952,62,Graduation,Together,83844.0,0,0,0,2013-05-12,413,57,901,31,345,75,31,191,1574,1,4,4,11,1,20,0,0,0,0,1,0,1,1,0,0.9083935018050542,High Value,Champions
7196,1950,64,PhD,Married,41145.0,1,1,2,2014-02-08,141,20,9,0,3,0,0,1,13,1,0,0,3,3,4,0,0,0,0,0,0,0,0,0,0.01105595667870036,Low Value,Low Value
4406,1970,44,Graduation,Together,67419.0,0,1,1,2013-01-16,529,29,846,84,352,91,56,42,1471,4,9,4,8,5,25,0,0,0,0,0,0,0,0,0,0.8822202166064982,High Value,Champions
9672,1970,44,2n Cycle,Married,23162.0,1,1,2,2013-12-21,190,82,8,3,9,19,4,22,65,3,1,1,3,6,8,0,0,0,0,0,0,0,0,0,0.23623646209386281,Low Value,Low Value
4864,1977,37,Graduation,Married,34380.0,1,0,1,2013-05-02,423,68,72,7,58,13,1,24,175,4,4,1,3,8,12,0,0,0,0,0,0,0,0,0,0.3858303249097473,Low Value,Low Value
4706,1966,48,Graduation,Single,34704.0,0,1,1,2013-04-27,428,65,29,0,5,0,1,5,40,1,1,0,3,5,5,0,0,0,0,0,0,0,0,0,0.12319494584837545,Low Value,Low Value
4070,1969,45,PhD,Married,94871.0,0,2,2,2012-09-01,666,99,169,24,553,188,0,144,1078,1,8,5,4,7,18,0,0,0,1,1,1,2,3,0,0.7603790613718412,Mid Value,Loyal Customers
25,1958,56,Graduation,Married,65148.0,0,1,1,2012-11-16,590,9,460,35,422,33,12,153,1115,2,6,6,7,4,21,0,0,0,0,0,0,0,0,0,0.7752707581227437,Mid Value,Potential Loyalists
3697,1954,60,Graduation,Together,39898.0,0,1,1,2013-02-12,502,20,69,8,26,12,7,12,134,2,3,0,4,7,9,0,0,0,0,0,0,0,0,0,0.35333935018050544,Low Value,Low Value
217,1956,58,Master,Single,64857.0,0,0,0,2012-11-23,583,78,556,14,717,210,0,43,1540,1,7,5,10,4,23,0,0,0,0,0,0,0,0,0,0.9018501805054152,High Value,At-Risk High Value
4220,1970,44,PhD,Married,59892.0,0,1,1,2013-11-02,239,26,73,0,13,0,1,0,87,1,2,1,3,3,7,0,0,0,0,0,0,0,0,0,0.2939981949458484,Low Value,Low Value
5286,1987,27,Master,Single,41020.0,0,0,0,2013-10-28,244,68,112,1,54,7,7,36,217,1,3,2,4,3,10,0,0,0,0,0,0,0,0,0,0.411101083032491,Low Value,Low Value
9559,1961,53,PhD,Married,57072.0,0,1,1,2014-01-24,156,79,944,0,60,0,0,30,1034,2,7,5,13,5,27,0,0,1,0,0,0,1,1,0,0.7454873646209387,Mid Value,Loyal Customers
2849,1979,35,Graduation,Single,60474.0,0,1,1,2013-04-01,454,25,265,199,303,234,9,170,1180,7,10,2,12,7,31,0,0,0,0,0,0,0,0,0,0.8034747292418772,High Value,Champions
7787,1960,54,Graduation,Together,62807.0,0,1,1,2012-08-31,667,83,526,28,135,10,21,99,819,3,5,3,12,5,23,0,0,0,0,0,0,0,0,0,0.661326714801444,Mid Value,Loyal Customers
3102,1981,33,2n Cycle,Together,19414.0,1,0,1,2013-10-16,256,32,2,3,12,3,5,7,32,1,1,0,3,8,5,0,0,0,0,0,0,0,0,0,0.09070397111913357,Low Value,Low Value
5868,1980,34,Graduation,Married,19107.0,1,0,1,2013-08-22,311,49,2,4,9,10,5,16,46,2,1,0,3,7,6,0,0,0,0,0,0,0,0,0,0.15681407942238268,Low Value,Low Value
8370,1976,38,2n Cycle,Together,75484.0,0,1,1,2012-08-02,696,50,378,97,259,197,194,34,1159,2,7,3,6,4,18,0,0,0,0,0,0,0,0,0,0.7933212996389891,Mid Value,Potential Loyalists
9988,1976,38,Master,Single,70379.0,0,1,1,2013-03-03,483,84,553,25,142,65,67,8,860,3,6,3,13,4,25,0,0,0,0,0,0,0,0,0,0.674187725631769,Mid Value,Loyal Customers
2939,1970,44,Master,Together,79419.0,0,0,0,2014-06-22,7,96,751,127,687,20,15,31,1631,1,4,6,4,2,15,0,0,0,0,0,0,0,0,0,0.9219314079422383,High Value,At-Risk High Value
5529,1946,68,PhD,Together,64014.0,2,1,3,2014-06-10,19,56,406,0,30,0,0,8,444,7,8,2,5,7,22,1,0,0,0,0,0,1,1,0,0.5300090252707581,Mid Value,Potential Loyalists
9743,1955,59,Graduation,Married,76998.0,0,1,1,2013-01-11,534,85,1449,89,161,69,35,107,1910,2,11,8,8,6,29,0,0,0,0,1,0,1,1,0,0.967283393501805,High Value,At-Risk High Value
5763,1972,42,Master,Together,49854.0,1,0,1,2013-11-10,231,63,123,17,171,39,0,30,380,5,6,2,5,6,18,0,0,0,0,0,0,0,0,0,0.49323104693140796,Low Value,Loyal Customers
3478,1971,43,PhD,Married,60585.0,1,1,2,2013-06-24,370,17,267,42,309,55,42,21,736,10,7,4,9,5,30,0,0,0,0,0,1,0,1,0,0.6344765342960289,Mid Value,Potential Loyalists
7494,1950,64,PhD,Divorced,42873.0,1,1,2,2013-01-21,524,11,209,0,40,3,2,15,269,4,6,1,4,8,15,0,0,0,0,0,0,0,0,0,0.44133574007220217,Low Value,Low Value
1763,1988,26,Graduation,Together,87679.0,0,0,0,2013-07-27,337,62,1259,172,815,97,148,33,2524,1,7,11,10,4,29,1,0,1,0,1,1,3,4,0,0.9990974729241877,High Value,At-Risk High Value
7250,1978,36,Graduation,Together,57867.0,1,0,1,2013-10-01,271,48,344,35,178,15,23,17,612,7,7,2,9,6,25,0,0,0,0,0,0,0,0,0,0.5947653429602888,Mid Value,Potential Loyalists
2005,1990,24,Graduation,Married,35765.0,1,0,1,2013-12-11,200,86,22,3,30,0,5,15,75,2,2,0,4,6,8,0,0,0,0,0,0,0,0,0,0.26827617328519854,Low Value,Low Value
10770,1959,55,Graduation,Married,65492.0,0,0,0,2014-01-26,154,73,247,161,295,210,85,47,1045,2,4,7,13,2,26,0,0,0,0,0,0,0,0,0,0.7490974729241877,Mid Value,Loyal Customers
6885,1977,37,Graduation,Divorced,32952.0,1,0,1,2013-12-01,210,36,38,0,12,3,1,1,55,1,2,0,3,7,6,0,0,0,0,0,0,0,0,0,0.1976534296028881,Low Value,Low Value
2072,1969,45,PhD,Together,53374.0,0,1,1,2012-08-16,682,34,896,10,101,13,10,34,1064,6,4,2,9,9,21,0,0,1,0,0,1,1,2,0,0.7549638989169675,Mid Value,Potential Loyalists
9463,1959,55,Graduation,Together,71706.0,0,1,1,2012-11-13,593,16,931,56,253,91,98,14,1443,4,9,5,7,5,25,0,0,0,0,0,0,0,0,0,0.8768050541516246,High Value,Champions
6318,1988,26,Graduation,Married,68487.0,0,0,0,2013-01-13,532,48,758,12,385,33,89,89,1366,1,9,7,13,4,30,0,0,0,0,0,0,0,0,0,0.8558212996389891,High Value,Champions
4093,1975,39,Master,Together,53253.0,1,1,2,2013-02-11,503,61,216,9,57,20,9,125,436,7,4,3,5,5,19,0,0,0,0,0,0,0,0,0,0.5252707581227437,Mid Value,Loyal Customers
5751,1973,41,2n Cycle,Divorced,31163.0,1,0,1,2014-02-13,136,54,2,3,10,11,2,10,38,1,1,0,3,6,5,0,0,0,0,0,0,0,0,0,0.11529783393501805,Low Value,Low Value
3340,1977,37,Graduation,Married,42014.0,1,0,1,2012-08-17,681,56,244,15,108,4,15,50,436,6,7,1,6,8,20,0,0,0,0,0,1,0,1,0,0.5252707581227437,Mid Value,Potential Loyalists
3594,1973,41,Master,Married,54108.0,1,1,2,2012-11-05,601,74,539,6,91,8,6,97,747,13,8,2,9,8,32,0,0,0,0,0,0,0,0,0,0.6367328519855595,Mid Value,Loyal Customers
3584,1955,59,PhD,Single,49667.0,0,0,0,2012-08-20,678,35,1181,26,120,17,13,39,1396,2,5,10,5,8,22,0,0,1,0,0,1,1,2,0,0.8673285198555957,High Value,Champions
3643,1974,40,Master,Married,63206.0,0,0,0,2014-03-20,101,65,750,8,125,11,8,26,928,1,4,3,6,2,14,0,0,0,0,1,0,1,1,0,0.700812274368231,Mid Value,Low Value
851,1972,42,Master,Married,57136.0,1,1,2,2013-07-09,355,48,306,5,109,21,109,92,642,9,5,2,10,6,26,0,0,0,0,0,0,0,0,0,0.6033393501805054,Mid Value,Potential Loyalists
7706,1975,39,2n Cycle,Together,46772.0,0,1,1,2012-11-07,599,88,350,104,189,197,151,57,1048,6,11,8,5,8,30,0,0,1,0,0,0,1,1,0,0.7502256317689531,Mid Value,Loyal Customers
3967,1971,43,PhD,Married,78931.0,0,0,0,2013-10-25,247,19,331,197,170,58,152,35,943,1,2,8,13,1,24,0,0,0,0,0,0,0,0,0,0.706904332129964,Mid Value,Potential Loyalists
10128,1958,56,Graduation,Together,53977.0,0,1,1,2013-06-08,386,21,620,16,165,0,24,82,907,5,5,5,12,5,27,0,0,0,0,0,0,0,0,0,0.6931407942238267,Mid Value,Potential Loyalists
486,1988,26,Graduation,Married,84219.0,0,0,0,2014-02-02,147,27,434,137,400,45,137,45,1198,1,3,4,10,1,18,0,0,0,0,0,0,0,0,0,0.8118231046931408,High Value,Champions
9,1975,39,Master,Single,46098.0,1,1,2,2012-08-18,680,86,57,0,27,0,0,36,120,4,3,2,2,8,11,0,0,0,0,0,0,0,0,0,0.3379963898916967,Low Value,Low Value
9451,1965,49,Graduation,Married,73538.0,0,1,1,2012-11-25,581,92,811,76,428,99,137,107,1658,3,10,4,9,7,26,0,0,0,0,0,0,0,0,0,0.9280234657039711,High Value,At-Risk High Value
9264,1986,28,Graduation,Married,79529.0,0,0,0,2014-04-27,63,1,423,42,706,73,197,197,1638,1,4,8,9,2,22,0,0,0,0,0,0,0,0,0,0.9244133574007221,High Value,Champions
3865,1977,37,2n Cycle,Together,20981.0,0,0,0,2013-04-30,425,14,2,12,10,6,13,30,73,1,3,1,2,8,7,0,0,0,0,0,1,0,1,0,0.2648916967509025,Low Value,Low Value
2853,1980,34,Graduation,Single,51766.0,1,0,1,2014-03-11,110,74,60,51,87,6,20,51,275,2,4,2,4,5,12,0,0,0,0,0,0,0,0,0,0.447427797833935,Low Value,Low Value
1490,1962,52,Graduation,Married,55759.0,0,1,1,2012-11-28,578,84,675,0,85,10,7,77,854,5,10,3,8,8,26,0,0,0,0,0,0,0,0,0,0.6719314079422383,Mid Value,Loyal Customers
6310,1978,36,Graduation,Married,33039.0,1,0,1,2013-09-09,293,4,30,8,12,8,8,12,78,1,2,0,4,5,7,0,0,0,0,0,0,0,0,0,0.276398916967509,Low Value,Low Value
10380,1972,42,Master,Married,37787.0,1,0,1,2013-09-20,282,50,40,1,40,4,3,18,106,1,3,0,3,8,7,0,0,0,0,0,0,0,0,0,0.3276173285198556,Low Value,Low Value
3887,1970,44,Graduation,Single,27242.0,1,0,1,2012-11-11,595,2,3,17,26,20,1,39,106,2,2,0,3,9,7,0,0,0,0,0,1,0,1,0,0.3276173285198556,Low Value,Low Value
4278,1983,31,PhD,Single,87188.0,0,0,0,2013-06-03,391,73,910,111,724,49,74,55,1923,1,10,2,6,3,19,0,0,0,0,0,1,0,1,0,0.970442238267148,High Value,At-Risk High Value
8643,1971,43,Graduation,Together,69930.0,0,0,0,2013-05-26,399,21,252,98,827,219,70,196,1662,1,4,5,12,3,22,0,0,0,0,0,0,0,0,0,0.9289259927797834,High Value,Champions
1998,1976,38,Graduation,Single,37697.0,1,0,1,2014-02-07,142,82,34,6,21,11,4,8,84,1,2,1,3,6,7,0,0,0,0,0,0,0,0,0,0.289485559566787,Low Value,Low Value
10795,1973,41,PhD,Married,37401.0,1,0,1,2014-05-06,54,14,19,3,19,3,1,3,48,2,2,0,3,7,7,0,0,0,0,0,0,0,0,0,0.1680956678700361,Low Value,Low Value
11110,1973,41,Graduation,Single,3502.0,1,0,1,2013-04-13,442,56,2,1,1,0,0,1,5,0,0,0,0,14,0,0,0,0,0,0,0,0,0,0,0.0004512635379061372,Low Value,Low Value
2408,1976,38,Graduation,Married,58597.0,1,1,2,2012-11-20,586,20,490,0,184,10,28,21,733,12,7,4,9,7,32,0,0,0,0,0,0,0,0,0,0.6324458483754513,Mid Value,Potential Loyalists
202,1948,66,PhD,Widow,82032.0,0,0,0,2014-04-05,85,54,332,194,377,149,125,57,1234,0,4,6,7,1,17,0,0,0,0,0,0,0,0,0,0.822427797833935,High Value,Champions
7998,1958,56,Graduation,Together,28087.0,1,1,2,2012-12-11,565,77,53,8,17,13,0,21,112,3,2,2,2,7,9,0,0,0,0,0,0,0,0,0,0.3312274368231047,Low Value,Low Value
830,1987,27,PhD,Single,74004.0,0,0,0,2014-02-24,125,5,784,48,560,42,176,48,1658,1,4,6,4,3,15,1,0,0,0,1,1,2,3,0,0.9280234657039711,High Value,Potential Loyalists
3536,1960,54,Graduation,Together,19740.0,0,1,1,2013-03-24,462,65,7,11,3,10,4,20,55,2,1,1,3,5,7,0,0,0,0,0,0,0,0,0,0.1976534296028881,Low Value,Low Value
6050,1975,39,2n Cycle,Married,57036.0,0,1,1,2012-12-11,565,33,1171,43,219,19,14,47,1513,4,6,3,13,9,26,0,0,1,0,0,0,1,1,0,0.89485559566787,High Value,Champions
125,1958,56,2n Cycle,Together,53083.0,1,1,2,2013-05-15,410,65,215,7,33,3,0,13,271,6,5,1,5,7,17,0,0,0,1,0,0,1,1,0,0.4444945848375451,Low Value,Loyal Customers
3463,1975,39,PhD,Married,69283.0,0,1,1,2014-06-14,15,41,674,62,134,0,26,8,904,4,7,3,13,5,27,0,0,0,0,0,0,0,0,0,0.6913357400722022,Mid Value,Potential Loyalists
2804,1975,39,Master,Single,46098.0,1,1,2,2012-08-18,680,86,57,0,27,0,0,36,120,4,3,2,2,8,11,0,0,0,0,0,1,0,1,0,0.3379963898916967,Low Value,Low Value
3745,1988,26,2n Cycle,Married,23331.0,1,0,1,2012-09-04,663,92,5,36,7,0,10,45,103,2,3,0,3,8,8,0,0,0,0,0,0,0,0,0,0.3249097472924188,Low Value,Low Value
9771,1988,26,2n Cycle,Single,23331.0,1,0,1,2012-10-05,632,97,104,20,101,24,15,5,269,6,5,1,5,9,17,0,0,0,0,0,0,0,0,0,0.44133574007220217,Low Value,Loyal Customers
451,1989,25,Graduation,Single,9255.0,1,0,1,2013-12-20,191,91,9,0,7,2,0,4,22,1,1,1,2,8,5,0,0,0,0,0,0,0,0,0,0.048962093862815886,Low Value,Low Value
10530,1959,55,PhD,Widow,67786.0,0,0,0,2013-12-07,204,0,431,82,441,80,20,102,1156,1,3,6,6,1,16,0,0,0,0,0,1,0,1,0,0.7908393501805054,Mid Value,Potential Loyalists
1079,1971,43,PhD,Married,71969.0,0,1,1,2012-10-16,621,59,1000,0,76,0,0,10,1086,3,3,4,9,8,19,0,0,0,1,0,0,1,1,0,0.7630866425992779,Mid Value,Potential Loyalists
8920,1967,47,Master,Single,59235.0,1,0,1,2013-01-12,533,4,448,40,469,80,0,91,1128,3,11,2,12,7,28,0,0,0,0,0,0,0,0,0,0.779783393501805,Mid Value,Potential Loyalists
6678,1989,25,Graduation,Together,31928.0,1,0,1,2014-03-28,93,5,33,4,24,4,2,5,72,2,3,0,4,7,9,0,0,0,0,0,0,0,0,0,0.2621841155234657,Low Value,Low Value
3852,1961,53,Master,Together,74881.0,1,1,2,2013-03-08,478,48,505,72,270,36,27,54,964,4,9,2,12,5,27,0,0,0,0,0,0,0,0,0,0.713673285198556,Mid Value,Potential Loyalists
528,1978,36,Graduation,Married,65819.0,0,0,0,2012-11-29,577,99,267,38,701,149,165,63,1383,1,5,4,10,3,20,0,0,0,0,0,0,0,0,0,0.8643953068592057,High Value,At-Risk High Value
73,1953,61,PhD,Single,51411.0,1,2,3,2013-05-26,399,81,14,0,3,0,0,1,18,1,0,0,3,5,4,0,0,0,0,0,0,0,0,0,0.031137184115523464,Low Value,Low Value
5589,1964,50,Graduation,Divorced,51983.0,0,1,1,2012-08-31,667,95,631,0,115,10,7,30,793,3,9,2,10,7,24,0,0,0,0,0,0,0,0,0,0.6500451263537906,Mid Value,Loyal Customers
10212,1986,28,Master,Together,42386.0,1,0,1,2013-01-13,532,43,65,4,16,0,4,11,100,1,3,0,3,8,7,0,0,0,0,0,0,0,0,0,0.31791516245487367,Low Value,Low Value
6365,1987,27,2n Cycle,Married,30390.0,0,0,0,2013-09-02,300,5,10,12,12,25,1,20,80,1,2,0,3,6,6,0,0,0,0,0,0,0,0,0,0.28203971119133575,Low Value,Low Value
5636,1963,51,Graduation,Single,30983.0,0,0,0,2012-11-09,597,50,51,4,50,12,1,49,167,1,4,0,3,8,8,0,0,0,0,0,1,0,1,0,0.37973826714801445,Low Value,Low Value
591,1957,57,Graduation,Widow,66033.0,0,1,1,2013-01-20,525,76,293,35,179,46,59,65,677,2,8,3,7,7,20,0,0,0,0,0,0,0,0,0,0.6123646209386282,Mid Value,Loyal Customers
2217,1975,39,2n Cycle,Married,37284.0,1,1,2,2013-03-29,457,46,11,1,2,2,1,6,23,1,0,0,3,6,4,0,0,0,0,0,0,0,0,0,0.05550541516245487,Low Value,Low Value
2544,1951,63,Master,Divorced,57530.0,0,1,1,2013-10-12,260,68,50,1,27,6,7,1,92,1,1,1,4,1,7,0,0,0,0,0,0,0,0,0,0.3037003610108303,Low Value,Low Value
7725,1965,49,2n Cycle,Married,76800.0,0,0,0,2014-03-08,113,33,173,26,255,35,71,81,641,1,4,4,7,1,16,0,0,0,0,0,0,0,0,0,0.6026624548736462,Mid Value,Potential Loyalists
8091,1956,58,Graduation,Married,63943.0,0,1,1,2012-09-02,665,50,423,184,368,13,97,21,1106,1,6,4,6,5,17,0,0,0,0,0,0,0,0,0,0.7734657039711191,Mid Value,Potential Loyalists
7321,1962,52,Graduation,Together,76081.0,0,0,0,2014-05-23,37,85,292,30,415,63,33,200,1033,1,4,5,4,2,14,1,0,0,0,0,0,1,1,0,0.7439079422382672,Mid Value,Low Value
5462,1974,40,Graduation,Married,67445.0,0,1,1,2012-08-12,686,63,757,80,217,29,80,11,1174,5,9,6,12,6,32,0,0,0,0,0,0,0,0,0,0.7996389891696751,Mid Value,At-Risk High Value
7791,1967,47,Master,Married,37054.0,1,1,2,2013-09-15,287,89,12,1,6,0,1,5,25,2,1,0,3,7,6,0,0,0,0,0,0,0,0,0,0.06340252707581227,Low Value,Low Value
955,1962,52,Master,Together,47175.0,1,1,2,2012-10-28,609,81,167,2,44,6,2,19,240,7,4,2,4,8,17,0,0,1,0,0,1,1,2,0,0.42396209386281586,Low Value,Loyal Customers
4037,1976,38,Graduation,Divorced,31859.0,1,0,1,2013-06-14,380,77,3,1,3,8,0,5,20,1,1,0,2,7,4,0,0,0,0,0,0,0,0,0,0.03813176895306859,Low Value,Low Value
6642,1961,53,Graduation,Divorced,27215.0,2,1,3,2013-01-23,522,50,30,5,22,8,9,28,102,4,2,1,4,6,11,0,0,0,0,0,0,0,0,0,0.3219765342960289,Low Value,Low Value
2793,1976,38,PhD,Divorced,70179.0,0,1,1,2013-07-21,343,10,532,88,168,69,44,133,1034,3,7,3,13,5,26,0,0,0,0,0,0,0,0,0,0.7454873646209387,Mid Value,Potential Loyalists
5424,1983,31,Graduation,Married,39922.0,1,0,1,2013-02-14,500,30,29,12,59,19,1,36,156,2,3,0,4,8,9,0,0,0,0,0,0,0,0,0,0.371615523465704,Low Value,Low Value
879,1976,38,Master,Married,49681.0,0,2,2,2013-11-04,237,66,411,0,26,0,0,21,458,6,7,1,7,7,21,0,0,0,0,0,0,0,0,0,0.5358754512635379,Mid Value,Loyal Customers
9530,1988,26,Graduation,Married,24645.0,1,0,1,2012-11-01,605,16,5,3,4,4,1,0,17,1,1,0,2,8,4,0,0,0,0,0,0,0,0,0,0.026173285198555957,Low Value,Low Value
4828,1954,60,Graduation,Divorced,79865.0,0,1,1,2014-06-18,11,12,71,99,278,185,121,38,792,1,5,10,5,1,21,0,0,0,0,0,0,0,0,0,0.6491425992779783,Mid Value,Potential Loyalists
10699,1985,29,Graduation,Married,44322.0,1,0,1,2014-06-16,13,30,46,0,40,3,0,3,92,2,3,0,3,8,8,0,0,0,0,0,0,0,0,0,0.3037003610108303,Low Value,Low Value
1497,1952,62,Graduation,Single,47958.0,0,1,1,2013-01-19,526,8,268,11,88,15,3,22,407,2,6,3,5,5,16,0,0,0,0,0,0,0,0,0,0.5081227436823105,Mid Value,Potential Loyalists
7476,1964,50,Master,Single,63972.0,0,1,1,2012-12-02,574,93,928,63,254,0,12,12,1269,4,5,4,10,4,23,0,0,0,1,0,0,1,1,0,0.8307761732851986,High Value,At-Risk High Value
4390,1954,60,Graduation,Together,75315.0,0,1,1,2014-04-15,75,14,459,15,171,142,23,31,841,2,5,4,12,2,23,0,0,0,0,0,0,0,0,0,0.6692238267148014,Mid Value,Potential Loyalists
10478,1950,64,PhD,Married,55517.0,1,1,2,2012-09-27,640,53,483,0,108,0,6,36,633,5,11,1,6,9,23,0,0,0,0,0,1,0,1,0,0.5983754512635379,Mid Value,Potential Loyalists
1081,1957,57,PhD,Married,75283.0,1,2,3,2013-03-27,459,26,733,9,180,12,19,66,1019,11,6,3,5,4,25,0,0,0,0,0,0,0,0,0,0.7378158844765343,Mid Value,Potential Loyalists
4261,1946,68,PhD,Single,82800.0,0,0,0,2012-11-24,582,23,1006,22,115,59,68,45,1315,1,7,6,12,3,26,1,0,0,0,1,1,2,3,0,0.8425090252707581,High Value,Champions
9916,1954,60,Graduation,Married,38998.0,1,1,2,2012-11-03,603,92,34,1,14,0,0,5,54,3,2,0,3,8,8,0,0,0,0,0,0,0,0,1,0.19133574007220217,Low Value,Low Value
5350,1991,23,Master,Single,90638.0,0,0,0,2014-02-13,136,29,1156,120,915,94,144,96,2525,1,3,4,10,1,18,0,0,0,0,1,1,1,2,0,0.9997743682310469,High Value,Champions
8135,1986,28,Master,Married,27161.0,1,0,1,2013-10-28,244,41,7,4,23,7,0,11,52,1,1,0,3,7,5,0,0,0,0,0,0,0,0,0,0.18343862815884476,Low Value,Low Value
8685,1977,37,Graduation,Married,42014.0,1,0,1,2012-08-17,681,56,244,15,108,4,15,50,436,6,7,1,6,8,20,0,0,0,0,0,1,0,1,0,0.5252707581227437,Mid Value,Potential Loyalists
4967,1960,54,PhD,Together,38201.0,0,1,1,2013-03-29,457,19,233,0,23,0,0,12,268,4,5,1,5,8,15,0,0,0,0,0,0,0,0,0,0.4402075812274368,Low Value,Low Value
2130,1982,32,Graduation,Together,45203.0,2,0,2,2014-03-23,98,4,35,3,67,10,8,24,147,1,3,1,3,6,8,0,0,0,0,0,1,0,1,0,0.36574909747292417,Low Value,Low Value
9298,1947,67,PhD,Together,81574.0,0,0,0,2014-04-28,62,89,1252,0,465,46,35,0,1798,1,4,5,8,1,18,0,0,0,1,1,0,2,2,0,0.9535198555956679,High Value,At-Risk High Value
8175,1992,22,Graduation,Married,34935.0,0,0,0,2013-06-21,373,71,34,4,66,3,10,20,137,1,2,1,4,7,8,0,0,0,0,0,0,0,0,0,0.3564981949458484,Low Value,Low Value
6257,1976,38,Master,Single,60482.0,0,1,1,2013-01-23,522,81,255,43,134,37,14,24,507,1,7,2,7,7,17,0,0,0,0,0,0,0,0,0,0.5588898916967509,Mid Value,Loyal Customers
3790,1956,58,Graduation,Together,34633.0,2,1,3,2014-01-23,157,31,8,1,5,0,0,1,15,1,1,0,2,6,4,0,0,0,0,0,0,0,0,0,0.01601985559566787,Low Value,Low Value
9952,1947,67,Master,Together,78093.0,0,0,0,2013-12-11,200,53,368,32,639,13,43,10,1105,1,4,7,5,1,17,0,0,0,0,0,0,0,0,0,0.773014440433213,Mid Value,Potential Loyalists
3503,1950,64,Graduation,Divorced,82460.0,0,0,0,2013-12-02,209,78,255,47,573,52,32,15,974,1,5,3,6,1,15,0,0,0,0,0,0,0,0,0,0.7197653429602888,Mid Value,Low Value
5223,1966,48,Master,Together,45903.0,0,1,1,2014-04-23,67,80,33,8,10,2,10,3,66,2,2,1,3,4,8,0,0,0,0,0,0,0,0,0,0.2398465703971119,Low Value,Low Value
4608,1987,27,Graduation,Divorced,81361.0,0,0,0,2014-02-25,124,18,163,23,424,27,65,76,778,1,3,10,13,1,27,0,0,0,0,0,1,0,1,0,0.6464350180505415,Mid Value,Potential Loyalists
1626,1973,41,PhD,Divorced,35860.0,1,1,2,2014-05-19,41,37,15,0,8,4,2,20,49,2,1,1,2,5,6,0,0,1,0,0,1,1,2,0,0.17373646209386281,Low Value,Low Value
4764,1952,62,Master,Together,40442.0,1,1,2,2012-08-19,679,52,45,12,52,25,22,13,169,4,3,1,4,7,12,0,0,0,0,0,1,0,1,0,0.38064079422382674,Low Value,Low Value
2471,1965,49,Graduation,Married,61482.0,0,0,0,2014-06-27,2,39,48,58,68,16,66,43,299,1,3,2,6,2,12,0,0,0,0,0,0,0,0,0,0.45735559566787004,Low Value,Low Value
5892,1980,34,Graduation,Married,34968.0,1,0,1,2013-04-10,445,11,158,6,45,8,2,2,221,7,3,2,5,7,17,0,0,0,0,0,0,0,0,0,0.41245487364620936,Low Value,Loyal Customers
2612,1987,27,Graduation,Married,75794.0,0,0,0,2013-12-24,187,33,754,160,625,63,32,48,1682,1,7,5,12,3,25,1,0,0,0,0,0,1,1,0,0.9341155234657039,High Value,Champions
4971,1962,52,PhD,Together,31497.0,0,1,1,2012-12-06,570,22,108,1,28,13,1,4,155,2,3,1,4,8,10,0,0,0,0,0,0,0,0,0,0.37026173285198555,Low Value,Low Value
5185,1955,59,Graduation,Married,74268.0,0,0,0,2013-02-14,500,83,199,66,315,97,174,41,892,1,4,3,5,2,13,0,0,0,0,0,0,0,0,0,0.6845667870036101,Mid Value,Low Value
10069,1988,26,Basic,Together,13724.0,1,0,1,2012-08-31,667,43,2,7,5,2,15,27,58,1,2,0,2,9,5,0,0,1,0,0,0,1,1,0,0.21096570397111913,Low Value,Low Value
2262,1965,49,Master,Together,45143.0,0,1,1,2013-08-26,307,74,202,5,74,11,5,14,311,3,6,1,5,7,15,0,0,0,0,0,0,0,0,0,0.46367328519855594,Low Value,Low Value
1131,1967,47,PhD,Single,52569.0,0,1,1,2014-04-05,85,54,85,0,3,0,0,7,95,1,2,0,4,3,7,0,0,0,0,0,0,0,0,0,0.3097924187725632,Low Value,Low Value
1041,1973,41,PhD,Single,48432.0,0,1,1,2012-10-18,619,3,322,3,50,4,3,42,424,5,7,1,6,8,19,0,0,0,0,0,1,0,1,0,0.5185018050541517,Mid Value,Potential Loyalists
24,1960,54,Master,Together,17144.0,1,1,2,2014-02-15,134,96,18,2,19,0,2,6,47,5,3,0,4,7,12,0,0,0,0,0,0,0,0,0,0.16290613718411553,Low Value,Low Value
3409,1984,30,Graduation,Single,36108.0,1,0,1,2013-10-15,257,68,141,8,129,3,11,47,339,3,7,1,4,9,15,0,0,1,0,0,0,1,1,0,0.47879061371841153,Low Value,Low Value
7022,1971,43,Graduation,Married,76445.0,1,0,1,2012-09-28,639,2,739,107,309,140,80,35,1410,1,2,5,13,6,21,0,0,0,0,0,0,0,0,0,0.8691335740072202,High Value,Champions
7943,1975,39,PhD,Married,36663.0,1,0,1,2014-04-25,65,40,18,0,6,3,3,5,35,1,1,1,3,2,6,0,0,0,0,0,0,0,0,0,0.10153429602888087,Low Value,Low Value
5272,1965,49,Master,Married,53843.0,0,1,1,2013-06-27,367,64,378,0,88,19,4,73,562,4,8,5,3,7,20,0,0,0,0,0,0,0,0,0,0.5746841155234657,Mid Value,Loyal Customers
5453,1956,58,Master,Married,90226.0,0,0,0,2012-09-26,641,26,1083,108,649,253,151,108,2352,1,4,7,12,2,24,1,0,0,0,0,0,1,1,0,0.9977436823104693,High Value,Champions
2565,1955,59,Master,Divorced,70638.0,0,0,0,2013-06-01,393,69,1016,12,215,16,12,63,1334,1,4,5,10,3,20,0,0,0,1,0,0,1,1,0,0.8472472924187726,High Value,At-Risk High Value
800,1960,54,Graduation,Together,44512.0,1,1,2,2013-08-30,303,57,23,1,6,0,0,2,32,2,1,0,3,4,6,0,0,0,0,0,0,0,0,0,0.09070397111913357,Low Value,Low Value
11092,1961,53,Graduation,Married,27116.0,1,1,2,2014-03-02,119,78,12,1,21,2,2,3,41,2,2,0,3,7,7,0,0,0,0,0,0,0,0,0,0.1272563176895307,Low Value,Low Value
5062,1963,51,PhD,Married,54072.0,1,1,2,2013-07-27,337,71,35,0,4,0,0,0,39,1,2,0,2,8,5,0,0,0,0,0,0,0,0,0,0.12003610108303249,Low Value,Low Value
8969,1977,37,Graduation,Married,71855.0,0,1,1,2013-01-16,529,59,548,31,422,0,112,28,1141,4,5,5,11,3,25,0,0,0,0,0,0,0,0,0,0.7833935018050542,Mid Value,Potential Loyalists
4656,1990,24,2n Cycle,Single,51250.0,1,0,1,2013-03-30,456,28,342,32,230,34,32,40,710,5,10,5,4,9,24,0,0,1,0,0,0,1,1,0,0.6231949458483754,Mid Value,Potential Loyalists
4480,1973,41,Master,Married,60432.0,0,1,1,2014-03-09,112,61,365,3,15,4,3,11,401,5,7,2,5,6,19,0,0,0,0,0,0,0,0,0,0.5036101083032491,Mid Value,Loyal Customers
9971,1964,50,PhD,Married,65526.0,0,1,1,2014-04-11,79,22,397,19,69,12,0,9,506,1,4,4,8,2,17,0,0,0,0,0,0,0,0,0,0.5573104693140795,Mid Value,Potential Loyalists
6729,1988,26,Graduation,Single,68655.0,0,0,0,2012-08-10,688,95,456,19,832,75,118,38,1538,1,4,5,11,3,21,0,0,0,0,0,0,0,0,0,0.9009476534296029,High Value,At-Risk High Value
1773,1978,36,2n Cycle,Married,12393.0,0,0,0,2012-12-04,572,38,5,6,15,11,7,13,57,1,2,0,3,9,6,0,0,0,0,0,0,0,0,0,0.20645306859205775,Low Value,Low Value
9242,1990,24,Graduation,Single,64509.0,0,0,0,2013-08-17,316,19,836,185,575,24,25,77,1722,1,6,3,9,4,19,0,0,1,0,0,1,1,2,0,0.9408844765342961,High Value,Champions
1764,1975,39,Graduation,Single,33955.0,1,0,1,2013-08-09,324,92,100,2,128,23,7,10,270,4,5,1,5,8,15,0,0,0,0,0,0,0,0,0,0.44314079422382674,Low Value,Low Value
6215,1977,37,Graduation,Married,31353.0,1,1,2,2013-12-29,182,24,10,0,10,3,1,7,31,2,1,1,2,8,6,0,0,0,0,0,1,0,1,0,0.08596570397111913,Low Value,Low Value
10099,1984,30,Graduation,Married,55434.0,1,0,1,2013-10-05,267,21,238,115,215,169,69,76,882,3,5,3,13,4,24,0,0,0,0,0,0,0,0,0,0.6816335740072202,Mid Value,Potential Loyalists
5423,1983,31,Graduation,Together,28359.0,1,0,1,2013-10-27,245,35,6,0,5,2,1,2,16,1,1,0,2,7,4,0,0,0,0,0,0,0,0,0,0.02075812274368231,Low Value,Low Value
940,1987,27,Graduation,Single,57100.0,1,0,1,2014-05-18,42,9,158,11,99,15,11,17,311,2,3,2,7,3,14,0,0,0,0,0,0,0,0,0,0.46367328519855594,Low Value,Low Value
3011,1965,49,Graduation,Married,69139.0,0,1,1,2014-01-27,153,23,86,12,75,33,15,6,227,1,4,1,5,4,11,0,0,0,0,0,0,0,0,0,0.4165162454873646,Low Value,Low Value
3298,1956,58,Master,Married,52973.0,0,1,1,2012-11-08,598,92,856,0,76,12,9,199,1152,7,9,6,9,8,31,0,0,0,0,0,0,0,0,0,0.789485559566787,Mid Value,Loyal Customers
8286,1965,49,PhD,Together,51717.0,0,1,1,2013-08-20,313,55,98,1,17,0,1,5,122,1,3,0,4,7,8,0,0,0,1,0,0,1,1,0,0.3418321299638989,Low Value,Low Value
9668,1971,43,Graduation,Married,18793.0,1,0,1,2013-01-12,533,14,4,16,20,0,17,20,77,3,2,0,4,8,9,0,0,0,0,0,0,0,0,0,0.2736913357400722,Low Value,Low Value
5120,1982,32,2n Cycle,Together,66664.0,0,0,0,2012-09-25,642,78,398,96,447,220,96,32,1289,1,5,7,6,3,19,0,0,0,0,0,0,0,0,0,0.8364169675090253,High Value,At-Risk High Value
6097,1959,55,Graduation,Single,50664.0,1,1,2,2013-01-16,529,64,313,8,104,6,4,126,561,9,8,1,6,9,24,0,0,0,0,0,0,0,0,0,0.5737815884476535,Mid Value,Loyal Customers
7019,1963,51,Graduation,Together,54414.0,1,1,2,2013-01-23,522,49,109,18,16,24,26,18,211,4,3,1,5,4,13,0,0,0,0,0,0,0,0,0,0.4081678700361011,Low Value,Low Value
7408,1952,62,PhD,Married,54549.0,0,1,1,2014-03-03,118,8,216,2,6,0,0,9,233,2,5,1,4,7,12,0,0,0,0,0,0,0,0,0,0.41944945848375453,Low Value,Low Value
8041,1971,43,PhD,Widow,47111.0,0,1,1,2012-09-08,659,35,595,71,153,120,112,41,1092,6,3,2,10,9,21,0,0,0,0,0,0,0,0,0,0.7657942238267148,Mid Value,Potential Loyalists
252,1963,51,PhD,Divorced,41003.0,0,0,0,2013-03-17,469,11,123,133,142,71,44,88,601,1,6,2,8,6,17,0,0,0,0,0,0,0,0,0,0.5884476534296029,Mid Value,Potential Loyalists
9986,1982,32,Graduation,Together,19444.0,1,0,1,2014-02-22,127,8,16,0,23,3,2,10,54,3,4,1,2,7,10,0,0,0,0,0,1,0,1,0,0.19133574007220217,Low Value,Low Value
3276,1976,38,2n Cycle,Together,36301.0,1,0,1,2013-10-25,247,53,11,12,35,3,5,12,78,1,3,0,3,7,7,0,0,0,0,0,0,0,0,0,0.276398916967509,Low Value,Low Value
3859,1947,67,PhD,Together,73059.0,0,1,1,2013-08-31,302,36,410,112,420,0,82,71,1095,1,9,3,13,4,26,0,0,0,0,0,0,0,0,0,0.7673736462093863,Mid Value,Potential Loyalists
3570,1969,45,PhD,Together,42731.0,1,0,1,2013-10-21,251,64,159,2,51,6,2,24,244,3,4,1,5,5,13,0,0,0,0,0,0,0,0,0,0.4262184115523466,Low Value,Low Value
3783,1959,55,PhD,Married,52854.0,1,1,2,2014-03-24,97,43,105,0,10,0,1,0,116,2,2,1,4,5,9,0,0,0,0,0,0,0,0,0,0.3346119133574007,Low Value,Low Value
10207,1978,36,Graduation,Together,22775.0,1,0,1,2013-06-19,375,40,5,1,8,0,0,1,15,1,1,0,2,8,4,0,0,0,0,0,0,0,0,0,0.01601985559566787,Low Value,Low Value
10906,1948,66,PhD,Together,46681.0,0,2,2,2013-10-08,264,52,269,15,69,15,19,38,425,2,4,6,4,5,16,0,0,0,0,0,0,0,0,0,0.5200812274368231,Mid Value,Potential Loyalists
3427,1955,59,PhD,Married,59821.0,0,1,1,2013-04-12,443,11,629,0,70,0,0,35,734,6,11,2,7,8,26,0,0,0,0,0,0,0,0,0,0.6333483754512635,Mid Value,Potential Loyalists
5209,1954,60,Graduation,Divorced,50002.0,0,1,1,2013-06-17,377,21,443,5,71,21,16,82,638,2,8,2,7,7,19,0,0,0,0,0,0,0,0,0,0.6015342960288809,Mid Value,Potential Loyalists
10711,1945,69,Graduation,Married,69755.0,0,0,0,2013-10-02,270,23,217,77,373,111,23,93,894,1,3,6,12,1,22,0,0,0,0,0,0,0,0,0,0.6854693140794224,Mid Value,Potential Loyalists
10785,1969,45,Graduation,Married,44078.0,1,1,2,2014-06-19,10,17,24,1,10,2,0,4,41,2,2,0,3,5,7,0,0,0,0,0,0,0,0,0,0.1272563176895307,Low Value,Low Value
2814,1976,38,Master,Together,30560.0,1,0,1,2013-06-27,367,6,9,1,5,4,5,7,31,1,1,0,3,7,5,0,0,0,0,0,0,0,0,0,0.08596570397111913,Low Value,Low Value
6866,1969,45,Master,Together,35924.0,1,1,2,2014-03-23,98,56,8,0,14,2,3,7,34,1,1,0,3,5,5,0,0,0,0,0,0,0,0,0,0.09747292418772563,Low Value,Low Value
1665,1964,50,PhD,Divorced,64140.0,0,2,2,2013-09-23,279,71,1459,0,61,0,15,215,1750,5,2,5,6,5,18,0,1,1,0,1,1,3,4,0,0.9467509025270758,High Value,At-Risk High Value
6575,1981,33,Graduation,Together,56386.0,1,1,2,2012-10-27,610,51,230,48,214,13,32,75,612,8,9,1,7,9,25,0,0,0,0,0,0,0,0,0,0.5947653429602888,Mid Value,Potential Loyalists
3829,1979,35,Basic,Together,24594.0,1,0,1,2013-12-10,201,94,1,3,6,10,0,9,29,1,1,0,3,5,5,0,0,0,0,0,0,0,0,0,0.07694043321299639,Low Value,Low Value
3091,1981,33,2n Cycle,Together,75774.0,1,0,1,2014-05-02,58,27,340,21,134,258,14,56,823,1,7,5,8,4,21,0,0,0,0,0,0,0,0,0,0.6633574007220217,Mid Value,Potential Loyalists
10141,1960,54,Master,Divorced,39228.0,0,0,0,2013-05-10,415,1,7,1,6,0,3,3,20,1,0,0,3,4,4,0,0,0,0,0,0,0,0,0,0.03813176895306859,Low Value,Low Value
5177,1974,40,Master,Married,58494.0,0,1,1,2013-12-12,199,56,298,7,68,4,0,19,396,2,6,2,6,6,16,0,0,0,0,0,0,0,0,0,0.49954873646209386,Low Value,Low Value
7005,1981,33,Graduation,Single,58684.0,0,0,0,2014-06-16,13,71,479,35,179,28,7,85,813,1,5,3,12,2,21,0,0,0,1,0,0,1,1,0,0.6586191335740073,Mid Value,Loyal Customers
6409,1967,47,Graduation,Divorced,57136.0,0,0,0,2013-05-18,407,18,267,140,599,34,12,127,1179,1,7,5,7,6,20,0,0,0,0,0,1,0,1,0,0.8023465703971119,High Value,Champions
7485,1950,64,PhD,Widow,56551.0,1,1,2,2014-05-07,53,48,67,4,32,17,2,16,138,3,2,1,4,4,10,0,0,0,0,0,0,0,0,0,0.35875451263537905,Low Value,Low Value
8079,1982,32,Graduation,Married,22448.0,1,0,1,2014-02-26,123,86,3,1,8,23,2,18,55,3,2,1,3,3,9,0,0,0,0,0,0,0,0,0,0.1976534296028881,Low Value,Low Value
8395,1961,53,Graduation,Single,82014.0,0,0,0,2012-08-20,678,48,980,37,265,35,163,31,1511,1,3,6,12,6,22,0,0,0,0,0,1,0,1,0,0.8937274368231047,High Value,Champions
10352,1963,51,Graduation,Widow,34213.0,1,1,2,2012-09-07,660,2,50,4,28,6,3,26,117,3,3,1,2,9,9,0,0,0,0,0,1,0,1,0,0.3352888086642599,Low Value,Low Value
13,1947,67,PhD,Widow,25358.0,0,1,1,2013-07-22,342,57,19,0,5,0,0,8,32,2,1,0,3,6,6,0,0,0,0,0,0,0,0,0,0.09070397111913357,Low Value,Low Value
1834,1978,36,Master,Single,35544.0,1,0,1,2014-03-08,113,77,30,5,23,4,1,4,67,1,2,0,3,7,6,0,0,0,0,0,0,0,0,0,0.243456678700361,Low Value,Low Value
2285,1954,60,Master,Together,36634.0,0,1,1,2013-05-28,397,0,213,9,76,4,3,30,335,3,5,2,5,7,15,0,0,0,0,0,0,0,0,0,0.47833935018050544,Low Value,Low Value
2295,1954,60,PhD,Married,62670.0,0,1,1,2014-02-02,147,57,539,30,92,80,46,38,825,1,5,3,13,3,22,0,0,0,0,0,0,0,0,0,0.6647111913357401,Mid Value,Potential Loyalists
1378,1972,42,2n Cycle,Together,50334.0,0,1,1,2013-07-24,340,24,284,16,160,84,16,134,694,6,7,4,6,6,23,0,0,0,0,0,0,0,0,0,0.6207129963898917,Mid Value,Potential Loyalists
2781,1981,33,Graduation,Single,72066.0,0,0,0,2014-06-23,6,55,1003,34,536,134,51,34,1792,1,4,6,6,2,17,1,0,0,0,1,1,2,3,0,0.9521660649819494,High Value,Champions
1165,1958,56,PhD,Single,50729.0,1,1,2,2013-05-02,423,62,239,13,143,45,4,52,496,9,6,2,7,6,24,0,0,0,0,0,0,0,0,0,0.5530234657039711,Mid Value,Loyal Customers
1404,1968,46,Graduation,Together,34916.0,2,0,2,2013-05-15,410,89,51,23,82,33,0,42,231,4,5,1,3,9,13,0,0,0,0,0,0,0,0,0,0.41787003610108303,Low Value,Low Value
6457,1976,38,Graduation,Divorced,64892.0,0,1,1,2014-05-29,31,77,527,24,230,32,24,65,902,2,6,4,12,4,24,0,0,0,0,0,0,0,0,0,0.6895306859205776,Mid Value,Loyal Customers
2639,1966,48,Graduation,Single,43602.0,1,1,2,2014-01-10,170,45,19,5,12,10,3,19,68,3,3,1,2,6,9,0,0,0,0,0,0,0,0,0,0.24751805054151624,Low Value,Low Value
8299,1989,25,PhD,Single,33996.0,0,0,0,2013-09-11,291,46,40,2,15,8,0,6,71,1,1,1,3,4,6,0,0,0,0,0,0,0,0,0,0.2585740072202166,Low Value,Low Value
6437,1985,29,2n Cycle,Single,41473.0,1,0,1,2013-06-19,375,80,21,8,20,15,3,9,76,1,2,0,3,7,6,0,0,0,0,0,0,0,0,0,0.27120938628158847,Low Value,Low Value
6912,1967,47,PhD,Married,63246.0,0,2,2,2013-08-20,313,60,593,30,91,29,22,7,772,1,6,3,12,4,22,0,0,0,0,0,0,0,0,0,0.6439530685920578,Mid Value,Loyal Customers
7327,1959,55,PhD,Married,36732.0,1,1,2,2013-12-29,182,71,21,5,3,10,1,7,47,3,1,1,4,2,9,0,0,0,0,0,0,0,0,0,0.16290613718411553,Low Value,Low Value
5299,1970,44,PhD,Married,69084.0,1,0,1,2013-11-19,222,43,1181,107,199,39,30,30,1586,2,7,3,13,8,25,0,0,0,0,0,0,0,0,0,0.9117779783393501,High Value,Champions
4127,1967,47,PhD,Married,77766.0,0,1,1,2013-02-22,492,97,1004,59,265,115,59,27,1529,2,11,10,11,6,34,0,0,1,0,0,1,1,2,0,0.8982400722021661,High Value,At-Risk High Value
8143,1985,29,PhD,Single,37929.0,0,0,0,2013-07-30,334,49,202,2,46,3,2,10,265,2,4,2,5,7,13,1,0,0,1,0,1,2,3,0,0.43704873646209386,Low Value,Low Value
1964,1951,63,Graduation,Together,86610.0,0,0,0,2013-09-05,297,66,446,107,768,33,196,53,1603,1,5,6,6,2,18,0,0,0,0,0,0,0,0,0,0.9165162454873647,High Value,At-Risk High Value
3690,1986,28,Master,Married,80141.0,0,0,0,2013-01-11,534,20,1184,102,673,52,40,40,2091,1,7,4,10,6,22,0,0,0,0,1,1,1,2,0,0.9864620938628159,High Value,Champions
3433,1955,59,2n Cycle,Married,72635.0,0,0,0,2013-06-03,391,54,390,22,323,104,35,107,981,1,6,8,6,3,21,1,0,0,0,0,0,1,1,0,0.7240523465703971,Mid Value,Potential Loyalists
3389,1970,44,Graduation,Married,69016.0,0,1,1,2012-11-22,584,61,726,53,363,123,107,161,1533,4,8,9,13,5,34,0,0,0,0,0,0,0,0,0,0.8993682310469314,High Value,At-Risk High Value
4712,1991,23,2n Cycle,Together,20193.0,0,0,0,2012-11-28,578,18,8,8,22,24,11,9,82,1,1,1,4,4,7,0,0,0,0,0,0,0,0,0,0.2870036101083033,Low Value,Low Value
1170,1975,39,Graduation,Married,27573.0,1,0,1,2013-03-25,461,45,50,15,110,39,15,15,244,4,5,1,4,8,14,0,0,0,0,0,0,0,0,0,0.4262184115523466,Low Value,Low Value
6347,1979,35,Basic,Single,15862.0,1,0,1,2013-06-27,367,26,1,1,4,11,9,10,36,1,1,0,3,8,5,0,0,0,0,0,0,0,0,0,0.10446750902527076,Low Value,Low Value
4065,1976,38,PhD,Married,49544.0,1,0,1,2013-02-12,502,0,308,0,73,0,0,23,404,2,5,1,8,7,16,0,0,0,0,0,0,0,0,0,0.5051895306859205,Mid Value,Potential Loyalists
8230,1980,34,Graduation,Married,33228.0,1,0,1,2014-01-23,157,28,22,2,31,7,4,5,71,1,2,0,3,7,6,0,0,0,0,0,0,0,0,0,0.2585740072202166,Low Value,Low Value
1215,1978,36,Graduation,Together,70440.0,0,0,0,2013-10-08,264,49,690,117,499,76,102,88,1572,1,5,10,7,3,23,1,0,0,0,0,0,1,1,0,0.9063628158844765,High Value,Champions
5939,1971,43,Graduation,Together,38232.0,1,1,2,2014-01-17,163,84,43,5,28,7,6,33,122,4,3,1,3,5,11,0,0,0,0,0,0,0,0,0,0.3418321299638989,Low Value,Low Value
2156,1955,59,PhD,Married,22554.0,1,1,2,2012-11-03,603,38,27,0,10,0,0,4,41,4,2,0,4,5,10,0,0,0,0,0,0,0,0,0,0.1272563176895307,Low Value,Low Value
7788,1983,31,PhD,Married,23536.0,1,0,1,2014-06-04,25,53,6,0,3,0,0,1,10,1,0,0,3,3,4,0,0,0,0,0,0,0,0,0,0.005415162454873646,Low Value,Low Value
10323,1952,62,Graduation,Married,49413.0,0,1,1,2013-10-25,247,88,205,7,41,3,2,46,304,2,4,2,5,5,13,0,0,0,0,0,0,0,0,0,0.45938628158844763,Low Value,Low Value
7947,1969,45,Graduation,Married,42231.0,1,1,2,2014-03-25,96,99,24,0,8,0,1,4,37,1,1,0,3,5,5,0,0,0,0,0,0,0,0,0,0.10898014440433212,Low Value,Low Value
1891,1980,34,Master,Divorced,78789.0,0,0,0,2012-08-08,690,12,667,50,850,21,83,83,1754,1,4,6,5,2,16,0,0,0,0,0,1,0,1,0,0.9476534296028881,High Value,Potential Loyalists
2570,1968,46,Graduation,Together,56534.0,0,1,1,2013-07-23,341,35,691,7,61,10,0,46,815,4,10,4,7,8,25,0,1,0,1,0,1,2,3,0,0.6592960288808665,Mid Value,Potential Loyalists
9256,1971,43,Graduation,Single,58350.0,0,1,1,2013-01-04,541,5,493,26,206,116,80,80,1001,4,8,3,12,6,27,0,0,0,0,0,0,0,0,0,0.7312725631768953,Mid Value,Potential Loyalists
295,1989,25,Graduation,Single,81217.0,0,0,0,2013-07-19,345,77,493,70,324,146,40,84,1157,1,3,7,11,1,22,0,0,0,0,0,0,0,0,0,0.7919675090252708,Mid Value,Loyal Customers
7397,1951,63,Graduation,Single,49090.0,0,1,1,2013-07-19,345,45,494,5,82,7,0,100,688,3,7,2,9,7,21,0,0,0,0,0,0,0,0,0,0.6173285198555957,Mid Value,Potential Loyalists
6349,1987,27,Master,Divorced,61787.0,0,0,0,2013-07-06,358,71,621,73,414,78,48,85,1319,1,8,4,6,5,19,0,0,0,0,0,0,0,0,0,0.8443140794223827,High Value,At-Risk High Value
10790,1985,29,PhD,Married,18169.0,1,0,1,2013-02-19,495,40,9,0,5,0,0,7,21,1,1,0,2,8,4,0,0,0,0,0,0,0,0,0,0.0430956678700361,Low Value,Low Value
10398,1981,33,2n Cycle,Single,24336.0,1,0,1,2012-08-27,671,82,1,6,2,8,2,12,31,1,1,0,2,7,4,0,0,0,0,0,0,0,0,0,0.08596570397111913,Low Value,Low Value
2431,1990,24,Graduation,Married,18222.0,0,0,0,2012-12-31,545,70,12,4,19,12,6,14,67,1,2,0,3,8,6,0,0,0,0,0,0,0,0,0,0.243456678700361,Low Value,Low Value
550,1952,62,Graduation,Divorced,62335.0,0,1,1,2013-05-23,402,87,243,131,217,85,6,26,708,2,3,3,13,2,21,0,0,0,0,0,0,0,0,0,0.6227436823104693,Mid Value,Loyal Customers
1890,1971,43,2n Cycle,Together,42033.0,1,1,2,2012-09-19,648,95,11,1,4,2,0,7,25,1,1,0,2,7,4,0,0,0,0,0,0,0,0,0,0.06340252707581227,Low Value,Low Value
10742,1983,31,PhD,Married,86580.0,0,0,0,2013-02-27,487,72,532,21,127,26,20,20,746,0,4,2,5,1,11,0,0,0,0,1,0,1,1,0,0.6356046931407943,Mid Value,Low Value
10356,1957,57,PhD,Divorced,41437.0,1,1,2,2012-09-22,645,5,29,0,2,0,0,1,32,1,1,0,3,7,5,0,0,0,0,0,0,0,0,0,0.09070397111913357,Low Value,Low Value
4676,1951,63,Master,Widow,73705.0,0,2,2,2014-03-05,116,86,612,91,520,258,107,107,1695,2,9,6,8,5,25,0,0,0,0,0,0,0,0,0,0.9377256317689531,High Value,At-Risk High Value
8852,1976,38,Graduation,Married,61064.0,0,1,1,2012-08-31,667,80,387,126,342,0,45,180,1080,5,8,4,11,6,28,0,0,0,0,0,0,0,0,0,0.7612815884476535,Mid Value,Loyal Customers
3565,1955,59,Master,Married,38452.0,1,1,2,2014-03-30,91,62,56,0,14,0,0,2,72,3,3,0,3,7,9,0,0,0,0,0,0,0,0,0,0.2621841155234657,Low Value,Low Value
5294,1989,25,Graduation,Single,18358.0,1,0,1,2013-11-20,221,49,6,8,19,16,4,4,57,3,3,0,4,7,10,0,0,0,0,0,0,0,0,0,0.20645306859205775,Low Value,Low Value
1958,1973,41,PhD,Together,55012.0,0,1,1,2014-03-21,100,85,582,0,65,0,0,13,660,6,8,2,9,5,25,0,0,0,0,0,0,0,0,0,0.6078519855595668,Mid Value,Loyal Customers
7349,1973,41,Basic,Together,9722.0,1,0,1,2012-10-02,635,7,6,17,16,6,16,42,103,4,3,1,3,8,11,0,0,0,0,0,1,0,1,0,0.3249097472924188,Low Value,Low Value
8799,1984,30,PhD,Married,38175.0,1,0,1,2013-09-23,279,6,70,6,69,2,3,3,153,3,3,1,4,7,11,0,0,0,0,0,0,0,0,0,0.36958483754512633,Low Value,Low Value
1351,1956,58,Master,Together,58656.0,0,1,1,2012-09-20,647,25,962,12,194,16,24,12,1220,4,7,8,13,6,32,0,0,0,0,1,0,1,1,0,0.8181407942238267,High Value,Champions
1045,1965,49,Graduation,Together,52117.0,0,1,1,2012-08-16,682,55,112,10,107,30,0,20,279,2,5,2,4,7,13,0,0,0,0,0,0,0,0,0,0.45013537906137185,Low Value,Low Value
7732,1978,36,Graduation,Married,64813.0,1,0,1,2014-01-02,178,81,293,0,124,179,97,52,745,1,7,2,10,5,20,0,0,0,0,0,0,0,0,0,0.634927797833935,Mid Value,Loyal Customers
8070,1973,41,PhD,Married,54222.0,0,1,1,2014-03-01,120,98,199,12,31,3,12,7,264,1,3,3,5,3,12,0,0,0,0,0,0,0,0,0,0.4354693140794224,Low Value,Low Value
477,1986,28,Graduation,Married,83512.0,0,0,0,2014-06-17,12,31,1060,61,835,80,20,101,2157,1,4,7,10,1,22,1,1,1,0,1,1,4,5,0,0.9914259927797834,High Value,Champions
7832,1959,55,Master,Married,77520.0,0,1,1,2013-08-28,305,30,940,44,396,0,88,58,1526,1,8,7,7,4,23,1,0,1,0,1,1,3,4,0,0.8968862815884476,High Value,Champions
2202,1978,36,Graduation,Together,41154.0,0,1,1,2013-04-09,446,98,44,2,11,2,3,7,69,1,1,0,4,5,6,0,0,0,0,0,0,0,0,0,0.2518050541516246,Low Value,Low Value
7396,1966,48,Graduation,Married,80398.0,0,0,0,2012-11-10,596,92,342,51,936,207,35,26,1597,1,5,8,12,3,26,0,0,0,0,1,0,1,1,0,0.9142599277978339,High Value,At-Risk High Value
4055,1992,22,Basic,Single,18746.0,1,0,1,2014-05-29,31,41,2,10,11,12,9,20,64,2,3,0,3,6,8,0,0,0,0,0,0,0,0,0,0.2328519855595668,Low Value,Low Value
10340,1984,30,Graduation,Together,35196.0,1,0,1,2012-11-13,593,68,75,12,141,43,39,187,497,6,6,1,5,8,18,0,0,0,0,0,0,0,0,0,0.5541516245487365,Mid Value,Loyal Customers
10091,1956,58,Graduation,Single,60230.0,0,1,1,2013-05-20,405,78,520,20,367,39,81,40,1067,2,6,3,6,5,17,0,0,0,0,0,0,0,0,0,0.7572202166064982,Mid Value,Loyal Customers
7629,1977,37,Graduation,Married,22108.0,1,1,2,2014-05-08,52,46,5,3,9,6,2,6,31,2,2,0,3,7,7,0,0,0,0,0,0,0,0,0,0.08596570397111913,Low Value,Low Value
10640,1974,40,Graduation,Together,44392.0,1,1,2,2013-09-05,297,71,87,5,71,7,12,29,211,5,4,1,4,7,14,0,0,0,0,0,0,0,0,0,0.4081678700361011,Low Value,Low Value
3498,1976,38,PhD,Married,55424.0,0,1,1,2012-11-25,581,6,462,61,184,10,53,107,877,4,7,5,9,6,25,0,0,1,0,0,1,1,2,0,0.6798285198555957,Mid Value,Potential Loyalists
6742,1979,35,Graduation,Married,17688.0,1,0,1,2013-01-13,532,82,2,2,1,3,1,2,11,1,1,0,2,8,4,0,0,0,0,0,0,0,0,1,0.007671480144404332,Low Value,Low Value
1172,1983,31,PhD,Married,92491.0,0,0,0,2013-05-01,424,71,979,44,935,29,25,22,2034,1,7,5,12,3,25,1,0,0,1,1,1,3,4,0,0.980595667870036,High Value,At-Risk High Value
569,1991,23,Graduation,Single,90273.0,0,0,0,2013-12-14,197,32,704,129,853,120,74,111,1991,1,5,6,7,2,19,1,0,0,1,1,1,3,4,0,0.9774368231046932,High Value,Champions
4686,1962,52,PhD,Widow,82571.0,0,0,0,2014-04-02,88,28,861,31,558,62,95,79,1686,0,6,5,13,2,24,0,0,0,0,1,0,1,1,0,0.9350180505415162,High Value,Champions
1381,1982,32,PhD,Single,38513.0,1,0,1,2014-01-28,152,20,172,3,115,16,0,18,324,5,6,1,5,8,17,0,0,0,0,0,1,0,1,0,0.47405234657039713,Low Value,Loyal Customers
2634,1979,35,Master,Single,16653.0,1,0,1,2014-04-18,72,10,5,7,31,15,4,7,69,3,2,1,3,6,9,0,0,0,0,0,1,0,1,0,0.2518050541516246,Low Value,Low Value
10905,1955,59,Graduation,Together,42586.0,1,1,2,2012-10-29,608,7,194,2,56,0,0,0,252,5,4,1,6,8,16,0,0,0,0,0,1,0,1,0,0.4280234657039711,Low Value,Low Value
1744,1965,49,Basic,Single,23529.0,0,1,1,2013-01-07,538,67,9,7,13,3,2,20,54,1,1,1,2,6,5,0,0,0,0,0,0,0,0,0,0.19133574007220217,Low Value,Low Value
1000,1961,53,Master,Together,74881.0,1,1,2,2013-03-08,478,48,505,72,270,36,27,54,964,4,9,2,12,5,27,0,0,0,0,0,0,0,0,0,0.713673285198556,Mid Value,Potential Loyalists
3828,1951,63,Graduation,Married,71107.0,0,1,1,2013-02-17,497,61,533,10,217,198,174,195,1327,2,7,6,13,4,28,0,0,0,0,0,0,0,0,0,0.8461191335740073,High Value,At-Risk High Value
8605,1964,50,PhD,Together,46910.0,1,1,2,2014-03-23,98,36,48,0,14,0,0,6,68,2,2,0,3,6,7,0,0,0,0,0,0,0,0,0,0.24751805054151624,Low Value,Low Value
10304,1959,55,Graduation,Married,18690.0,0,0,0,2012-12-28,548,77,6,1,7,23,4,19,60,1,1,1,2,8,5,0,0,0,0,0,0,0,0,0,0.21638086642599277,Low Value,Low Value
4351,1955,59,Graduation,Divorced,37244.0,1,1,2,2013-04-27,428,90,18,2,10,0,0,25,55,1,1,1,2,7,5,0,0,1,0,0,0,1,1,0,0.1976534296028881,Low Value,Low Value
10129,1966,48,Graduation,Together,82427.0,0,0,0,2014-03-12,109,35,482,147,509,104,107,107,1456,1,3,5,12,1,21,0,0,0,0,1,0,1,1,0,0.8799638989169675,High Value,Champions
2499,1958,56,2n Cycle,Single,75342.0,0,1,1,2013-05-06,419,38,204,97,97,21,118,26,563,1,5,2,10,4,18,0,0,0,0,0,0,0,0,0,0.5753610108303249,Mid Value,Potential Loyalists
10092,1954,60,Graduation,Divorced,70044.0,0,1,1,2013-02-18,496,46,1073,0,250,153,14,14,1504,4,7,10,5,5,26,0,0,0,0,0,0,0,0,0,0.8916967509025271,High Value,Champions
7500,1967,47,Graduation,Single,79146.0,1,1,2,2014-04-24,66,33,245,16,223,21,43,16,564,2,8,1,8,6,19,0,0,0,0,0,0,0,0,0,0.5762635379061372,Mid Value,Potential Loyalists
5796,1963,51,Graduation,Married,77437.0,0,0,0,2013-11-26,215,70,560,21,442,29,44,29,1125,1,4,5,13,1,23,0,0,0,0,1,0,1,1,0,0.7784296028880866,Mid Value,Loyal Customers
10556,1959,55,Graduation,Married,54984.0,0,1,1,2014-05-24,36,51,173,13,131,32,3,6,358,4,6,1,6,7,17,1,0,0,0,0,0,1,1,0,0.48443140794223827,Low Value,Loyal Customers
1064,1971,43,PhD,Married,42403.0,1,0,1,2013-12-11,200,18,22,1,11,0,5,3,42,1,1,0,3,8,5,0,0,0,0,0,0,0,0,0,0.13199458483754511,Low Value,Low Value
48,1964,50,Graduation,Together,55761.0,0,1,1,2014-04-24,66,97,136,1,12,0,3,32,184,2,4,1,3,6,10,0,0,0,1,0,0,1,1,0,0.3923736462093863,Low Value,Low Value
7610,1983,31,Graduation,Together,37292.0,1,0,1,2013-04-18,437,32,275,0,86,10,23,66,460,5,6,3,5,8,19,0,0,0,0,0,0,0,0,0,0.5372292418772563,Mid Value,Potential Loyalists
263,1945,69,PhD,Single,45576.0,0,0,0,2014-05-28,32,9,56,19,29,2,14,25,145,1,3,1,3,8,8,0,0,0,0,0,1,0,1,0,0.3641696750902527,Low Value,Low Value
10814,1947,67,Graduation,Together,70321.0,0,0,0,2013-01-16,529,6,303,23,751,82,26,191,1376,1,6,5,13,4,25,0,0,0,0,0,1,0,1,0,0.8603339350180506,High Value,Champions
9710,1969,45,PhD,Divorced,58086.0,0,1,1,2013-01-20,525,80,708,7,62,0,0,15,792,2,11,3,7,8,23,0,0,0,0,0,0,0,0,0,0.6491425992779783,Mid Value,Loyal Customers
9292,1952,62,Graduation,Married,81795.0,0,0,0,2012-10-26,611,74,324,132,693,27,118,88,1382,1,4,11,7,2,23,0,0,0,0,0,0,0,0,0,0.8634927797833934,High Value,At-Risk High Value
10250,1947,67,Basic,Together,28389.0,0,0,0,2012-11-20,586,49,1,5,3,7,4,8,28,1,1,0,2,7,4,0,0,0,0,0,0,0,0,0,0.07310469314079422,Low Value,Low Value
7881,1946,68,Master,Married,66835.0,0,0,0,2013-09-28,274,21,620,26,195,34,17,141,1033,1,6,4,13,2,24,0,0,0,0,0,0,0,0,0,0.7439079422382672,Mid Value,Potential Loyalists
5847,1969,45,Graduation,Divorced,69901.0,0,1,1,2013-05-29,396,95,312,21,206,102,92,149,882,3,7,3,10,5,23,0,0,0,0,0,0,0,0,0,0.6816335740072202,Mid Value,Loyal Customers
737,1949,65,PhD,Married,80360.0,0,0,0,2013-03-03,483,56,1493,86,454,112,43,43,2231,2,4,4,5,2,15,1,0,0,1,1,0,3,3,0,0.9936823104693141,High Value,Potential Loyalists
3571,1961,53,PhD,Together,63342.0,0,1,1,2012-10-16,621,48,918,21,118,13,10,21,1101,3,8,3,5,6,19,0,0,0,1,0,1,1,2,0,0.76985559566787,Mid Value,Potential Loyalists
7807,1974,40,Graduation,Married,44989.0,0,1,1,2012-09-12,655,26,98,0,106,49,10,106,369,5,5,1,5,6,16,0,0,0,0,0,0,0,0,0,0.4893953068592058,Low Value,Low Value
3878,1980,34,2n Cycle,Single,31859.0,1,0,1,2014-02-27,122,3,3,4,7,15,8,11,48,1,1,0,3,7,5,0,0,0,0,0,0,0,0,0,0.1680956678700361,Low Value,Low Value
5092,1949,65,PhD,Widow,51569.0,0,1,1,2013-02-12,502,39,380,0,47,6,0,34,467,4,7,1,7,8,19,0,0,0,1,0,1,1,2,0,0.5412906137184116,Mid Value,Potential Loyalists
2154,1971,43,Graduation,Widow,30372.0,1,1,2,2012-12-25,551,33,15,0,12,7,3,7,44,3,2,0,3,7,8,0,0,0,0,0,0,0,0,0,0.14395306859205775,Low Value,Low Value
5394,1979,35,Basic,Single,16014.0,1,1,2,2013-03-17,469,42,3,9,4,7,8,7,38,4,1,1,4,3,10,0,0,0,0,0,0,0,0,0,0.11529783393501805,Low Value,Low Value
3798,1968,46,Graduation,Married,41120.0,1,1,2,2013-11-06,235,80,24,2,23,0,8,24,81,3,2,1,3,6,9,0,0,0,0,0,0,0,0,0,0.28497292418772563,Low Value,Low Value
3524,1971,43,Master,Single,39763.0,1,0,1,2013-08-04,329,9,80,1,60,4,6,16,167,2,5,1,2,9,10,0,0,0,0,0,1,0,1,0,0.37973826714801445,Low Value,Low Value
5247,1955,59,PhD,Married,38725.0,1,1,2,2014-05-10,50,52,31,0,6,2,1,5,45,2,1,0,4,4,7,0,0,0,0,0,0,0,0,0,0.1500451263537906,Low Value,Low Value
5883,1972,42,Graduation,Married,77981.0,1,0,1,2013-05-26,399,78,138,120,204,16,126,60,664,3,7,4,7,5,21,0,0,0,0,0,0,0,0,0,0.6112364620938628,Mid Value,Loyal Customers
2118,1964,50,2n Cycle,Married,62905.0,0,1,1,2013-09-10,292,68,166,75,96,119,107,59,622,3,7,2,8,4,20,0,0,0,0,0,0,0,0,0,0.5965703971119134,Mid Value,Loyal Customers
8812,1979,35,2n Cycle,Divorced,13533.0,1,0,1,2013-03-10,476,45,12,3,8,8,0,17,48,2,2,0,3,7,7,0,0,0,0,0,0,0,0,0,0.1680956678700361,Low Value,Low Value
6616,1975,39,Graduation,Together,59481.0,0,1,1,2013-10-23,249,47,178,3,85,71,66,58,461,2,3,3,8,2,16,0,0,0,0,0,0,0,0,0,0.5383574007220217,Mid Value,Potential Loyalists
2797,1977,37,Graduation,Married,72117.0,0,1,1,2013-08-20,313,34,707,20,171,65,60,50,1073,1,9,7,9,5,26,0,0,0,0,0,0,0,0,0,0.7592509025270758,Mid Value,Potential Loyalists
4328,1986,28,2n Cycle,Married,21955.0,1,0,1,2013-09-07,295,81,5,1,7,17,14,11,55,2,2,1,3,6,8,0,0,0,0,0,0,0,0,0,0.1976534296028881,Low Value,Low Value
9167,1956,58,Graduation,Married,67131.0,0,1,1,2013-03-26,460,72,465,71,250,93,35,62,976,3,9,2,12,6,26,0,0,0,0,0,0,0,0,0,0.7211191335740073,Mid Value,Loyal Customers
10560,1980,34,PhD,Single,36802.0,1,0,1,2014-06-16,13,23,16,1,2,0,0,1,20,1,1,0,3,5,5,0,0,0,0,0,0,0,0,0,0.03813176895306859,Low Value,Low Value
2631,1982,32,Graduation,Together,71853.0,0,0,0,2013-05-08,417,29,358,108,413,141,97,32,1149,1,2,8,6,1,17,0,0,0,0,0,0,0,0,0,0.7867779783393501,Mid Value,Potential Loyalists
8312,1961,53,Basic,Married,28249.0,0,0,0,2014-06-15,14,80,1,9,7,2,14,10,43,1,2,0,3,6,6,0,0,0,0,0,0,0,0,0,0.13740974729241878,Low Value,Low Value
5534,1975,39,Master,Married,47808.0,0,1,1,2013-10-20,252,30,123,1,26,2,0,72,224,2,3,2,3,7,10,0,0,1,0,0,0,1,1,0,0.4151624548736462,Low Value,Low Value
5093,1974,40,PhD,Divorced,25509.0,1,0,1,2012-09-18,649,15,40,3,30,10,7,11,101,3,3,0,3,9,9,0,0,0,0,0,1,0,1,0,0.3197202166064982,Low Value,Low Value
7592,1946,68,PhD,Married,51012.0,0,0,0,2013-04-18,437,86,102,9,63,2,9,24,209,1,4,1,4,6,10,0,0,0,0,0,0,0,0,0,0.4050090252707581,Low Value,Low Value
8895,1985,29,Graduation,Single,70596.0,0,0,0,2012-10-05,632,68,347,44,534,17,0,26,968,1,3,5,12,2,21,0,0,0,0,0,0,0,0,0,0.7159296028880866,Mid Value,Loyal Customers
8584,1952,62,PhD,Together,85431.0,0,0,0,2013-06-08,386,54,376,53,462,168,53,53,1165,1,2,7,7,0,17,0,0,0,0,0,0,0,0,0,0.7946750902527075,Mid Value,Potential Loyalists
2694,1967,47,Graduation,Married,42664.0,0,1,1,2014-03-18,103,44,21,0,3,0,0,0,24,1,1,0,3,6,5,0,0,0,0,0,0,0,0,0,0.059341155234657036,Low Value,Low Value
8910,1955,59,Graduation,Together,42586.0,1,1,2,2012-10-29,608,7,194,2,56,0,0,0,252,5,4,1,6,8,16,0,0,0,0,0,1,0,1,0,0.4280234657039711,Low Value,Low Value
7433,1985,29,Graduation,Single,29760.0,1,0,1,2012-08-29,669,87,64,4,68,7,5,17,165,4,3,1,4,8,12,0,0,0,0,0,0,0,0,0,0.378384476534296,Low Value,Low Value
164,1977,37,PhD,Married,28973.0,0,0,0,2012-10-13,624,59,206,0,46,3,2,12,269,2,5,1,5,8,13,0,0,0,0,0,0,0,0,0,0.44133574007220217,Low Value,Low Value
10477,1973,41,PhD,Together,39435.0,1,0,1,2013-08-06,327,16,71,0,18,0,0,13,102,1,3,1,2,7,7,0,0,0,0,0,0,0,0,0,0.3219765342960289,Low Value,Low Value
2681,1984,30,2n Cycle,Married,65370.0,0,0,0,2013-08-01,332,1,71,22,112,138,89,29,461,1,2,3,13,1,19,0,0,0,0,0,0,0,0,0,0.5383574007220217,Mid Value,Potential Loyalists
5150,1979,35,Basic,Single,20194.0,1,0,1,2012-12-17,559,64,0,4,7,11,10,15,47,2,2,0,3,6,7,0,0,0,0,0,0,0,0,0,0.16290613718411553,Low Value,Low Value
5283,1976,38,PhD,Single,42473.0,1,1,2,2014-02-17,132,72,93,1,21,0,4,25,144,3,2,1,4,5,10,0,0,0,0,0,0,0,0,0,0.36304151624548736,Low Value,Low Value
9645,1968,46,Graduation,Married,64590.0,0,0,0,2012-10-14,623,98,920,138,168,36,46,30,1338,1,9,4,10,6,24,0,0,0,0,0,0,0,0,0,0.8499548736462094,High Value,At-Risk High Value
10678,1959,55,Graduation,Together,71232.0,0,1,1,2013-11-28,213,91,653,17,170,34,26,17,917,2,11,2,10,7,25,0,0,0,0,0,0,0,0,0,0.6981046931407943,Mid Value,Loyal Customers
7261,1971,43,Graduation,Together,34600.0,1,1,2,2013-01-01,544,8,199,33,60,8,3,15,318,5,5,2,5,8,17,0,0,0,0,0,1,0,1,0,0.47044223826714804,Low Value,Loyal Customers
9648,1967,47,Graduation,Single,46904.0,1,1,2,2012-11-03,603,20,153,4,56,0,9,31,253,4,5,1,4,8,14,0,0,0,0,0,0,0,0,0,0.4287003610108303,Low Value,Low Value
2870,1973,41,Graduation,Married,49094.0,0,1,1,2012-09-21,646,6,376,0,38,11,8,69,502,5,6,3,6,6,20,0,0,0,0,0,0,0,0,0,0.555956678700361,Mid Value,Potential Loyalists
8008,1983,31,Graduation,Together,36075.0,1,0,1,2013-12-09,202,54,46,0,30,12,1,30,119,1,2,0,4,6,7,0,0,0,0,0,0,0,0,0,0.3361913357400722,Low Value,Low Value
1513,1979,35,2n Cycle,Together,60839.0,1,1,2,2012-08-28,670,72,600,21,128,223,150,128,1250,13,2,2,12,8,29,0,0,0,0,0,0,0,0,0,0.8271660649819494,High Value,At-Risk High Value
6173,1979,35,Graduation,Together,77298.0,0,1,1,2013-11-02,239,46,425,115,292,23,35,79,969,1,6,6,11,3,24,0,0,0,0,0,0,0,0,0,0.7168321299638989,Mid Value,Potential Loyalists
1419,1950,64,Graduation,Together,34026.0,1,1,2,2013-08-05,328,11,18,6,15,12,8,17,76,3,2,1,3,5,9,0,0,0,0,0,0,0,0,0,0.27120938628158847,Low Value,Low Value
9150,1963,51,PhD,Single,48918.0,1,1,2,2014-04-12,78,21,52,0,9,0,0,1,62,2,1,0,4,4,7,0,0,0,0,0,0,0,0,0,0.22382671480144403,Low Value,Low Value
7960,1962,52,2n Cycle,Together,82122.0,0,0,0,2013-08-15,318,89,734,22,350,151,25,100,1382,1,3,9,13,1,26,0,0,0,0,1,0,1,1,0,0.8634927797833934,High Value,At-Risk High Value
1250,1976,38,Graduation,Single,37697.0,1,0,1,2014-02-07,142,82,34,6,21,11,4,8,84,1,2,1,3,6,7,0,0,0,0,0,0,0,0,0,0.289485559566787,Low Value,Low Value
9905,1952,62,Graduation,Together,34074.0,1,1,2,2013-07-13,351,69,135,1,41,10,1,67,255,5,3,3,3,6,14,0,0,1,0,0,0,1,1,0,0.4296028880866426,Low Value,Low Value
10691,1960,54,Master,Married,28520.0,1,1,2,2013-06-14,380,55,11,0,10,0,2,20,43,1,1,1,2,6,5,0,0,0,0,0,0,0,0,0,0.13740974729241878,Low Value,Low Value
7002,1955,59,Graduation,Single,62535.0,0,1,1,2013-10-03,269,13,163,48,90,0,45,52,398,1,3,2,8,3,14,0,0,0,0,0,0,0,0,0,0.5018050541516246,Mid Value,Potential Loyalists
2952,1977,37,Master,Single,36273.0,1,0,1,2014-04-16,74,80,29,3,30,3,2,9,76,2,3,0,3,6,8,0,0,0,0,0,0,0,0,0,0.27120938628158847,Low Value,Low Value
8439,1964,50,Graduation,Together,63404.0,0,2,2,2014-06-06,23,97,734,26,70,11,44,17,902,2,6,3,4,4,15,1,0,0,0,0,0,1,1,0,0.6895306859205776,Mid Value,Low Value
762,1981,33,2n Cycle,Together,75774.0,1,0,1,2014-05-02,58,27,340,21,134,258,14,56,823,1,7,5,8,4,21,0,0,0,0,0,0,0,0,0,0.6633574007220217,Mid Value,Potential Loyalists
2831,1976,38,Graduation,Together,78416.0,0,1,1,2014-06-27,2,99,453,38,279,188,38,183,1179,2,7,7,10,3,26,0,0,0,0,0,0,0,0,0,0.8023465703971119,High Value,At-Risk High Value
6977,1974,40,Graduation,Together,75702.0,0,1,1,2012-10-14,623,87,1073,0,629,145,37,37,1921,1,10,5,13,6,29,0,0,0,0,1,0,1,1,0,0.9697653429602888,High Value,At-Risk High Value
6289,1951,63,Master,Together,59385.0,1,1,2,2013-04-28,427,85,135,0,10,0,4,36,185,2,3,1,4,5,10,0,0,0,0,0,0,0,0,0,0.3935018050541516,Low Value,Low Value
4168,1966,48,Graduation,Single,37070.0,1,1,2,2013-03-20,466,30,231,7,137,4,15,39,433,9,5,1,8,7,23,0,0,0,0,0,1,0,1,0,0.523014440433213,Mid Value,Potential Loyalists
8397,1951,63,Graduation,Married,44689.0,1,1,2,2014-01-10,170,82,18,0,5,0,0,11,34,2,1,1,2,7,6,0,0,1,0,0,0,1,1,0,0.09747292418772563,Low Value,Low Value
9284,1958,56,Graduation,Together,53977.0,0,1,1,2013-06-08,386,21,620,16,165,0,24,82,907,5,5,5,12,5,27,0,0,0,0,0,0,0,0,0,0.6931407942238267,Mid Value,Potential Loyalists
6237,1966,48,PhD,Single,7144.0,0,2,2,2013-12-07,204,92,81,4,33,5,2,291,416,0,23,1,1,0,25,0,0,0,0,0,0,0,0,0,0.5151173285198556,Mid Value,Loyal Customers
3130,1964,50,Graduation,Single,18701.0,1,1,2,2013-06-04,390,95,12,4,2,10,6,10,44,4,2,0,4,5,10,0,0,0,0,0,0,0,0,0,0.14395306859205775,Low Value,Low Value
1619,1956,58,Graduation,Married,90369.0,0,0,0,2014-04-28,62,2,292,51,981,224,23,17,1588,1,4,6,6,1,17,0,0,0,0,0,1,0,1,0,0.9131317689530686,High Value,Champions
1990,1974,40,PhD,Single,63159.0,0,0,0,2012-11-05,601,74,965,34,586,89,86,37,1797,1,3,5,8,3,17,0,0,1,0,0,0,1,1,0,0.9530685920577617,High Value,At-Risk High Value
5513,1966,48,Graduation,Together,37758.0,1,1,2,2012-10-04,633,49,27,2,10,0,0,1,40,2,1,0,3,8,6,0,0,0,0,0,0,0,0,0,0.12319494584837545,Low Value,Low Value
269,1963,51,PhD,Single,46757.0,0,1,1,2012-11-16,590,71,777,30,163,0,51,122,1143,6,4,4,7,9,21,0,0,0,0,0,0,0,0,0,0.7840703971119134,Mid Value,Loyal Customers
8093,1969,45,Master,Married,79734.0,0,0,0,2014-06-28,1,72,572,8,232,23,62,17,914,1,4,3,6,1,14,1,0,0,0,0,0,1,1,0,0.6967509025270758,Mid Value,Low Value
10513,1992,22,Graduation,Together,63207.0,0,0,0,2013-01-20,525,68,438,169,565,91,169,70,1502,1,2,3,6,7,12,1,0,0,0,0,0,1,1,0,0.891245487364621,High Value,At-Risk High Value
10177,1954,60,Graduation,Divorced,72071.0,0,1,1,2013-02-14,500,4,531,69,300,150,138,150,1338,3,5,4,8,2,20,0,0,0,0,0,0,0,0,0,0.8499548736462094,High Value,Champions
2549,1983,31,PhD,Together,21840.0,1,0,1,2013-07-21,343,80,17,0,9,0,0,1,27,1,1,0,3,9,5,0,0,0,0,0,0,0,0,0,0.06994584837545126,Low Value,Low Value
5782,1982,32,2n Cycle,Together,58582.0,0,1,1,2013-09-28,274,15,402,35,106,101,77,42,763,2,9,2,9,5,22,0,0,0,1,0,0,1,1,0,0.6407942238267148,Mid Value,Potential Loyalists
10057,1951,63,Graduation,Single,72282.0,0,0,0,2013-07-19,345,70,503,27,419,90,139,153,1331,1,5,7,9,7,22,0,0,0,0,0,1,0,1,0,0.8465703971119134,High Value,At-Risk High Value
10307,1956,58,Graduation,Married,50387.0,0,2,2,2013-08-31,302,91,369,9,87,12,14,34,525,3,6,2,8,5,19,0,0,0,0,0,0,0,0,0,0.5631768953068592,Mid Value,Loyal Customers
8566,1961,53,PhD,Together,32583.0,1,1,2,2014-06-15,14,10,5,0,3,0,0,1,9,1,1,0,2,7,4,0,0,0,0,0,0,0,0,0,0.003835740072202166,Low Value,Low Value
2415,1962,52,Graduation,Together,62568.0,0,1,1,2014-04-07,83,99,362,17,398,80,35,61,953,3,5,3,5,4,16,1,0,0,0,0,0,1,1,0,0.7093862815884476,Mid Value,Low Value
5684,1971,43,Master,Divorced,44635.0,1,1,2,2013-10-11,261,25,56,0,9,0,0,3,68,2,2,0,3,7,7,0,0,0,0,0,0,0,0,0,0.24751805054151624,Low Value,Low Value
8334,1971,43,Master,Single,33316.0,1,1,2,2013-10-04,268,34,79,1,31,4,4,12,131,3,2,1,4,6,10,0,0,0,0,0,0,0,0,0,0.3495036101083033,Low Value,Low Value
9166,1968,46,Graduation,Married,63967.0,0,1,1,2013-08-09,324,57,387,84,141,73,35,162,882,3,4,4,12,2,23,0,0,0,0,0,0,0,0,0,0.6816335740072202,Mid Value,Potential Loyalists
1440,1978,36,2n Cycle,Together,52513.0,0,0,0,2012-09-04,663,84,367,17,241,104,188,232,1149,2,9,5,9,7,25,0,0,0,0,0,0,0,0,0,0.7867779783393501,Mid Value,Loyal Customers
78,1969,45,Graduation,Married,25293.0,1,0,1,2013-09-15,287,51,15,0,11,0,2,9,37,1,1,1,2,8,5,0,0,0,0,0,0,0,0,0,0.10898014440433212,Low Value,Low Value
5441,1965,49,PhD,Widow,54111.0,0,1,1,2013-08-25,308,97,267,6,54,8,3,50,388,2,5,2,6,5,15,0,0,0,0,0,0,0,0,0,0.4954873646209386,Low Value,Low Value
5302,1986,28,Graduation,Together,78394.0,0,0,0,2013-02-15,499,13,298,27,697,216,24,166,1428,1,4,6,5,2,16,0,0,0,0,0,1,0,1,0,0.8720667870036101,High Value,Potential Loyalists
4687,1958,56,Master,Married,80739.0,0,0,0,2013-05-23,402,92,674,92,736,39,0,92,1633,1,3,11,9,1,24,0,0,0,0,0,0,0,0,0,0.9230595667870036,High Value,At-Risk High Value
1087,1975,39,Master,Together,22669.0,1,0,1,2013-05-22,403,30,16,14,36,37,22,48,173,3,4,1,2,9,10,0,0,0,0,0,1,0,1,0,0.3835740072202166,Low Value,Low Value
6859,1987,27,Graduation,Single,29236.0,1,0,1,2013-10-08,264,30,37,4,24,16,9,9,99,2,4,0,3,9,9,0,0,0,0,0,0,0,0,0,0.315884476534296,Low Value,Low Value
9860,1959,55,Graduation,Together,44911.0,0,1,1,2013-03-15,471,11,159,0,22,2,1,31,215,3,4,1,4,7,12,0,0,0,0,0,0,0,0,0,0.40997292418772563,Low Value,Low Value
7129,1962,52,PhD,Married,54693.0,0,1,1,2013-02-17,497,72,686,17,142,23,26,35,929,8,6,4,13,6,31,0,0,0,0,0,0,0,0,0,0.7021660649819494,Mid Value,Loyal Customers
5866,1974,40,Graduation,Together,48186.0,1,0,1,2014-03-20,101,39,97,3,66,12,7,34,219,3,4,1,4,7,12,0,0,0,0,0,0,0,0,0,0.4120036101083033,Low Value,Low Value
10521,1977,37,Graduation,Married,54809.0,1,1,2,2013-09-11,291,0,63,6,57,13,13,22,174,4,2,1,5,4,12,0,0,0,0,0,1,0,1,0,0.384702166064982,Low Value,Low Value
7393,1978,36,Graduation,Together,41580.0,1,1,2,2012-12-10,566,15,56,5,24,4,0,3,92,3,2,1,3,5,9,0,0,0,0,0,0,0,0,0,0.3037003610108303,Low Value,Low Value
7849,1970,44,PhD,Married,80336.0,0,0,0,2013-09-09,293,12,209,19,456,160,142,66,1052,1,2,9,13,1,25,0,0,0,0,0,0,0,0,0,0.7518050541516246,Mid Value,Potential Loyalists
332,1957,57,Graduation,Married,47743.0,0,1,1,2013-03-22,464,56,198,2,43,0,12,20,275,3,4,1,6,6,14,0,0,0,1,0,0,1,1,0,0.447427797833935,Low Value,Low Value
9847,1955,59,2n Cycle,Married,62972.0,0,1,1,2012-08-03,695,39,313,15,47,20,0,192,587,2,7,4,3,6,16,0,0,0,0,0,0,0,0,0,0.5850631768953068,Mid Value,Potential Loyalists
531,1954,60,PhD,Divorced,57333.0,0,1,1,2012-09-22,645,55,941,14,397,76,58,176,1662,11,8,5,9,6,33,0,0,0,0,0,1,0,1,0,0.9289259927797834,High Value,Champions
9576,1982,32,PhD,Together,32313.0,1,0,1,2013-02-11,503,60,86,4,56,2,4,7,159,3,4,0,4,9,11,0,0,0,0,0,0,0,0,0,0.37364620938628157,Low Value,Low Value
6906,1953,61,Master,Widow,84953.0,0,0,0,2013-06-03,391,73,167,48,602,63,72,72,1024,1,3,10,4,2,18,1,0,0,1,1,1,3,4,0,0.740072202166065,Mid Value,Loyal Customers
7419,1968,46,Master,Divorced,27071.0,1,0,1,2014-04-23,67,90,8,3,19,0,2,3,35,2,2,0,3,6,7,0,0,0,0,0,0,0,0,0,0.10153429602888087,Low Value,Low Value
3170,1957,57,Master,Together,68148.0,0,0,0,2013-08-31,302,86,389,66,408,37,57,85,1042,1,4,4,6,2,15,0,0,0,0,0,0,0,0,0,0.7477436823104693,Mid Value,Low Value
8527,1965,49,Master,Together,65735.0,1,1,2,2013-12-07,204,37,239,7,119,4,15,11,395,5,6,2,6,7,19,0,0,0,0,0,0,0,0,0,0.4984205776173285,Low Value,Loyal Customers
7872,1975,39,PhD,Married,86836.0,0,0,0,2012-09-12,655,7,179,21,273,0,21,63,557,1,6,10,6,5,23,1,0,1,0,1,1,3,4,0,0.5726534296028881,Mid Value,Potential Loyalists
9931,1963,51,PhD,Married,4023.0,1,1,2,2014-06-23,6,29,5,0,1,1,1,1,9,15,0,0,0,19,15,0,0,0,0,0,0,0,0,0,0.003835740072202166,Low Value,Low Value
10595,1990,24,Graduation,Married,30093.0,0,0,0,2013-07-08,356,19,2,6,28,13,4,16,69,1,2,0,3,7,6,0,0,0,0,0,0,0,0,0,0.2518050541516246,Low Value,Low Value
4609,1966,48,PhD,Married,57705.0,0,1,1,2014-01-11,169,14,383,0,53,6,4,40,486,3,8,1,6,6,18,0,0,0,0,0,0,0,0,0,0.5478339350180506,Mid Value,Potential Loyalists
5010,1988,26,Graduation,Single,25008.0,1,0,1,2014-02-02,147,72,2,8,8,6,1,9,34,2,1,0,3,8,6,0,0,0,0,0,0,0,0,0,0.09747292418772563,Low Value,Low Value
4427,1995,19,2n Cycle,Single,83257.0,0,0,0,2012-09-18,649,56,536,27,590,38,107,67,1365,1,5,10,12,6,28,0,0,1,0,1,1,2,3,1,0.8546931407942239,High Value,Champions
11148,1975,39,Graduation,Together,22280.0,1,0,1,2013-05-19,406,85,2,1,4,3,1,2,13,1,1,0,2,8,4,0,0,0,0,0,0,0,0,0,0.01105595667870036,Low Value,Low Value
1168,1978,36,PhD,Married,72159.0,0,0,0,2012-10-29,608,62,322,53,899,34,40,53,1401,1,4,6,10,2,21,0,0,0,0,0,0,0,0,0,0.868456678700361,High Value,At-Risk High Value
9595,1961,53,Graduation,Together,64260.0,0,0,0,2013-01-11,534,1,539,169,816,20,0,30,1574,1,4,5,4,3,14,0,0,0,0,0,1,0,1,0,0.9083935018050542,High Value,Potential Loyalists
10163,1984,30,PhD,Single,82733.0,0,0,0,2013-09-10,292,28,712,50,420,65,38,38,1323,1,8,4,7,4,20,0,0,0,0,0,1,0,1,0,0.845442238267148,High Value,Champions
2886,1971,43,Master,Divorced,74290.0,0,1,1,2013-08-12,321,70,1121,0,72,0,12,12,1217,4,10,8,10,6,32,1,0,0,1,0,0,2,2,0,0.8176895306859205,High Value,At-Risk High Value
6710,1951,63,Master,Single,58217.0,2,1,3,2012-11-17,589,84,68,1,13,3,5,13,103,1,2,0,4,6,7,0,0,0,0,0,0,0,0,0,0.3249097472924188,Low Value,Low Value
5316,1976,38,Master,Together,21024.0,0,0,0,2013-07-04,360,89,36,4,18,6,2,18,84,1,2,0,4,7,7,0,0,0,0,0,0,0,0,0,0.289485559566787,Low Value,Low Value
9029,1972,42,PhD,Married,70116.0,0,0,0,2013-01-26,519,73,707,44,603,95,58,29,1536,1,2,8,12,1,23,0,0,0,0,0,0,0,0,0,0.9000451263537906,High Value,At-Risk High Value
521,1985,29,Graduation,Together,54006.0,1,0,1,2012-09-18,649,42,174,77,203,6,24,97,581,2,8,1,7,7,18,0,0,0,0,0,0,0,0,0,0.5830324909747292,Mid Value,Potential Loyalists
1459,1966,48,PhD,Married,69063.0,0,1,1,2012-11-07,599,16,666,35,124,69,8,26,928,1,5,3,5,3,14,0,0,0,0,0,0,0,0,0,0.700812274368231,Mid Value,Potential Loyalists
10241,1975,39,2n Cycle,Divorced,11448.0,0,0,0,2013-12-15,196,16,0,0,0,6,2,6,14,1,1,0,2,6,4,0,0,0,0,0,0,0,0,0,0.013086642599277979,Low Value,Low Value
1630,1979,35,Graduation,Single,61825.0,0,1,1,2013-08-07,326,56,162,50,100,55,30,27,424,1,4,2,8,4,15,0,0,0,0,0,0,0,0,0,0.5185018050541517,Mid Value,Potential Loyalists
3254,1971,43,Graduation,Married,70886.0,1,0,1,2013-10-14,258,65,407,70,239,103,88,53,960,1,5,4,4,2,14,0,0,0,0,0,0,0,0,0,0.7116425992779783,Mid Value,Low Value
9064,1982,32,Graduation,Married,69109.0,0,0,0,2012-11-09,597,10,823,25,459,124,29,95,1555,1,6,6,7,4,20,0,0,0,0,1,1,1,2,0,0.9032039711191335,High Value,Champions
3678,1973,41,Graduation,Widow,60208.0,1,1,2,2012-10-07,630,13,488,23,71,15,0,59,656,11,8,3,7,7,29,0,0,0,1,0,1,1,2,0,0.6067238267148014,Mid Value,Potential Loyalists
4227,1968,46,Master,Together,32889.0,1,1,2,2013-09-06,296,78,28,0,13,4,2,8,55,3,2,1,3,5,9,0,0,0,0,0,0,0,0,0,0.1976534296028881,Low Value,Low Value
9467,1984,30,Graduation,Single,34738.0,1,0,1,2014-05-11,49,51,3,2,10,3,0,2,20,1,1,0,3,6,5,0,0,0,0,0,0,0,0,0,0.03813176895306859,Low Value,Low Value
8486,1971,43,Master,Together,30538.0,1,0,1,2012-10-01,636,27,284,0,52,8,3,20,367,4,9,0,4,10,17,0,0,0,0,0,0,0,0,0,0.4875902527075812,Low Value,Loyal Customers
2186,1977,37,2n Cycle,Together,82326.0,0,0,0,2014-03-10,111,30,938,142,754,159,81,183,2257,1,5,10,6,2,22,1,0,0,1,1,1,3,4,0,0.9945848375451264,High Value,Champions
3286,1967,47,PhD,Divorced,26642.0,1,0,1,2014-03-01,120,71,13,2,15,2,2,8,42,2,2,0,3,6,7,0,0,0,0,0,0,0,0,0,0.13199458483754511,Low Value,Low Value
8602,1964,50,Graduation,Divorced,69932.0,0,1,1,2013-06-12,382,97,412,172,153,150,105,57,1049,2,7,6,11,4,26,0,0,0,0,0,0,0,0,0,0.7511281588447654,Mid Value,Loyal Customers
3722,1972,42,Graduation,Single,44503.0,1,1,2,2014-04-16,74,83,31,1,8,0,0,8,48,2,2,0,3,6,7,0,0,0,0,0,0,0,0,0,0.1680956678700361,Low Value,Low Value
6715,1948,66,PhD,Single,60200.0,0,1,1,2013-01-02,543,3,502,19,132,0,6,26,685,6,6,2,11,6,25,0,0,0,0,0,0,0,0,0,0.6166516245487365,Mid Value,Potential Loyalists
4796,1952,62,Graduation,Divorced,49638.0,0,1,1,2014-04-19,71,71,18,10,3,3,5,0,39,1,1,0,3,2,5,0,0,0,0,0,0,0,0,0,0.12003610108303249,Low Value,Low Value
9612,1987,27,2n Cycle,Single,23830.0,0,0,0,2014-02-07,142,3,1,8,6,4,8,16,43,1,1,0,3,7,5,0,0,0,0,0,0,0,0,0,0.13740974729241878,Low Value,Low Value
3766,1959,55,Master,Widow,33051.0,0,0,0,2012-08-16,682,15,100,71,243,108,94,219,835,3,9,1,8,9,21,0,0,0,0,0,1,0,1,0,0.66764440433213,Mid Value,Potential Loyalists
1399,1958,56,Graduation,Married,72905.0,0,0,0,2014-01-21,159,52,407,114,445,181,165,203,1515,1,3,7,9,1,20,1,0,0,0,0,0,1,1,0,0.8953068592057761,High Value,Champions
1570,1951,63,PhD,Together,69702.0,0,1,1,2013-02-19,495,8,664,9,240,50,19,57,1039,2,7,7,10,4,26,0,0,0,0,0,0,0,0,0,0.746841155234657,Mid Value,Potential Loyalists
3426,1975,39,Graduation,Divorced,70300.0,1,0,1,2013-07-15,349,89,1045,61,338,60,46,46,1596,3,5,5,13,8,26,0,0,0,0,0,0,0,0,0,0.9138086642599278,High Value,At-Risk High Value
3074,1984,30,PhD,Married,70643.0,0,0,0,2012-10-15,622,66,1218,107,304,23,143,33,1828,1,5,8,4,6,18,0,0,0,0,0,1,0,1,0,0.9584837545126353,High Value,At-Risk High Value
8341,1969,45,PhD,Married,30396.0,1,0,1,2014-04-30,60,22,15,0,6,0,1,12,34,2,1,1,2,7,6,0,0,1,0,0,1,1,2,0,0.09747292418772563,Low Value,Low Value
5180,1968,46,PhD,Divorced,50616.0,0,1,1,2014-04-18,72,56,128,0,16,0,1,4,149,2,4,0,4,7,10,0,0,0,0,0,0,0,0,0,0.3671028880866426,Low Value,Low Value
6461,1969,45,Master,Single,62772.0,0,1,1,2013-05-19,406,74,581,49,157,43,8,108,946,1,5,6,11,2,23,0,0,0,1,0,0,1,1,0,0.7082581227436823,Mid Value,Loyal Customers
7679,1985,29,PhD,Single,30298.0,0,0,0,2014-05-19,41,48,6,3,12,6,1,0,28,1,1,1,3,3,6,0,0,0,0,0,0,0,0,0,0.07310469314079422,Low Value,Low Value
10702,1984,30,Graduation,Single,52413.0,1,0,1,2012-11-03,603,67,185,8,133,56,56,12,450,2,7,1,7,7,17,0,0,0,0,0,0,0,0,0,0.5340703971119134,Mid Value,Loyal Customers
7505,1957,57,PhD,Married,44155.0,1,1,2,2014-01-19,161,24,22,1,9,0,0,14,46,1,1,1,2,4,5,0,0,0,0,0,0,0,0,0,0.15681407942238268,Low Value,Low Value
5113,1971,43,PhD,Divorced,86979.0,0,0,0,2013-11-07,234,67,584,100,835,65,83,35,1702,1,5,5,5,2,16,0,0,1,0,0,1,1,2,0,0.9386281588447654,High Value,At-Risk High Value
10858,1975,39,Graduation,Together,76532.0,1,1,2,2013-09-09,293,38,355,30,177,90,138,30,820,4,9,5,7,5,25,0,0,0,0,0,0,0,0,0,0.6622292418772563,Mid Value,Potential Loyalists
2961,1982,32,Graduation,Married,42081.0,1,0,1,2013-02-26,488,86,175,10,110,54,6,27,382,2,6,3,4,6,15,0,0,1,0,0,0,1,1,0,0.4939079422382672,Low Value,Low Value
2747,1988,26,PhD,Married,67546.0,0,0,0,2012-08-31,667,90,864,134,768,150,38,172,2126,1,4,10,5,3,20,0,0,0,0,0,0,0,0,0,0.9898465703971119,High Value,At-Risk High Value
3010,1989,25,Master,Together,88420.0,0,0,0,2014-05-02,58,87,957,153,612,99,95,153,2069,1,4,7,8,1,20,1,0,1,0,1,0,3,3,0,0.9833032490974729,High Value,At-Risk High Value
5790,1985,29,Graduation,Married,31158.0,1,0,1,2013-01-27,518,62,25,6,16,20,0,5,72,2,2,0,3,8,7,0,0,0,0,0,0,0,0,0,0.2621841155234657,Low Value,Low Value
6892,1968,46,Graduation,Divorced,61671.0,0,1,1,2014-06-03,26,23,641,7,56,0,0,28,732,8,10,4,6,8,28,1,0,0,1,0,0,2,2,0,0.631543321299639,Mid Value,Potential Loyalists
1743,1974,40,Graduation,Single,69719.0,0,0,0,2014-05-26,34,99,273,86,208,177,14,43,801,1,2,3,5,1,11,0,0,0,0,0,0,0,0,0,0.6552346570397112,Mid Value,Low Value
3578,1949,65,Graduation,Divorced,49160.0,0,1,1,2013-10-20,252,29,122,21,43,25,10,15,236,2,3,1,6,6,12,0,0,0,0,0,0,0,0,0,0.42215703971119134,Low Value,Low Value
8462,1978,36,Basic,Together,24882.0,1,0,1,2012-09-09,658,52,1,4,10,29,0,36,80,1,1,1,2,6,5,0,0,1,0,0,0,1,1,0,0.28203971119133575,Low Value,Low Value
5558,1954,60,PhD,Single,90933.0,0,0,0,2014-03-31,90,90,1020,31,430,62,63,79,1685,1,4,6,4,1,15,0,0,0,0,1,0,1,1,0,0.9345667870036101,High Value,At-Risk High Value
4619,1945,69,PhD,Single,113734.0,0,0,0,2014-05-28,32,9,6,2,3,1,262,3,277,0,27,0,0,1,27,0,0,0,0,0,0,0,0,0,0.44855595667870035,Low Value,Loyal Customers
8780,1950,64,PhD,Together,59292.0,0,1,1,2013-06-13,381,71,378,14,68,19,14,14,507,2,3,5,8,3,18,0,0,0,0,0,0,0,0,0,0.5588898916967509,Mid Value,Loyal Customers
10789,1964,50,PhD,Married,45759.0,1,1,2,2013-02-23,491,13,42,1,18,3,0,4,68,2,2,0,3,7,7,0,0,0,0,0,0,0,0,0,0.24751805054151624,Low Value,Low Value
10779,1983,31,Graduation,Single,22148.0,0,0,0,2014-04-13,77,16,15,5,14,0,4,11,49,1,1,0,3,7,5,0,0,0,0,0,0,0,0,0,0.17373646209386281,Low Value,Low Value
5896,1987,27,Master,Married,73395.0,0,0,0,2014-03-18,103,94,272,7,80,20,7,11,397,1,4,4,6,2,15,0,0,0,0,0,0,0,0,0,0.5009025270758123,Mid Value,Low Value
2337,1971,43,Graduation,Divorced,29819.0,1,0,1,2013-10-24,248,77,9,1,24,2,1,2,39,3,3,0,3,6,9,0,0,0,0,0,0,0,0,0,0.12003610108303249,Low Value,Low Value
10951,1968,46,Graduation,Married,45688.0,0,1,1,2014-01-25,155,20,279,0,18,0,0,9,306,2,3,1,8,4,14,0,0,0,1,0,0,1,1,0,0.460514440433213,Low Value,Low Value
544,1954,60,Graduation,Married,62820.0,0,0,0,2013-05-11,414,51,398,61,265,138,61,53,976,1,3,4,6,1,14,0,0,0,0,0,0,0,0,0,0.7211191335740073,Mid Value,Potential Loyalists
17,1971,43,PhD,Married,60491.0,0,1,1,2013-09-06,296,81,637,47,237,12,19,76,1028,4,6,11,7,5,28,0,0,0,0,0,0,0,0,0,0.7418772563176895,Mid Value,Loyal Customers
10680,1986,28,Graduation,Together,33235.0,1,0,1,2014-02-05,144,71,45,0,16,2,1,6,70,1,3,0,3,7,7,0,0,0,0,0,0,0,0,0,0.25541516245487367,Low Value,Low Value
3265,1959,55,Graduation,Married,35701.0,0,0,0,2013-03-19,467,36,21,1,9,7,3,5,46,1,1,0,3,6,5,0,0,0,0,0,0,0,0,0,0.15681407942238268,Low Value,Low Value
5623,1980,34,Master,Married,31535.0,1,0,1,2013-09-26,276,95,15,4,13,0,0,19,51,1,1,1,2,7,5,0,0,1,0,0,0,1,1,0,0.18073104693140793,Low Value,Low Value
5832,1960,54,2n Cycle,Together,92556.0,0,0,0,2014-04-20,70,32,493,183,352,184,23,28,1263,0,3,5,13,0,21,0,0,0,0,0,0,0,0,0,0.8298736462093863,High Value,Champions
5544,1970,44,Graduation,Single,67384.0,0,1,1,2012-11-10,596,32,957,40,175,158,53,107,1490,2,7,8,5,5,22,0,0,0,1,0,0,1,1,0,0.8880866425992779,High Value,Champions
6417,1971,43,Master,Together,80573.0,0,0,0,2012-10-14,623,85,829,138,430,60,92,15,1564,1,4,6,13,2,24,0,0,0,0,0,0,0,0,0,0.904557761732852,High Value,At-Risk High Value
5831,1967,47,Graduation,Married,77870.0,0,1,1,2012-08-22,676,93,1017,50,500,65,50,133,1815,3,5,5,5,8,18,1,0,0,1,0,1,2,3,0,0.9557761732851986,High Value,At-Risk High Value
7101,1963,51,PhD,Widow,52278.0,0,1,1,2013-01-25,520,24,953,0,71,0,0,174,1198,6,10,5,10,8,31,0,0,0,0,0,0,0,0,0,0.8118231046931408,High Value,Champions
10176,1968,46,Graduation,Single,57107.0,0,1,1,2012-08-24,674,44,159,0,120,0,0,137,416,7,4,4,8,8,23,0,1,0,1,0,1,2,3,0,0.5151173285198556,Mid Value,Potential Loyalists
2326,1990,24,Graduation,Married,18929.0,0,0,0,2013-02-16,498,15,32,0,8,23,4,18,85,1,1,0,4,6,6,0,0,0,0,0,0,0,0,0,0.2915162454873646,Low Value,Low Value
4385,1981,33,PhD,Single,36038.0,1,0,1,2013-05-31,394,82,23,0,15,0,2,7,47,2,3,0,3,6,8,0,0,0,0,0,0,0,0,0,0.16290613718411553,Low Value,Low Value
2929,1976,38,Graduation,Single,20180.0,0,0,0,2013-02-20,494,27,18,42,24,15,20,18,137,1,2,1,4,7,8,0,0,0,0,0,0,0,0,0,0.3564981949458484,Low Value,Low Value
10686,1965,49,PhD,Together,34230.0,1,1,2,2012-12-26,550,72,15,0,4,0,0,2,21,1,1,0,2,7,4,0,0,0,0,0,0,0,0,0,0.0430956678700361,Low Value,Low Value
2546,1977,37,2n Cycle,Single,31878.0,0,1,1,2014-06-22,7,7,23,4,5,10,5,23,70,1,1,0,4,3,6,0,0,0,0,0,0,0,0,0,0.25541516245487367,Low Value,Low Value
3283,1972,42,2n Cycle,Married,70932.0,0,1,1,2014-01-19,161,57,200,193,100,46,185,185,909,2,6,2,12,3,22,0,0,0,0,0,0,0,0,0,0.6953971119133574,Mid Value,Potential Loyalists
3138,1956,58,Graduation,Single,91249.0,0,0,0,2012-10-20,617,84,1324,27,119,71,108,27,1676,0,7,9,6,4,22,1,1,0,1,1,1,4,5,0,0.9318592057761733,High Value,At-Risk High Value
4994,1943,71,Master,Single,77598.0,0,0,0,2013-10-01,271,53,1193,33,281,129,66,33,1735,1,7,5,13,3,26,0,0,0,0,1,0,1,1,0,0.9449458483754513,High Value,Champions
7966,1959,55,Graduation,Single,80982.0,1,1,2,2013-01-08,537,48,505,137,401,104,22,22,1191,3,11,5,11,5,30,0,0,0,0,0,0,0,0,1,0.8077617328519856,High Value,Champions
3112,1977,37,Master,Married,22701.0,1,0,1,2013-09-05,297,2,2,4,9,0,4,5,24,1,1,0,3,5,5,0,0,0,0,0,0,0,0,0,0.059341155234657036,Low Value,Low Value
10872,1969,45,PhD,Married,55212.0,0,1,1,2012-11-23,583,65,1103,0,45,0,0,34,1182,3,4,2,11,8,20,0,1,0,1,0,0,2,2,0,0.8043772563176895,High Value,At-Risk High Value
2181,1970,44,Graduation,Married,70617.0,0,0,0,2013-06-23,371,45,353,61,753,40,46,27,1280,1,3,3,7,2,14,0,0,0,0,0,0,0,0,0,0.8330324909747292,High Value,Potential Loyalists
1867,1957,57,Graduation,Single,64849.0,0,0,0,2012-11-13,593,42,652,48,350,94,84,108,1336,1,9,3,6,5,19,0,0,0,0,0,1,0,1,0,0.8486010830324909,High Value,Champions
1518,1965,49,Master,Married,62694.0,1,1,2,2013-06-17,377,29,379,6,157,25,91,91,749,5,9,3,7,7,24,0,0,0,0,0,0,0,0,0,0.6376353790613718,Mid Value,Potential Loyalists
5734,1974,40,PhD,Married,61917.0,1,1,2,2013-11-20,221,83,46,4,36,2,2,1,91,1,2,0,4,5,7,0,0,0,0,0,0,0,0,0,0.3009927797833935,Low Value,Low Value
2878,1947,67,PhD,Married,67472.0,0,1,1,2013-09-28,274,93,162,31,127,8,17,69,414,2,4,2,7,3,15,0,0,0,0,0,0,0,0,0,0.5126353790613718,Mid Value,Low Value
1458,1982,32,Master,Married,21059.0,1,0,1,2014-01-07,173,40,8,3,19,3,3,8,44,3,3,0,3,6,9,0,0,0,0,0,0,0,0,0,0.14395306859205775,Low Value,Low Value
7007,1968,46,Master,Married,29543.0,2,0,2,2014-04-01,89,47,17,3,18,3,4,18,63,2,3,1,2,7,8,0,0,0,0,0,0,0,0,0,0.22856498194945848,Low Value,Low Value
6200,1951,63,Graduation,Married,75903.0,0,1,1,2013-04-08,447,50,340,108,185,130,38,100,901,2,6,6,9,3,23,0,0,0,0,0,0,0,0,0,0.6881768953068592,Mid Value,Potential Loyalists
1403,1975,39,2n Cycle,Together,34984.0,1,1,2,2012-09-06,661,40,8,4,15,3,5,3,38,2,1,0,3,7,6,0,0,0,0,0,0,0,0,0,0.11529783393501805,Low Value,Low Value
4827,1956,58,PhD,Single,54998.0,0,1,1,2013-03-10,476,3,154,22,202,39,30,8,455,5,4,2,9,4,20,0,0,0,0,0,1,0,1,0,0.5351985559566786,Mid Value,Potential Loyalists
6250,1949,65,PhD,Widow,54356.0,0,1,1,2012-11-19,587,62,710,15,30,20,0,0,775,3,11,2,8,8,24,0,0,0,0,0,1,0,1,0,0.644404332129964,Mid Value,Loyal Customers
9291,1959,55,Master,Married,34242.0,0,1,1,2014-03-23,98,25,8,2,4,0,0,1,15,1,0,0,3,5,4,0,0,0,0,0,0,0,0,0,0.01601985559566787,Low Value,Low Value
2478,1973,41,Graduation,Married,25410.0,1,0,1,2013-08-31,302,48,2,2,4,13,13,4,38,1,1,0,4,4,6,0,0,0,0,0,0,0,0,0,0.11529783393501805,Low Value,Low Value
1139,1984,30,PhD,Married,73356.0,0,0,0,2014-02-06,143,56,1050,14,322,0,14,112,1512,1,5,11,5,2,22,1,0,1,0,1,1,3,4,0,0.894404332129964,High Value,Champions
5138,1950,64,Graduation,Together,28320.0,0,1,1,2013-01-14,531,68,19,1,14,3,2,4,43,1,1,0,3,8,5,0,0,0,0,0,0,0,0,0,0.13740974729241878,Low Value,Low Value
5393,1977,37,Graduation,Single,23763.0,1,0,1,2012-08-07,691,64,22,0,6,6,2,6,42,1,1,0,3,7,5,0,0,0,0,0,0,0,0,0,0.13199458483754511,Low Value,Low Value
10413,1984,30,Graduation,Married,72570.0,0,0,0,2014-04-25,65,67,274,83,216,151,141,224,1089,1,4,6,12,1,23,0,0,0,0,0,0,0,0,0,0.7639891696750902,Mid Value,Loyal Customers
5015,1976,38,Master,Married,34529.0,1,0,1,2012-09-14,653,94,68,6,38,3,6,41,162,2,2,2,3,7,9,0,0,0,0,0,0,0,0,0,0.37612815884476536,Low Value,Low Value
10868,1951,63,Graduation,Widow,70792.0,0,0,0,2013-02-06,508,82,344,45,654,104,11,114,1272,2,3,4,10,3,19,0,0,0,0,0,0,0,0,0,0.8316787003610109,High Value,At-Risk High Value
10676,1982,32,Graduation,Married,63211.0,0,0,0,2012-11-02,604,3,145,193,459,205,26,145,1173,2,3,8,7,2,20,0,0,0,0,0,1,0,1,0,0.7985108303249098,Mid Value,Potential Loyalists
2495,1974,40,Master,Married,83891.0,0,1,1,2014-06-20,9,24,217,38,350,111,85,15,816,1,4,7,10,1,22,0,0,0,0,0,0,0,0,0,0.6597472924187726,Mid Value,Potential Loyalists
7842,1968,46,Graduation,Single,36065.0,1,1,2,2013-03-31,455,54,18,7,34,10,2,3,74,3,3,0,3,8,9,0,0,0,0,0,0,0,0,0,0.26624548736462095,Low Value,Low Value
9955,1954,60,Graduation,Together,39898.0,0,1,1,2013-02-12,502,20,69,8,26,12,7,12,134,2,3,0,4,7,9,0,0,0,0,0,0,0,0,0,0.35333935018050544,Low Value,Low Value
6663,1940,74,PhD,Single,51141.0,0,0,0,2013-07-08,356,96,144,0,7,0,0,6,157,1,3,1,4,5,9,0,0,0,0,0,0,0,0,0,0.37274368231046934,Low Value,Low Value
2162,1976,38,Graduation,Married,56939.0,0,1,1,2013-09-18,284,19,256,34,103,90,29,49,561,2,3,3,10,3,18,0,0,0,0,0,0,0,0,0,0.5737815884476535,Mid Value,Potential Loyalists
3434,1951,63,Graduation,Single,80872.0,0,0,0,2014-05-12,48,60,483,72,567,94,12,108,1336,1,4,4,10,1,19,0,0,0,0,0,0,0,0,0,0.8486010830324909,High Value,At-Risk High Value
7919,1976,38,PhD,Together,72335.0,0,0,0,2012-08-13,685,2,1285,105,653,28,21,0,2092,1,10,4,8,8,23,0,0,0,0,0,1,0,1,0,0.9871389891696751,High Value,Champions
5626,1964,50,PhD,Single,61798.0,0,0,0,2013-11-23,218,13,338,4,89,11,8,13,463,1,4,2,9,4,16,0,0,0,0,0,0,0,0,0,0.539485559566787,Mid Value,Potential Loyalists
6428,1950,64,PhD,Widow,76842.0,0,0,0,2014-05-03,57,37,605,10,345,84,54,32,1130,1,1,8,7,0,17,0,0,0,0,0,0,0,0,0,0.7802346570397112,Mid Value,Potential Loyalists
8514,1976,38,Graduation,Together,29478.0,1,0,1,2014-01-17,163,59,8,0,7,3,1,1,20,1,1,0,3,6,5,0,0,0,0,0,0,0,0,0,0.03813176895306859,Low Value,Low Value
10448,1956,58,Graduation,Single,46998.0,0,1,1,2012-10-22,615,55,172,41,86,45,6,27,377,5,5,3,5,7,18,0,0,1,0,0,0,1,1,0,0.49255415162454874,Low Value,Loyal Customers
2109,1990,24,Graduation,Single,96843.0,0,0,0,2013-04-23,432,60,448,71,951,40,17,17,1544,1,6,11,10,2,28,0,0,0,0,1,1,1,2,0,0.9025270758122743,High Value,At-Risk High Value
7530,1950,64,PhD,Widow,56551.0,1,1,2,2014-05-07,53,48,67,4,32,17,2,16,138,3,2,1,4,4,10,0,0,0,0,0,0,0,0,0,0.35875451263537905,Low Value,Low Value
8925,1965,49,Master,Married,70053.0,0,1,1,2013-07-03,361,38,512,53,98,81,179,89,1012,3,8,5,10,5,26,0,0,0,0,0,0,0,0,0,0.7364620938628159,Mid Value,Potential Loyalists
3009,1962,52,PhD,Widow,71670.0,0,0,0,2013-07-09,355,8,1462,16,128,0,0,160,1766,1,5,3,6,6,15,0,1,0,1,1,1,3,4,0,0.9490072202166066,High Value,Potential Loyalists
6355,1978,36,Graduation,Married,44359.0,1,1,2,2014-06-17,12,19,20,0,14,7,3,1,45,3,2,0,4,3,9,0,0,0,0,0,0,0,0,0,0.1500451263537906,Low Value,Low Value
3517,1952,62,Graduation,Single,40887.0,1,1,2,2013-05-06,419,32,50,4,44,10,10,43,161,3,3,1,3,9,10,0,0,0,0,0,1,0,1,0,0.375,Low Value,Low Value
1158,1966,48,Graduation,Divorced,48877.0,0,1,1,2014-01-05,175,27,102,1,15,2,0,24,144,1,3,0,4,7,8,0,0,0,0,0,0,0,0,0,0.36304151624548736,Low Value,Low Value
6203,1947,67,Graduation,Together,74485.0,0,0,0,2013-08-24,309,58,499,149,815,173,49,49,1734,1,6,7,12,3,26,0,0,0,0,0,0,0,0,0,0.9444945848375451,High Value,Champions
7165,1972,42,Graduation,Together,64474.0,0,1,1,2013-10-22,250,59,381,35,172,56,86,93,823,2,8,2,10,5,22,0,0,0,0,0,0,0,0,0,0.6633574007220217,Mid Value,Potential Loyalists
3595,1963,51,Graduation,Together,77226.0,0,1,1,2014-02-28,121,29,631,43,239,128,76,21,1138,2,6,8,12,3,28,0,0,0,0,0,0,0,0,0,0.7824909747292419,Mid Value,Potential Loyalists
8537,1949,65,Graduation,Widow,72643.0,0,0,0,2013-02-27,487,60,526,80,553,123,94,53,1429,1,3,10,7,2,21,1,0,0,0,0,1,1,2,0,0.8727436823104693,High Value,At-Risk High Value
4331,1978,36,Master,Together,85738.0,0,0,0,2014-01-23,157,41,913,26,376,17,26,13,1371,1,3,6,11,1,21,0,0,0,1,1,0,2,2,0,0.8583032490974729,High Value,Champions
6281,1966,48,Graduation,Divorced,55686.0,0,1,1,2013-02-14,500,27,673,0,199,37,47,26,982,2,6,3,5,4,16,0,0,1,0,0,0,1,1,0,0.7251805054151624,Mid Value,Potential Loyalists
4338,1983,31,Graduation,Single,39062.0,1,0,1,2014-03-25,96,28,23,0,9,0,0,12,44,1,1,0,3,4,5,0,0,1,0,0,0,1,1,0,0.14395306859205775,Low Value,Low Value
2452,1971,43,Graduation,Together,34600.0,1,1,2,2013-01-01,544,8,199,33,60,8,3,15,318,5,5,2,5,8,17,0,0,0,0,0,1,0,1,0,0.47044223826714804,Low Value,Loyal Customers
9507,1975,39,Graduation,Married,40794.0,0,1,1,2013-04-07,448,18,261,23,73,4,23,50,434,2,6,3,5,7,16,0,0,0,0,0,0,0,0,0,0.5241425992779783,Mid Value,Potential Loyalists
8360,1971,43,2n Cycle,Married,54690.0,1,1,2,2013-11-07,234,76,111,16,37,7,9,18,198,3,3,1,5,3,12,0,0,0,0,0,0,0,0,0,0.40117328519855594,Low Value,Low Value
10311,1969,45,Graduation,Married,4428.0,0,1,1,2013-10-05,267,0,16,4,12,2,4,321,359,0,25,0,0,1,25,0,0,0,0,0,0,0,0,0,0.4851083032490975,Low Value,Loyal Customers
5117,1963,51,2n Cycle,Married,32632.0,0,0,0,2012-08-02,696,32,63,151,137,153,19,53,576,2,4,4,8,5,18,0,0,0,0,0,0,0,0,0,0.5805505415162455,Mid Value,Potential Loyalists
4867,1968,46,PhD,Single,38236.0,1,1,2,2013-09-20,282,2,58,0,18,2,0,10,88,4,3,0,4,7,11,0,0,0,0,0,0,0,0,0,0.29535198555956677,Low Value,Low Value
9289,1979,35,Graduation,Married,36781.0,1,0,1,2014-04-10,80,16,29,1,17,0,3,13,63,1,2,1,2,8,6,0,0,0,0,0,1,0,1,0,0.22856498194945848,Low Value,Low Value
10913,1984,30,Master,Single,31385.0,1,0,1,2012-12-05,571,56,3,2,12,0,1,9,27,1,1,0,2,8,4,0,0,1,0,0,1,1,2,0,0.06994584837545126,Low Value,Low Value
3032,1984,30,Graduation,Married,24570.0,1,0,1,2013-02-27,487,97,28,34,62,11,14,44,193,3,4,0,4,9,11,0,0,0,0,0,0,0,0,0,0.3989169675090253,Low Value,Low Value
8524,1974,40,PhD,Divorced,25509.0,1,0,1,2012-09-18,649,15,40,3,30,10,7,11,101,3,3,0,3,9,9,0,0,0,0,0,1,0,1,0,0.3197202166064982,Low Value,Low Value
3334,1951,63,Graduation,Married,94642.0,0,0,0,2014-02-12,137,35,879,143,797,106,143,143,2211,0,5,7,9,1,21,1,0,0,0,1,0,2,2,0,0.9927797833935018,High Value,Champions
4470,1962,52,Master,Married,58646.0,0,1,1,2013-06-10,384,3,62,1,44,6,5,22,140,1,2,1,4,4,8,0,0,0,0,0,0,0,0,0,0.36101083032490977,Low Value,Low Value
1406,1975,39,Graduation,Single,53201.0,1,1,2,2013-02-12,502,49,280,7,81,20,0,27,415,8,6,3,5,7,22,0,0,0,0,0,0,0,0,0,0.5139891696750902,Mid Value,Potential Loyalists
8619,1957,57,Graduation,Together,21994.0,0,1,1,2012-12-24,552,4,9,0,6,3,1,3,22,1,0,0,3,5,4,0,0,0,0,0,0,0,0,0,0.048962093862815886,Low Value,Low Value
10821,1978,36,Graduation,Married,57113.0,1,1,2,2013-02-06,508,45,182,4,33,0,2,42,263,6,4,1,5,7,16,0,0,0,0,0,0,0,0,0,0.4338898916967509,Low Value,Low Value
4552,1991,23,Graduation,Married,51373.0,0,0,0,2013-06-22,372,37,83,2,101,64,26,117,393,1,3,5,3,4,12,0,0,0,0,0,0,0,0,0,0.4972924187725632,Low Value,Low Value
898,1986,28,Graduation,Married,23477.0,1,0,1,2013-10-21,251,39,38,15,54,3,8,29,147,3,3,0,4,8,10,0,0,0,0,0,0,0,0,0,0.36574909747292417,Low Value,Low Value
9797,1956,58,Graduation,Married,58116.0,0,1,1,2014-04-13,77,38,228,19,130,4,11,51,443,2,3,3,8,2,16,0,0,0,0,0,0,0,0,0,0.5286552346570397,Mid Value,Potential Loyalists
10949,1963,51,PhD,Divorced,72968.0,0,0,0,2013-12-16,195,8,1092,37,592,145,37,55,1958,1,5,5,8,3,19,1,0,0,0,0,1,1,2,0,0.9758574007220217,High Value,Champions
8212,1971,43,Master,Married,39791.0,0,1,1,2013-03-28,458,89,85,15,27,13,13,21,174,2,3,1,4,7,10,0,0,0,0,0,0,0,0,0,0.384702166064982,Low Value,Low Value
6248,1947,67,Master,Single,91712.0,0,0,0,2013-10-17,255,47,1276,24,746,94,29,48,2217,0,9,7,11,3,27,0,0,0,0,1,1,1,2,0,0.993231046931408,High Value,Champions
10164,1958,56,Graduation,Single,94472.0,0,1,1,2014-04-03,87,75,1017,33,417,108,100,16,1691,1,5,5,5,5,16,0,0,0,1,1,0,2,2,0,0.9368231046931408,High Value,At-Risk High Value
4547,1960,54,Graduation,Together,13672.0,1,1,2,2013-04-17,438,86,6,2,9,2,1,5,25,2,1,0,3,8,6,0,0,0,0,0,0,0,0,0,0.06340252707581227,Low Value,Low Value
6815,1980,34,2n Cycle,Married,96547.0,0,0,0,2014-05-23,37,4,448,21,125,52,101,62,809,0,7,6,8,2,21,1,0,1,0,1,1,3,4,0,0.6570397111913358,Mid Value,Potential Loyalists
4122,1975,39,Graduation,Married,79205.0,0,0,0,2012-08-29,669,73,504,23,117,179,28,44,895,1,6,5,4,4,16,1,0,0,0,0,1,1,2,0,0.6861462093862816,Mid Value,Low Value
10841,1975,39,PhD,Together,56559.0,0,1,1,2012-12-25,551,46,226,22,133,41,31,31,484,3,4,3,8,4,18,0,0,0,0,0,0,0,0,0,0.5464801444043321,Mid Value,Potential Loyalists
5370,1973,41,PhD,Married,32644.0,1,0,1,2013-01-16,529,38,239,3,141,0,7,23,413,4,7,1,6,8,18,0,0,1,0,0,0,1,1,0,0.5117328519855595,Mid Value,Potential Loyalists
176,1980,34,2n Cycle,Single,67506.0,0,1,1,2014-01-02,178,73,90,38,67,33,36,67,331,1,4,1,6,3,12,0,0,0,0,0,0,0,0,0,0.47675992779783394,Low Value,Low Value
4860,1970,44,Graduation,Single,24206.0,1,0,1,2013-03-08,478,66,7,2,8,3,2,3,25,1,1,0,3,6,5,0,0,0,0,0,0,0,0,0,0.06340252707581227,Low Value,Low Value
10757,1967,47,PhD,Divorced,28420.0,1,0,1,2013-12-24,187,36,4,2,5,2,0,0,13,1,1,0,2,6,4,0,0,0,0,0,0,0,0,0,0.01105595667870036,Low Value,Low Value
4023,1970,44,Graduation,Married,22979.0,1,0,1,2012-09-06,661,29,16,17,19,20,21,22,115,3,3,2,2,8,10,0,0,0,0,0,1,0,1,0,0.33393501805054154,Low Value,Low Value
6679,1966,48,Graduation,Single,33279.0,0,0,0,2014-06-12,17,29,10,3,3,0,0,0,16,1,0,0,3,3,4,0,0,0,0,0,0,0,0,0,0.02075812274368231,Low Value,Low Value
9923,1972,42,Master,Single,46423.0,1,1,2,2013-09-18,284,6,68,0,16,0,0,8,92,3,2,0,4,7,9,0,0,0,0,0,0,0,0,0,0.3037003610108303,Low Value,Low Value
7181,1977,37,Graduation,Married,30368.0,0,1,1,2013-11-07,234,97,35,0,13,2,0,2,52,2,2,0,3,8,7,0,0,0,0,0,0,0,0,0,0.18343862815884476,Low Value,Low Value
3599,1970,44,Graduation,Married,63684.0,0,1,1,2012-11-26,580,61,575,80,428,208,93,80,1464,3,8,4,8,5,23,0,0,0,0,0,0,0,0,0,0.881768953068592,High Value,At-Risk High Value
405,1964,50,Graduation,Divorced,41638.0,0,1,1,2013-02-13,501,68,315,0,31,4,0,91,441,4,5,5,3,8,17,0,0,1,0,0,0,1,1,0,0.5273014440433214,Mid Value,Loyal Customers
6870,1959,55,PhD,Divorced,68805.0,0,1,1,2013-09-17,285,73,182,2,49,17,13,20,283,1,3,1,7,2,12,0,0,0,0,0,0,0,0,0,0.4517148014440433,Low Value,Low Value
832,1966,48,PhD,Together,65814.0,0,1,1,2014-03-02,119,90,561,14,113,10,14,35,747,3,8,2,10,5,23,0,0,0,0,0,0,0,0,0,0.6367328519855595,Mid Value,Loyal Customers
2002,1958,56,Graduation,Divorced,71964.0,0,0,0,2013-05-20,405,81,587,51,932,180,34,86,1870,1,5,6,5,3,17,0,0,0,0,0,0,0,0,0,0.9634476534296029,High Value,At-Risk High Value
3657,1986,28,Graduation,Single,39146.0,1,0,1,2013-02-14,500,1,94,1,33,13,12,12,165,3,4,0,4,8,11,0,0,0,0,0,0,0,0,0,0.378384476534296,Low Value,Low Value
500,1977,37,Graduation,Together,96876.0,0,0,0,2013-08-06,327,79,908,43,735,40,194,21,1941,1,7,7,9,2,24,1,0,0,1,1,1,3,4,0,0.9729241877256317,High Value,At-Risk High Value
1951,1981,33,Basic,Married,34445.0,0,0,0,2013-01-27,518,92,228,122,122,208,129,30,839,6,11,2,8,9,27,0,0,0,0,0,0,0,0,0,0.6687725631768953,Mid Value,Loyal Customers
3262,1958,56,Graduation,Single,68281.0,0,0,0,2012-08-07,691,31,995,112,417,42,48,41,1655,1,2,9,13,5,25,0,0,0,0,0,1,0,1,0,0.9273465703971119,High Value,Champions
4102,1975,39,2n Cycle,Married,37284.0,1,1,2,2013-03-29,457,46,11,1,2,2,1,6,23,1,0,0,3,6,4,0,0,0,0,0,0,0,0,0,0.05550541516245487,Low Value,Low Value
7042,1983,31,Graduation,Married,36790.0,0,0,0,2013-03-01,485,14,3,3,14,15,21,10,66,1,2,1,2,9,6,0,0,0,0,0,1,0,1,0,0.2398465703971119,Low Value,Low Value
10598,1967,47,Graduation,Together,27943.0,1,1,2,2013-04-15,440,89,12,1,16,4,1,3,37,3,2,0,3,8,8,0,0,0,0,0,0,0,0,0,0.10898014440433212,Low Value,Low Value
255,1951,63,Graduation,Divorced,22263.0,1,1,2,2014-03-30,91,31,17,0,2,0,0,2,21,2,1,0,3,6,6,0,0,0,0,0,0,0,0,1,0.0430956678700361,Low Value,Low Value
2375,1972,42,Graduation,Together,30261.0,1,2,3,2012-09-25,642,75,8,0,5,0,3,6,22,1,0,0,3,8,4,0,0,0,0,0,0,0,0,0,0.048962093862815886,Low Value,Low Value
9829,1978,36,Graduation,Together,28587.0,1,0,1,2014-02-12,137,42,22,4,17,12,10,13,78,3,2,0,4,6,9,0,0,0,0,0,0,0,0,0,0.276398916967509,Low Value,Low Value
6214,1982,32,Master,Married,43815.0,1,0,1,2013-04-05,450,53,14,10,29,4,7,15,79,1,2,0,3,6,6,0,0,0,0,0,0,0,0,0,0.27955776173285196,Low Value,Low Value
4954,1956,58,Graduation,Married,48195.0,1,1,2,2014-01-21,159,53,106,27,68,52,7,5,265,6,4,2,5,6,17,0,0,0,0,0,0,0,0,0,0.43704873646209386,Low Value,Loyal Customers
7861,1952,62,Master,Married,77027.0,0,1,1,2014-02-05,144,23,820,57,242,45,0,11,1175,2,8,3,6,4,19,0,0,0,0,0,0,0,0,0,0.8005415162454874,High Value,Champions
4837,1965,49,PhD,Married,71322.0,0,1,1,2013-02-16,498,57,753,43,226,69,10,204,1305,2,8,5,13,4,28,0,0,0,0,0,0,0,0,0,0.8391245487364621,High Value,Champions
9423,1979,35,Master,Married,32765.0,1,0,1,2014-02-23,126,49,13,3,17,7,3,3,46,2,2,0,4,5,8,0,0,0,0,0,0,0,0,0,0.15681407942238268,Low Value,Low Value
4198,1965,49,Graduation,Together,29672.0,1,1,2,2013-03-12,474,6,9,1,3,0,4,8,25,1,0,0,3,6,4,0,0,0,0,0,0,0,0,0,0.06340252707581227,Low Value,Low Value
153,1953,61,Graduation,Divorced,23272.0,0,0,0,2013-10-17,255,29,19,3,6,4,2,12,46,1,1,0,3,4,5,0,0,0,0,0,0,0,0,0,0.15681407942238268,Low Value,Low Value
9323,1949,65,Master,Together,49912.0,0,1,1,2012-09-07,660,5,520,8,223,32,49,42,874,4,10,5,7,8,26,0,0,1,0,0,1,1,2,0,0.6789259927797834,Mid Value,Potential Loyalists
10001,1985,29,2n Cycle,Together,7500.0,1,0,1,2012-08-01,697,98,5,17,17,13,14,34,100,4,2,1,3,9,10,0,0,0,0,0,0,0,0,0,0.31791516245487367,Low Value,Low Value
3945,1947,67,PhD,Widow,68117.0,0,1,1,2013-03-10,476,80,618,44,215,0,17,36,930,2,11,8,4,6,25,0,0,1,0,0,1,1,2,0,0.7028429602888087,Mid Value,Loyal Customers
3799,1955,59,Graduation,Married,67225.0,0,1,1,2013-11-26,215,4,315,35,322,46,7,143,868,3,7,2,11,5,23,0,0,0,0,0,0,0,0,0,0.6764440433212996,Mid Value,Potential Loyalists
8625,1976,38,Graduation,Married,17649.0,1,0,1,2013-11-12,229,70,15,1,23,0,5,1,45,3,3,0,3,8,9,0,0,0,0,0,0,0,0,0,0.1500451263537906,Low Value,Low Value
3491,1975,39,Graduation,Together,55914.0,0,1,1,2013-04-29,426,32,384,60,364,119,101,232,1260,4,11,6,8,7,29,0,0,0,0,0,0,0,0,0,0.8294223826714802,High Value,Champions
983,1984,30,Graduation,Married,40059.0,1,0,1,2013-09-28,274,82,110,29,92,28,10,145,414,1,6,2,3,8,12,0,0,1,0,0,0,1,1,0,0.5126353790613718,Mid Value,Low Value
9119,1950,64,Graduation,Together,60905.0,0,1,1,2013-12-05,206,27,208,17,76,36,17,38,392,2,3,3,7,2,15,0,0,0,0,0,0,0,0,0,0.4963898916967509,Low Value,Low Value
4786,1977,37,Graduation,Married,75330.0,1,1,2,2012-10-04,633,94,555,82,257,93,61,61,1109,4,10,3,12,6,29,0,0,0,0,0,0,0,0,0,0.7739169675090253,Mid Value,Loyal Customers
5872,1951,63,Graduation,Single,60689.0,0,1,1,2013-06-01,393,23,240,90,216,63,6,24,639,4,4,4,10,3,22,0,0,0,0,0,0,0,0,0,0.601985559566787,Mid Value,Potential Loyalists
6568,1984,30,Graduation,Married,38680.0,1,0,1,2013-03-28,458,97,11,0,36,15,5,12,79,1,2,0,3,7,6,0,0,0,0,0,0,0,0,0,0.27955776173285196,Low Value,Low Value
5628,1982,32,Graduation,Together,61416.0,0,0,0,2013-02-08,506,25,848,154,323,201,61,78,1665,1,10,3,10,6,24,0,0,1,0,0,0,1,1,0,0.9296028880866426,High Value,Champions
5631,1991,23,Graduation,Single,49767.0,0,0,0,2013-05-02,423,92,202,47,197,55,42,149,692,1,5,4,8,4,18,0,0,0,0,0,0,0,0,0,0.6193592057761733,Mid Value,Loyal Customers
4974,1970,44,Graduation,Single,83273.0,1,2,3,2012-09-25,642,98,433,89,650,16,102,102,1392,10,4,6,9,7,29,0,0,0,0,0,0,0,0,0,0.8664259927797834,High Value,At-Risk High Value
8416,1981,33,Graduation,Married,29009.0,1,0,1,2013-11-29,212,19,6,6,15,10,5,2,44,2,2,0,3,6,7,0,0,0,0,0,0,0,0,0,0.14395306859205775,Low Value,Low Value
5454,1979,35,Master,Married,45057.0,1,0,1,2013-12-01,210,80,37,0,7,3,0,3,50,1,2,0,3,5,6,0,0,0,0,0,0,0,0,0,0.17779783393501805,Low Value,Low Value
4095,1971,43,Graduation,Married,37150.0,1,0,1,2012-09-11,656,80,167,37,64,49,34,116,467,8,4,3,6,7,21,0,0,0,0,0,0,0,0,0,0.5412906137184116,Mid Value,Loyal Customers
5474,1970,44,Graduation,Single,43020.0,1,0,1,2013-11-30,211,79,45,7,99,4,25,43,223,3,4,1,4,6,12,0,0,0,0,0,0,0,0,0,0.414485559566787,Low Value,Low Value
4268,1959,55,Graduation,Married,53154.0,0,1,1,2014-06-09,20,50,129,0,21,0,1,7,158,1,3,1,4,4,9,0,0,0,0,0,0,0,0,0,0.3731949458483754,Low Value,Low Value
10701,1973,41,Graduation,Married,65308.0,0,0,0,2013-09-11,291,60,713,0,264,120,80,34,1211,1,7,8,12,4,28,1,0,0,0,1,0,2,2,0,0.8147563176895307,High Value,At-Risk High Value
3507,1970,44,Graduation,Single,76467.0,1,0,1,2012-08-17,681,44,676,161,426,210,44,58,1575,2,2,5,5,6,14,0,0,0,0,0,1,0,1,0,0.9097472924187726,High Value,Potential Loyalists
2079,1947,67,2n Cycle,Married,81044.0,0,0,0,2013-12-27,184,0,450,26,535,73,98,26,1208,1,5,6,10,1,22,0,0,0,0,0,0,0,0,0,0.8136281588447654,High Value,Champions
626,1951,63,Graduation,Married,32871.0,1,1,2,2013-03-09,477,28,22,2,12,0,2,5,43,1,1,0,3,4,5,0,0,0,0,0,0,0,0,0,0.13740974729241878,Low Value,Low Value
4426,1975,39,Graduation,Single,55801.0,1,1,2,2013-09-22,280,35,367,4,51,6,4,95,527,6,7,2,6,7,21,1,0,0,0,0,0,1,1,0,0.5640794223826715,Mid Value,Potential Loyalists
2591,1959,55,Graduation,Widow,76320.0,0,1,1,2014-06-22,7,49,526,35,214,69,53,35,932,2,6,3,4,2,15,0,0,0,0,0,0,0,0,0,0.7035198555956679,Mid Value,Potential Loyalists
10509,1955,59,Master,Single,36927.0,1,1,2,2014-06-02,27,46,51,0,16,0,0,4,71,2,3,0,3,8,8,0,0,0,0,0,0,0,0,0,0.2585740072202166,Low Value,Low Value
6382,1953,61,Graduation,Together,48794.0,1,1,2,2014-06-26,3,97,25,0,11,3,0,15,54,1,1,0,3,4,5,0,0,0,0,0,0,0,0,0,0.19133574007220217,Low Value,Low Value
6673,1965,49,Graduation,Single,23478.0,0,0,0,2013-03-19,467,51,28,6,27,12,17,39,129,1,3,0,3,8,7,0,0,0,0,0,0,0,0,0,0.34747292418772563,Low Value,Low Value
7441,1973,41,Graduation,Divorced,71128.0,1,0,1,2012-10-06,631,80,958,159,447,20,0,31,1615,3,2,10,12,7,27,0,0,0,0,0,0,0,0,0,0.918095667870036,High Value,At-Risk High Value
1071,1976,38,PhD,Divorced,70179.0,0,1,1,2013-07-21,343,10,532,88,168,69,44,133,1034,3,7,3,13,5,26,0,0,0,0,0,0,0,0,0,0.7454873646209387,Mid Value,Potential Loyalists
10061,1950,64,Graduation,Married,59462.0,0,1,1,2013-01-05,540,29,724,17,143,0,8,196,1088,2,9,2,12,7,25,0,0,0,0,0,0,0,0,0,0.7635379061371841,Mid Value,Potential Loyalists
8775,1969,45,Graduation,Together,38361.0,1,0,1,2013-12-27,184,74,39,0,56,20,8,14,137,3,3,1,3,7,10,0,0,0,0,0,0,0,0,0,0.3564981949458484,Low Value,Low Value
2345,1982,32,PhD,Together,70038.0,0,0,0,2013-10-25,247,54,587,54,348,71,54,130,1244,1,4,4,8,2,17,0,0,0,0,0,0,0,0,0,0.8255866425992779,High Value,Champions
322,1978,36,Graduation,Together,42554.0,1,1,2,2013-01-12,533,93,29,1,11,0,0,0,41,2,2,0,3,4,7,0,0,0,0,0,0,0,0,0,0.1272563176895307,Low Value,Low Value
10897,1974,40,Graduation,Married,67445.0,0,1,1,2012-08-12,686,63,757,80,217,29,80,11,1174,5,9,6,12,6,32,0,0,0,0,0,0,0,0,0,0.7996389891696751,Mid Value,At-Risk High Value
123,1951,63,Graduation,Widow,67046.0,0,1,1,2013-01-06,539,92,544,35,133,23,151,107,993,2,4,5,4,2,15,0,0,0,0,0,0,0,0,0,0.7287906137184116,Mid Value,Low Value
6103,1948,66,Graduation,Married,42192.0,0,0,0,2013-09-06,296,40,40,15,15,17,6,7,100,1,2,1,3,4,7,0,0,0,0,0,0,0,0,0,0.31791516245487367,Low Value,Low Value
7899,1952,62,PhD,Married,77610.0,0,1,1,2012-10-29,608,70,1245,33,332,21,33,16,1680,2,4,7,4,7,17,0,0,0,0,0,0,0,0,0,0.9336642599277978,High Value,At-Risk High Value
10500,1984,30,Graduation,Married,31761.0,1,0,1,2014-04-05,85,96,19,1,20,16,14,28,98,2,3,0,4,5,9,0,0,0,0,0,0,0,0,0,0.3145306859205776,Low Value,Low Value
1655,1979,35,Graduation,Together,34350.0,1,0,1,2013-10-19,253,81,16,3,15,2,1,11,48,1,1,0,3,7,5,0,0,0,0,0,0,0,0,0,0.1680956678700361,Low Value,Low Value
2406,1949,65,Graduation,Together,54591.0,0,1,1,2013-08-05,328,63,376,4,94,12,9,24,519,3,6,2,8,5,19,0,0,0,0,0,0,0,0,0,0.5613718411552346,Mid Value,Loyal Customers
2712,1956,58,Graduation,Married,71866.0,0,1,1,2013-12-25,186,85,184,178,178,103,39,33,715,1,6,3,10,3,20,0,0,0,0,0,0,0,0,0,0.6245487364620939,Mid Value,Loyal Customers
5517,1969,45,Graduation,Married,25293.0,1,0,1,2013-09-15,287,51,15,0,11,0,2,9,37,1,1,1,2,8,5,0,0,0,0,0,0,0,0,0,0.10898014440433212,Low Value,Low Value
10643,1987,27,PhD,Single,42000.0,0,0,0,2013-01-10,535,23,124,83,267,85,59,35,653,2,5,2,11,5,20,0,0,0,0,0,1,0,1,0,0.6044675090252708,Mid Value,Potential Loyalists
2254,1983,31,Graduation,Married,69520.0,0,0,0,2013-07-07,357,95,627,120,414,121,80,93,1455,1,9,6,5,5,21,0,0,0,0,0,0,0,0,0,0.8795126353790613,High Value,At-Risk High Value
10281,1970,44,Graduation,Divorced,64713.0,1,0,1,2014-02-07,142,11,180,60,241,13,54,54,602,2,5,5,7,4,19,0,0,0,0,0,1,0,1,0,0.5888989169675091,Mid Value,Potential Loyalists
6958,1977,37,Master,Married,27889.0,1,0,1,2013-07-05,359,42,14,0,4,0,0,8,26,1,1,1,2,6,5,0,0,0,0,0,0,0,0,0,0.06746389891696751,Low Value,Low Value
954,1960,54,Basic,Widow,22123.0,0,0,0,2014-03-27,94,77,3,3,24,34,7,31,102,1,2,1,3,5,7,0,0,0,0,0,0,0,0,0,0.3219765342960289,Low Value,Low Value
4643,1973,41,Graduation,Married,27803.0,1,0,1,2012-08-26,672,40,8,26,46,38,9,49,176,2,3,0,4,8,9,0,0,0,0,0,0,0,0,0,0.3862815884476534,Low Value,Low Value
6497,1960,54,Graduation,Married,51651.0,0,1,1,2012-11-07,599,32,293,6,23,13,6,92,433,4,6,2,5,8,17,0,0,0,0,0,0,0,0,0,0.523014440433213,Mid Value,Potential Loyalists
5396,1988,26,Graduation,Married,68487.0,0,0,0,2013-01-13,532,48,758,12,385,33,89,89,1366,1,9,7,13,4,30,0,0,0,0,0,0,0,0,0,0.8558212996389891,High Value,Champions
1052,1969,45,Graduation,Married,56796.0,0,1,1,2013-02-16,498,24,656,38,161,62,47,37,1001,3,8,9,7,7,27,0,0,0,0,0,0,0,0,0,0.7312725631768953,Mid Value,Potential Loyalists
2802,1992,22,2n Cycle,Married,87000.0,0,0,0,2012-12-15,561,61,196,25,607,67,17,49,961,1,4,6,7,2,18,0,0,0,0,0,0,0,0,0,0.7125451263537906,Mid Value,Loyal Customers
6343,1959,55,Graduation,Married,79823.0,0,1,1,2014-03-31,90,6,835,73,380,114,73,43,1518,1,6,9,7,2,23,0,0,0,1,0,0,1,1,0,0.8957581227436823,High Value,Champions
6507,1980,34,Graduation,Single,30828.0,1,0,1,2013-10-04,268,16,16,11,15,2,0,12,56,2,1,1,4,3,8,0,0,0,0,0,0,0,0,0,0.2019404332129964,Low Value,Low Value
7901,1971,43,Master,Married,34109.0,0,1,1,2013-11-06,235,39,9,1,5,2,1,4,22,1,0,0,3,4,4,0,0,0,0,0,0,0,0,0,0.048962093862815886,Low Value,Low Value
4865,1974,40,Master,Divorced,53367.0,1,1,2,2013-08-31,302,2,229,7,140,10,3,11,400,7,5,1,8,7,21,0,0,0,0,0,1,0,1,0,0.5022563176895307,Mid Value,Potential Loyalists
2686,1969,45,Basic,Together,22390.0,0,0,0,2013-10-21,251,49,0,1,4,15,1,5,26,1,1,0,2,7,4,0,0,0,0,0,0,0,0,0,0.06746389891696751,Low Value,Low Value
3107,1976,38,Graduation,Together,71322.0,0,1,1,2014-05-02,58,31,121,24,124,24,15,42,350,1,4,1,7,2,13,0,0,0,0,0,0,0,0,0,0.48172382671480146,Low Value,Low Value
7734,1993,21,Graduation,Absurd,79244.0,0,0,0,2012-12-19,557,58,471,102,125,212,61,245,1216,1,4,10,7,1,22,1,0,0,0,1,1,2,3,0,0.8172382671480144,High Value,Champions
1146,1949,65,Master,Together,49912.0,0,1,1,2012-09-07,660,5,520,8,223,32,49,42,874,4,10,5,7,8,26,0,0,1,0,0,1,1,2,0,0.6789259927797834,Mid Value,Potential Loyalists
11031,1950,64,PhD,Married,48699.0,1,1,2,2013-05-21,404,90,26,1,10,2,0,1,40,1,1,0,3,5,5,0,0,0,0,0,0,0,0,0,0.12319494584837545,Low Value,Low Value
7428,1975,39,Graduation,Together,80144.0,0,0,0,2013-09-30,272,47,240,132,445,250,192,108,1367,1,3,7,8,1,19,0,0,0,0,0,0,0,0,0,0.8569494584837545,High Value,Champions
975,1956,58,Graduation,Single,54252.0,1,1,2,2013-05-28,397,25,178,4,26,8,4,44,264,5,4,1,5,6,15,0,0,0,0,0,0,0,0,0,0.4354693140794224,Low Value,Low Value
1103,1976,38,Master,Married,81929.0,1,0,1,2012-09-29,638,60,1486,55,278,49,0,185,2053,2,4,4,10,6,20,0,0,1,0,1,1,2,3,0,0.9824007220216606,High Value,At-Risk High Value
3422,1975,39,Graduation,Married,76068.0,0,1,1,2012-11-29,577,67,1115,12,128,33,12,76,1376,1,2,3,4,6,10,0,1,0,1,0,0,2,2,0,0.8603339350180506,High Value,At-Risk High Value
1055,1976,38,Master,Married,53204.0,1,1,2,2014-03-20,101,40,29,0,8,2,0,6,45,1,1,0,3,4,5,0,0,0,0,0,0,0,0,0,0.1500451263537906,Low Value,Low Value
6544,1949,65,PhD,Together,67911.0,0,1,1,2014-05-22,38,63,529,0,356,63,28,0,976,3,6,7,11,3,27,0,0,0,0,0,0,0,0,0,0.7211191335740073,Mid Value,Loyal Customers
1241,1984,30,2n Cycle,Married,14796.0,1,0,1,2012-09-17,650,1,13,3,8,7,4,16,51,2,1,0,3,9,6,0,0,0,0,0,1,0,1,0,0.18073104693140793,Low Value,Low Value
2909,1974,40,PhD,Married,78128.0,0,1,1,2014-02-19,130,89,934,24,230,16,24,36,1264,2,8,4,6,3,20,0,0,0,1,1,0,2,2,0,0.8303249097472925,High Value,At-Risk High Value
5802,1972,42,Basic,Married,14188.0,0,0,0,2013-02-28,486,40,2,7,11,16,12,27,75,1,2,0,4,6,7,0,0,0,0,0,0,0,0,0,0.26827617328519854,Low Value,Low Value
1407,1986,28,Basic,Married,20425.0,1,0,1,2012-10-29,608,5,4,12,5,3,16,17,57,2,2,0,3,7,7,0,0,0,0,0,0,0,0,0,0.20645306859205775,Low Value,Low Value
6183,1962,52,Master,Married,58646.0,0,1,1,2013-06-10,384,3,62,1,44,6,5,22,140,1,2,1,4,4,8,0,0,0,0,0,0,0,0,0,0.36101083032490977,Low Value,Low Value
340,1970,44,Graduation,Divorced,72967.0,0,1,1,2012-12-15,561,1,158,35,179,0,0,125,497,2,7,2,8,5,19,0,0,1,0,0,1,1,2,0,0.5541516245487365,Mid Value,Potential Loyalists
5991,1949,65,Master,Married,48150.0,0,1,1,2013-06-08,386,24,173,2,39,3,2,47,266,3,5,1,4,7,13,0,0,0,0,0,0,0,0,0,0.43862815884476536,Low Value,Low Value
3104,1961,53,Graduation,Single,82332.0,0,0,0,2012-09-17,650,89,830,59,968,51,79,19,2006,1,5,3,12,2,21,0,0,0,0,1,1,1,2,0,0.9778880866425993,High Value,At-Risk High Value
9729,1955,59,Graduation,Widow,58275.0,1,1,2,2013-06-02,392,48,189,10,253,56,43,64,615,6,8,2,7,7,23,0,0,0,0,0,0,0,0,0,0.5961191335740073,Mid Value,Potential Loyalists
1008,1981,33,PhD,Together,44953.0,0,0,0,2012-12-21,555,31,728,17,133,11,8,124,1021,1,7,3,13,6,24,0,0,1,0,0,0,1,1,0,0.7393953068592057,Mid Value,Potential Loyalists
11091,1953,61,Graduation,Together,34587.0,1,1,2,2014-05-16,44,68,7,2,9,2,0,2,22,2,1,0,3,4,6,0,0,0,0,0,0,0,0,0,0.048962093862815886,Low Value,Low Value
3969,1974,40,Master,Together,43018.0,0,1,1,2013-11-01,240,46,35,4,17,7,6,64,133,1,2,2,2,5,7,0,0,0,0,0,0,0,0,0,0.35175992779783394,Low Value,Low Value
1916,1954,60,Master,Married,45736.0,0,1,1,2013-07-24,340,92,188,3,180,20,3,43,437,5,7,1,6,7,19,0,0,0,0,0,0,0,0,0,0.526173285198556,Mid Value,Loyal Customers
9907,1969,45,Master,Together,66476.0,0,1,1,2013-12-04,207,80,742,28,152,25,9,57,1013,2,6,8,10,4,26,0,0,0,0,0,0,0,0,0,0.7369133574007221,Mid Value,Loyal Customers
87,1981,33,2n Cycle,Married,27733.0,1,0,1,2013-08-26,307,16,0,7,5,26,2,17,57,2,2,0,3,7,7,0,0,0,0,0,0,0,0,0,0.20645306859205775,Low Value,Low Value
8659,1952,62,PhD,Together,69805.0,0,1,1,2014-01-21,159,50,750,71,174,13,10,20,1038,2,6,8,11,2,27,0,0,0,0,0,0,0,0,0,0.7463898916967509,Mid Value,Potential Loyalists
6262,1962,52,Master,Single,72217.0,0,0,0,2013-04-10,445,93,816,42,450,55,56,154,1573,1,3,10,8,2,22,0,0,0,0,0,0,0,0,0,0.9070397111913358,High Value,At-Risk High Value
6147,1971,43,Graduation,Divorced,25818.0,1,0,1,2012-10-18,619,51,5,2,8,2,2,9,28,1,0,1,2,7,4,0,0,0,0,0,0,0,0,0,0.07310469314079422,Low Value,Low Value
8832,1976,38,Master,Together,37509.0,1,0,1,2012-09-12,655,24,37,5,56,12,8,5,123,2,3,0,4,7,9,0,0,0,0,0,0,0,0,0,0.3434115523465704,Low Value,Low Value
10067,1976,38,2n Cycle,Together,25176.0,1,1,2,2013-08-10,323,79,4,0,4,0,0,5,13,1,1,0,2,7,4,0,0,0,0,0,0,0,0,0,0.01105595667870036,Low Value,Low Value
7532,1980,34,Graduation,Married,43586.0,0,1,1,2012-08-30,668,26,99,2,11,4,0,16,132,3,3,0,4,8,10,0,0,0,0,0,0,0,0,0,0.3506317689530686,Low Value,Low Value
4915,1956,58,2n Cycle,Married,53230.0,0,1,1,2012-08-03,695,86,176,72,98,136,21,229,732,4,5,2,12,5,23,0,0,0,0,0,0,0,0,0,0.631543321299639,Mid Value,Loyal Customers
2115,1957,57,Graduation,Together,50116.0,1,1,2,2014-06-20,9,68,54,0,10,0,0,2,66,2,1,0,4,5,7,0,0,0,1,0,0,1,1,0,0.2398465703971119,Low Value,Low Value
2088,1972,42,Graduation,Together,84906.0,0,0,0,2013-10-04,268,98,997,15,414,99,30,76,1631,1,5,6,12,2,24,0,1,0,1,1,0,3,3,0,0.9219314079422383,High Value,At-Risk High Value
2493,1966,48,Graduation,Married,61286.0,0,1,1,2013-08-02,331,34,356,0,107,19,9,117,608,2,7,1,8,5,18,0,0,0,0,0,0,0,0,0,0.5925090252707581,Mid Value,Potential Loyalists
6292,1986,28,PhD,Married,82333.0,0,0,0,2013-03-30,456,60,1311,0,359,46,89,17,1822,1,4,3,10,2,18,0,0,0,0,1,1,1,2,0,0.9571299638989169,High Value,At-Risk High Value
1631,1965,49,PhD,Together,65220.0,0,0,0,2012-09-03,664,3,890,63,292,0,25,12,1282,4,8,4,7,6,23,0,0,0,0,0,1,0,1,0,0.8341606498194946,High Value,Champions
10104,1974,40,Graduation,Together,33590.0,2,1,3,2013-11-03,238,65,4,0,2,0,0,2,8,1,1,0,2,7,4,0,0,0,0,0,0,0,0,0,0.0024819494584837547,Low Value,Low Value
3006,1976,38,Graduation,Divorced,30992.0,1,0,1,2013-04-22,433,83,17,0,14,7,3,2,43,1,1,0,3,7,5,0,0,0,0,0,0,0,0,0,0.13740974729241878,Low Value,Low Value
3919,1976,38,Master,Single,72309.0,0,0,0,2013-03-11,475,64,960,0,883,50,38,0,1931,1,5,6,8,3,20,1,0,0,0,0,1,1,2,0,0.9720216606498195,High Value,At-Risk High Value
642,1980,34,Basic,Married,16005.0,1,0,1,2012-08-14,684,69,1,3,2,20,30,47,103,3,2,1,2,8,8,0,0,0,0,0,0,0,0,0,0.3249097472924188,Low Value,Low Value
4369,1957,57,Master,Absurd,65487.0,0,0,0,2014-01-10,170,48,240,67,500,199,0,163,1169,3,3,5,6,2,17,0,0,0,0,0,0,0,0,0,0.7969314079422383,Mid Value,Potential Loyalists
10127,1965,49,Graduation,Married,58692.0,0,1,1,2014-04-06,84,21,301,11,61,4,7,11,395,1,8,2,4,7,15,0,0,0,0,0,0,0,0,0,0.4984205776173285,Low Value,Low Value
271,1969,45,Graduation,Widow,40590.0,1,1,2,2013-10-02,270,30,154,0,50,6,11,37,258,5,3,4,3,6,15,0,0,1,0,0,0,1,1,0,0.43163357400722024,Low Value,Low Value
4973,1970,44,Graduation,Single,20587.0,1,0,1,2014-05-11,49,39,2,3,6,4,1,9,25,1,1,1,2,7,5,0,0,0,0,0,0,0,0,0,0.06340252707581227,Low Value,Low Value
2948,1954,60,Master,Divorced,62637.0,0,1,1,2014-03-01,120,76,104,12,48,4,12,5,185,1,2,2,5,2,10,0,0,0,0,0,0,0,0,0,0.3935018050541516,Low Value,Low Value
2715,1966,48,Master,Divorced,29435.0,1,1,2,2012-08-06,692,11,70,3,37,4,2,64,180,4,3,2,2,9,11,0,0,0,0,0,1,0,1,0,0.3892148014440433,Low Value,Low Value
10432,1974,40,Graduation,Divorced,19346.0,1,0,1,2014-01-30,150,26,2,0,9,3,6,2,22,1,1,0,3,8,5,0,0,0,0,0,0,0,0,0,0.048962093862815886,Low Value,Low Value
9216,1971,43,Graduation,Married,35788.0,1,1,2,2014-01-23,157,34,23,2,11,3,1,4,44,2,2,0,3,6,7,0,0,0,0,0,0,0,0,0,0.14395306859205775,Low Value,Low Value
7124,1968,46,Graduation,Divorced,36997.0,1,1,2,2013-02-01,513,72,43,4,12,8,0,27,94,5,2,1,4,5,12,0,0,0,0,0,0,0,0,0,0.3079873646209386,Low Value,Low Value
9727,1957,57,Graduation,Married,23539.0,0,0,0,2014-02-28,121,13,4,24,11,16,1,25,81,1,2,0,4,6,7,0,0,0,0,0,0,0,0,0,0.28497292418772563,Low Value,Low Value
5136,1973,41,Graduation,Single,65333.0,0,1,1,2014-01-17,163,58,654,7,92,0,15,30,798,7,9,4,8,6,28,0,0,0,1,1,0,2,2,0,0.6543321299638989,Mid Value,Potential Loyalists
9790,1957,57,Graduation,Single,78499.0,0,0,0,2013-11-23,218,12,912,72,170,47,36,97,1334,1,11,3,4,4,19,0,0,0,0,1,1,1,2,0,0.8472472924187726,High Value,Champions
1818,1971,43,PhD,Together,29732.0,1,0,1,2014-03-25,96,23,25,0,8,0,1,4,38,1,2,0,2,9,5,0,0,0,0,0,0,0,0,0,0.11529783393501805,Low Value,Low Value
1100,1960,54,Master,Together,41275.0,1,2,3,2014-03-24,97,33,24,4,22,0,2,9,61,4,3,1,3,5,11,0,0,0,0,0,0,0,0,0,0.2197653429602888,Low Value,Low Value
7873,1973,41,PhD,Together,63516.0,1,1,2,2013-07-06,358,30,141,11,114,15,14,5,300,4,4,1,7,5,16,0,0,0,0,0,0,0,0,0,0.45803249097472926,Low Value,Low Value
10609,1962,52,PhD,Married,42769.0,0,1,1,2013-10-12,260,15,71,0,13,3,1,0,88,2,1,1,4,4,8,0,0,0,0,0,0,0,0,0,0.29535198555956677,Low Value,Low Value
6950,1958,56,Master,Married,49572.0,1,1,2,2013-12-15,196,25,35,1,16,0,1,1,54,2,2,0,3,7,7,0,0,0,0,0,0,0,0,0,0.19133574007220217,Low Value,Low Value
7233,1972,42,Graduation,Married,69209.0,0,0,0,2012-09-17,650,4,496,32,849,229,48,128,1782,2,5,3,6,4,16,1,0,0,0,0,0,1,1,0,0.9510379061371841,High Value,Potential Loyalists
9481,1976,38,Graduation,Married,17148.0,1,0,1,2014-01-28,152,80,9,9,11,13,10,16,68,4,3,1,3,8,11,0,0,0,0,0,0,0,0,0,0.24751805054151624,Low Value,Low Value
7699,1969,45,Graduation,Widow,40590.0,1,1,2,2013-10-02,270,30,154,0,50,6,11,37,258,5,3,4,3,6,15,0,0,1,0,0,0,1,1,0,0.43163357400722024,Low Value,Low Value
2711,1976,38,Master,Together,30560.0,1,0,1,2013-06-27,367,6,9,1,5,4,5,7,31,1,1,0,3,7,5,0,0,0,0,0,0,0,0,0,0.08596570397111913,Low Value,Low Value
8933,1983,31,2n Cycle,Married,32146.0,1,0,1,2014-05-12,48,16,26,3,23,4,7,3,66,2,2,0,4,6,8,0,0,0,0,0,0,0,0,0,0.2398465703971119,Low Value,Low Value
8726,1964,50,2n Cycle,Divorced,41713.0,1,1,2,2014-04-29,61,57,77,8,44,10,10,25,174,5,3,1,4,6,13,0,0,0,0,0,0,0,0,0,0.384702166064982,Low Value,Low Value
1515,1975,39,Master,Together,34176.0,0,1,1,2014-01-22,158,9,11,2,7,4,2,2,28,1,1,0,3,3,5,0,0,0,0,0,0,0,0,0,0.07310469314079422,Low Value,Low Value
5186,1955,59,PhD,Married,58482.0,0,1,1,2014-03-12,109,59,576,7,115,19,7,7,731,2,7,4,9,6,22,0,0,0,1,0,0,1,1,0,0.6306407942238267,Mid Value,Potential Loyalists
10157,1965,49,Graduation,Single,59686.0,0,1,1,2014-01-25,155,78,89,15,89,34,42,5,274,1,4,1,6,4,12,0,0,0,0,0,0,0,0,0,0.4460740072202166,Low Value,Low Value
5667,1964,50,PhD,Married,60896.0,0,1,1,2012-10-11,626,90,1013,30,399,60,46,153,1701,3,9,10,4,6,26,0,0,0,0,0,1,0,1,0,0.9381768953068592,High Value,At-Risk High Value
902,1980,34,Graduation,Together,62994.0,1,0,1,2014-03-04,117,74,224,12,48,4,12,12,312,1,6,2,4,6,13,0,0,0,0,0,0,0,0,0,0.46525270758122744,Low Value,Low Value
977,1957,57,Graduation,Together,47320.0,0,1,1,2013-08-01,332,10,200,19,111,50,15,19,414,6,5,1,8,6,20,0,0,0,0,0,0,0,0,0,0.5126353790613718,Mid Value,Potential Loyalists
7313,1949,65,2n Cycle,Widow,74859.0,0,0,0,2013-06-03,391,63,570,73,614,133,102,73,1565,1,6,5,11,3,23,1,0,0,0,0,0,1,1,0,0.9052346570397112,High Value,At-Risk High Value
7600,1992,22,Basic,Single,15253.0,1,0,1,2013-10-28,244,13,1,3,3,8,1,13,29,2,1,0,3,7,6,0,0,0,0,0,0,0,0,0,0.07694043321299639,Low Value,Low Value
9706,1974,40,PhD,Single,31560.0,1,0,1,2013-06-24,370,98,62,1,20,4,0,7,94,2,2,1,3,8,8,0,0,0,0,0,0,0,0,0,0.3079873646209386,Low Value,Low Value
2429,1954,60,Graduation,Divorced,72071.0,0,1,1,2013-02-14,500,4,531,69,300,150,138,150,1338,3,5,4,8,2,20,0,0,0,0,0,0,0,0,0,0.8499548736462094,High Value,Champions
3520,1990,24,Master,Single,91172.0,0,0,0,2013-03-27,459,94,162,28,818,0,28,56,1092,0,4,3,7,3,14,1,1,1,0,1,1,4,5,0,0.7657942238267148,Mid Value,Low Value
10394,1984,30,Graduation,Married,90000.0,0,0,0,2013-12-23,188,91,675,144,133,94,192,241,1479,1,4,8,5,1,18,1,0,1,0,1,0,3,3,0,0.8858303249097473,High Value,At-Risk High Value
4548,1981,33,Graduation,Single,41967.0,1,1,2,2013-11-23,218,66,23,4,10,0,2,15,54,1,1,0,3,4,5,0,0,0,0,0,0,0,0,0,0.19133574007220217,Low Value,Low Value
9362,1965,49,Graduation,Single,69263.0,0,1,1,2014-03-05,116,14,492,5,32,13,5,21,568,1,9,1,7,6,18,0,0,0,1,0,0,1,1,0,0.5771660649819494,Mid Value,Potential Loyalists
3968,1970,44,2n Cycle,Divorced,65706.0,0,0,0,2013-06-28,366,77,918,10,129,13,0,129,1199,1,11,3,12,7,27,0,1,0,1,1,1,3,4,0,0.8131768953068592,High Value,At-Risk High Value
4084,1975,39,Graduation,Together,60934.0,0,1,1,2014-01-17,163,41,224,155,155,192,93,54,873,2,6,4,11,4,23,0,0,0,0,0,0,0,0,0,0.6782490974729242,Mid Value,Potential Loyalists
6721,1951,63,Graduation,Married,71965.0,0,1,1,2013-07-29,335,21,572,19,286,50,38,248,1213,3,6,3,5,3,17,0,0,0,0,0,0,0,0,0,0.815658844765343,High Value,Champions
2829,1955,59,Graduation,Married,65210.0,0,1,1,2014-03-10,111,25,626,0,70,0,7,28,731,2,9,3,8,6,22,1,0,0,1,0,0,2,2,0,0.6306407942238267,Mid Value,Potential Loyalists
1772,1975,39,PhD,Married,79174.0,0,0,0,2013-01-11,534,2,1074,37,518,193,92,129,2043,1,5,6,7,2,19,1,0,0,0,1,1,2,3,0,0.9810469314079422,High Value,Champions
1544,1967,47,Master,Divorced,81380.0,0,0,0,2012-12-22,554,51,741,68,689,224,68,103,1893,1,4,2,10,2,17,0,0,0,0,0,0,0,0,0,0.9643501805054152,High Value,Champions
492,1973,41,PhD,YOLO,48432.0,0,1,1,2012-10-18,619,3,322,3,50,4,3,42,424,5,7,1,6,8,19,0,0,0,0,0,0,0,0,0,0.5185018050541517,Mid Value,Potential Loyalists
4377,1971,43,Graduation,Married,52914.0,0,1,1,2013-01-07,538,32,254,10,44,30,10,227,575,2,7,3,3,7,15,0,0,1,0,0,0,1,1,0,0.5794223826714802,Mid Value,Potential Loyalists
4541,1955,59,Graduation,Together,38946.0,0,1,1,2013-10-24,248,84,116,6,82,6,6,41,257,2,3,1,6,5,12,0,0,0,0,0,0,0,0,0,0.4305054151624549,Low Value,Low Value
1321,1974,40,Graduation,Married,26067.0,1,0,1,2013-11-04,237,49,22,2,18,0,2,12,56,3,3,0,3,8,9,0,0,0,0,0,0,0,0,0,0.2019404332129964,Low Value,Low Value
8858,1972,42,PhD,Married,44325.0,0,1,1,2013-03-07,479,69,516,0,21,0,0,5,542,4,8,2,7,8,21,0,0,0,1,0,0,1,1,0,0.5681407942238267,Mid Value,Loyal Customers
3266,1964,50,Graduation,Married,42523.0,0,0,0,2014-04-23,67,96,14,36,11,3,26,35,125,1,1,1,4,2,7,0,0,0,0,0,0,0,0,0,0.34453971119133575,Low Value,Low Value
11187,1978,36,Basic,Single,26487.0,1,0,1,2013-05-20,405,23,2,8,10,12,14,23,69,3,2,1,3,5,9,0,0,0,0,0,0,0,0,0,0.2518050541516246,Low Value,Low Value
8207,1957,57,2n Cycle,Married,53233.0,0,1,1,2014-03-18,103,18,28,0,9,3,0,0,40,1,1,0,3,4,5,0,0,0,0,0,0,0,0,0,0.12319494584837545,Low Value,Low Value
9723,1960,54,Graduation,Married,67716.0,0,1,1,2013-01-10,535,8,530,142,217,62,9,56,1016,4,7,4,13,5,28,0,0,0,1,0,0,1,1,0,0.7373646209386282,Mid Value,Potential Loyalists
2666,1972,42,Master,Married,76234.0,0,1,1,2014-02-06,143,21,519,50,167,130,0,41,907,1,8,3,11,3,23,0,0,0,1,0,0,1,1,0,0.6931407942238267,Mid Value,Potential Loyalists
5721,1956,58,PhD,Married,84117.0,0,0,0,2014-05-11,49,60,611,76,749,59,45,26,1566,1,7,10,6,2,24,0,0,0,0,1,0,1,1,0,0.9056859205776173,High Value,At-Risk High Value
10652,1957,57,Master,Together,65487.0,0,0,0,2014-01-10,170,48,240,67,500,199,0,163,1169,3,3,5,6,2,17,0,0,0,0,0,0,0,0,0,0.7969314079422383,Mid Value,Potential Loyalists
1646,1972,42,Basic,Married,25224.0,1,0,1,2014-03-16,105,36,4,9,12,11,2,8,46,2,1,1,3,3,7,0,0,0,0,0,0,0,0,0,0.15681407942238268,Low Value,Low Value
4418,1983,31,Master,Single,89616.0,0,0,0,2013-02-25,489,36,671,47,655,145,111,15,1644,1,7,5,12,2,25,0,0,0,0,0,1,0,1,0,0.9255415162454874,High Value,Champions
2656,1971,43,Graduation,Divorced,40851.0,1,1,2,2013-02-21,493,63,23,1,7,0,4,24,59,1,1,1,2,7,5,0,0,0,0,0,0,0,0,0,0.2134476534296029,Low Value,Low Value
7990,1947,67,Graduation,Married,27469.0,0,0,0,2012-08-02,696,2,9,1,2,3,2,0,17,1,0,0,3,6,4,0,0,0,0,0,0,0,0,0,0.026173285198555957,Low Value,Low Value
8722,1957,57,2n Cycle,Married,82347.0,0,0,0,2012-11-06,600,38,556,54,845,202,133,63,1853,1,7,7,10,3,25,1,0,1,0,0,1,2,3,0,0.9607400722021661,High Value,Champions
7118,1957,57,Graduation,Married,73803.0,0,1,1,2012-08-01,697,61,833,80,363,52,26,174,1528,2,9,5,6,6,22,0,0,1,0,0,1,1,2,0,0.8975631768953068,High Value,At-Risk High Value
2980,1952,62,Master,Single,8820.0,1,1,2,2013-03-22,464,52,12,0,13,4,2,4,35,4,3,0,3,8,10,0,0,0,0,0,0,0,0,0,0.10153429602888087,Low Value,Low Value
1839,1974,40,Graduation,Single,43322.0,0,0,0,2014-04-21,69,25,56,7,48,10,2,18,141,1,3,0,4,7,8,0,0,0,0,0,0,0,0,0,0.361913357400722,Low Value,Low Value
10722,1973,41,Graduation,Together,55593.0,0,1,1,2013-08-21,312,63,293,8,124,11,4,106,546,2,6,6,3,6,17,0,0,1,0,0,0,1,1,0,0.5710740072202166,Mid Value,Loyal Customers
2632,1954,60,Graduation,Married,50501.0,1,1,2,2013-06-18,376,10,297,0,38,13,0,152,500,7,5,4,4,6,20,0,0,1,0,0,1,1,2,0,0.5555054151624549,Mid Value,Potential Loyalists
9014,1975,39,Graduation,Married,37085.0,1,1,2,2014-06-26,3,65,39,1,16,2,0,3,61,4,3,0,3,8,10,0,0,0,0,0,0,0,0,0,0.2197653429602888,Low Value,Low Value
7620,1990,24,Basic,Single,16185.0,1,0,1,2013-08-05,328,71,5,11,16,21,8,45,106,2,2,2,2,8,8,0,0,0,0,0,0,0,0,0,0.3276173285198556,Low Value,Low Value
10968,1969,45,Graduation,Single,57731.0,0,1,1,2012-11-23,583,0,266,21,300,65,8,44,704,4,8,8,6,6,26,0,0,0,0,0,0,0,0,0,0.6220667870036101,Mid Value,Potential Loyalists
11133,1973,41,PhD,YOLO,48432.0,0,1,1,2012-10-18,619,3,322,3,50,4,3,42,424,5,7,1,6,8,19,0,0,0,0,0,1,0,1,0,0.5185018050541517,Mid Value,Potential Loyalists
2736,1978,36,Graduation,Married,73807.0,0,1,1,2013-01-02,543,88,366,124,156,71,78,54,849,2,5,5,11,2,23,0,0,0,0,0,0,0,0,0,0.671028880866426,Mid Value,Loyal Customers
1876,1990,24,Graduation,Married,18929.0,0,0,0,2013-02-16,498,15,32,0,8,23,4,18,85,1,1,0,4,6,6,0,0,0,0,0,0,0,0,0,0.2915162454873646,Low Value,Low Value
5959,1968,46,Graduation,Single,35893.0,1,1,2,2012-10-15,622,80,158,0,23,0,0,18,199,6,3,1,5,8,15,0,0,0,0,0,0,0,0,0,0.4023014440433213,Low Value,Low Value
1092,1980,34,Graduation,Married,61014.0,0,1,1,2012-08-11,687,17,269,129,495,182,43,29,1147,4,9,3,4,7,20,0,0,0,0,0,0,0,0,0,0.7851985559566786,Mid Value,Potential Loyalists
4333,1954,60,Graduation,Together,32144.0,1,1,2,2014-03-23,98,76,41,0,10,0,0,3,54,4,2,1,3,7,10,0,0,0,1,0,0,1,1,0,0.19133574007220217,Low Value,Low Value
3850,1963,51,Basic,Together,14918.0,0,1,1,2012-12-07,569,52,3,3,3,15,4,15,43,1,1,0,3,6,5,0,0,0,0,0,0,0,0,0,0.13740974729241878,Low Value,Low Value
6168,1963,51,Graduation,Divorced,45146.0,1,1,2,2013-07-15,349,28,33,0,5,0,0,15,53,2,1,1,2,4,6,0,0,0,0,0,0,0,0,0,0.1865974729241877,Low Value,Low Value
607,1955,59,2n Cycle,Divorced,41769.0,0,1,1,2013-02-13,501,31,302,29,131,32,0,27,521,6,8,1,7,8,22,0,0,0,0,0,0,0,0,0,0.5620487364620939,Mid Value,Potential Loyalists
10469,1981,33,Graduation,Together,88325.0,0,0,0,2014-02-05,144,42,519,71,860,93,27,53,1623,1,6,2,9,2,18,0,0,0,0,0,0,0,0,0,0.9205776173285198,High Value,Champions
6983,1950,64,Master,Divorced,38054.0,1,1,2,2014-05-01,59,24,23,2,17,2,1,0,45,2,2,0,3,7,7,0,0,0,0,0,0,0,0,0,0.1500451263537906,Low Value,Low Value
3661,1995,19,2n Cycle,Single,80617.0,0,0,0,2012-10-12,625,42,594,51,631,72,55,32,1435,1,4,6,8,2,19,0,0,0,0,0,0,0,0,0,0.8734205776173285,High Value,Champions
9303,1976,38,Graduation,Married,5305.0,0,1,1,2013-07-30,334,12,12,4,7,1,3,5,32,0,1,0,0,13,1,0,0,0,0,0,0,0,0,0,0.09070397111913357,Low Value,Low Value
692,1954,60,Graduation,Together,36807.0,1,1,2,2012-12-20,556,88,4,2,5,0,0,5,16,1,1,0,2,6,4,0,0,0,0,0,0,0,0,0,0.02075812274368231,Low Value,Low Value
736,1983,31,Graduation,Together,28427.0,1,0,1,2013-03-21,465,67,18,3,19,3,3,6,52,2,2,0,3,8,7,0,0,0,0,0,0,0,0,0,0.18343862815884476,Low Value,Low Value
9589,1948,66,PhD,Widow,82032.0,0,0,0,2014-04-05,85,54,332,194,377,149,125,57,1234,0,4,6,7,1,17,0,0,0,0,0,0,0,0,0,0.822427797833935,High Value,Champions
4838,1978,36,Graduation,Together,22775.0,1,0,1,2013-06-19,375,40,5,1,8,0,0,1,15,1,1,0,2,8,4,0,0,0,0,0,0,0,0,0,0.01601985559566787,Low Value,Low Value
9246,1985,29,Master,Together,40101.0,1,0,1,2012-10-14,623,73,171,3,129,26,24,62,415,4,6,1,6,7,17,0,0,0,0,0,0,0,0,0,0.5139891696750902,Mid Value,Loyal Customers
6261,1979,35,Graduation,Married,58025.0,0,1,1,2013-11-26,215,81,270,31,88,11,48,22,470,3,3,2,10,4,18,0,0,0,0,0,0,0,0,0,0.5435469314079422,Mid Value,Loyal Customers
7366,1982,32,Master,Single,75777.0,0,0,0,2013-07-04,360,12,712,26,538,69,13,80,1438,1,3,6,11,1,21,0,0,0,1,1,1,2,3,0,0.8743231046931408,High Value,Champions
10659,1979,35,2n Cycle,Together,7500.0,1,0,1,2013-05-07,418,7,2,8,11,3,8,21,53,4,3,2,2,7,11,0,0,0,0,0,0,0,0,0,0.1865974729241877,Low Value,Low Value
1448,1963,51,Master,Married,33562.0,1,2,3,2014-06-25,4,33,21,12,12,0,3,3,51,3,2,0,4,4,9,0,0,0,0,0,0,0,0,0,0.18073104693140793,Low Value,Low Value
4286,1970,44,PhD,Single,57642.0,0,1,1,2014-01-09,171,24,580,6,58,8,0,27,679,3,7,6,6,4,22,0,0,1,0,0,0,1,1,0,0.6128158844765343,Mid Value,Potential Loyalists
4749,1968,46,Graduation,Together,58554.0,1,1,2,2012-09-26,641,55,368,24,68,38,0,88,586,6,8,2,6,7,22,0,0,0,0,0,0,0,0,0,0.5839350180505415,Mid Value,Potential Loyalists
4478,1979,35,Graduation,Married,63777.0,1,1,2,2013-03-24,462,87,457,5,106,15,17,53,653,8,11,1,6,8,26,0,0,0,0,0,0,0,0,0,0.6044675090252708,Mid Value,Loyal Customers
4201,1962,52,Graduation,Single,57967.0,0,1,1,2013-03-03,483,39,229,7,137,4,0,91,468,5,4,2,8,5,19,0,0,0,0,0,0,0,0,0,0.5428700361010831,Mid Value,Potential Loyalists
10084,1972,42,Graduation,Married,24434.0,2,0,2,2014-05-18,42,9,3,2,8,20,0,17,50,2,2,1,2,7,7,0,0,0,0,0,0,0,0,0,0.17779783393501805,Low Value,Low Value
7004,1984,30,Graduation,Single,11012.0,1,0,1,2013-03-16,470,82,24,3,26,7,1,23,84,3,3,1,2,9,9,0,0,1,0,0,0,1,1,0,0.289485559566787,Low Value,Low Value
9817,1970,44,Master,Single,44802.0,0,0,0,2012-08-21,677,71,853,10,143,13,10,20,1049,2,9,4,12,8,27,0,0,0,0,0,0,0,0,0,0.7511281588447654,Mid Value,Loyal Customers
8080,1986,28,Graduation,Single,26816.0,0,0,0,2012-08-17,681,50,5,1,6,3,4,3,22,1,0,0,3,4,4,0,0,0,0,0,0,0,0,0,0.048962093862815886,Low Value,Low Value
8372,1974,40,Graduation,Married,34421.0,1,0,1,2013-07-01,363,81,3,3,7,6,2,9,30,1,1,0,2,7,4,0,0,0,0,0,0,0,0,0,0.0812274368231047,Low Value,Low Value
10870,1967,47,Graduation,Married,61223.0,0,1,1,2013-06-13,381,46,709,43,182,42,118,247,1341,2,9,3,4,5,18,0,0,0,0,0,0,0,0,0,0.8510830324909747,High Value,Champions
4001,1946,68,PhD,Together,64014.0,2,1,3,2014-06-10,19,56,406,0,30,0,0,8,444,7,8,2,5,7,22,1,0,0,0,0,0,1,1,0,0.5300090252707581,Mid Value,Potential Loyalists
7270,1981,33,Graduation,Divorced,56981.0,0,0,0,2014-01-25,155,91,908,48,217,32,12,24,1241,1,2,3,13,6,19,0,0,0,1,0,0,1,1,0,0.8242328519855595,High Value,At-Risk High Value
8235,1956,58,Master,Together,69245.0,0,1,1,2014-01-24,156,8,428,30,214,80,30,61,843,2,6,5,10,3,23,0,0,0,0,0,0,0,0,0,0.6696750902527075,Mid Value,Potential Loyalists
9405,1954,60,PhD,Married,52869.0,1,1,2,2012-10-15,622,40,84,3,61,2,1,21,172,3,3,1,4,7,11,0,0,0,0,0,1,0,1,0,0.3828971119133574,Low Value,Low Value
